"","X","SightingFID","Date","SurveyNum","Sighting","SurveyType","Effort","StartTime","EndTime","StartLat","StartLon","HumanInteraction","SightingGroup","SightingNotes","X.Boats","X.Lines","X.CrabPots","Categories.Defined.","StartHour","Month"
"1",38,41456,2012-06-18,7344,21,"Photo-id (Pop Mon)","Photo-id (Pop Mon)","9:37","9:50",27.32359,-82.55464,"0","FB87,F175,FB02,F236,F171,F199,C874,F247","1 recreational boat and 2 lines in the water.",1,2,0,"1",9,"06"
"2",91,41545,2012-07-05,7360,26,"Photo-id (Pop Mon)","Photo-id (Pop Mon)","13:06","13:07",27.12811,-82.46959,"F,I","BEGR","0 = begging. Photo of begging. 2 boats during sighting, both of which attempted to attract.",2,0,0,"0",13,"07"
"3",93,41547,2012-07-05,7360,28,"Photo-id (Pop Mon)","Photo-id (Pop Mon)","13:46","13:57",27.16458,-82.48544,"0","F221","5 boats.",5,0,0,"0",13,"07"
"4",94,41548,2012-07-05,7360,29,"Photo-id (Pop Mon)","Photo-id (Pop Mon)","14:13","14:27",27.20639,-82.50206,"L","FB11,F193,F127,F199,C114,THAL","SG1: F199, F127 fed in edge of channel in shallows.  SG2: FB11, C114, F193 + 1 clean juvenile dolphin traveling in channel. 8 boats.",8,0,0,"0",14,"07"
"5",95,41549,2012-07-05,7360,30,"Photo-id (Pop Mon)","Photo-id (Pop Mon)","16:00","16:25",27.30564,-82.5593,"L,I","FB78,F153,FB15,F175,F125,F123,F252,1753,1253,1231,F247,ORNG","11 boats; one parasial ferry boat closely approached group. One private recreational boat approached group and attempted to attract.  F252 VHF tag not transmitting; riding other boat's wake (parasail ferry).",11,0,0,"1",16,"07"
"6",107,41561,2012-07-06,7362,22,"Photo-id (Pop Mon)","Photo-id (Pop Mon)","10:11","10:21",27.43895,-82.6796,"I","FB93,F109,1092,C936","2 people on back of boat attempting to attract. 5 boats (with 3 people on board), 1092 is ~ 200m away.",5,0,0,"0",10,"07"
"7",111,41565,2012-07-06,7362,26,"Photo-id (Pop Mon)","Photo-id (Pop Mon)","11:43","12:05",27.53244,-82.71566,"L","FB65,F165,F133,F241,C655,F245,1651","SG1: F133 and 1331   SG2: FB65, C655, C654   SG3: F165, 1651.    1 boat; dive boat Quest is driving over dolphins.",1,0,0,"1",11,"07"
"8",114,41568,2012-07-06,7362,29,"Photo-id (Pop Mon)","Photo-id (Pop Mon)","13:24","13:29",27.49758,-82.69541,"999","FB28,FB93,C936","2 boats",2,0,0,"0",13,"07"
"9",115,41569,2012-07-06,7362,30,"Photo-id (Pop Mon)","Photo-id (Pop Mon)","13:33","13:36",27.4983,-82.69306,"999","","3 boats",3,0,0,"0",13,"07"
"10",122,41577,2012-07-06,7364,62,"Focal Follow","Opportunistic","10:22","10:33",27.28128,-82.54381,"0","F123,F199,1231","8 boats. F123 has peanut shaped curvature. F199 appx 100 meters from F123 and 1231",8,0,0,"N/A",10,"07"
"11",123,41578,2012-07-06,7364,63,"Focal Follow","Focal Follow","10:45","11:22",27.27552,-82.54353,"0","F252,THAL","Focal follow on F252; antenna has broken off. 7 boats.",7,0,0,"N/A",10,"07"
"12",140,41597,2012-07-10,7368,62,"Focal Follow","Opportunistic","11:51","12:04",27.5154,-82.6932,"0","FB20,FB02,F196,F236,F258,F268,F135","FB02 and F236 flanking F135. F135 tail slapped. One of the males flipped over belly up under F135. 5 private recreational boats and 1 enforcement boat. F268 and F196 joined at end of sighting, riding boat wake.",6,0,0,"1",11,"07"
"13",141,41599,2012-07-10,7368,64,"Focal Follow","Opportunistic","14:02","14:12",27.27346,-82.54326,"L","FB25,F264,C935,C258","2 kayaks,3 jetskis, 1 commercial parasail taxi, at least 3 private recreational boats, no lines (w/in 50 yards).  L = 2 kayaks and 3 jetskis.",9,0,0,"1",14,"07"
"14",144,41603,2012-07-11,7369,23,"Photo-id (Pop Mon)","Photo-id (Pop Mon)","12:19","12:47",27.52869,-82.71642,"0","F228,F220","F220 FIM. 3 fishing boats with two lines each; dolphins ignored.",3,6,0,"0",12,"07"
"15",149,41611,2012-07-12,7371,23,"Photo-id (Pop Mon)","Photo-id (Pop Mon)","10:43","10:54",27.11506,-82.47108,"0","F108,SCSM,SCS2","Jetski and two sailboats passed through with two ski boats for a total of 6 boats. Manatee in area.",6,0,0,"1",10,"07"
"16",150,41612,2012-07-12,7371,24,"Photo-id (Pop Mon)","Photo-id (Pop Mon)","10:56","11:19",27.11068,-82.47034,"L,I","FB35,F108,FB25,SCSM,SCS2,F221,C258","3 boats. Associated Org: Frigate bird",3,0,0,"0",10,"07"
"17",152,41614,2012-07-12,7371,26,"Photo-id (Pop Mon)","Photo-id (Pop Mon)","12:42","12:43",27.12852,-82.46955,"F,I","BEGR","other = begging. 2 boats.",2,0,0,"0",12,"07"
"18",154,41616,2012-07-12,7371,28,"Photo-id (Pop Mon)","Photo-id (Pop Mon)","14:42","14:55",27.30543,-82.55424,"0","FB79,F175,F125,1253,C798,F247","5 boats and 2 paddle boards (Verified with AB)",7,0,0,"1",14,"07"
"19",155,41617,2012-07-12,7371,29,"Photo-id (Pop Mon)","Photo-id (Pop Mon)","15:13","15:25",27.30163,-82.56263,"0","C835,F207,1753","1 boat.",1,0,0,"0",15,"07"
"20",159,41658,2012-08-01,7378,23,"Photo-id (Pop Mon)","Photo-id (Pop Mon)","11:04","11:16",27.43676,-82.64923,"0","FB20,IKN2,F258,F234,F266","Group swam past two crab pots but did not interact. Initially all together, then split into pairs. IKN2 briefly played with sargassum.",0,0,2,"0",11,"08"
"21",160,41659,2012-08-01,7378,24,"Photo-id (Pop Mon)","Photo-id (Pop Mon)","11:55","12:05",27.44621,-82.67554,"X","F175,1753,F247","Dolphins swam by three crab pots (one submerged).",0,0,3,"0",11,"08"
"22",167,41666,2012-08-02,7379,22,"Photo-id (Pop Mon)","Photo-id (Pop Mon)","10:33","11:06",27.41787,-82.67378,"0","TKID,NIGT,PMTI,J001,CRSI,CL-4960","J001, Primanti, and one other briefly approached boat. Multiple subgroups, very widely spaced. Difficult to photograph. Quasi echidna.  Boats - 2, private recreational. 0 lines. Frigate birds.",2,0,0,"1",10,"08"
"23",170,41669,2012-08-02,7379,25,"Photo-id (Pop Mon)","Photo-id (Pop Mon)","12:17","12:26",27.48091,-82.69658,"0","F182,C834,F219,2193","SG1: F182  SG2: F219, 2193, C834   1 private recreational boat, 0 lines.  Frigate bird.",1,0,0,"1",12,"08"
"24",171,41670,2012-08-02,7379,26,"Photo-id (Pop Mon)","Photo-id (Pop Mon)","12:33","12:51",27.49775,-82.69379,"L","F164,F242,DABL,DAB1","DAB1 came over to Fregata briefly. All 4 dolphins briefly rode wake of large cabin cruiser. F164 and F242 still have tags and look good. 7 private recreational boats, 1 eco tour boat.1 boat following dolphins about 40m away, drove over dolphins when we le",8,0,0,"1",12,"08"
"25",172,41671,2012-08-02,7379,27,"Photo-id (Pop Mon)","Photo-id (Pop Mon)","12:58","13:14",27.48188,-82.69601,"L","FB20,F258,B053","1 private recreational boat closely following dolphins; same boat from previous sighting. 3 private rec boats, 2 coastguard boats, 0 lines.",5,0,0,"1",12,"08"
"26",173,41672,2012-08-02,7379,28,"Photo-id (Pop Mon)","Photo-id (Pop Mon)","13:26","13:35",27.49949,-82.7017,"0","F155,F196,F268","1 private recreational boat",1,0,0,"1",13,"08"
"27",176,41675,2012-08-02,7379,31,"Photo-id (Pop Mon)","Photo-id (Pop Mon)","15:30","15:39",27.41255,-82.64384,"0","FB20,F258,B053","1 private rec boat, 0 lines.",1,0,0,"1",15,"08"
"28",190,41689,2012-08-03,7381,22,"Photo-id (Pop Mon)","Photo-id (Pop Mon)","9:33","9:44",27.44669,-82.69473,"0","F175,FB02,F236,1753,F247","1 private rec boat with two lines in water.",1,2,0,"1",9,"08"
"29",192,41691,2012-08-03,7381,24,"Photo-id (Pop Mon)","Photo-id (Pop Mon)","10:08","10:35",27.48223,-82.70949,"0","STEW,BNST,ZEDC,TNBP,KRSN,B271,CL-4955,CL-4956","3 boats comprising: 2 jetskis observing animals, 1 kayak.  SG1: mom/calf   SG2: 5-6 animals spaced out 50-100 meters. Several remoras observed.",3,0,0,"1",10,"08"
"30",200,41699,2012-08-03,7381,32,"Photo-id (Pop Mon)","Photo-id (Pop Mon)","14:13","14:26",27.4676,-82.69191,"0","F164,F242,DABL,DAB1","F242 tag: no migration, no barnacle growth.   F164 tag: no migration, heavy barnacle growth.   No boats, 1 line off dock on shore.",0,1,0,"1",14,"08"
"31",204,41704,2012-08-08,7384,21,"Photo-id (Pop Mon)","Photo-id (Pop Mon)","10:45","11:03",27.40757,-82.63235,"0","F182,C834","1 private rec boat, 1 line",1,1,0,"1",10,"08"
"32",206,41706,2012-08-08,7384,23,"Photo-id (Pop Mon)","Focal Follow","12:26","12:50",27.48165,-82.69499,"0","F164,F242","3 recreational boats and 5 active lines; attempted follow with F242 and F164",3,5,0,"1",12,"08"
"33",208,41708,2012-08-08,7384,25,"Photo-id (Pop Mon)","Photo-id (Pop Mon)","13:40","13:54",27.53696,-82.71255,"0","FB66,FB10,F137,F235","1 private rec boat, 1 jetski. No lines",2,0,0,"1",13,"08"
"34",210,41710,2012-08-08,7384,27,"Photo-id (Pop Mon)","Photo-id (Pop Mon)","15:10","15:14",27.44808,-82.67975,"0","F266","2 private rec boats, no active lines",2,0,0,"1",15,"08"
"35",217,41720,2012-08-09,7386,26,"Photo-id (Pop Mon)","Photo-id (Pop Mon)","13:25","13:58",27.18736,-82.49605,"0","F127,F199,F211,F262,F264,F221","5 boats, one of which had 2 lines. SG1: F211, F264, F262. SG2: F199, F127 cooperatively fishwhacking.  SG1 & 2 joined.  SG3: F221.",5,2,0,"0",13,"08"
"36",218,41721,2012-08-09,7386,27,"Photo-id (Pop Mon)","Photo-id (Pop Mon)","15:14","15:25",27.28075,-82.54458,"0","FB78","4 chuffs. 7 boats, # lines unknown.",7,0,0,"0",15,"08"
"37",234,41743,2012-08-14,7389,28,"Photo-id (Pop Mon)","Photo-id (Pop Mon)","13:29","13:43",27.51482,-82.69234,"0","FB65,FB07,FB02,F165,F236,F278,C655,1651","2 recreational boats. SG1: FB65, C655, F165, 1651. SG2: FB07, F278, F236, FB02. Holmes Beach police going full speed in ICW right over SG2's path.",2,0,0,"0",13,"08"
"38",235,41744,2012-08-14,7389,29,"Photo-id (Pop Mon)","Photo-id (Pop Mon)","14:07","14:32",27.48806,-82.69653,"I,H","FB54,FB11,F175,FB02,F178,F188,F159,F113,F236,F151,F197,F233,F274,C548,F243,F247,1511,C114","1 recreational boat observing group about 100 meters away. 4 boats went by about 80 meters from group in channel. I= 1 rental fishing boat with 4 lines stopped to observe, attempted to attract.  Threw bait in water, possibly at dolphins.  Dolphins swam pa",1,4,0,"0",14,"08"
"39",238,41747,2012-08-15,7390,23,"Photo-id (Pop Mon)","Photo-id (Pop Mon)","11:09","11:32",27.3057,-82.55797,"0","FB87,FB25,F110,SOLB,F171,C874,1711,C258","Dolphins swam past 2 boats with 3 lines.  Group of kayaks started towards dolphins but couldn't keep up.  Associated organism: remora.",2,3,0,"0",11,"08"
"40",257,41766,2012-08-17,7394,26,"Photo-id (Pop Mon)","Photo-id (Pop Mon)","14:30","14:34",27.30145,-82.54578,"0","FB93,F276,F142,C936","2 recreational boats, and 1 barge travelled along dolphin's path.",3,0,0,"1",14,"08"
"41",267,41779,2012-09-05,7399,21,"Photo-id (Pop Mon)","Photo-id (Pop Mon)","10:10","10:38",27.3758,-82.636,"0","FB93,F175,F227,1753,C936,F247,JSBY","No boats, 1 line from shore.  Took line out of water while dolphins passed by.",0,1,0,"1",10,"09"
"42",289,41803,2012-09-07,7403,61,"Photo-id (Pop Mon)","Photo-id (Pop Mon)","10:42","11:04",27.43835,-82.67551,"0","F109,1092","5 boats, 1 coast guard, 3 private, 1 rec. 3 active lines.",5,3,0,"1",10,"09"
"43",290,41804,2012-09-07,7403,62,"Photo-id (Pop Mon)","Photo-id (Pop Mon)","11:18","11:37",27.46582,-82.68836,"0","F155,F276,F142,F272","Pinwheeling.  SG1: F272 prob feeding and milling. SG2: F276, F142, F155 sharking and travelling south through the kitchen.  2 private boats, 2 lines in water.  No direct interaction between F272 and F155.",2,2,0,"1",11,"09"
"44",291,41805,2012-09-07,7403,63,"Photo-id (Pop Mon)","Photo-id (Pop Mon)","12:06","12:15",27.50914,-82.71088,"0","FB27,F228,F220,F284","Sharking.  All four were together then split into two subgroups.  SG1: FB27, C277. SG2: F228, F220.  No boats, no lines.  One castnetter.",0,1,0,"1",12,"09"
"45",297,41811,2012-09-10,7404,41,"Photo-id (Pop Mon)","Photo-id (Pop Mon)","10:53","11:04",27.25266,-82.53032,"0","F221","1 private rec boat, no lines.",1,0,0,"1",10,"09"
"46",301,41815,2012-09-14,7405,41,"Photo-id (Pop Mon)","Photo-id (Pop Mon)","9:35","9:59",27.33179,-82.5826,"0","F125,1253","12:53 riding Bob's wake and leaping in wake of a barge to the right of our vessel. 2 boats: a private recreation and a barge. No lines.",2,0,0,"1",9,"09"
"47",306,41820,2012-09-14,7405,46,"Photo-id (Pop Mon)","Photo-id (Pop Mon)","11:45","12:09",27.24016,-82.53468,"0","JETY,AMVM,MLVN,AMV1,GAMN","1 private rec boat, 2 kayaks, no lines.",3,0,0,"1",11,"09"
"48",308,41822,2012-09-14,7405,48,"Photo-id (Pop Mon)","Photo-id (Pop Mon)","12:54","13:17",27.11641,-82.47258,"L","LDTN,RCNM,BLBT,BUBB,TRAC,SCS2,BBB2,RCN2,CL-4929,CL-4931,CL-4942,NYDT,ELSL,ATMS,TRA1,ARYA,CL-4959","L = 1 jetski very close to dolphins. 2-3 clean calf-size animals not directly with mothers. Large, very spread out group. No lines. TRAC has healing shark bite scar on peduncle.",1,0,0,"1",12,"09"
"49",311,41825,2012-09-14,7405,51,"Photo-id (Pop Mon)","Photo-id (Pop Mon)","15:08","15:15",27.12886,-82.4696,"F,I,G","BEGR","Other = begging. Stern riding and begging from multiple boats. I = tapping on side of boat. G = same boat fed him 'something orange'. No lines. 5 private rec boats.",5,0,0,"0",15,"09"
"50",317,41831,2012-09-17,7406,44,"Photo-id (Pop Mon)","Photo-id (Pop Mon)","12:05","12:14",27.52821,-82.70257,"0","FB07,F250,F278","1 recreational boat; large cabin cruiser. No lines.",1,0,0,"1",12,"09"
"51",318,41832,2012-09-17,7406,45,"Photo-id (Pop Mon)","Photo-id (Pop Mon)","12:40","12:49",27.46689,-82.69305,"0","F207","2 lines, one recreational boat.",1,2,0,"1",12,"09"
"52",324,41839,2012-09-19,7407,46,"Photo-id (Pop Mon)","Photo-id (Pop Mon)","11:48","12:03",27.47815,-82.67547,"0","F138,F187,F280","One private rec fishing boat, no lines. Animals VERY evasive.",1,0,0,"1",11,"09"
"53",326,41841,2012-09-19,7407,48,"Photo-id (Pop Mon)","Photo-id (Pop Mon)","12:37","12:47",27.47237,-82.64788,"0","F274","Initially spread out group involving 4 dolphins... One mom/calf pair and two other adults = 3 different subgroups. Groups split and we lost them. Incomplete photo coverage. One line, one recreational kayak.",1,1,0,"1",12,"09"
"54",331,41846,2012-09-19,7407,53,"Photo-id (Pop Mon)","Photo-id (Pop Mon)","14:44","14:50",27.47673,-82.69327,"0","F197,F243","Seawall feeding and fishwhacking. Before sighting began, 1 rec boat and two jetskis passed within 50m of dolphins.",3,0,0,"1",14,"09"
"55",332,41847,2012-09-19,7407,54,"Photo-id (Pop Mon)","Photo-id (Pop Mon)","14:55","15:08",27.46861,-82.69212,"0","F109,F266,F272,1092","SG1: F109, 1092.  SG1 joined other animals. 1 private rec boat stopped to observe briefly, did not change heading. No lines.",1,0,0,"1",14,"09"
"56",333,41848,2012-09-19,7407,55,"Photo-id (Pop Mon)","Photo-id (Pop Mon)","15:22","15:30",27.41016,-82.64054,"L","FB20,F155,FB02,F276,BOXR,F142,F196,F236,F258,F268","FB02 riding stern wake. No lines. L = 1 private rec boat changed heading and followed dolphins. After sighting ended, another private rec boat approached dolphins, slowed down, and began to follow them.",1,0,0,"1",15,"09"
"57",337,41852,2012-10-01,7410,22,"Photo-id (Pop Mon)","Photo-id (Pop Mon)","11:45","12:02",27.49527,-82.69504,"0","F138,F109,F209,1092","2 private recreational boats, no lines.",2,0,0,"1",11,"10"
"58",341,41856,2012-10-01,7410,26,"Photo-id (Pop Mon)","Photo-id (Pop Mon)","13:43","13:57",27.53545,-82.73067,"A,G","F232","F232 swimming back and forth along pier under fishermen within 10m of pier for most of sighting. Caught at least 1 fish, provisioned at least 1 fish, did not see if any fish were taken off lines. Other = patrolling fishing pier. Spoke with fishermen on pi",1,19,0,"1",13,"10"
"59",343,41858,2012-10-01,7410,28,"Photo-id (Pop Mon)","Photo-id (Pop Mon)","14:33","14:40",27.53154,-82.72182,"L","FB07,F133,F278,F245","FB07 and F278 chuffing and moving in opposite direction of kayaks. 4 recreational kayaks. No lines. L = 4 kayaks paddling on top of FB07 and F278.",4,0,0,"1",14,"10"
"60",344,41859,2012-10-01,7410,29,"Photo-id (Pop Mon)","Photo-id (Pop Mon)","15:16","15:26",27.48948,-82.6982,"0","FB65,F113,F274,C655","C655 fish tossing. 2 private rec boats, no lines.",2,0,0,"0",15,"10"
"61",348,41863,2012-10-04,7411,22,"Photo-id (Pop Mon)","Photo-id (Pop Mon)","12:07","12:11",27.12984,-82.4698,"0","FB35","3 recreational boats, no lines.",3,0,0,"1",12,"10"
"62",356,41872,2012-10-04,7412,45,"Photo-id (Pop Mon)","Photo-id (Pop Mon)","12:24","12:32",27.54845,-82.67263,"0","SQBT","1 boat, 3 lines",1,3,0,"0",12,"10"
"63",362,41878,2012-10-05,7413,21,"Photo-id (Pop Mon)","Photo-id (Pop Mon)","10:29","10:45",27.45679,-82.68543,"0","FB02,F236,F250","2 boats in vicinity of dolphins initially.  3 more boats.  1 dolphin tour boat.  No fishing lines.",5,0,0,"1",10,"10"
"64",363,41879,2012-10-05,7413,22,"Photo-id (Pop Mon)","Photo-id (Pop Mon)","10:52","11:09",27.46246,-82.68884,"0","F197,F209,F243","9 boats, no lines",9,0,0,"0",10,"10"
"65",364,41880,2012-10-05,7413,23,"Photo-id (Pop Mon)","Photo-id (Pop Mon)","11:25","11:44",27.48023,-82.67289,"0","F113,F274","Lizzie and calf are still very evasive.  1 boat.  Lost other two dolphins while trying to keep up with Lizzie and calf.",1,0,0,"0",11,"10"
"66",366,41882,2012-10-05,7413,25,"Photo-id (Pop Mon)","Photo-id (Pop Mon)","12:39","12:53",27.49499,-82.65372,"0","F187,F280","2 boats (jet skis), 2 lines from shore.",2,2,0,"1",12,"10"
"67",367,41883,2012-10-05,7413,26,"Photo-id (Pop Mon)","Photo-id (Pop Mon)","13:08","13:14",27.4972,-82.65288,"0","FB55,C555","No boats, 2 lines from shore.",0,2,0,"1",13,"10"
"68",370,41886,2012-10-05,7413,29,"Photo-id (Pop Mon)","Photo-id (Pop Mon)","13:43","13:48",27.47892,-82.68739,"0","F196,F268,F213","4 boats, no lines.",4,0,0,"0",13,"10"
"69",372,41888,2012-10-05,7413,31,"Photo-id (Pop Mon)","Photo-id (Pop Mon)","14:43","14:46",27.40887,-82.64124,"0","FB90,F270","1 boat, no lines.",1,0,0,"0",14,"10"
"70",376,41892,2012-10-05,7414,44,"Photo-id (Pop Mon)","Photo-id (Pop Mon)","11:31","11:35",27.4277,-82.6642,"0","FB02,F236,F250","1 private rec boat drove over dolphins, no lines.",1,0,0,"1",11,"10"
"71",378,41894,2012-10-05,7414,46,"Photo-id (Pop Mon)","Photo-id (Pop Mon)","12:12","12:36",27.48974,-82.69739,"0","FB07,F196,F268,F135,F278","2-3 private rec boats passed.  SG1: FB07, F278, F135. SG2: F268, F196 very evasive.  Repeated tailslapping by F135.",2,0,0,"1",12,"10"
"72",379,41895,2012-10-05,7414,47,"Photo-id (Pop Mon)","Photo-id (Pop Mon)","12:44","12:58",27.50355,-82.69099,"0","F113,F274","5 rec boats. Very evasive.",5,0,0,"1",12,"10"
"73",381,41902,2012-10-09,7416,22,"Photo-id (Pop Mon)","Photo-id (Pop Mon)","10:23","10:41",27.44293,-82.68876,"L,H","SPLA,F164,FB20,FB02,F109,F196,F236,F258,F268,F242,1092,SGL1","SG1; F196, F268, FB20, F258, F109, 1092, F236, FB02, poss mom/calf travelling in.  SG2: F242, F164 milling feeding and leaping.  H= boat with 2 lines in water, threw baitfish in water in direction of dolphins.  Dolphins did not appear to react or chase fi",8,2,0,"1",10,"10"
"74",385,41906,2012-10-09,7416,26,"Photo-id (Pop Mon)","Photo-id (Pop Mon)","12:58","13:03",27.54768,-82.5969,"0","ULY2","2 boats, 1 castnet, no lines.  Associated organism: royal tern.",2,1,0,"1",12,"10"
"75",387,41908,2012-10-09,7416,28,"Photo-id (Pop Mon)","Photo-id (Pop Mon)","14:33","14:42",27.5036,-82.68887,"0","FB27,F284","2 boats, no lines",2,0,0,"0",14,"10"
"76",388,41909,2012-10-09,7416,29,"Photo-id (Pop Mon)","Photo-id (Pop Mon)","14:50","14:56",27.47755,-82.69712,"0","FB33,F138,F228,F220,F246,F282","F138 fishwhacking.  1 boat, no lines.",1,0,0,"0",14,"10"
"77",389,41910,2012-10-09,7416,30,"Photo-id (Pop Mon)","Photo-id (Pop Mon)","15:08","15:11",27.45872,-82.68663,"0","F197,F243","4 boats, no lines.",4,0,0,"0",15,"10"
"78",390,41911,2012-10-09,7416,31,"Photo-id (Pop Mon)","Photo-id (Pop Mon)","15:22","15:23",27.42182,-82.65679,"0","F198,F146","Seawall feeding. 1 boats, no lines.",1,0,0,"0",15,"10"
"79",391,41912,2012-10-09,7416,32,"Photo-id (Pop Mon)","Photo-id (Pop Mon)","15:48","15:53",27.35301,-82.56834,"0","FB20,FB02,F236,F258","1 boat, no lines.",1,0,0,"0",15,"10"
"80",392,41913,2012-10-09,7416,33,"Photo-id (Pop Mon)","Photo-id (Pop Mon)","15:59","16:01",27.33493,-82.56657,"0","F125,F123,1253,1231","1 boat, no lines.",1,0,0,"0",15,"10"
"81",396,41917,2012-10-09,7417,43,"Photo-id (Pop Mon)","Photo-id (Pop Mon)","13:39","14:08",27.40692,-82.64044,"0","F155,F276,F198,F146,F142","Fish toss; initially single large group that quickly split. SG1: F142, F276, and F155. We stayed with SG1 then sought out others. Animals had travelled far east into SKF. Three small groups observed. We obtained photos of one group, but could not relocate",1,2,0,"0",13,"10"
"82",404,41925,2012-10-10,7418,27,"Photo-id (Pop Mon)","Photo-id (Pop Mon)","12:34","12:48",27.48672,-82.69754,"L","FB90,FB66,FB10,FB07,F113,F135,F179,F246,F270,F278,F274","9 boats. Many boats following stern riding group. As soon as we approached, most dolphins joined stern wake of boat. Group then peeled off and quickly split up, probably not full coverage.",9,0,0,"0",12,"10"
"83",405,41926,2012-10-10,7418,28,"Photo-id (Pop Mon)","Photo-id (Pop Mon)","13:04","13:14",27.46641,-82.69059,"0","F241","Five boats, no lines. Animal sitting right off channel marker, surfacing several times in a row.",5,0,0,"0",13,"10"
"84",406,41927,2012-10-10,7418,29,"Photo-id (Pop Mon)","Photo-id (Pop Mon)","13:58","14:12",27.4216,-82.65698,"0","F125,1253","Initially seawall feeding. 1253 carrying a piece of seagrass in its mouth. Five boats, no lines.",5,0,0,"0",13,"10"
"85",408,41929,2012-10-10,7419,42,"Photo-id (Pop Mon)","Photo-id (Pop Mon)","10:56","11:09",27.10158,-82.46677,"0","MTBG,HVTI,CL-4898,HVT1","1 private recreational boat, no lines.",1,0,0,"1",10,"10"
"86",409,41930,2012-10-10,7419,43,"Photo-id (Pop Mon)","Photo-id (Pop Mon)","11:34","12:11",27.10761,-82.46688,"A,L","FB35,SCSM,F167,F171,LNLD,SCS2,1673,1711,LNL1,GRGO","SG1: SCS2 and one other, SCSM, Lonely Lead and calf.  SG2: F167 and 1673.  1 private recreational boat approached SG2 very closely (=L). SG2 joined SG1.  SG3: F171 and 1711. SG4: FB35. A few dead fish floating. A = Lonely Lead patrolling Venice Jetty. 4 fishing lines. 5 private recreation boats.",5,4,0,"1",11,"10"
"87",410,41931,2012-10-10,7419,44,"Photo-id (Pop Mon)","Photo-id (Pop Mon)","13:35","13:42",27.18691,-82.49535,"0","F193","1 rental recreational boat, 1 jetski, no lines.",2,0,0,"1",13,"10"
"88",412,41933,2012-10-10,7419,46,"Photo-id (Pop Mon)","Photo-id (Pop Mon)","14:46","15:01",27.2604,-82.53626,"0","F262,F221","Six private recreational boats, one of which is a sailboat. Animals riding Bob's bow. Also rode wake of sailboat briefly. Two rental boats. F221 joined F262 at marker 73.",6,0,0,"1",14,"10"
"89",413,41934,2012-10-11,7420,21,"Photo-id (Pop Mon)","Photo-id (Pop Mon)","9:38","9:43",27.29614,-82.54482,"0","F262","1 private recreational boat with one active line.",1,1,0,"1",9,"10"
"90",414,41935,2012-10-11,7420,22,"Photo-id (Pop Mon)","Photo-id (Pop Mon)","10:37","10:58",27.31854,-82.57255,"0","F153,FB15,F199","Animals fishwhacking mullet. 2 boats, 1 line.",2,1,0,"0",10,"10"
"91",418,41939,2012-10-17,7421,24,"Photo-id (Pop Mon)","Photo-id (Pop Mon)","10:58","11:11",27.42011,-82.67182,"0","F109,1092","F109 logging at surface. 1092 feeding; pinwheeling and fish tossing. There was one commercial fishing boat, no lines. Approximately 25 crabpots. Assocaited organism = royal tern.",1,0,25,"1",10,"10"
"92",419,41940,2012-10-17,7421,25,"Photo-id (Pop Mon)","Photo-id (Pop Mon)","11:20","11:26",27.419,-82.67698,"A,C","C834","2 fishing boats, 4 active lines; fishing for mackerel. The two boats are commercial, but they are not commercially fishing. 0= patrolling fishing boats. Fishermen said animals were not taking bait off lines; possibly scavenging. Associated organisms = gul",2,4,0,"1",11,"10"
"93",420,41941,2012-10-17,7421,26,"Photo-id (Pop Mon)","Photo-id (Pop Mon)","11:45","11:53",27.45842,-82.69987,"0","EGPT","Fluke out dives, no boats, no lines. About 10 crabpots.",0,0,10,"0",11,"10"
"94",423,41944,2012-10-17,7421,29,"Photo-id (Pop Mon)","Photo-id (Pop Mon)","13:06","13:21",27.531,-82.71412,"0","F219,F246,F241,2193","SG1: C654 and F246  SG2: F219 and 2193    No lines, one private rec boat. Associated organism = tern.",1,0,0,"1",13,"10"
"95",424,41945,2012-10-17,7421,30,"Photo-id (Pop Mon)","Photo-id (Pop Mon)","13:35","13:44",27.48155,-82.69513,"0","FB66,FB10,FB07,F227,F278","One private rec sailboat, no lines. SG1: FB10 and FB66, went out towards ICW. SG2: FB07, F278, and F227. F227 and F278 socializing. SG2 headed towards Palma Sola.",1,0,0,"1",13,"10"
"96",425,41946,2012-10-17,7421,31,"Photo-id (Pop Mon)","Photo-id (Pop Mon)","13:49","14:12",27.47951,-82.67749,"0","F113,F179,F173,F187,F274,F280","F274 fish tossing. One private rec boat, two lines. SG1: F113 and F274.  SG2: F173, poss 1871. Did not see F187 for certain (F187 in photos). SG3: F179.",1,2,0,"1",13,"10"
"97",426,41947,2012-10-17,7421,32,"Photo-id (Pop Mon)","Photo-id (Pop Mon)","14:22","14:29",27.4773,-82.67209,"0","F173,F197,F187,F227,F280,F243","Part of previous group joined F197 and 1971. F187 is definitely here now. One private rec boat, no lines.",1,0,0,"1",14,"10"
"98",430,41951,2012-10-17,7421,36,"Photo-id (Pop Mon)","Photo-id (Pop Mon)","16:05","16:15",27.33129,-82.57448,"X","FB79,F123,F199,F252,1231,C798","One ecotour boat (Sarasota Bay Explorers) within 15 meters of moms and yoys, but do not have engine on. SG1: FB79, C798, F199.   SG2: F252, F123, 1231. No lines.",1,0,0,"1",16,"10"
"99",433,41956,2012-11-02,7424,23,"Photo-id (Pop Mon/Syn)","Photo-id (Pop Mon/Syn)","10:56","11:11",27.5261,-82.74379,"0","FB27,FB66,FB10,FB93,F227,C936,F284","Surfacing in the waves, calves not near their mothers. One commercial crab boat, no lines.",1,0,0,"1",10,"11"
"100",437,41960,2012-11-02,7424,27,"Photo-id (Pop Mon/Syn)","Photo-id (Pop Mon/Syn)","12:38","13:01",27.5445,-82.61969,"0","LNPF,F164,F242,HOVC,TDTC,ULY2,C911,HOV2","Multiple subgroups, 2 recreational boats, 4 lines. Dolphins from sighting 26 passed through this sighting.",2,4,0,"1",12,"11"
"101",439,41962,2012-11-02,7424,29,"Photo-id (Pop Mon/Syn)","Photo-id (Pop Mon/Syn)","14:26","14:36",27.52804,-82.64526,"0","","No boats, one line; a guy standing in the water and fishing.",0,1,0,"1",14,"11"
"102",441,41964,2012-11-02,7424,31,"Photo-id (Pop Mon/Syn)","Photo-id (Pop Mon/Syn)","15:20","15:39",27.5166,-82.69384,"L","F276,F142,F165,F228,F220,HWK3,1651","Many dolphins came in and started riding large boat wakes. Multiple subgroups of animals, incomplete photo coverage. One of the private rec boats drove on top of dolphins. No lines, eleven private rec boats.",11,0,0,"1",15,"11"
"103",442,41965,2012-11-02,7424,32,"Photo-id (Pop Mon/Syn)","Photo-id (Pop Mon/Syn)","15:50","15:58",27.5064,-82.69001,"0","F276,F159,F142,HWK3,F233","F142 and F276 logging at the surface. SG1: F159, F233.  SG2: F142, F276, and HWK3. No lines, one commercial boat (SeaTow).",1,0,0,"1",15,"11"
"104",443,41966,2012-11-02,7424,33,"Photo-id (Pop Mon/Syn)","Photo-id (Pop Mon/Syn)","16:19","16:23",27.43353,-82.6721,"0","F133,F245","Two private rec boats, one line.",2,1,0,"1",16,"11"
"105",444,41967,2012-11-02,7424,34,"Photo-id (Pop Mon/Syn)","Photo-id (Pop Mon/Syn)","16:27","16:32",27.43445,-82.67303,"0","F155,F198,F146","Three boats, one line.",3,1,0,"0",16,"11"
"106",445,41968,2012-11-02,7424,35,"Photo-id (Pop Mon/Syn)","Photo-id (Pop Mon/Syn)","16:40","16:49",27.42571,-82.66177,"L","F109,F209,F207,F272,1092","4 boats: 1 pontoon closely following dolphins, 4 lines.",4,4,0,"1",16,"11"
"107",447,41970,2012-11-02,7425,41,"Photo-id (Pop Mon/Syn)","Photo-id (Pop Mon/Syn)","9:05","9:08",27.3308,-82.58474,"0","FB25,F131,1316,C258","3 boats, no lines.",3,0,0,"0",9,"11"
"108",448,41971,2012-11-02,7425,42,"Photo-id (Pop Mon/Syn)","Photo-id (Pop Mon/Syn)","9:59","10:07",27.20117,-82.51165,"0","AMVM,SCS1,AMV1","12 crabpots in vicinity about 100m apart. Dolphins did not interact with crabpots or boats. 2 crabbing boats, no lines.",2,0,12,"1",9,"11"
"109",449,41972,2012-11-02,7425,43,"Photo-id (Pop Mon/Syn)","Photo-id (Pop Mon/Syn)","10:23","10:32",27.15478,-82.48782,"0","F167,1673","10 crabpots, no boats, no lines.",0,0,10,"0",10,"11"
"110",450,41973,2012-11-02,7425,44,"Photo-id (Pop Mon/Syn)","Photo-id (Pop Mon/Syn)","10:40","10:44",27.14311,-82.48014,"0","SCSM,SCS2","Six crabpots, no boats, no lines.",0,0,6,"0",10,"11"
"111",451,41974,2012-11-02,7425,45,"Photo-id (Pop Mon/Syn)","Photo-id (Pop Mon/Syn)","11:24","11:27",27.1111,-82.45879,"0","FB35","2 boats, 1 line",2,1,0,"0",11,"11"
"112",455,41978,2012-11-02,7426,62,"Photo-id (Pop Mon/Syn)","Photo-id (Pop Mon/Syn)","10:00","10:14",27.43835,-82.65714,"0","FB65,C655","No fishing lines. One stone crab boat checking pots. 50+ crabpots over sighting. Animals not seen interacting with any gear. C655 tossing filefish (video). C655 briefly social with our boat after tossing fish, before rejoining mom. C655 has some marks/sca",1,0,50,"1",10,"11"
"113",456,41979,2012-11-02,7426,63,"Photo-id (Pop Mon/Syn)","Photo-id (Pop Mon/Syn)","11:18","11:30",27.46989,-82.66337,"0","F187,F280","Seawall feeding. No lines, no crabpots. Cabin cruiser drove over animals in channel. Boat exactly like Fregata drove past dolphins while seawall feeding.",2,0,0,"1",11,"11"
"114",458,41981,2012-11-02,7426,65,"Photo-id (Pop Mon/Syn)","Photo-id (Pop Mon/Syn)","12:21","12:31",27.49727,-82.65175,"0","FB55,F213,C555","Swam past one person fishing with one line on shore. No boats, no crabpots.",0,1,0,"1",12,"11"
"115",459,41982,2012-11-02,7426,66,"Photo-id (Pop Mon/Syn)","Photo-id (Pop Mon/Syn)","13:07","13:23",27.47987,-82.68102,"L","F138,F196,F268,F135,F215,F187,2151,F280","Pleasure boat driving on top of dolphins, but left when we arrived. SG1: F268, F196, F215, 2151. SG2: F268, F196, F187, 1871, F135, F138. One boat, no lines, no crabpots.",1,0,0,"0",13,"11"
"116",463,41986,2012-11-02,7426,70,"Photo-id (Pop Mon/Syn)","Photo-id (Pop Mon/Syn)","15:02","15:05",27.46659,-82.69096,"0","FB20,F258","Three large boats and three small boats over dolphins in ICW. No lines, no crabpots.",6,0,0,"1",15,"11"
"117",464,41987,2012-11-02,7426,71,"Photo-id (Pop Mon/Syn)","Photo-id (Pop Mon/Syn)","15:51","15:54",27.42569,-82.6619,"0","","Six crabpots, no boats, no lines, no photos.",0,0,6,"0",15,"11"
"118",465,41988,2012-11-02,7426,72,"Photo-id (Pop Mon/Syn)","Photo-id (Pop Mon/Syn)","15:57","16:14",27.42369,-82.65941,"0","F133,F245","6 lines (1 boat with 4 lines, one with 2), 11 Different boats; vessel in frame 348 passed three times, 2 kayaks. 57 crabpots.",15,6,57,"1",15,"11"
"119",466,41989,2012-11-05,7427,21,"Photo-id (Pop Mon/Syn)","Photo-id (Pop Mon/Syn)","9:05","9:20",27.29396,-82.57229,"0","F108,F194,F175,F125,1753,1253,F247","1253 and 1753 social with F194 near Fregata. 1253 throwing sargassum at F194. F125 chuffing. No boats, no lines, 3 crabpots.",0,0,3,"0",9,"11"
"120",467,41990,2012-11-05,7427,22,"Photo-id (Pop Mon/Syn)","Photo-id (Pop Mon/Syn)","9:32","9:40",27.26528,-82.56885,"0","RY34,MPTB","No boats, no lines, 9 crabpots.",0,0,9,"0",9,"11"
"121",468,41991,2012-11-05,7427,23,"Photo-id (Pop Mon/Syn)","Photo-id (Pop Mon/Syn)","10:21","10:34",27.12865,-82.47517,"0","FB35,SCSM,FZJS,SCS1,SCS2,FZJ2","SG1: FB35, SCSM, SCS2  SG2: SCS1 with FZJS and yoy. No boats, no lines, 28 crabpots.",0,0,28,"0",10,"11"
"122",469,41992,2012-11-05,7427,24,"Photo-id (Pop Mon/Syn)","Photo-id (Pop Mon/Syn)","11:04","11:31",27.11079,-82.46941,"A,L","FB87,SCSM,F167,F171,AMVM,LNLD,SCS1,SCS2,C874,1673,1711,AMV1,LNL1","One dolphin breaching. F167 chuffing. At least four lines, 2 crabpots. At least two boats passed. One private rec boat driving on top of dolphins. At least SCSM and SCS2 patrolling jetty. Associated organism = Royal Tern. Tern over dolphins feeding.",2,4,2,"1",11,"11"
"123",470,41993,2012-11-05,7427,25,"Photo-id (Pop Mon/Syn)","Photo-id (Pop Mon/Syn)","13:09","13:25",27.20851,-82.50241,"0","FB25,C258","FB25 caught very large pompano (frame 150). 2 private recreational boats, no lines, 4 crabpots.",2,0,4,"1",13,"11"
"124",471,41994,2012-11-05,7427,26,"Photo-id (Pop Mon/Syn)","Photo-id (Pop Mon/Syn)","13:46","14:00",27.23048,-82.51225,"X","F264,C935","3 rental and 4 private recreational boats. No lines, 3 crabpots. 1 rental boat turned around and plowed over dolphins, then continued on their way.",7,0,3,"1",13,"11"
"125",472,41995,2012-11-05,7427,27,"Photo-id (Pop Mon/Syn)","Photo-id (Pop Mon/Syn)","14:11","14:18",27.25036,-82.52846,"0","FB15","4 rental boats, 1 private boat, 2 lines, no crabpots.",5,2,0,"1",14,"11"
"126",474,41997,2012-11-05,7427,29,"Photo-id (Pop Mon/Syn)","Photo-id (Pop Mon/Syn)","15:01","15:05",27.28982,-82.54393,"0","FB78,F262","F262 joined FB78 right after end of last sighting. F262 logging at surface briefly. 3 crabpots, no boats, no lines.",0,0,3,"0",15,"11"
"127",475,41998,2012-11-05,7427,30,"Photo-id (Pop Mon/Syn)","Photo-id (Pop Mon/Syn)","15:41","15:45",27.31325,-82.55197,"0","F175,F247","1 private rec boat, no lines, no crabpots.",1,0,0,"1",15,"11"
"128",476,41999,2012-11-05,7427,31,"Photo-id (Pop Mon/Syn)","Photo-id (Pop Mon/Syn)","16:02","16:05",27.33205,-82.55577,"0","F199","2 lines off pier, 1 private rec boat, no crabpots.",1,2,0,"1",16,"11"
"129",477,42000,2012-11-05,7427,32,"Photo-id (Pop Mon/Syn)","Photo-id (Pop Mon/Syn)","16:14","16:27",27.30518,-82.56187,"L","FB79,F175,1315,C798,F247","C798 social with 1315. 2 private rec boats, no lines, about 40 crabpots. L = private rec boat circling over dolphins (F175 and 1754). SG1: F175 and 1754  SG2: 1315, FB79, C798",2,0,40,"1",16,"11"
"130",481,42004,2012-11-05,7428,43,"Photo-id (Pop Mon/Syn)","Photo-id (Pop Mon/Syn)","11:08","11:23",27.47946,-82.68241,"0","FB07,F276,F113,F142,F278,F274","Surface lunge followed by fish toss. 3 jetskis, 1 private recreational boat, no lines.",4,0,0,"1",11,"11"
"131",491,42014,2012-11-05,7429,62,"Photo-id (Pop Mon/Syn)","Photo-id (Pop Mon/Syn)","9:52","9:56",27.4567,-82.69806,"0","FB93,C936","Dolphins are milling near the fishing boat, but not obviously interacting with it. Two boats: 1 crab boat, 1 rec fishing boat. 2 lines off crab boat.",2,2,0,"1",9,"11"
"132",494,42017,2012-11-05,7429,65,"Photo-id (Pop Mon/Syn)","Photo-id (Pop Mon/Syn)","10:28","10:34",27.50551,-82.72083,"0","FB27,F219,2193,F284","Associated Frigate bird over head.  One Crab boat, zero lines",1,0,0,"1",10,"11"
"133",496,42019,2012-11-05,7429,67,"Photo-id (Pop Mon/Syn)","Photo-id (Pop Mon/Syn)","11:34","11:41",27.5461,-82.63602,"0","HIQQ,F102,ULYS","2 rec fishing boats, five lines in water.",2,5,0,"1",11,"11"
"134",497,42020,2012-11-05,7429,68,"Photo-id (Pop Mon/Syn)","Photo-id (Pop Mon/Syn)","11:48","11:51",27.54676,-82.63168,"0","F176,F137,F235","1 rec fishing boat, no lines",1,0,0,"1",11,"11"
"135",498,42021,2012-11-05,7429,69,"Photo-id (Pop Mon/Syn)","Photo-id (Pop Mon/Syn)","11:59","12:12",27.55016,-82.6037,"0","LNPF,F141,C991,F151,F217,C911,C912,1414,1511","SG1: F141, 1414, F151, 1511.  SG2:F217, LNPF, C991, C912. SG3: C911.  F151 is chuffing.  2 rec boats, no lines",2,0,0,"1",11,"11"
"136",499,42022,2012-11-05,7429,70,"Photo-id (Pop Mon/Syn)","Photo-id (Pop Mon/Syn)","13:01","13:12",27.50664,-82.59034,"L","ZEL2,F223,F225,2253","Fish Toss (drum).  1 rec boat driving on top of dolphins.  No Lines.",1,0,0,"1",13,"11"
"137",502,42025,2012-11-05,7429,73,"Photo-id (Pop Mon/Syn)","Photo-id (Pop Mon/Syn)","14:43","14:51",27.4476,-82.68674,"L,H","F232,F246,F207,F266","Yolo adventure boat harrassing dolphins.  Four rec boats, one with two lines throwing bait fish in the direction of dolphins. Total of five boats and two lines.",5,2,0,"1",14,"11"
"138",506,42032,2012-11-12,7431,21,"Photo-id (Pop Mon/Syn)","Photo-id (Pop Mon/Syn)","8:55","9:16",27.36324,-82.5647,"0","SGL1","SG1: one dolphin heading towards middle of bay. SG2: one dolphin travelling up and down east shore of bay. No boats, no lines. 4 crabpots.",0,0,4,"0",8,"11"
"139",507,42033,2012-11-12,7431,22,"Photo-id (Pop Mon/Syn)","Photo-id (Pop Mon/Syn)","9:45","10:07",27.41409,-82.61749,"P","FB92,FB20,F128,F276,BOXR,F142,F258","Groups joined near east side of bay. SG1: FB20, F258 and BOXR. SG2: F142, F276, FB92, F128, maybe plus one or two more. One dolphin in this group prob fed by crabpot. Lost dolphins in glare. No boats, no lines, 12 crabpots.",0,0,12,"0",9,"11"
"140",508,42034,2012-11-12,7431,23,"Photo-id (Pop Mon/Syn)","Photo-id (Pop Mon/Syn)","11:02","11:14",27.47621,-82.69344,"0","FB07,F164,F196,F268,F187,F242,F278,F280","F278 and another small dolphin (1871?) tossing seagrass in air. No boats, no lines, 4 crabpots.",0,0,4,"0",11,"11"
"141",509,42035,2012-11-12,7431,24,"Photo-id (Pop Mon/Syn)","Photo-id (Pop Mon/Syn)","11:21","11:42",27.47895,-82.67451,"0","F131,F159,F135,1316,F233","F233 and 1316 riding Fregata's bow and stern and socializing. 3 boats, no lines, one castnet.",3,1,0,"1",11,"11"
"142",517,42043,2012-11-12,7432,44,"Photo-id (Pop Mon/Syn)","Photo-id (Pop Mon/Syn)","11:50","11:58",27.11315,-82.46514,"A","WLET","Dolphin hanging out by fishing boat. Angler caught a Spanish Mackerel and released back to water. 4 boats (fishing boat, rec boat, rental boat, open fish boat); 2 lines.",4,2,0,"1",11,"11"
"143",518,42044,2012-11-12,7432,45,"Photo-id (Pop Mon/Syn)","Photo-id (Pop Mon/Syn)","13:14","13:36",27.21812,-82.50586,"I","F262,F221,C258","Recreatonal boat; passengers banging on side of boat. 2 jetskis and one rental boat. Dolphin in shallows west of ICW possible fishwhack. Two surfacings heading NW. Joined two others to west of Ophelia's. No lines.",3,0,0,"1",13,"11"
"144",519,42045,2012-11-12,7432,46,"Photo-id (Pop Mon/Syn)","Photo-id (Pop Mon/Syn)","14:35","14:51",27.3184,-82.54553,"0","F125,F238,F199,F234,F211,1315,F252,F266,F256,1253","Group initially sighted near seawall in Harbor Acres area. Group of 5 travelled to NW across channel to Bird Key, then prob fed along seawall.  2 boats, no lines.",2,0,0,"0",14,"11"
"145",520,42046,2012-11-12,7432,47,"Photo-id (Pop Mon/Syn)","Photo-id (Pop Mon/Syn)","14:58","15:07",27.32888,-82.55751,"0","F108,F194,F256","One dolphin with mid-notch from sighting 46. All three dolphins spread out from eachother. No boats, 2 lines: all off the seawall.",0,2,0,"1",14,"11"
"146",521,42047,2012-11-12,7432,48,"Photo-id (Pop Mon/Syn)","Photo-id (Pop Mon/Syn)","15:12","15:35",27.33306,-82.55568,"0","F199,F211,1315,1253","Fluctuating salinity readings on YSI? Dolphins sighted beneath span of bridge near Hart's Landing. Swimming directly towards moored sailboats. One dolphin FIM. Dolphins travelled SE into Marina Jack basin doing fluke-out dives in 10.2ft around large yacht",4,0,0,"0",15,"11"
"147",522,42048,2012-11-12,7433,61,"Photo-id (Pop Mon/Syn)","Photo-id (Pop Mon/Syn)","9:17","9:26",27.35045,-82.6152,"0","FB66,FB10","Dolphins rapidly travelling then stopped to feed (prob Spanish Mackerel). No interaction with multitude of crabpots. No lines, one crab boat checking pots. Minimum 83 crabpots.",1,1,83,"1",9,"11"
"148",523,42049,2012-11-12,7433,62,"Photo-id (Pop Mon/Syn)","Photo-id (Pop Mon/Syn)","9:48","9:53",27.39428,-82.65236,"0","","Lost dolphin. No boats, no lines. Just over 10 crabpots.",0,0,10,"0",9,"11"
"149",525,42051,2012-11-12,7433,64,"Photo-id (Pop Mon/Syn)","Photo-id (Pop Mon/Syn)","10:44","11:18",27.52927,-82.74866,"0","FB93,F113,F165,F274,C936,1651","1651 and F274 social with boat, calves social with eachother. One flats boat and one jetski. No lines, 2 crabpots.",2,0,2,"1",10,"11"
"150",526,42052,2012-11-12,7433,65,"Photo-id (Pop Mon/Syn)","Photo-id (Pop Mon/Syn)","12:16","12:23",27.5271,-82.6084,"0","","One boat, no lines, no crabpots.",1,0,0,"0",12,"11"
"151",529,42055,2012-11-12,7433,68,"Photo-id (Pop Mon/Syn)","Photo-id (Pop Mon/Syn)","15:39","15:47",27.33,-82.57915,"0","F108,F194","Two people wade fishing, one line each. No crabpots, no boats.",0,2,0,"1",15,"11"
"152",530,42056,2012-11-13,7434,21,"Photo-id (Pop Mon)","Photo-id (Pop Mon)","9:58","10:13",27.40911,-82.63053,"0","F276,F142,SGL1","17 crabpots.",0,0,17,"0",9,"11"
"153",533,42059,2012-11-15,7435,22,"Photo-id (Pop Mon)","Photo-id (Pop Mon)","9:59","10:09",27.40985,-82.58856,"0","FB65,F133,C655,F245","Possibly previous sighting. No boats, no lines, 2 crabpots. 1331 briefly social with boat, then swam with FB65 and C655 while mom fed.  Associated organisms: terns.",0,0,2,"0",9,"11"
"154",537,42063,2012-11-15,7435,26,"Photo-id (Pop Mon)","Photo-id (Pop Mon)","13:31","13:37",27.42583,-82.66199,"0","FB65,F133,C655,F245","Cannon's rental boat following dolphins. Another boat plowed over dolphins. No lines, 13 crabpots.",2,0,13,"1",13,"11"
"155",539,42066,2012-12-02,7437,401,"Photo-id","Photo-id","10:23","11:39",27.3273,-82.58785,"0","F175,F109,F199,1092,F247","SG1: F109,1091 milling.  SG2: group of 5 others.  SGs joined after a couple of minutes. Lots of socializing with calves.  Several anglers from boats and rocks, but no obvious interactions.  14 Boats, 9 lines.  Many birds diving.",14,9,0,"1",10,"12"
"156",540,42067,2012-12-03,7438,21,"Photo-id (Pop Mon)","Photo-id (Pop Mon)","9:39","9:51",27.34055,-82.60667,"0","FB92,F164,F128,F138,F242","SG1: FB92, F128.  SG2: F164, F242, F138. No boats, no lines, ~100 crab pots.",0,0,100,"0",9,"12"
"157",541,42068,2012-12-03,7438,22,"Photo-id (Pop Mon)","Photo-id (Pop Mon)","10:46","10:53",27.47042,-82.70419,"0","FB10,F125,F207,1253","No boats, no lines, 12 crab pots",0,0,12,"0",10,"12"
"158",542,42069,2012-12-03,7438,23,"Photo-id (Pop Mon)","Photo-id (Pop Mon)","11:02","11:27",27.48194,-82.71065,"0","FB66,FB10,F125,F232,F207,PSC4,1253,F284","Associated Organism: There is a royal tern trying to steal fish from 1253.  1 recreational kayak, 2 lines. F207 fishtossing. 10 crab pots.",1,2,10,"1",11,"12"
"159",543,42070,2012-12-03,7438,24,"Photo-id (Pop Mon)","Photo-id (Pop Mon)","11:33","11:46",27.49245,-82.71617,"0","F219,2193","2193 lead scar.  No boats, no lines, 24 crab pots.",0,0,24,"0",11,"12"
"160",545,42072,2012-12-03,7438,26,"Photo-id (Pop Mon)","Photo-id (Pop Mon)","12:59","13:18",27.55298,-82.59522,"0","HIQQ,F102,F126,CMRS,F162,HITS,ULYS,MTHR,SKYE","SG1: F126, F162, ULYS logging at the surface briefly.  SG2: CMRS, HITS.  SG3: at least two dolphins.  SG4: at least a few more dolphins that we never got to cover fully. 1 boat, 2 lines, at least 6 crab pots.",1,2,6,"0",12,"12"
"161",546,42073,2012-12-03,7438,27,"Photo-id (Pop Mon)","Photo-id (Pop Mon)","13:44","14:02",27.52259,-82.61166,"0","F237,B053,F239","SG1: B053. SG2: HAWK, HWK4.  2 lines from wading fisherman, 0 boats.",0,2,0,"1",13,"12"
"162",547,42074,2012-12-03,7438,28,"Photo-id (Pop Mon)","Photo-id (Pop Mon)","14:27","14:52",27.52223,-82.63649,"0","F237,BOXR,F137,B053,F223,F225,F239,F235,2253","3 boats (1 commercial), 0 lines, 2 crab pots.  SG1: HAWK, HWK4, B053, BOXR. SG2: F137, 1372, F225, 2253, F223, maybe one or two others: dolphins avoiding boat.",3,0,2,"1",14,"12"
"163",549,42076,2012-12-03,7438,30,"Photo-id (Pop Mon)","Photo-id (Pop Mon)","15:22","15:32",27.53186,-82.67445,"0","","One private rec boat, no lines, no crab pots.",1,0,0,"1",15,"12"
"164",555,42082,2012-12-03,7439,45,"Photo-id (Pop Mon)","Photo-id (Pop Mon)","11:39","13:52",27.20758,-82.50237,"A","FB25,F221,C258","F221 milling aroud a fisherman in a kayak with one line.",1,1,0,"1",11,"12"
"165",556,42083,2012-12-04,7440,21,"Photo-id (Pop Mon)","Photo-id (Pop Mon)","9:25","9:33",27.32137,-82.58939,"0","F164,F242","No crab pots, 1 rec fishing boat with 1 line.",1,1,0,"1",9,"12"
"166",557,42084,2012-12-04,7440,22,"Photo-id (Pop Mon)","Photo-id (Pop Mon)","9:37","9:47",27.32255,-82.58966,"A","FB27,F276,F142,F284","Other=F278 briefly patrolled rec fishing boat with 1 line.  Same boat as s21. 2 other private rec boats on a plane in the channel.  3 total boats, 1 total line, 0 crab pots.",3,1,0,"1",9,"12"
"167",558,42085,2012-12-04,7440,23,"Photo-id (Pop Mon)","Photo-id (Pop Mon)","9:55","10:04",27.31433,-82.58639,"0","F109,F125,F199,F211,1092,1253","0 boats, 0 lines, 1 crab pot.",0,0,1,"0",9,"12"
"168",559,42086,2012-12-04,7440,24,"Photo-id (Pop Mon)","Photo-id (Pop Mon)","10:42","10:46",27.23506,-82.53138,"0","ZEDC","0 boats, 0 lines, 20 crab pots.",0,0,20,"0",10,"12"
"169",560,42087,2012-12-04,7440,25,"Photo-id (Pop Mon)","Photo-id (Pop Mon)","12:00","12:13",27.10924,-82.4558,"0","FB35","1 rec boat fishing with one line: left at 12:06.  Dolphin milling near fishing boat.  Continued to mill after boat left.  JA does not think it was patrolling.  2 more rec boats full plane in ICW; 1 sailboat motoring in ICW, 1 cabin cruiser slow plow in IC",5,1,0,"1",12,"12"
"170",561,42088,2012-12-04,7440,26,"Photo-id (Pop Mon)","Photo-id (Pop Mon)","12:17","12:24",27.10766,-82.4486,"0","BRD3","Sheriff scarab full plane in ICW over dolphin.  0 lines, 6 crab pots.  Rapid travel, stopping to feed.",1,0,6,"1",12,"12"
"171",562,42089,2012-12-04,7440,27,"Photo-id (Pop Mon)","Photo-id (Pop Mon)","13:22","13:26",27.1755,-82.49295,"L","","Fish toss.  Private boat plow in no wake zone, dolphin stern riding.  Could not keep up with boat at a legal speed.  No lines, 8 crab pots.",1,0,8,"1",13,"12"
"172",563,42090,2012-12-04,7440,28,"Photo-id (Pop Mon)","Photo-id (Pop Mon)","15:12","15:16",27.31056,-82.55733,"0","JOSC,F248,C835","7 crab pots, no boats, no lines.",0,0,7,"0",15,"12"
"173",567,42094,2012-12-04,7441,44,"Photo-id (Pop Mon)","Photo-id (Pop Mon)","11:19","11:31",27.47585,-82.67076,"0","FB11,F198,F146,F135,F179,C114","1 crab pot, 1 boat, no lines.",1,0,1,"0",11,"12"
"174",570,42097,2012-12-04,7442,61,"Photo-id (Pop Mon)","Photo-id (Pop Mon)","9:51","10:04",27.39151,-82.66235,"0","HNLN,ATNA,CATW,SNPE,CL-4917,CL-4918,CL-4919,OTIS,OTI1","Two calves following boat. SG1: 8-9 dolphins, 4 mom/calf pairs, one yoy. SG2: 2 dolphins, only long distance photos taken. No boats, no lines, 12 crabpots.",0,0,12,"0",9,"12"
"175",573,42100,2012-12-04,7442,64,"Photo-id (Pop Mon)","Photo-id (Pop Mon)","13:17","13:37",27.51145,-82.6137,"0","HIQQ,F102,CAMB","4 Boats, no lines, no crabpots.",4,0,0,"0",13,"12"
"176",574,42101,2012-12-04,7442,65,"Photo-id (Pop Mon)","Photo-id (Pop Mon)","13:45","13:52",27.52865,-82.64574,"0","LNPF","4 boats, one line, no crabpots.",4,1,0,"0",13,"12"
"177",576,42103,2012-12-04,7442,67,"Photo-id (Pop Mon)","Photo-id (Pop Mon)","14:23","14:26",27.47959,-82.69819,"0","F159,F233","1 boat, no lines, no crabpots.",1,0,0,"0",14,"12"
"178",577,42104,2012-12-04,7442,68,"Photo-id (Pop Mon)","Photo-id (Pop Mon)","15:07","15:22",27.35507,-82.5718,"0","FB87,C874","SG1: FB87, C874 milling. SG2: one dolphin that disappeared early during sighting. 2 boats, no lines, no crabpots.",2,0,0,"0",15,"12"
"179",580,42107,2012-12-05,7443,23,"Photo-id (Pop Mon)","Photo-id (Pop Mon)","10:59","11:08",27.44181,-82.66715,"0","FB33,F198,F146,F282","One boat.",1,0,0,"0",10,"12"
"180",582,42109,2012-12-05,7443,25,"Photo-id (Pop Mon)","Photo-id (Pop Mon)","12:12","12:17",27.49181,-82.65044,"0","F131,1316","3 crabpots, no boats, no lines.",0,0,3,"0",12,"12"
"181",583,42110,2012-12-05,7443,26,"Photo-id (Pop Mon)","Photo-id (Pop Mon)","12:23","12:36",27.49677,-82.65269,"0","FB54,FB55,F135,C548,C555","SG1: F135. SG2: FB54, C548, FB55, C555    6 crabpots, one kayak, 3 lines from seawall.",1,3,6,"1",12,"12"
"182",584,42111,2012-12-05,7443,27,"Photo-id (Pop Mon)","Photo-id (Pop Mon)","12:44","12:52",27.47688,-82.66223,"0","FB07,FB11,F159,F278,F233,C114","Dolphins avoiding boat. No crabpots, one rec boat, 2 lines.",1,2,0,"1",12,"12"
"183",585,42112,2012-12-05,7443,28,"Photo-id (Pop Mon)","Photo-id (Pop Mon)","13:28","13:35",27.48615,-82.69785,"L","F165,1651","Parasail boat slowly approaching animals from behind to take pictures. Stopped when we arrived, but lingered behind us. Two more rec boats full plane to pass us. When we left, parasail boat plowed over dolphins to induce stern riding. No crabpots. No line",3,0,0,"1",13,"12"
"184",587,42114,2012-12-05,7443,30,"Photo-id (Pop Mon)","Photo-id (Pop Mon)","14:28","14:34",27.47962,-82.69652,"0","FB90,F113,F246,F270,F274","One cabin cruiser, one private rec boat, no crabpots. No lines.",2,0,0,"1",14,"12"
"185",588,42115,2012-12-05,7445,61,"Photo-id (Pop Mon)","Photo-id (Pop Mon)","10:07","10:12",27.48959,-82.71217,"0","PSC4,PSC5,ABGL","No boats, no lines, 12 crabpots.",0,0,12,"0",10,"12"
"186",589,42116,2012-12-05,7445,62,"Photo-id (Pop Mon)","Photo-id (Pop Mon)","10:28","10:31",27.53839,-82.75139,"0","F154,FB28","No boats, no lines, 5 crabpots.",0,0,5,"0",10,"12"
"187",590,42117,2012-12-05,7445,63,"Photo-id (Pop Mon)","Photo-id (Pop Mon)","11:11","11:19",27.54513,-82.66685,"0","F149,1495","No boats, no lines, 3 crabpots.",0,0,3,"0",11,"12"
"188",593,42120,2012-12-05,7445,66,"Photo-id (Pop Mon)","Photo-id (Pop Mon)","12:01","12:09",27.53817,-82.59874,"0","RTM4","3 Boats, 4 lines, no crabpots.",3,4,0,"0",12,"12"
"189",595,42122,2012-12-05,7445,68,"Photo-id (Pop Mon)","Photo-id (Pop Mon)","14:44","14:48",27.38705,-82.634,"0","F205","Kayak near animal in the beginning of sighting. The one kayak, no lines, no crabpots.",1,0,0,"1",14,"12"
"190",600,42127,2012-12-06,7446,25,"Photo-id (Pop Mon)","Photo-id (Pop Mon)","13:28","13:34",27.19535,-82.49892,"I","SCSM","One private rec boat attempting to attract dolphin. Two boats, no lines.",2,0,0,"1",13,"12"
"191",601,42128,2012-12-06,7446,26,"Photo-id (Pop Mon)","Photo-id (Pop Mon)","13:56","14:02",27.21956,-82.50587,"0","FB93,F262,F221,C936","F262 kerplunking. C936 socializing with F262 and F221. 3 boats, one line.",3,1,0,"0",13,"12"
"192",602,42129,2012-12-06,7446,27,"Photo-id (Pop Mon)","Photo-id (Pop Mon)","15:28","15:40",27.29617,-82.55238,"0","F252,F264,C935","One boat, no lines.",1,0,0,"0",15,"12"
"193",607,42134,2012-12-06,7446,32,"Photo-id (Pop Mon)","Photo-id (Pop Mon)","16:34","16:38",27.30589,-82.56013,"0","F175,F199,F211,F266,F247","One boat, Donzi, at extremely high speed passed within 150m. No lines, 4 boats.",4,0,0,"1",16,"12"
"194",609,42136,2012-12-06,7448,62,"Photo-id (Pop Mon)","Photo-id (Pop Mon)","10:40","11:02",27.4649,-82.69036,"0","F187,F280","Seawall feeding. No boats. No lines. 6 crabpots.",0,0,6,"0",10,"12"
"195",610,42137,2012-12-06,7448,63,"Photo-id (Pop Mon)","Photo-id (Pop Mon)","11:11","11:29",27.47756,-82.67249,"0","FB54,FB11,FB55,F155,F178,F188,F135,F179,C548,C555,C114","SG1: F155, F179, F188, F178, FB11, C114   SG2: FB55, C555, FB54, C548, F135. One private rec boat, no lines, no crabpots.",1,0,0,"1",11,"12"
"196",611,42138,2012-12-06,7448,64,"Photo-id (Pop Mon)","Photo-id (Pop Mon)","12:04","12:12",27.48668,-82.65025,"0","FB07,F148,F222,F278","No boats, no lines, 5 crabpots.",0,0,5,"0",12,"12"
"197",612,42139,2012-12-06,7448,65,"Photo-id (Pop Mon)","Photo-id (Pop Mon)","12:33","12:39",27.48117,-82.65779,"0","FB54,FB11,FB55,F135,F179,C548,C555,C114","FB11, C114, F135, F179 riding Nai'a's stern. No boats, no lines, 2 crabpots.",0,0,2,"0",12,"12"
"198",615,42142,2012-12-06,7448,68,"Photo-id (Pop Mon)","Photo-id (Pop Mon)","14:10","14:17",27.48883,-82.69956,"0","F173,F250","Sharking and herding fish in shallow water. No boats, one line from wading fisherman.",0,1,0,"1",14,"12"
"199",616,42143,2012-12-06,7448,69,"Photo-id (Pop Mon)","Photo-id (Pop Mon)","14:26","14:45",27.47023,-82.69279,"0","F131,F159,F232,1316,F233","F232 laying on surface, lifting peduncle and fluke out of water repeatedly. One dolphin under west edge of bridge, no photos. Poss F207. 3 private rec boats, no lines, 25 crabpots.",3,0,25,"1",14,"12"
"200",617,42144,2012-12-06,7448,70,"Photo-id (Pop Mon)","Photo-id (Pop Mon)","14:50","15:08",27.46787,-82.69339,"0","F173,F207,F250","One of these dolphins is probably the missing dolphin from previous sighting. One eco-tour boat, three lines from pier. Approximately 12 crabpots.",1,3,12,"1",14,"12"
"201",618,42145,2012-12-06,7448,71,"Photo-id (Pop Mon)","Photo-id (Pop Mon)","15:30","15:49",27.41758,-82.65108,"0","FB66,FB10,F155,F178,BOXR,F188,F125,1253","FB66 tail slapping. SG1: F125, 1253, FB10, FB66, BOXR   SG2: F178, F188, F155    SG's briefly joined then separated again. 5 private boats, no lines, 9 crabpots.",5,0,9,"1",15,"12"
"202",619,42146,2012-12-07,7449,41,"Photo-id (Pop Mon)","Photo-id (Pop Mon)","9:41","9:47",27.35096,-82.57834,"0","","No boats, no lines, 12 crabpots. Dolphin surfaced once, lost after initial sighting. No photos.",0,0,12,"0",9,"12"
"203",620,42147,2012-12-07,7449,42,"Photo-id (Pop Mon)","Photo-id (Pop Mon)","9:58","10:17",27.35917,-82.59156,"0","IKN2,F238,HWK3","Individuals widely dispursed, unpredictable surfacings. No boats, no lines, 4 crabpots within 50m.",0,0,4,"0",9,"12"
"204",621,42148,2012-12-07,7449,43,"Photo-id (Pop Mon)","Photo-id (Pop Mon)","11:00","11:08",27.45193,-82.68175,"0","F246,F207,F270","25-30 crabpots within 50m. No boats, no lines.",0,0,25,"0",11,"12"
"205",622,42149,2012-12-07,7449,44,"Photo-id (Pop Mon)","Photo-id (Pop Mon)","11:31","11:39",27.47763,-82.69628,"0","F165,1651","Animals traveled from west side of ICW into Palma Sola Bay. 2 private rec boats, no lines, no crabpots.",2,0,0,"1",11,"12"
"206",623,42150,2012-12-07,7449,45,"Photo-id (Pop Mon)","Photo-id (Pop Mon)","11:48","12:17",27.47877,-82.68312,"A","FB54,FB07,FB11,FB55,F148,F146,F165,F135,F222,F278,C548,C555,1651,C114","Initially 3-4 subgroups. SG1: FB55, C555 (no photos), F165 and 1651 on south side of sandbar along main Palma Sola channel patrolling around an anchored private fishing vessel. Remaining SG's quickly joined and generally traveled out the channel. Returned",4,2,0,"1",11,"12"
"207",624,42151,2012-12-07,7449,46,"Photo-id (Pop Mon)","Photo-id (Pop Mon)","12:59","13:04",27.49132,-82.65361,"L","F131,1316","Jetski approaching animals closer than 50m. No lines, one vessel, no crabpots.",1,0,0,"1",12,"12"
"208",625,42152,2012-12-07,7449,47,"Photo-id (Pop Mon)","Photo-id (Pop Mon)","13:40","13:47",27.4792,-82.6833,"0","F159,F148,F165,F233,1651","2 boats, no lines, no crabpots.",2,0,0,"0",13,"12"
"209",626,42153,2012-12-07,7449,48,"Photo-id (Pop Mon)","Photo-id (Pop Mon)","14:10","14:22",27.4313,-82.66957,"0","F125,1253","Seawall feeding. 3 crabpots, 5 boats, no lines.",5,0,3,"0",14,"12"
"210",627,42154,2012-12-07,7449,49,"Photo-id (Pop Mon)","Photo-id (Pop Mon)","14:28","14:33",27.42207,-82.65685,"0","","No photos. Animals lost after initial sighting. 2 boats, 1 line, 17 crabpots.",2,1,17,"0",14,"12"
"211",628,42155,2012-12-07,7449,50,"Photo-id (Pop Mon)","Photo-id (Pop Mon)","14:37","14:41",27.42006,-82.65456,"0","F155,F178,F188","One boat, no lines, 4 crabpots. Probably animals lost from previous sighting.",1,0,4,"0",14,"12"
"212",630,42157,2012-12-07,7449,52,"Photo-id (Pop Mon)","Photo-id (Pop Mon)","15:42","15:55",27.3294,-82.55908,"P","FB79,F252,F266,1753,C798","Repeated head-out diving, repeated tail-out dives near crabpot buoy. No boats, No lines, 9 crab pots.",0,0,9,"0",15,"12"
"213",631,42158,2012-12-07,7449,53,"Photo-id (Pop Mon)","Photo-id (Pop Mon)","16:20","16:22",27.33076,-82.57957,"0","F211","No boats, no lines, 2 crabpots.",0,0,2,"0",16,"12"
"214",632,42162,2013-01-02,7451,41,"Photo-id (Pop Mon)","Photo-id (Pop Mon)","9:28","9:41",27.33292,-82.58211,"999","F238,F262,F256","1 boat, 6 lines",1,6,0,"0",9,"01"
"215",633,42163,2013-01-02,7451,42,"Photo-id (Pop Mon)","Photo-id (Pop Mon)","9:59","10:07",27.31923,-82.5899,"0","FB78,F175","Initially 2-4 animals 1 of which is a calf.  Group lost in chop.  SG1: FB78.  Relocated SG2: poor coverage. 0 boats, 0 lines, 4 crab pots",0,0,4,"0",9,"01"
"216",634,42164,2013-01-02,7451,43,"Photo-id (Pop Mon)","Photo-id (Pop Mon)","10:23","10:30",27.34172,-82.60673,"0","F198,F146","0 boats, 0 lines, 40+ crab pots. Rapid travel to south, stopped to prob feed.",0,0,40,"0",10,"01"
"217",635,42165,2013-01-02,7451,44,"Photo-id (Pop Mon)","Photo-id (Pop Mon)","10:58","11:17",27.42894,-82.6853,"0","F276,F142","0 boats, 0 lines, 30+ crab pots",0,0,30,"0",10,"01"
"218",636,42166,2013-01-02,7451,45,"Photo-id (Pop Mon)","Photo-id (Pop Mon)","11:55","12:05",27.51255,-82.72669,"0","F165,CTS4,1651","Fish tossing. 0 boats, 0 lines, 25+ crab pots.  Poss C654.",0,0,25,"0",11,"01"
"219",637,42167,2013-01-02,7451,46,"Photo-id (Pop Mon)","Photo-id (Pop Mon)","12:11","12:23",27.52433,-82.73913,"0","F246","Possibly from previous sighting.  Infrequent surfacing, unpredictable direction. 0 boats, 0 lines, 20 crab pots.",0,0,20,"0",12,"01"
"220",638,42168,2013-01-02,7451,47,"Photo-id (Pop Mon)","Photo-id (Pop Mon)","13:04","13:30",27.54616,-82.63561,"A","RTM4","2 boats, 2 lines. SG1: 1 dolphin partrolling around fishing boat (RTM4).  Surfaced once less than 15m from our boat.  SG2: 3 dolphins briefly approached our boad, headed out channel and lost.",2,2,0,"1",13,"01"
"221",640,42171,2013-01-08,7454,21,"Photo-id (Pop Mon)","Photo-id (Pop Mon)","9:49","9:54",27.37354,-82.5674,"0","FB27,FB02,F236,F284","No boats, no lines, one crabpot",0,0,1,"0",9,"01"
"222",641,42172,2013-01-08,7454,22,"Photo-id (Pop Mon)","Photo-id (Pop Mon)","9:56","10:05",27.37053,-82.57269,"0","F164,FB20,BOXR,ULYS,F258,F242","One boat, no lines, 6 crabpots.",1,0,6,"0",9,"01"
"223",642,42173,2013-01-08,7454,23,"Photo-id (Pop Mon)","Photo-id (Pop Mon)","11:39","11:42",27.47306,-82.69382,"0","F209","9 boats, 3 lines, 1 crabpot.",9,3,1,"0",11,"01"
"224",644,42175,2013-01-08,7454,25,"Photo-id (Pop Mon)","Photo-id (Pop Mon)","12:34","12:36",27.49904,-82.65751,"0","F222","No boats, no lines, 6 crabpots",0,0,6,"0",12,"01"
"225",645,42176,2013-01-08,7454,26,"Photo-id (Pop Mon)","Photo-id (Pop Mon)","13:01","13:06",27.4802,-82.6916,"0","F228,F220","2 boats, 1 line, 1 crabpot",2,1,1,"0",13,"01"
"226",646,42177,2013-01-08,7454,27,"Photo-id (Pop Mon)","Photo-id (Pop Mon)","13:22","13:35",27.4659,-82.69157,"0","FB11,F179,C114","11 boats, no lines, 9 crabpots.  SG1: F179,FB11, C114   SG2: 2-3 dolphins, no photos.",11,0,9,"0",13,"01"
"227",647,42178,2013-01-08,7454,28,"Photo-id (Pop Mon)","Photo-id (Pop Mon)","13:42","13:46",27.45012,-82.68515,"0","F142","5 boats, no lines, 6 crabpots.",5,0,6,"0",13,"01"
"228",648,42179,2013-01-08,7454,29,"Photo-id (Pop Mon)","Photo-id (Pop Mon)","13:53","14:01",27.43246,-82.67105,"0","FB90,F197,F187,F246,F270,F280,F243","6 boats, no lines, 4 crabpots.",6,0,4,"0",13,"01"
"229",649,42180,2013-01-08,7455,41,"Photo-id (Pop Mon)","Photo-id (Pop Mon)","9:27","9:42",27.33133,-82.57429,"0","F131,F109,1316,1092","No crabpots, no lines, one crabpot boat travelling through.",1,0,0,"1",9,"01"
"230",650,42181,2013-01-08,7455,42,"Photo-id (Pop Mon)","Photo-id (Pop Mon)","10:06","10:14",27.32647,-82.58856,"0","F123,1231","No crabpots, 1 commercial fishing boat travelled out, 1 recreational fishing boat anchored, 2 lines. Calf has healing scar/wound on head.",2,2,0,"1",10,"01"
"231",651,42182,2013-01-08,7455,43,"Photo-id (Pop Mon)","Photo-id (Pop Mon)","10:23","10:34",27.32387,-82.59003,"A,B","F199,F266","Other = angler interaction. Dolphins patrolling two recreational fishing boats, each with two lines. Frequently catching (probably) Spanish Mackerel and releasing. One ate at least one released fish.",2,2,0,"1",10,"01"
"232",652,42183,2013-01-08,7455,44,"Photo-id (Pop Mon)","Photo-id (Pop Mon)","10:48","10:59",27.29027,-82.57201,"0","FB44,F254","No boats, no lines, 20-30 crabpots.",0,0,20,"0",10,"01"
"233",653,42184,2013-01-08,7455,45,"Photo-id (Pop Mon)","Photo-id (Pop Mon)","11:26","11:49",27.22194,-82.52123,"0","F110,SOLB","1 recreational fishing boat, no lines, 1 crab boat checking pots. Dolphins swam through multiple pots, not interacting.",2,0,0,"1",11,"01"
"234",654,42185,2013-01-08,7455,46,"Photo-id (Pop Mon)","Photo-id (Pop Mon)","12:47","12:50",27.11237,-82.46355,"0","WLET","No lines, 2 recreational fishing boats.",2,0,0,"1",12,"01"
"235",655,42186,2013-01-08,7455,47,"Photo-id (Pop Mon)","Photo-id (Pop Mon)","13:55","14:12",27.21017,-82.50328,"L","FB25,F252,F221,C935,C258","One kayak, one fishing line. One sailboat in ICW, 3 jetskis, 1 rental pontoon stopped to look at dolphins. Dolphins approached boat. Large boat plowed through dolphins to induce wave riding, but dolphins did not ride.",7,0,0,"1",13,"01"
"236",656,42187,2013-01-08,7455,48,"Photo-id (Pop Mon)","Photo-id (Pop Mon)","14:26","14:36",27.23104,-82.51707,"0","F108,F194,SCSM","No lines, no crabpots, one anchored cabin cruiser. F194 briefly social with our boat.",1,0,0,"1",14,"01"
"237",657,42188,2013-01-09,7456,21,"Photo-id (Pop Mon)","Photo-id (Pop Mon)","10:07","10:23",27.26166,-82.55235,"0","LNLD,STE1","No boats, no lines, about 15 crabpots. Dolphins are more than 200m apart.",0,0,15,"0",10,"01"
"238",658,42189,2013-01-09,7456,22,"Photo-id (Pop Mon)","Photo-id (Pop Mon)","10:39","10:56",27.24036,-82.53558,"0","F110,TNBP","SG1: F110  SG2: G_other_Tnbumpts   May have been one or two other dolphins, probably no photos. No boats, no lines, 35 crabpots.",0,0,35,"0",10,"01"
"239",659,42190,2013-01-09,7456,23,"Photo-id (Pop Mon)","Photo-id (Pop Mon)","13:47","14:00",27.22007,-82.50919,"0","F252","2 private recreational boats, one crabpot, no lines.",2,1,0,"1",13,"01"
"240",660,42191,2013-01-09,7456,24,"Photo-id (Pop Mon)","Photo-id (Pop Mon)","14:27","14:36",27.25353,-82.53069,"0","F264,F221","Came over and rode Fregata's stern. Sitting underneath engine. No lines, no crabpots, 4 private recreational boats, one rental.",5,0,0,"1",14,"01"
"241",661,42192,2013-01-09,7456,25,"Photo-id (Pop Mon)","Photo-id (Pop Mon)","15:07","15:17",27.29971,-82.5455,"0","FB15,F196,F268,ORNG","4 dolphins together at beginning. Dolphin in frame 65 split off from group after chuffing and headed in the opposite direction. One rental, 4 private boats, no active lines. About 10 crabpots.",5,0,10,"1",15,"01"
"242",662,42193,2013-01-09,7456,26,"Photo-id (Pop Mon)","Photo-id (Pop Mon)","15:35","15:40",27.30304,-82.56148,"0","F238,F234","No boats, no lines, 3 crabpots.",0,0,3,"0",15,"01"
"243",663,42194,2013-01-09,7456,27,"Photo-id (Pop Mon)","Photo-id (Pop Mon)","15:42","15:52",27.29833,-82.56198,"0","F175,C935,F247","C935 babysitting 1754. 2 private boats, 12 crabpots, no lines",2,0,12,"1",15,"01"
"244",664,42195,2013-01-09,7456,28,"Photo-id (Pop Mon)","Photo-id (Pop Mon)","16:34","16:43",27.32704,-82.54507,"0","F262,1315,F256","1 rowing dinghy, no lines, one crabpot.",1,0,1,"1",16,"01"
"245",665,42196,2013-01-09,7456,29,"Photo-id (Pop Mon)","Photo-id (Pop Mon)","16:46","16:49",27.32764,-82.54501,"0","FB78","Logging at the surface. No boats, no lines, one crabpot.",0,0,1,"0",16,"01"
"246",666,42197,2013-01-09,7456,30,"Photo-id (Pop Mon)","Photo-id (Pop Mon)","17:04","17:08",27.30721,-82.55761,"0","FB66,FB10","2 jetskis, no lines, 6 crabpots.",2,0,6,"1",17,"01"
"247",667,42198,2013-01-09,7456,31,"Photo-id (Pop Mon)","Photo-id (Pop Mon)","17:14","17:18",27.31576,-82.56588,"0","1753","No boats, no lines, 7 crabpots.",0,0,7,"0",17,"01"
"248",668,42199,2013-01-10,7457,21,"Photo-id (Pop Mon)","Photo-id (Pop Mon)","13:04","13:09",27.46533,-82.68698,"0","FB07,F278","1 boat, no lines, 3 crabpots.",1,0,3,"0",13,"01"
"249",669,42200,2013-01-10,7457,22,"Photo-id (Pop Mon)","Photo-id (Pop Mon)","13:54","14:18",27.42431,-82.66004,"L","FB54,FB90,FB65,F197,F187,F246,F270,F280,C548,C655,F243","1 longboat Key Fire Rescue boat with alarm blaring. 15 private boats, no active lines. 20 crabpots. SG1: FB54, C548, FB65, and C655. F197 and 1971 joined this subgroup at end of sighting. SG2: FB90, F270, F246, F187, 1871, F197, and 1971. L = 1 private re",16,0,20,"1",13,"01"
"250",670,42201,2013-01-10,7457,23,"Photo-id (Pop Mon)","Photo-id (Pop Mon)","14:40","15:01",27.39126,-82.60081,"0","PSDQ,F164,FB20,FB02,F276,F146,F142,F236,F258,F242","2 boats, no lines, no crabpots. Very active and aggressive socializing (some on video, frame 95). F258 fish tossing. FB02 possible wound on head (frame 296B).",2,0,0,"0",14,"01"
"251",673,42204,2013-01-13,7458,402,"Photo-id","Focal Follow","10:18","11:36",27.28851,-82.56371,"999","F109,F125,1092,1253","2 dolphins travelling out Big Pass. Picked up on stern wake of big cabin crusier for about 1 minute. Around 10:25 lost sight around seawall. 10:28 reacquired, continuing to travel out of Big Pass. 10:40, picked up in stern wake of cabin cruiser. 17 boats,",17,3,0,"1",10,"01"
"252",674,42205,2013-01-14,7459,21,"Photo-id (Pop Mon)","Photo-id (Pop Mon)","10:18","10:26",27.50844,-82.69975,"A,B","F148,F165,F222,1651","Dolphins patroling near boat with two lines. All four swam towards thrown back fish, don't know who caught it. Boat drove about 500m away after scavenging event. Dolphins followed. One boat, two lines, one crabpot.",1,2,1,"1",10,"01"
"253",675,42206,2013-01-14,7459,22,"Photo-id (Pop Mon)","Photo-id (Pop Mon)","12:27","12:32",27.51277,-82.60481,"0","","Four boats, no lines, no crabpots.",4,0,0,"0",12,"01"
"254",676,42207,2013-01-14,7459,23,"Photo-id (Pop Mon)","Photo-id (Pop Mon)","12:46","13:00",27.52857,-82.60632,"0","HOVC,HOV2","3 boats, no lines, 1 crabpots",3,0,1,"0",12,"01"
"255",678,42209,2013-01-14,7459,25,"Photo-id (Pop Mon)","Photo-id (Pop Mon)","13:31","13:39",27.55886,-82.5857,"0","F126,F162,CAMB","CAMB and calf? Calf was seen only at very beginning of sighting. F126 and F162 flanking CAMB. No boats, no lines, 4 crabpots.",0,0,4,"0",13,"01"
"256",680,42211,2013-01-14,7459,27,"Photo-id (Pop Mon)","Photo-id (Pop Mon)","14:31","14:35",27.49216,-82.69542,"0","F228,F220","F220 looks a little skinny, ribs visible. 6 boats, no lines, no crabpots.",6,0,0,"0",14,"01"
"257",681,42212,2013-01-14,7459,28,"Photo-id (Pop Mon)","Photo-id (Pop Mon)","15:00","15:07",27.42723,-82.66452,"0","F197,F209,F227,F272,F243","1971 fish tossing mullet. 5 cast netting boats in vicinity. 2 cast nets actively fishing. Group feeding on mullet in shallows.",5,2,0,"1",15,"01"
"258",682,42213,2013-01-14,7459,29,"Photo-id (Pop Mon)","Photo-id (Pop Mon)","15:34","15:42",27.34737,-82.59627,"0","F276,F142","2 boats, no lines, 2 crabpots.",2,0,2,"0",15,"01"
"259",683,42214,2013-01-15,7460,21,"Photo-id (Pop Mon)","Photo-id (Pop Mon)","9:19","9:23",27.3342,-82.56313,"0","FB78","No boats, no lines, 2 crabpots",0,0,2,"0",9,"01"
"260",685,42216,2013-01-15,7460,23,"Photo-id (Pop Mon)","Photo-id (Pop Mon)","10:41","10:55",27.41499,-82.62365,"0","FB90,FB65,F133,F270,C655,F245","2 dolphins riding Fregata's stern (F270 and 1331), playing with each other. 1331 leaped. One boat, no crabpots, no lines.",1,0,0,"0",10,"01"
"261",686,42217,2013-01-15,7460,24,"Photo-id (Pop Mon)","Photo-id (Pop Mon)","11:33","11:41",27.45568,-82.68386,"0","F131,F159,1316,F233","F131 logging at surface. F159 chuffing, riding wake of plowing large boat. 3 private rec boats, no lines, 6 crabpots.",3,0,6,"1",11,"01"
"262",687,42218,2013-01-15,7460,25,"Photo-id (Pop Mon)","Photo-id (Pop Mon)","11:48","11:56",27.46799,-82.69153,"0","HAIR,F164,F242,HLP4","3 crabpots, 1 eco tour boat, 2 commercial fishing boats, and 2 private boats.",6,0,3,"1",11,"01"
"263",688,42219,2013-01-15,7460,26,"Photo-id (Pop Mon)","Photo-id (Pop Mon)","12:06","12:11",27.47906,-82.69067,"0","F135,F179","1 boat (Bob), no lines, no crabpots.",1,0,0,"1",12,"01"
"264",689,42220,2013-01-15,7460,27,"Photo-id (Pop Mon)","Photo-id (Pop Mon)","12:30","12:46",27.47202,-82.6616,"0","F148,F222","3 crabpots, one private boat, no lines.",1,0,3,"1",12,"01"
"265",690,42221,2013-01-15,7460,28,"Photo-id (Pop Mon)","Photo-id (Pop Mon)","12:50","13:02",27.47185,-82.66397,"0","FB54,FB33,FB55,F123,F282,C548,C555,1231","Calves are socializing together. One dredge boat, no lines, 3 crabpots.",1,0,3,"1",12,"01"
"266",691,42222,2013-01-15,7460,29,"Photo-id (Pop Mon)","Photo-id (Pop Mon)","13:51","13:56",27.4791,-82.68509,"0","FB07,F148,F222,F278","No lines, no crabpots, 2 commercial boats.",2,0,0,"1",13,"01"
"267",692,42223,2013-01-15,7460,30,"Photo-id (Pop Mon)","Photo-id (Pop Mon)","14:08","14:13",27.48664,-82.69675,"0","F131,F159,1316,F233","1 commercial boat, no lines, 4 crabpots",1,0,4,"1",14,"01"
"268",693,42224,2013-01-15,7460,31,"Photo-id (Pop Mon)","Photo-id (Pop Mon)","14:44","14:49",27.4421,-82.68535,"0","FB92,F128","No active lines, 1 paddle boat, 12 crabpots. 2 boats, 3 kayaks.",6,0,12,"1",14,"01"
"269",697,42228,2013-01-16,7462,22,"Photo-id (Pop Mon)","Photo-id (Pop Mon)","11:06","11:08",27.5381,-82.73784,"999","","2 crabpots, no lines, no boats",0,0,2,"0",11,"01"
"270",698,42229,2013-01-16,7462,23,"Photo-id (Pop Mon)","Photo-id (Pop Mon)","11:44","11:58",27.50234,-82.7022,"0","F173,F250","Rec boat full plane through channel. F173 chuffing. 2 cast netters on bridge, wade fisherman with two lines.",1,4,0,"1",11,"01"
"271",701,42232,2013-01-16,7462,26,"Photo-id (Pop Mon)","Photo-id (Pop Mon)","13:15","13:20",27.48213,-82.65291,"0","","Rapid travel and porpoising. Sharking over shallows; could not follow. No boats, no lines, 6 crabpots.",0,0,6,"0",13,"01"
"272",702,42233,2013-01-16,7462,27,"Photo-id (Pop Mon)","Photo-id (Pop Mon)","13:51","13:58",27.48016,-82.67467,"0","F133,F245","One rec boat full plane. No lines, 2 crabpots.",1,0,2,"0",13,"01"
"273",703,42234,2013-01-16,7462,28,"Photo-id (Pop Mon)","Photo-id (Pop Mon)","14:08","14:11",27.4796,-82.68363,"0","F159,F233","Captain Kim drove by, but no interaction. No lines, no crabpots.",1,0,0,"1",14,"01"
"274",704,42235,2013-01-16,7462,29,"Photo-id (Pop Mon)","Photo-id (Pop Mon)","14:14","14:25",27.4789,-82.68707,"0","HAIR,F164,F242,HLP4","No lines, 2 crabpots, 2 recreational boats at full plane in channel.",2,0,2,"1",14,"01"
"275",705,42236,2013-01-16,7462,30,"Photo-id (Pop Mon)","Photo-id (Pop Mon)","14:51","15:01",27.43035,-82.66791,"L","F138,F179,F187,F280","1 boat followed dolphins closely. One boat anchored with three lines. 4 additional boats passed through in the channel. One was PWC. 33 crabpots.",6,3,33,"1",14,"01"
"276",706,42237,2013-01-16,7463,41,"Photo-id (Pop Mon)","Photo-id (Pop Mon)","10:46","11:01",27.32208,-82.54687,"0","FB78,F131,1316","Riptorn and mom/calf pair, possibly 4th dolphin. One rental boat, 2 crabpots, 0 lines.",1,0,2,"1",10,"01"
"277",707,42239,2013-01-21,7466,41,"Photo-id (Pop Mon)","Photo-id (Pop Mon)","9:22","9:50",27.33339,-82.57184,"0","FB78,F131,1316","1316 fish tossing. 2 boats (including Nai'a)  no crabpots   no lines",2,0,0,"1",9,"01"
"278",708,42240,2013-01-21,7466,42,"Photo-id (Pop Mon)","Photo-id (Pop Mon)","13:32","13:37",27.25207,-82.52957,"0","F264","Seawall feeding. Dolphin left seawall to ride bow wake of large cabin cruiser. 2 crabpots, 2 boats (one rental), no lines.",2,0,2,"1",13,"01"
"279",709,42241,2013-01-21,7466,43,"Photo-id (Pop Mon)","Photo-id (Pop Mon)","13:46","13:53",27.2592,-82.53506,"0","","2 animals spotted in ICW channel traveling north. Rapid travel, lost in the slow speed zone. 3-4 boats (one rental), 3 crabpots, no lines.",3,0,3,"1",13,"01"
"280",711,42243,2013-01-21,7467,61,"Photo-id (Pop Mon)","Photo-id (Pop Mon)","10:00","10:05",27.39284,-82.6495,"0","FB87,C874","No boats, no lines, 18 crabpots",0,0,18,"0",10,"01"
"281",712,42244,2013-01-21,7467,62,"Photo-id (Pop Mon)","Photo-id (Pop Mon)","10:28","10:33",27.46944,-82.70322,"0","F276,F142,F241","C654 is chuffing. F142 and F276 are heavily socializing with C654. 6 crabpots, no lines, no boats.",0,0,6,"0",10,"01"
"282",713,42245,2013-01-21,7467,63,"Photo-id (Pop Mon)","Photo-id (Pop Mon)","11:06","11:20",27.53985,-82.6978,"0","","4 boats, no lines, no crabpots",4,0,0,"0",11,"01"
"283",714,42246,2013-01-21,7467,64,"Photo-id (Pop Mon)","Photo-id (Pop Mon)","11:24","11:31",27.54329,-82.67822,"0","B053","Dolphin actively avoiding boat. Most likely same dolphin from last sighting. 1 boat, no crabpots, no lines.",1,0,0,"0",11,"01"
"284",715,42247,2013-01-21,7467,65,"Photo-id (Pop Mon)","Photo-id (Pop Mon)","11:35","11:55",27.54387,-82.66773,"0","RTMW,MIDM,F224,RTM5,EKTN","Dolphin probably from sighting 63. 10 crabpots, no boats, no lines.",0,0,10,"0",11,"01"
"285",716,42248,2013-01-21,7467,66,"Photo-id (Pop Mon)","Photo-id (Pop Mon)","12:02","12:06",27.54736,-82.64688,"0","1494","One boat, 2 lines, no crabpots.",1,2,0,"0",12,"01"
"286",718,42250,2013-01-21,7467,68,"Photo-id (Pop Mon)","Photo-id (Pop Mon)","13:34","13:38",27.50143,-82.7075,"0","F148,F222","One boat, no lines, no crabpots.",1,0,0,"0",13,"01"
"287",720,42252,2013-01-21,7467,70,"Photo-id (Pop Mon)","Photo-id (Pop Mon)","15:55","15:59",27.35928,-82.60314,"0","","One boat, no lines, no crabpots.",1,0,0,"0",15,"01"
"288",721,42253,2013-01-21,7467,71,"Photo-id (Pop Mon)","Photo-id (Pop Mon)","16:06","16:16",27.34265,-82.58284,"0","FB54,FB11,FB55,F138,F198,F146,C548,C555,C114","2 boats, 2 lines, 1 crabpot",2,2,1,"0",16,"01"
"289",722,42255,2013-02-04,7470,21,"Photo-id (Pop Mon/Syn)","Photo-id (Pop Mon/Syn)","8:49","9:01",27.34193,-82.56497,"A","FB78,F266","Dolphins following recreational fishing boat with two lines in water. Boat is trolling- F266 following directly behind it. FB78 briefly patrolled, then left. 2 boats, 1 crabpot, 4 lines.",2,4,1,"1",8,"02"
"290",723,42256,2013-02-04,7470,22,"Photo-id (Pop Mon/Syn)","Photo-id (Pop Mon/Syn)","9:21","9:41",27.41047,-82.59133,"0","FB10,PSC2,DABL,DAB1,P2C2","SG1: FB10 prob feeding  SG2: two mom/calf pairs (DABL, DAB1, PSC2, P2C1).  No boats, no lines, 10 crabpots.",0,0,10,"0",9,"02"
"291",724,42257,2013-02-04,7470,23,"Photo-id (Pop Mon/Syn)","Photo-id (Pop Mon/Syn)","10:04","10:08",27.40807,-82.63509,"0","FB02,F236","2 boats, no lines, no crabpots",2,0,0,"0",10,"02"
"292",725,42258,2013-02-04,7470,24,"Photo-id (Pop Mon/Syn)","Photo-id (Pop Mon/Syn)","10:18","10:23",27.43106,-82.64367,"0","F276,F142,F213","1 crabpot, 1 boat, no lines",1,0,1,"0",10,"02"
"293",726,42259,2013-02-04,7470,25,"Photo-id (Pop Mon/Syn)","Photo-id (Pop Mon/Syn)","11:09","11:18",27.47854,-82.67363,"0","FB27,FB11,F138,F159,F148,F146,F133,F222,F197,F233,F245,F243,F284,C114","Several calves socializing and leaping. Group of calves swam behind boat and echolocated with boat. No  boats, no lines, one crabpot.",0,0,1,"0",11,"02"
"294",727,42260,2013-02-04,7470,26,"Photo-id (Pop Mon/Syn)","Photo-id (Pop Mon/Syn)","11:24","11:26",27.47999,-82.67721,"0","F209","1 boat, no lines, no crabpots.",1,0,0,"0",11,"02"
"295",728,42261,2013-02-04,7470,27,"Photo-id (Pop Mon/Syn)","Photo-id (Pop Mon/Syn)","12:43","12:51",27.49183,-82.6959,"L","FB11,F159,F148,F133,F137,F135,F179,F222,F197,F233,F235,F245,F243,C114","One of the boats ""Island Pearl"" changed course to drive over dolphins. Did not slow down. Calves approached stern of boat.  5 boats, no lines, one crabpot.",5,0,1,"1",12,"02"
"296",729,42262,2013-02-04,7470,28,"Photo-id (Pop Mon/Syn)","Photo-id (Pop Mon/Syn)","13:25","13:29",27.53198,-82.72221,"0","","No boats, 4 crabpots, no lines",0,0,4,"0",13,"02"
"297",730,42263,2013-02-04,7470,29,"Photo-id (Pop Mon/Syn)","Photo-id (Pop Mon/Syn)","14:19","14:26",27.44223,-82.68549,"0","FB66,FB10","One boat, 5 lines, no crabpots",1,5,0,"0",14,"02"
"298",731,42264,2013-02-04,7470,30,"Photo-id (Pop Mon/Syn)","Photo-id (Pop Mon/Syn)","14:32","14:37",27.44049,-82.68133,"0","F241","2 boats, 1 line, 22 crabpots.  Boat in photos not harrassing dolphin (frame 345).",2,1,22,"0",14,"02"
"299",732,42265,2013-02-04,7470,31,"Photo-id (Pop Mon/Syn)","Photo-id (Pop Mon/Syn)","15:03","15:08",27.39323,-82.63087,"0","F205","Vertically oriented in the water column; rostrum in mud, flicking tail back and forth on surface. Possibly crater feeding. Skin lesions on left side. 1 boat, no lines, no crabpots.",1,0,0,"0",15,"02"
"300",733,42266,2013-02-04,7470,32,"Photo-id (Pop Mon/Syn)","Photo-id (Pop Mon/Syn)","15:50","15:55",27.33751,-82.57717,"0","F125,F234,1253","Stern riding on initial sight. 2 boats, no lines, no crabpots.",2,0,0,"0",15,"02"
"301",734,42267,2013-02-04,7471,41,"Photo-id (Pop Mon/Syn)","Photo-id (Pop Mon/Syn)","9:17","9:27",27.26347,-82.56456,"0","RY34,MPTB","2 dolphins zig zag travel through crabpots. Generally heading north. Long dives, difficult to approach for photos. No lines, no boats, 40 crabpots.",0,0,40,"0",9,"02"
"302",735,42268,2013-02-04,7471,42,"Photo-id (Pop Mon/Syn)","Photo-id (Pop Mon/Syn)","9:44","9:57",27.2339,-82.53142,"0","FB44,F254","Dolphin with large tipnick, probably FB44. 9:51 dolphin is within 20m of shore. 3 anglers on rocks, dolphins just passed by them. This pair is travelling to the north along Point O'Rocks, our boat needed to stay far offshore because of rock reef; could no",0,3,10,"1",9,"02"
"303",736,42269,2013-02-04,7471,43,"Photo-id (Pop Mon/Syn)","Photo-id (Pop Mon/Syn)","10:57","11:06",27.1071,-82.44857,"0","BRD3","Single dolphin travelling north in ICW. 10 crabpots, no lines, 1 boat.",1,0,10,"0",10,"02"
"304",738,42271,2013-02-04,7471,45,"Photo-id (Pop Mon/Syn)","Photo-id (Pop Mon/Syn)","12:53","13:03",27.25131,-82.52926,"0","F262,F221,C935","Time of approach, dolphins socializing. 3 boats stopped to watch them. Dolphins approached our boat, haning out by stern, bubble blowing. 6 boats, 2 lines, no crabpots.",6,2,0,"0",12,"02"
"305",741,42274,2013-02-04,7471,48,"Photo-id (Pop Mon/Syn)","Photo-id (Pop Mon/Syn)","15:28","15:32",27.32724,-82.56706,"0","F125,1253","F125 and 1253 steady travel to north towards sailing squadron. No boats, no lines, 6 crabpots.",0,0,6,"0",15,"02"
"306",742,42275,2013-02-04,7471,49,"Photo-id (Pop Mon/Syn)","Photo-id (Pop Mon/Syn)","15:40","15:43",27.32545,-82.56767,"0","FB25,C258","FB25 and C258 came south under Otter Key bridge, past the yacht club. 15 crabpots, no boats, no lines.",0,0,15,"0",15,"02"
"307",743,42276,2013-02-04,7472,61,"Photo-id (Pop Mon/Syn)","Photo-id (Pop Mon/Syn)","9:19","9:29",27.36656,-82.629,"0","FB92,F128,F196,F268","F196 and F268 too close to beach for good photos. 5 crabpots, no lines, no boats.",0,0,5,"0",9,"02"
"308",746,42279,2013-02-04,7472,64,"Photo-id (Pop Mon/Syn)","Photo-id (Pop Mon/Syn)","10:48","10:55",27.52112,-82.74228,"0","FB28","9 crabpots, no boats, no lines.",0,0,9,"0",10,"02"
"309",750,42283,2013-02-04,7472,68,"Photo-id (Pop Mon/Syn)","Photo-id (Pop Mon/Syn)","14:01","14:12",27.51684,-82.69443,"X","FB07,FB11,F159,F148,F133,F135,F179,F222,F197,F278,F233,F245,F243,C114","1 recreational vessel speeding through group. Sailboat aground in shallows. Cabin cruiser in ICW slowed down to induce wake riding. F137, 1372, FB55, C555, poss present. 3 boats, no lines, no crabpots.",3,0,0,"1",14,"02"
"310",751,42284,2013-02-05,7473,21,"Photo-id (Pop Mon/Syn)","Photo-id (Pop Mon/Syn)","9:20","9:32",27.30616,-82.58179,"0","RY34","Difficult to approach. Other animal probably MPTB. 5-10 crabpots, no boats, no lines.",0,0,5,"0",9,"02"
"311",752,42285,2013-02-05,7473,22,"Photo-id (Pop Mon/Syn)","Photo-id (Pop Mon/Syn)","9:52","9:57",27.26221,-82.55951,"0","","7 crabpots, no boats, no lines",0,0,7,"0",9,"02"
"312",753,42286,2013-02-05,7473,23,"Photo-id (Pop Mon/Syn)","Photo-id (Pop Mon/Syn)","10:23","10:33",27.19362,-82.50954,"0","F167,F171,AMVM,LNLD,1673,1711,AMV1,LNL1","5 crabpots, no boats, no lines.",0,0,5,"0",10,"02"
"313",754,42287,2013-02-05,7473,24,"Photo-id (Pop Mon/Syn)","Photo-id (Pop Mon/Syn)","11:14","11:27",27.07008,-82.453,"0","FB35,SCS1","Fish whacking. Video of catching fish at surface and fish whacking. No boats, no lines, 2 crabpots.",0,0,2,"0",11,"02"
"314",755,42288,2013-02-05,7473,25,"Photo-id (Pop Mon/Syn)","Photo-id (Pop Mon/Syn)","13:20","13:31",27.2082,-82.50238,"A","F153,FB15,F221","F221 and F153 patrolling pontoon boat with 5 lines. They crossed shallows after a large cabin cruiser plowed past. Briefly investigated one small boat with one line, then returned to ICW and met up with FB15. FB15 headed north and F221 and F153 headed toward another rec boat with 2 lines.",4,8,0,"1",13,"02"
"315",756,42289,2013-02-05,7473,26,"Photo-id (Pop Mon/Syn)","Photo-id (Pop Mon/Syn)","14:53","14:59",27.28513,-82.56483,"0","F109,1092","1 boat, 1 line from seawall, no crabpots.",1,1,0,"1",14,"02"
"316",757,42290,2013-02-05,7474,41,"Photo-id (Pop Mon/Syn)","Photo-id (Pop Mon/Syn)","9:02","9:04",27.34851,-82.55685,"0","FB78","Riptorn alone traveling N. No boats, no lines, 2 crabpots.",0,0,2,"0",9,"02"
"317",759,42292,2013-02-05,7474,43,"Photo-id (Pop Mon/Syn)","Photo-id (Pop Mon/Syn)","9:32","9:42",27.41276,-82.59113,"0","F213","One boat with line. One to two dolphins milling in shallows off entrance to Bowles Creek. @9:40 prob feed event, surface lunge just outside channel. 1 boat, 1 line, no crabpots.",1,1,0,"1",9,"02"
"318",761,42294,2013-02-05,7474,45,"Photo-id (Pop Mon/Syn)","Photo-id (Pop Mon/Syn)","10:22","10:26",27.40079,-82.63244,"999","","Initially sighted dolphin headed east; lost sight before photos. 1 line from a kayak, no other boats or lines.",1,1,0,"1",10,"02"
"319",762,42295,2013-02-05,7474,46,"Photo-id (Pop Mon/Syn)","Photo-id (Pop Mon/Syn)","10:38","10:50",27.42299,-82.65807,"0","F197,F246,F243","Dolphins initially traveled south through ICW, then cut over west towards seawall by mobile homes. Socializing. Dolphins traveled to channel and surfed on the stern wake of a cabin cruiser. 1971 tail slapped 5-6 times. 4 boats, no lines, 10 crabpots.",4,0,10,"1",10,"02"
"320",763,42296,2013-02-05,7474,47,"Photo-id (Pop Mon/Syn)","Photo-id (Pop Mon/Syn)","10:56","11:02",27.43352,-82.67255,"0","F196,F268","F268 traveling north in ICW, sharked over very shallow shoal. We could not follow. F196 also travelling north, about 60m from F196, continuing north. One boat, no lines, ~50 crabpots.",1,0,50,"0",10,"02"
"321",764,42297,2013-02-05,7474,48,"Photo-id (Pop Mon/Syn)","Photo-id (Pop Mon/Syn)","11:08","11:22",27.44374,-82.68598,"0","FB90,FB65,F241,F270,C655","Dolphins milling in shallow water just east of Longboat Bridge. Calf chasing small baitfish near surface. 4 boats, no lines, no crabpots.",4,0,0,"0",11,"02"
"322",765,42298,2013-02-05,7474,49,"Photo-id (Pop Mon/Syn)","Photo-id (Pop Mon/Syn)","11:41","11:49",27.47605,-82.69302,"0","FB55,F138,F198,F146,F133,F209,F227,F250,C555,F245","Group initially at entrance of Palma Sola Bay; began traveling south to Cortez Bridge. Sheriff boat traveling south in ICW. Dolphins sped up and rode along bow and stern wake. Took more photos and video past sighting end time because they became active. 5",5,1,5,"1",11,"02"
"323",766,42299,2013-02-05,7474,50,"Photo-id (Pop Mon/Syn)","Photo-id (Pop Mon/Syn)","12:13","12:19",27.47843,-82.67153,"0","FB54,FB11,F159,F222,F233,C548,C114","Large groups of moms and calves initially milling at side of channel. Joined and began to travel to the west, surfacing synchronously. No boats, no lines, 5 crabpots.",0,0,5,"0",12,"02"
"324",768,42301,2013-02-05,7474,52,"Photo-id (Pop Mon/Syn)","Photo-id (Pop Mon/Syn)","13:24","13:33",27.49071,-82.69841,"0","FB11,F159,F133,F233,F245,C114","Dolphins traveling north to west of ICW. Pleasure boat stopped to watch. Very restful synchronous surfacing - travel. 2 boats, no lines, 3 crabpots.",2,0,3,"1",13,"02"
"325",771,42304,2013-02-05,7474,55,"Photo-id (Pop Mon/Syn)","Photo-id (Pop Mon/Syn)","15:41","15:48",27.35963,-82.60581,"0","F175,F205,F213,F247","Group was together inshore then moved in a tight group synchronously surfacing to southeast. 1 boat, 2 lines, no crabpots.",1,2,0,"0",15,"02"
"326",772,42306,2013-02-05,7475,61,"Photo-id (Pop Mon/Syn)","Photo-id (Pop Mon/Syn)","9:34","9:47",27.36591,-82.63066,"0","IKN2,F234","IKN2 pinwheeling. No boats, no lines, 40 crabpots.",0,0,40,"0",9,"02"
"327",773,42307,2013-02-05,7475,62,"Photo-id (Pop Mon/Syn)","Photo-id (Pop Mon/Syn)","10:27","10:37",27.46468,-82.70213,"0","4C4C","No boats, no lines, 10 crabpots.",0,0,10,"0",10,"02"
"328",774,42308,2013-02-05,7475,63,"Photo-id (Pop Mon/Syn)","Photo-id (Pop Mon/Syn)","10:49","10:55",27.48925,-82.71593,"0","HBM3","Fluke out diving. No boats, no lines, 3 crabpots.",0,0,3,"0",10,"02"
"329",775,42336,2013-02-05,7475,64,"Photo-id (Pop Mon/Syn)","Photo-id (Pop Mon/Syn)","11:06","11:24",27.5126,-82.73087,"0","HBMB","HBMB - 1st dolphin - long dives, changing behavior often. 2nd dolphin greater than 200m offshore, no photos. No boats, no lines, 6 crabpots.",0,0,6,"0",11,"02"
"330",776,42337,2013-02-05,7475,65,"Photo-id (Pop Mon/Syn)","Photo-id (Pop Mon/Syn)","11:32","11:47",27.52957,-82.74905,"0","FB27,F190,F284","2 private rec boats, 4 lines, 1 crabpot",2,4,1,"1",11,"02"
"331",778,42310,2013-02-05,7475,67,"Photo-id (Pop Mon/Syn)","Photo-id (Pop Mon/Syn)","13:02","13:22",27.52318,-82.61159,"0","ZELD,F242,HOVA,ZEL3","F242 social with calf. No sign of F164. No boats, no lines, 2 crabpots.",0,0,2,"0",13,"02"
"332",779,42311,2013-02-05,7475,68,"Photo-id (Pop Mon/Syn)","Photo-id (Pop Mon/Syn)","14:00","14:15",27.51886,-82.62428,"0","ZELD,HOVA,ZEL2,ZEL3","SG1: Zelda, ZEL3 and ZEL2   SG2: Half oval    1 eco tour boat, no lines, no crabpots.",1,0,0,"1",14,"02"
"333",780,42312,2013-02-05,7475,69,"Photo-id (Pop Mon/Syn)","Photo-id (Pop Mon/Syn)","14:26","14:57",27.53038,-82.65237,"0","BOXR,B053,WENT,LNCC,TDTC,ULY2,C911,F223,F225,2253","Avoiding boat.  SG1: B053, F223, F225, 2253, BOXR, and WENT.   SG2: ULY2, LNCC, C911, TDTC     About 10 private rec boats, 5 sailboats, no lines, no crabpots.",15,0,0,"1",14,"02"
"334",781,42313,2013-02-05,7475,70,"Photo-id (Pop Mon/Syn)","Photo-id (Pop Mon/Syn)","15:15","15:24",27.5239,-82.69986,"0","FB11,F133,F242,F245,C114","Still no sign of F164. 3 boats (one was rec boat w/ 2 lines), 2 lines, 2 crabpots",3,2,2,"1",15,"02"
"335",782,42314,2013-02-05,7475,71,"Photo-id (Pop Mon/Syn)","Photo-id (Pop Mon/Syn)","15:46","15:50",27.45547,-82.68435,"0","F197,F243","No boats, no lines, 15 crabpots",0,0,15,"0",15,"02"
"336",783,42315,2013-02-05,7475,72,"Photo-id (Pop Mon/Syn)","Photo-id (Pop Mon/Syn)","16:27","16:57",27.3441,-82.56615,"0","1315,HWK3","1 boat, no lines, 1 crabpot.",1,0,1,"0",16,"02"
"337",785,42317,2013-02-06,7476,22,"Photo-id (Pop Mon/Syn)","Photo-id (Pop Mon/Syn)","9:41","9:53",27.42946,-82.63647,"0","FB65,F113,F274,C655","One boat, no lines, 4 crabpots.",1,0,4,"0",9,"02"
"338",790,42322,2013-02-06,7476,27,"Photo-id (Pop Mon/Syn)","Photo-id (Pop Mon/Syn)","12:20","12:24",27.52573,-82.71133,"0","F228,F220","No boats, no lines, 1 crabpot.",0,0,1,"0",12,"02"
"339",791,42323,2013-02-06,7476,28,"Photo-id (Pop Mon/Syn)","Photo-id (Pop Mon/Syn)","13:22","13:36",27.45802,-82.68647,"I","F178,F188,F198,F146,F197,F250,F243","1 boat approached dolphins and tapped on side of boat to attract. 3 boats, no lines, no crabpots.",3,0,0,"0",13,"02"
"340",794,42326,2013-02-06,7477,41,"Photo-id (Pop Mon/Syn)","Photo-id (Pop Mon/Syn)","9:19","9:34",27.26466,-82.57049,"0","NIP2,TNBP,KRSN","No boats, no lines, 3 crabpots.",0,0,3,"0",9,"02"
"341",795,42327,2013-02-06,7477,42,"Photo-id (Pop Mon/Syn)","Photo-id (Pop Mon/Syn)","10:30","10:59",27.13194,-82.47731,"0","MUCH,BIKO,MTBG,CL-4898,BIK2,MUC4","No boats, no lines, 25 crabpots",0,0,25,"0",10,"02"
"342",796,42328,2013-02-06,7477,43,"Photo-id (Pop Mon/Syn)","Photo-id (Pop Mon/Syn)","12:58","13:14",27.20764,-82.50234,"L,I","F153,FB15,F262,F264,F221","SG1: Socializing F262, F264, F221   SG2: prob feeding, sharking, FB15, F153    4 private rec boats, 1 jetski, no crabpots, no lines. One private rec boat driving around SG1, clapping and tapping side of boat.",5,0,0,"1",12,"02"
"343",797,42329,2013-02-06,7477,44,"Photo-id (Pop Mon/Syn)","Photo-id (Pop Mon/Syn)","14:48","14:51",27.3324,-82.55623,"0","FB78","3 private rec boats, 1 rental rec boat, no lines, no crabpots.",4,0,0,"1",14,"02"
"344",798,42330,2013-02-06,7477,45,"Photo-id (Pop Mon/Syn)","Photo-id (Pop Mon/Syn)","15:06","15:18",27.31279,-82.5472,"0","F125,1253","Seawall feeding; fishwhack along seawall     1253 with FIM. No boats, no lines, 3 crabpots.",0,0,3,"0",15,"02"
"345",799,42331,2013-02-06,7477,46,"Photo-id (Pop Mon/Syn)","Photo-id (Pop Mon/Syn)","15:44","15:53",27.28135,-82.56931,"0","F175,F109,F199,1092,F247","Other = surfing on waves on bar and entrance to Big Pass. 1 charter/eco tour boat, no lines, 2 crabpots.",1,0,2,"1",15,"02"
"346",801,42333,2013-02-06,7478,62,"Photo-id (Pop Mon/Syn)","Photo-id (Pop Mon/Syn)","11:19","11:46",27.53349,-82.60419,"0","F151,TDTC,F217,1511,CAM1","No boats, no lines, 1 crabpot",0,0,1,"0",11,"02"
"347",802,42334,2013-02-06,7478,63,"Photo-id (Pop Mon/Syn)","Photo-id (Pop Mon/Syn)","12:44","12:48",27.51,-82.59819,"0","F149,1495","Crab pot boat full plane near dolphins. 1 boat, no lines, no crabpots.",1,0,0,"1",12,"02"
"348",803,42335,2013-02-06,7478,64,"Photo-id (Pop Mon/Syn)","Photo-id (Pop Mon/Syn)","13:33","13:44",27.4982,-82.69467,"L","F165,F133,F245,1651","Private boat plowed over dolphins to induce wake riding. Moms surfacing together while calves socialize nearby. 9 boats, no lines, no crabpots.",9,0,0,"1",13,"02"
"349",804,42338,2013-02-20,7483,21,"Photo-id (Pop Mon)","Photo-id (Pop Mon)","9:52","10:03",27.28059,-82.57066,"0","FB25,FB92,F128,F109,F125,F199,F262,F221,1092,C258,1253","3 boats, 1 line, 0 crab pots",3,1,0,"0",9,"02"
"350",805,42339,2013-02-20,7483,22,"Photo-id (Pop Mon)","Photo-id (Pop Mon)","10:08","10:18",27.28857,-82.56348,"A","RY34,MPTB","MPTB patrolling near fishing boats.  Other = HI.  4 boats, 4 line, 5 crab pots.",4,4,5,"1",10,"02"
"351",806,42340,2013-02-20,7483,23,"Photo-id (Pop Mon)","Photo-id (Pop Mon)","10:57","11:10",27.36106,-82.55761,"0","DABL,DAB1","0 boats, 0 lines, 9 crab pots.",0,0,9,"0",10,"02"
"352",807,42341,2013-02-20,7483,24,"Photo-id (Pop Mon)","Photo-id (Pop Mon)","11:44","11:54",27.42134,-82.65545,"0","F197,F272,F243","F197 seawall feeding.  F272 and 1971 socializing nearby.  2 boats, 0 lines, 0 crab pots.",2,0,0,"0",11,"02"
"353",808,42342,2013-02-20,7483,25,"Photo-id (Pop Mon)","Photo-id (Pop Mon)","12:13","12:16",27.46978,-82.69186,"0","FB54,FB55,C548,C555","2 boats, 1 line, 0 crab pots.",2,1,0,"0",12,"02"
"354",809,42343,2013-02-20,7483,26,"Photo-id (Pop Mon)","Photo-id (Pop Mon)","12:21","12:24",27.46968,-82.69304,"0","F159,F213,F233","0 boats, 0 lines, 12 crab pots.",0,0,12,"0",12,"02"
"355",810,42344,2013-02-20,7483,27,"Photo-id (Pop Mon)","Photo-id (Pop Mon)","12:30","12:34",27.47395,-82.69373,"0","F178,F188","3 boats, 0 lines, 3 crab pots.",3,0,3,"0",12,"02"
"356",811,42345,2013-02-20,7483,28,"Photo-id (Pop Mon)","Photo-id (Pop Mon)","12:44","12:46",27.47498,-82.66873,"0","F123,1231","Began stern riding behind a cabin cruiser shortly after start of sighting. 2 boats, 0 lines, 3 crab pots.",2,0,3,"1",12,"02"
"357",813,42347,2013-02-20,7483,30,"Photo-id (Pop Mon)","Photo-id (Pop Mon)","13:52","13:57",27.47759,-82.69392,"0","F250","2 boats, 0 lines, 0 crab pots.",2,0,0,"0",13,"02"
"358",814,42348,2013-02-20,7483,31,"Photo-id (Pop Mon)","Photo-id (Pop Mon)","14:31","14:34",27.4136,-82.6461,"0","F179","0 boats, 0 lines, 1 crab pot.",0,0,1,"0",14,"02"
"359",815,42349,2013-02-20,7483,32,"Photo-id (Pop Mon)","Photo-id (Pop Mon)","14:46","14:57",27.40893,-82.618,"L,I","FB27,F164,F196,F268,F242,RMUS,F284","Boat went closer that 50 yards and was tapping side of boat, trying to attract dolphins.  C277-fish toss.  2 boats, 0 lines, 0 crab pots.",2,0,0,"0",14,"02"
"360",816,42350,2013-03-08,7489,21,"Photo-id (Pop Mon)","Photo-id (Pop Mon)","9:55","10:05",27.29687,-82.57691,"0","EGPT","No boats, no lines, 13 crabpots",0,0,13,"0",9,"03"
"361",817,42351,2013-03-08,7489,22,"Photo-id (Pop Mon)","Photo-id (Pop Mon)","11:49","12:00",27.1137,-82.46227,"0","BRD3,F262,WLET","3 private boats, no lines, 3 crabpots",3,0,3,"1",11,"03"
"362",818,42352,2013-03-08,7489,23,"Photo-id (Pop Mon)","Photo-id (Pop Mon)","12:34","12:44",27.13352,-82.46984,"0","FB35","2 crabpots, 1 possible boat club (Dexter), 1 rental boat, 2 private boats, 2 fishing lines",4,2,2,"1",12,"03"
"363",819,42353,2013-03-08,7489,24,"Photo-id (Pop Mon)","Photo-id (Pop Mon)","13:30","13:44",27.21497,-82.50382,"0","F108,F194","2 rental boats, 3 private recreational boats, 1 jetski. No lines, no crabpots.",6,0,0,"1",13,"03"
"364",821,42355,2013-03-08,7489,26,"Photo-id (Pop Mon)","Photo-id (Pop Mon)","15:10","15:17",27.30547,-82.56085,"0","F252,F256,C935","No boats, no lines, 14 crabpots",0,0,14,"0",15,"03"
"365",822,42356,2013-03-08,7489,27,"Photo-id (Pop Mon)","Photo-id (Pop Mon)","15:40","15:56",27.31299,-82.56513,"I","F175,F252,F266,F256,1753,C935,F247","Fluke out diving. SG1: 1753   SG2: 1754, F175   SG3: socializing dolphins F256, F266, F252, C935.    1754 did tail flick towards SG3. 1754 briefly with SG3.  One of the rec boats trying to attract dolphins.  3 private rec boats, 3 crabpots, nature tour bo",3,0,3,"1",15,"03"
"366",823,42358,2013-03-15,7491,21,"Photo-id (Pop Mon)","Photo-id (Pop Mon)","9:44","10:01",27.31823,-82.55005,"A","FB78,F241","Riptorn patrolling a boat with three active lines. Second dolphin approached where Riptorn was and started patrolling as well [SG1: FB78   SG2: C654 (second dolphin)]. Second private rec boat with two active lines in the area. C654 approached and patrolle",2,5,0,"1",9,"03"
"367",824,42359,2013-03-15,7491,22,"Photo-id (Pop Mon)","Photo-id (Pop Mon)","10:55","11:01",27.4299,-82.64262,"0","F250","1 private rec boats, 2 active lines, 3 crabpots.",1,2,3,"1",10,"03"
"368",826,42361,2013-03-15,7491,24,"Photo-id (Pop Mon)","Photo-id (Pop Mon)","12:57","13:05",27.48952,-82.66718,"0","F187,F280","F187 is belly-up underneath 1871. 1 boat, 1 line, 0 crabpots.",1,1,0,"0",12,"03"
"369",827,42362,2013-03-15,7491,25,"Photo-id (Pop Mon)","Photo-id (Pop Mon)","13:11","13:20",27.48022,-82.67705,"0","F135,F179","1 private rec boat, 0 lines, 0 crabpots",1,0,0,"1",13,"03"
"370",828,42363,2013-03-15,7491,26,"Photo-id (Pop Mon)","Photo-id (Pop Mon)","14:00","14:10",27.50476,-82.69126,"0","F159,F233","3 crabpots, 0 lines, 3 boats (2 private and one commercial; Army Corps of Engineers). 9 = with Army Corp boat.",3,0,3,"1",14,"03"
"371",829,42364,2013-03-15,7491,27,"Photo-id (Pop Mon)","Photo-id (Pop Mon)","15:16","15:29",27.39219,-82.63122,"0","F198,F146,F213,F272","Chuffing right after a private rec boat drove over them. 5 private rec boats, 0 lines, 0 crabpots.",5,0,0,"1",15,"03"
"372",830,42365,2013-03-15,7491,28,"Photo-id (Pop Mon)","Photo-id (Pop Mon)","15:34","15:42",27.3927,-82.6309,"0","F205","1 private rec boat, 0 lines, 0 crabpots.",1,0,0,"1",15,"03"
"373",831,42366,2013-03-15,7491,29,"Photo-id (Pop Mon)","Photo-id (Pop Mon)","15:54","16:07",27.39099,-82.63167,"0","F196,F268","1 kayak, 2 private rec boats, 2 lines, 0 crabpots.",3,2,0,"1",15,"03"
"374",833,42368,2013-03-15,7491,31,"Photo-id (Pop Mon)","Photo-id (Pop Mon)","16:53","17:03",27.33797,-82.57454,"0","F241","3 private rec boats, 0 lines, 0 crabpots.",3,0,0,"1",16,"03"
"375",834,42369,2013-03-15,7493,61,"Photo-id (Pop Mon)","Photo-id (Pop Mon)","9:50","10:04",27.34775,-82.61246,"0","1315,F256","Fishwhack. 0 boats, 0 lines, 20-25 crabpots. Associated organisms: laughing gull",0,0,20,"0",9,"03"
"376",835,42370,2013-03-15,7493,62,"Photo-id (Pop Mon)","Photo-id (Pop Mon)","10:16","10:21",27.36136,-82.62579,"0","F173","0 boats, 0 lines, 5-10 crabpots",0,0,5,"0",10,"03"
"377",836,42371,2013-03-15,7493,63,"Photo-id (Pop Mon)","Photo-id (Pop Mon)","10:26","10:34",27.37105,-82.63304,"0","F142","0 boats, 0 lines, ~20 crabpots",0,0,20,"0",10,"03"
"378",837,42372,2013-03-15,7493,64,"Photo-id (Pop Mon)","Photo-id (Pop Mon)","10:53","10:59",27.4421,-82.6916,"0","F276","Lost F276 outside Longboat Pass; relocated him way east of Longboat Key Bridge, headed in. Did not pursue. 4 boats, 4 lines, 1 crabpot.",4,4,1,"0",10,"03"
"379",838,42373,2013-03-15,7493,65,"Photo-id (Pop Mon)","Photo-id (Pop Mon)","12:17","12:29",27.54616,-82.6261,"0","LNPF","3 boats, 2 lines, 0 crabpots.",3,2,0,"0",12,"03"
"380",839,42374,2013-03-15,7493,66,"Photo-id (Pop Mon)","Photo-id (Pop Mon)","14:38","14:42",27.42859,-82.66589,"X","FB27,F164,F242,F284","x = flats boat may have attempted to interact. 5 boats, 0 lines, 0 crabpots.",5,0,0,"1",14,"03"
"381",840,42375,2013-03-15,7493,67,"Photo-id (Pop Mon)","Photo-id (Pop Mon)","14:48","14:51",27.4269,-82.66344,"L","F250","0 = surfing wake of large yacht. Boat in frame 135 approaching dolphins w/in 30m but nicely backed away when we asked them to. 4 boats, 0 lines, 0 crabpots.",4,0,0,"1",14,"03"
"382",841,42376,2013-03-19,7494,21,"Photo-id (Pop Mon)","Photo-id (Pop Mon)","10:25","10:31",27.42096,-82.67615,"0","FB20,F258","0 lines, 0 boats, 9 crabpots.",0,0,9,"0",10,"03"
"383",843,42378,2013-03-19,7494,23,"Photo-id (Pop Mon)","Photo-id (Pop Mon)","11:55","12:03",27.5476,-82.62914,"A","F137,F235","2 dolphins patrolling around a boat with 2 lines. Dolphins catching fish near the fishermen's lures, but no depredation seen. Fishermen left. 0 = patrolling. 0 crabpots.",1,2,0,"1",11,"03"
"384",844,42379,2013-03-19,7494,24,"Photo-id (Pop Mon)","Photo-id (Pop Mon)","12:46","12:56",27.52916,-82.60495,"0","F215,2151","0 crabpots, 0 lines, 3 boats.",3,0,0,"0",12,"03"
"385",845,42380,2013-03-19,7494,25,"Photo-id (Pop Mon)","Photo-id (Pop Mon)","13:50","13:58",27.53389,-82.70756,"0","F165,F133,F222,F245,1651","1331 socializing with boat. 1 boat, 2 lines, 15 crabpots.",1,2,15,"0",13,"03"
"386",847,42382,2013-03-19,7494,27,"Photo-id (Pop Mon)","Photo-id (Pop Mon)","15:17","15:21",27.42713,-82.66354,"L","F232,F173,F197,F246,F250,F243","4 boats, 5 lines, 0 crabpots",4,5,0,"0",15,"03"
"387",848,42383,2013-03-19,7494,28,"Photo-id (Pop Mon)","Photo-id (Pop Mon)","15:37","15:45",27.39316,-82.62084,"0","","1 boat, 2 lines, 0 crabpots",1,2,0,"0",15,"03"
"388",849,42384,2013-03-19,7494,29,"Photo-id (Pop Mon)","Photo-id (Pop Mon)","15:58","16:00",27.35026,-82.60014,"0","F238","Seawall feeding. 0 boats, 0 lines, 1 crabpot",0,0,1,"0",15,"03"
"389",853,42388,2013-03-19,7495,43,"Photo-id (Pop Mon)","Photo-id (Pop Mon)","11:26","11:28",27.38874,-82.63295,"0","F155","Resight of F155; probably same animal lost from previous sighting. 2 boats, 0 crabpots, 1 line.",2,1,0,"0",11,"03"
"390",854,42389,2013-03-19,7495,44,"Photo-id (Pop Mon)","Photo-id (Pop Mon)","11:53","12:07",27.44039,-82.66056,"0","FB25,F196,F268,C258","Chasing fish east of North Sister Key. 3 boats, 0 lines, 16 crabpots.",3,0,16,"0",11,"03"
"391",855,42390,2013-03-19,7495,45,"Photo-id (Pop Mon)","Photo-id (Pop Mon)","12:25","12:30",27.45053,-82.68066,"0","FB90,F232,F173,F246,F250,F270","1 boat, 0 lines, 4 crabpots.",1,0,4,"0",12,"03"
"392",856,42391,2013-03-19,7495,46,"Photo-id (Pop Mon)","Photo-id (Pop Mon)","12:41","12:50",27.46055,-82.68719,"L,I","FB07,F278","Water taxi changed heading to follow dolphins. Private boat in frame 143 (FL 4237PF) attempting to attract and vessel harrassment. 6 boats, 0 lines, 5 crabpots.",6,0,5,"1",12,"03"
"393",857,42392,2013-03-19,7495,47,"Photo-id (Pop Mon)","Photo-id (Pop Mon)","13:05","13:13",27.47678,-82.69224,"L","FB33,F282","Same vessel from previous sighting (FL 4237PF) that was attempting Human Interactions L and I returned, rapidly approached dolphins w/in 15m. Dolphins are being very evasive. 8 boats, 1 crabpot, 0 lines.",8,0,1,"1",13,"03"
"394",858,42393,2013-03-19,7495,48,"Photo-id (Pop Mon)","Photo-id (Pop Mon)","13:24","13:40",27.4694,-82.66388,"0","FB55,F187,F280,C555","SG1: F187, 1871   SG2: FB55, C555    SG1 joined SG2. Calves broke off and socialized, then returned to moms. 0 boats, 0 lines, 1 crabpot.",0,0,1,"0",13,"03"
"395",860,42395,2013-03-19,7495,50,"Photo-id (Pop Mon)","Photo-id (Pop Mon)","15:40","15:43",27.42615,-82.66274,"0","","Animal surfaced once less than 5m from bow; never relocated. No photos. 4 boats, 2 lines, 0 crabpots.",4,2,0,"0",15,"03"
"396",861,42396,2013-03-19,7495,51,"Photo-id (Pop Mon)","Photo-id (Pop Mon)","16:08","16:15",27.42648,-82.66283,"X","F232,F197,F246,F243","x = vessel possibly approached animals closer than 50m prior to start of sighting. We observed it reversing away from group as we approached; animals may have just crossed their path, though. F197 repeatedly tail slapping. 9 boats, 0 lines, 0 crabpots.",9,0,0,"0",16,"03"
"397",863,42398,2013-03-22,7496,21,"Photo-id (Pop Mon)","Photo-id (Pop Mon)","9:40","9:57",27.29879,-82.56092,"A","F262,1315,F266,F256","F266 confirmed patrolling, potentially 1315.  6 boats (1 sailboat, 1 commercial (charter fishing), 3 private rec, 1 parasail), 11 lines, 0 crab pots.",6,11,0,"1",9,"03"
"398",864,42399,2013-03-22,7496,22,"Photo-id (Pop Mon)","Photo-id (Pop Mon)","10:06","10:14",27.3047,-82.55274,"0","F153","2 boats (1 kayak, 1 rental recreational), 3 lines, 0 crap pots.",2,3,0,"1",10,"03"
"399",865,42400,2013-03-22,7496,23,"Photo-id (Pop Mon)","Photo-id (Pop Mon)","10:17","10:24",27.30121,-82.54599,"0","F175,F247","1754 possibly feeding ~100m away from mom. 2 boats (1 parasail, 1 private), 0 lines, 3 crab pots.",2,0,3,"1",10,"03"
"400",866,42401,2013-03-22,7496,24,"Photo-id (Pop Mon)","Photo-id (Pop Mon)","10:51","11:15",27.30868,-82.54143,"0","F175,F138,F125,F207,1253,F247","F207 feeding and fish tossing.  SG1: F175, 1754. SG2: F138, F125, 1253. SG3: F207 and one other (briefly here then vanished)  1253 with boat (riding wake of Fregata).  0 boats, 0 lines, 23 crab pots.",0,0,23,"0",10,"03"
"401",867,42402,2013-03-22,7496,25,"Photo-id (Pop Mon)","Photo-id (Pop Mon)","12:37","12:42",27.33252,-82.56644,"0","F241","~26 sailboats (dolphins in the middle of a regata), 0 lines, 0 crab pots.",26,0,0,"1",12,"03"
"402",868,42403,2013-03-22,7496,26,"Photo-id (Pop Mon)","Photo-id (Pop Mon)","13:07","13:18",27.32952,-82.56005,"L","F241,1753","Siesta Key rental boat attempting to follow 1753. 4 boats (1 rental, 3 private recreational), 1 line, 0 crab pots.",4,1,0,"1",13,"03"
"403",869,42404,2013-03-22,7496,27,"Photo-id (Pop Mon)","Photo-id (Pop Mon)","13:59","14:12",27.43778,-82.65288,"0","FB07,FB92,F128,F159,F250,F278,F233","SG1: FB92, F128, FB07, F278. SG2: F250, F159, F233. F233 spyhopped.  0 boats, 0 lines, 3 crab pots.",0,0,3,"0",13,"03"
"404",870,42405,2013-03-22,7496,28,"Photo-id (Pop Mon)","Photo-id (Pop Mon)","14:25","14:31",27.45254,-82.66026,"L","FB33,F282","4 kayaks following dolphins.  7 total boats (7 kayaks), 0 lines, 0 crab pots.",7,0,0,"1",14,"03"
"405",871,42406,2013-03-22,7496,29,"Photo-id (Pop Mon)","Photo-id (Pop Mon)","15:05","15:14",27.43394,-82.67418,"0","F123,1231","5 boats (1 Nai'a, 2 private recreational, 2 charter fishing). 3 lines, 9 crab pots.",5,3,9,"1",15,"03"
"406",872,42407,2013-03-22,7497,41,"Photo-id (Pop Mon)","Photo-id (Pop Mon)","9:48","9:56",27.25748,-82.54559,"0","","lost dolphins after initial surfacings in glare.  0 boats, 0 lines, 1 crab pot.",0,0,1,"0",9,"03"
"407",873,42408,2013-03-22,7497,42,"Photo-id (Pop Mon)","Photo-id (Pop Mon)","10:20","10:28",27.17187,-82.49709,"0","F110","0 boats, 0 lines, 25 crab pots.",0,0,25,"0",10,"03"
"408",874,42409,2013-03-22,7497,43,"Photo-id (Pop Mon)","Photo-id (Pop Mon)","10:38","10:51",27.14387,-82.47997,"0","FB44,F254","0 boats, 0 lines, ~10 crab pots",0,0,10,"0",10,"03"
"409",875,42410,2013-03-22,7497,44,"Photo-id (Pop Mon)","Photo-id (Pop Mon)","11:05","11:15",27.07905,-82.45662,"0","SCSM","0 boats, 0 lines, 7 crab pots.",0,0,7,"0",11,"03"
"410",876,42411,2013-03-22,7497,45,"Photo-id (Pop Mon)","Photo-id (Pop Mon)","12:40","12:45",27.19406,-82.4986,"A","FB15","FB15 milling near active fishing lines, but does not appear to be depredating.  5 boats (2 rental, 3 private rec), 10 lines, 1 crab pot.",5,10,1,"1",12,"03"
"411",877,42412,2013-03-22,7497,46,"Photo-id (Pop Mon)","Photo-id (Pop Mon)","12:53","13:06",27.1977,-82.50204,"P","F252","Milling around crab pots, prob feeding. 0 boats, 0 lines, 5 crab pots.",0,0,5,"0",12,"03"
"412",878,42413,2013-03-22,7497,47,"Photo-id (Pop Mon)","Photo-id (Pop Mon)","14:45","14:56",27.29646,-82.56033,"0","FB10,F207,1753","Animals milling in channel, stopped to ride the wake of a large yacht.  Rode it out the pass.  2 boats, 0 lines, 0 crab pots.",2,0,0,"1",14,"03"
"413",879,42414,2013-03-22,7497,48,"Photo-id (Pop Mon)","Photo-id (Pop Mon)","15:04","15:09",27.31392,-82.56551,"0","F175,F247","1 ecotour boat, 0 lines, 4 crab pots.",1,0,4,"1",15,"03"
"414",880,42415,2013-03-22,7497,49,"Photo-id (Pop Mon)","Photo-id (Pop Mon)","15:20","15:24",27.32714,-82.55286,"0","1316","2 boats, 2 lines, 1 crab pot.",2,2,1,"0",15,"03"
"415",881,42416,2013-03-22,7497,50,"Photo-id (Pop Mon)","Photo-id (Pop Mon)","15:27","15:36",27.32945,-82.54874,"0","1315,F266","Fish toss by 1315.  1 boat, 0 lines, 3 crab pots.",1,0,3,"0",15,"03"
"416",882,42417,2013-03-22,7498,61,"Photo-id (Pop Mon)","Photo-id (Pop Mon)","9:52","10:03",27.39237,-82.64716,"0","IKN2,C835,F238,F234","SG1: F238, F234. SG2: C835, IKN2.  0 boats, 0 lines, 1-5 crab pots.",0,0,1,"0",9,"03"
"417",883,42418,2013-03-22,7498,62,"Photo-id (Pop Mon)","Photo-id (Pop Mon)","10:17","10:34",27.42369,-82.67902,"0","STE1","0 boats, 0 lines, 7 crab pots.",0,0,7,"0",10,"03"
"418",884,42419,2013-03-22,7498,63,"Photo-id (Pop Mon)","Photo-id (Pop Mon)","10:59","11:11",27.47708,-82.70892,"0","F219,PSC5,2193","0 boats, 0 lines, 4 crab pots",0,0,4,"0",10,"03"
"419",889,42424,2013-03-22,7498,68,"Photo-id (Pop Mon)","Opportunistic","15:16","15:34",27.42419,-82.65949,"L","F197,F187,F280,F243","Flats boat (FL 8649 PG) with charter fishermen & 5 crew intentionally plowed over dolphins to induce wake riding.  All dolphins rode wake.  When dolphins stoppped riding, the boat turned around to look for them again… (see attached field notes).  Calf tos",4,0,0,"1",15,"03"
"420",890,42425,2013-03-28,7499,21,"Photo-id (Pop Mon)","Photo-id (Pop Mon)","9:51","10:13",27.26557,-82.56264,"0","FB44,FB92,F155,F110,F175,F254,F238,F199,F247","F199 chuffing - F254 is closely following her. Feeding, travelling, milling in breaking waves. No boats, no lines, 2-3 crabpots.",0,0,2,"0",9,"03"
"421",892,42427,2013-03-28,7499,23,"Photo-id (Pop Mon)","Photo-id (Pop Mon)","10:57","11:13",27.15549,-82.48888,"0","TKID,F167,F171,LNLD,PRST,1673,1711,LNL1,AMTS","0 boats, 0 lines, 6 crabpots.",0,0,6,"0",10,"03"
"422",893,42428,2013-03-28,7499,24,"Photo-id (Pop Mon)","Photo-id (Pop Mon)","14:18","14:49",27.28451,-82.5658,"X","F131,F182,F155,F175,C834,F199,F207,F211,F266,1753,F221,F247","Katie doesn't think 1316 was here, but not sure. F266 chuffing. 0 crabpots, 1 line, 8 total boats: 3 commercial, 2 parasail boats, 1 other, and 2 private rec boats. X = 1 parasail ferry drove on top of dolphins but did not continue to pursue them.",8,1,0,"1",14,"03"
"423",894,42429,2013-03-28,7499,25,"Photo-id (Pop Mon)","Photo-id (Pop Mon)","15:02","15:14",27.30934,-82.5558,"0","1316","4 boats total; 1 private rec, 1 private rec yacht, 2 jetskis. 0 lines. 1 crabpot.",4,0,1,"1",15,"03"
"424",895,42430,2013-03-28,7499,26,"Photo-id (Pop Mon)","Photo-id (Pop Mon)","15:17","15:29",27.30704,-82.5625,"I,L","FB78,1316","Kayak tour paddling towards and then over dolphins milling. 13 total boats; 1 Sarasota Bay Explorers and 12 kayaks. Riptorn chuffing. 0 lines, unknown crabpots.",3,0,0,"1",15,"03"
"425",896,42431,2013-03-28,7500,41,"Photo-id (Pop Mon)","Photo-id (Pop Mon)","10:08","10:29",27.4388,-82.67789,"0","FB27,FB25,F198,F196,F268,C258","SG1: FB25, F268, F196, C258   SG2: FB27, possC277   SG1 initially south end of Jewfish Key, traveled across ICW. FB27 and poss kid briefly joined. Lost SG2. SG1 continued to travel north in ICW where sighting ended. 3 boats (2 sailboats and 1 private rec), 0 lines, 20 crabpots/ Associated organisms: terns.",3,0,20,"1",10,"03"
"426",897,42432,2013-03-28,7500,42,"Photo-id (Pop Mon)","Photo-id (Pop Mon)","10:34","10:50",27.44742,-82.6793,"L","FB27,F198,F146,F284","Initially seen in the cut between Sister Keys and east side of bay, traveling along seagrass. Captain Kathy approaching closer than 15m. 5 boats (1 charter, 3 private rec, 1 one parasail), 1 line, 36 crabpots.",5,1,36,"1",10,"03"
"427",898,42433,2013-03-28,7500,43,"Photo-id (Pop Mon)","Photo-id (Pop Mon)","12:47","12:58",27.45098,-82.68542,"0","FB27,F198,F146,F284","SG1: F146, FB27, C277, F198   SG2: lost    11 boats, 0 lines, 55 crabpots",11,0,55,"0",12,"03"
"428",899,42434,2013-03-28,7500,44,"Photo-id (Pop Mon)","Photo-id (Pop Mon)","13:15","13:21",27.43204,-82.67045,"0","FB90,F179,F209,F270","0 lines, 5 boats, 1 crabpot",5,0,1,"0",13,"03"
"429",900,42435,2013-03-28,7500,45,"Photo-id (Pop Mon)","Photo-id (Pop Mon)","13:58","14:09",27.41316,-82.64493,"L","FB11,F159,F197,F246,F233,F243,C114","Dolphins traveling in the channel, zig zagging from side to side. 2 poss Cannon's rental vessels changed heading to pursue animals. 7 boats, 2 lines, 0 crabpots.",7,2,0,"1",13,"03"
"430",902,42437,2013-04-01,7501,22,"Photo-id (Pop Mon)","Photo-id (Pop Mon)","9:32","9:34",27.3345,-82.58097,"0","FB79,C798","FB79 and C798 steady travel underneath New Pass Bridge. 5 boats, 0 lines, 0 crabpots",5,0,0,"0",9,"04"
"431",903,42438,2013-04-01,7501,23,"Photo-id (Pop Mon)","Photo-id (Pop Mon)","9:41","9:45",27.33271,-82.58405,"0","FB25,F196,F268,C258","3 lines, 1 boat, 0 crabpots.",1,3,0,"0",9,"04"
"432",905,42440,2013-04-01,7501,25,"Photo-id (Pop Mon)","Photo-id (Pop Mon)","10:05","10:10",27.3323,-82.58429,"0","F109,1092","F109 and 1092 traveling in New Pass, then cut into shallows and were sharking. When they got into basin, 1092 was chasing fish. 0 lines, 1 boat, 0 crabpots.",1,0,0,"0",10,"04"
"433",906,42441,2013-04-01,7501,26,"Photo-id (Pop Mon)","Photo-id (Pop Mon)","13:29","13:45",27.51525,-82.71072,"0","F165,F228,1651","F165 and 1651 at entrance of Bimini Bay. 1651 was somewhat independent from mom. F228 was deeper into bayou and did some seawall feeding. 1 boat, 0 lines, 2 crabpots.",1,0,2,"0",13,"04"
"434",907,42442,2013-04-01,7501,27,"Photo-id (Pop Mon)","Photo-id (Pop Mon)","13:57","14:09",27.50812,-82.71199,"0","F173,F227","13:59 fish toss. Both dolphins charging around and chasing fish on shallows. 0 boats, 0 lines, 3 crabpots.",0,0,3,"0",13,"04"
"435",909,42444,2013-04-01,7501,29,"Photo-id (Pop Mon)","Photo-id (Pop Mon)","14:39","14:49",27.49722,-82.69694,"0","FB54,FB55,F137,F235,C548,C555","Dolphins initially sighted south of bridge; moved north into Ace's Hole. Calves socializing, moving NW with boat while moms feeding to the south. 2 boats, 0 crabpots, 0 lines.",2,0,0,"0",14,"04"
"436",910,42445,2013-04-01,7501,30,"Photo-id (Pop Mon)","Photo-id (Pop Mon)","15:14","15:25",27.44424,-82.68752,"A","F250,F241","Dolphins initially on E side of Longboat Bridge, and swam by angler's fishing lines from bridge. Traveled west by boat with 4 lines w/in 10m. @ 15:21 boat pulled in fish. A = dolphin w/in 5m of lines and several surfacings back and forth. 14 boats, 16 lin",14,16,0,"1",15,"04"
"437",911,42446,2013-04-01,7501,31,"Photo-id (Pop Mon)","Photo-id (Pop Mon)","15:49","15:59",27.42876,-82.66541,"L","FB90,F187,F246,F213,F270,F272,F280","Boat in frm 181 approached within 50 yards of group to get pictures. 13 boats, 4 crabpots, lines unknown.",13,0,4,"0",15,"04"
"438",913,42448,2013-04-01,7502,42,"Photo-id (Pop Mon)","Photo-id (Pop Mon)","10:18","10:39",27.44496,-82.67089,"0","F232,F250","0 boats, 0 lines, 21 crabpots.",0,0,21,"0",10,"04"
"439",915,42450,2013-04-01,7502,44,"Photo-id (Pop Mon)","Photo-id (Pop Mon)","11:15","11:30",27.47635,-82.69308,"L","F187,F280","Water Taxi (Sunset Cruises, 'Red Sky') approaching animals. Jetski approaching animals (3 jetskis total). 1 private boat, 5 boats total, 0 lines, 0 crabpots.",5,0,0,"1",11,"04"
"440",917,42452,2013-04-01,7502,46,"Photo-id (Pop Mon)","Photo-id (Pop Mon)","13:14","13:26",27.48929,-82.6974,"0","FB27,FB07,F178,F188,F198,F146,F278,F284","SG1: FB07, FB27, F278, C277, F178, F188  Calves socializing. Pi and Noah heavily socializing with calves.  SG2: F146, F198; continued traveling south in channel. 1 boat (charter fishing), 0 lines, 0 crabpots. Associated organisms: remora",1,0,0,"1",13,"04"
"441",919,42454,2013-04-01,7502,48,"Photo-id (Pop Mon)","Photo-id (Pop Mon)","15:19","15:34",27.42553,-82.66273,"L","FB90,F246,F213,F270,F272,F280","Rental pontoon approached dolphins within 50m. Continued to follow dolphins in the channel. SG1: F270, F246, 1871   SG2: FB90 + DU (frame B190hm)  SG3: F272, F213   all subgroups joined in Cannon's Channel. 8 boats (1 rental, 7 private rec), 4 lines, 0 cr",8,4,0,"1",15,"04"
"442",920,42455,2013-04-02,7503,21,"Photo-id (Pop Mon)","Photo-id (Pop Mon)","9:34","9:40",27.33839,-82.57352,"0","FB79,C798","FB79 skin looks a little mottled. 2 videos taken of Bob during it's s41. 2 boats (1 was Bob), 0 lines, 0 crabpots.",2,0,0,"1",9,"04"
"443",921,42456,2013-04-02,7503,22,"Photo-id (Pop Mon)","Photo-id (Pop Mon)","10:57","11:06",27.47816,-82.70754,"0","4C4C","3 boast (1 parasail, 2 private rec), 0 lines, 0 crabpots",3,0,0,"1",10,"04"
"444",923,42458,2013-04-02,7503,24,"Photo-id (Pop Mon)","Photo-id (Pop Mon)","11:28","11:38",27.49981,-82.71776,"999","F154","Very slow travel. 1 boat (parasail), 0 lines, 0 crabpots.",1,0,0,"1",11,"04"
"445",924,42459,2013-04-02,7503,25,"Photo-id (Pop Mon)","Photo-id (Pop Mon)","11:49","11:53",27.51809,-82.73159,"0","FB27,FB66,FB10,F284","FB10 and FB66 in flanking position surrounding FB27 and C277. Boats: 2 paddle boards, 0 lines, 0 crabpots.",2,0,0,"1",11,"04"
"446",925,42460,2013-04-02,7503,26,"Photo-id (Pop Mon)","Photo-id (Pop Mon)","13:21","13:30",27.51485,-82.60723,"0","HIQQ,F102,HAIR,C911,HLP4","SG1: C911  SG2: HAIR, HLP4, Hi-Q    SG3: F102   Dolphins breaching (HAIR) 2 boats (private rec), 0 lines, 5 crabpots.",2,0,5,"1",13,"04"
"447",926,42461,2013-04-02,7503,27,"Photo-id (Pop Mon)","Photo-id (Pop Mon)","14:50","14:52",27.45213,-82.68211,"0","F250","5 boats, 0 lines, 7 crabpots",5,0,7,"0",14,"04"
"448",927,42462,2013-04-02,7503,28,"Photo-id (Pop Mon)","Photo-id (Pop Mon)","15:01","15:12",27.42399,-82.65989,"L","F198,F146,F187,F280","F198 socializing heavily with 1871. 1871 tail slapped. 9 total boats: 6 private rec, 1 rental, 1 sailboat, 1 boat with barge. 1 private rec = vessel harrassment. 0 lines, 0 crabpots",9,0,0,"1",15,"04"
"449",928,42463,2013-04-02,7503,29,"Photo-id (Pop Mon)","Photo-id (Pop Mon)","15:23","15:29",27.40732,-82.62762,"0","FB20,F258","4 total boats: FWC actively otter trawling, + 3 others   0 lines, 0 crabpots",4,0,0,"1",15,"04"
"450",929,42464,2013-04-02,7504,41,"Photo-id (Pop Mon)","Photo-id (Pop Mon)","9:49","9:54",27.32774,-82.58779,"0","F109,1092","3 boats (1 was Yellowfin, 1 was Fregata), 0 lines, 0 crabpots.",3,0,0,"1",9,"04"
"451",930,42465,2013-04-02,7504,42,"Photo-id (Pop Mon)","Photo-id (Pop Mon)","10:42","10:58",27.16763,-82.49387,"0","F167,1673","SG1: F167 and 1673   SG2: maybe one other animal off in distance, not part of sighting? no photos. 13 crabpots, 0 lines, 0 boats",0,0,13,"0",10,"04"
"452",931,42466,2013-04-02,7504,43,"Photo-id (Pop Mon)","Photo-id (Pop Mon)","11:26","11:37",27.07565,-82.45393,"A","SCS2","SCS2 patrolling around Sharky's Pier. Observed pinwheeling and fishwhacking. No indications of depredation. 0 boats, 7 lines, 0 crabpots.",0,7,0,"0",11,"04"
"453",932,42467,2013-04-02,7504,44,"Photo-id (Pop Mon)","Photo-id (Pop Mon)","11:58","12:17",27.11236,-82.46471,"0","AMVM,F262,AMV1","Siesta Key Marina rental pontoon, 7 rental jetskis, 2 private rec boats = 10 total boats, ~52 lines, 2 crabpots.",10,52,2,"1",11,"04"
"454",933,42468,2013-04-02,7504,45,"Photo-id (Pop Mon)","Photo-id (Pop Mon)","13:07","13:24",27.14748,-82.47443,"L,A,X","F108,F194,F125,1253","Seawall feeding. 5 boats (1 rental), 2 lines, 5 crabpots. X = possible fixed gear interaction with a line from a private dock (line of unknown purpose...not a fishing line, no angler present, but there were two bait buckets floating from dock). Associated",5,2,5,"1",13,"04"
"455",934,42469,2013-04-02,7504,46,"Photo-id (Pop Mon)","Photo-id (Pop Mon)","14:44","14:50",27.26946,-82.54161,"0","F252,F264,C935","11 total boats: 8 private rec, 3 jetskis. Dolphins stern riding private rec boat. No lines, no crabpots.",10,0,0,"1",14,"04"
"456",935,42470,2013-04-08,7505,21,"Photo-id (Pop Mon)","Photo-id (Pop Mon)","9:06","9:18",27.332,-82.5743,"0","F131","1 boat, 2 lines, 4 crabpots",1,2,4,"0",9,"04"
"457",936,42471,2013-04-08,7505,22,"Photo-id (Pop Mon)","Photo-id (Pop Mon)","10:44","10:50",27.47645,-82.69315,"L","F148","Seawall feeding, pin wheeling. 1 boat, 0 lines, 0 crabpots.",1,0,0,"0",10,"04"
"458",937,42472,2013-04-08,7505,23,"Photo-id (Pop Mon)","Photo-id (Pop Mon)","10:58","11:02",27.47974,-82.67736,"0","F187,F280","Very slow travel along sandbar. 1 boat, 0 lines, 1 crabpot.",1,0,1,"0",10,"04"
"459",939,42474,2013-04-08,7505,25,"Photo-id (Pop Mon)","Photo-id (Pop Mon)","13:05","13:13",27.44449,-82.68678,"I,H,A,L,M","F232","Lil' Toot driving right on top of animals. Another boat (FL 7965FW) provisioning, attempting to attract, and casting lines right on top of animal. 5 boats, 6 lines, 0 crabpots.",5,6,0,"1",13,"04"
"460",940,42475,2013-04-08,7505,26,"Photo-id (Pop Mon)","Photo-id (Pop Mon)","13:24","13:30",27.43999,-82.67992,"0","FB65,FB11,F209,C655,C114","5 boats, 0 lines, 26 crabpots.",5,0,26,"0",13,"04"
"461",941,42476,2013-04-08,7505,27,"Photo-id (Pop Mon)","Photo-id (Pop Mon)","13:35","13:52",27.44013,-82.68036,"0","F250","Two dolphins initially together at start of sighting. Split up and did not find second animal. 7 boats, 0 lines, 10 crabpots. 1 boat towing another and 1 boat was US Army Corp of Engineers dredging boat.",7,0,10,"1",13,"04"
"462",942,42477,2013-04-08,7505,28,"Photo-id (Pop Mon)","Photo-id (Pop Mon)","14:45","14:50",27.39349,-82.63051,"0","F155,F138","2 boats, 1 line, 0 crabpots.",2,1,0,"0",14,"04"
"463",943,42478,2013-04-08,7506,41,"Photo-id (Pop Mon)","Photo-id (Pop Mon)","9:31","9:38",27.32505,-82.58925,"A","FB78,F109,1092","Patrolling around fishing boat when sighting began. Fishing boat left area when we stopped. Dolphins began to travel outside of pass. 2 boats, 2 lines, 3 crabpots.",2,2,3,"1",9,"04"
"464",944,42479,2013-04-08,7506,42,"Photo-id (Pop Mon)","Photo-id (Pop Mon)","10:44","10:48",27.29599,-82.55413,"0","F221","1 boat, 1 line, 0 crabpots.",1,1,0,"0",10,"04"
"465",945,42480,2013-04-08,7506,43,"Photo-id (Pop Mon)","Photo-id (Pop Mon)","10:53","10:59",27.29029,-82.55035,"0","F252","Single dolphin traveled from N tip Skier's Island to ICW, marginal photos. 2 boats, 0 llines, 19 crabpots.",2,0,19,"0",10,"04"
"466",946,42481,2013-04-08,7506,44,"Photo-id (Pop Mon)","Photo-id (Pop Mon)","11:17","11:20",27.28297,-82.54271,"0","F252","Single dolphin traveling north off of Field Club. 0 boats, 0 lines, 21 crabpots.",0,0,21,"0",11,"04"
"467",947,42482,2013-04-08,7506,45,"Photo-id (Pop Mon)","Photo-id (Pop Mon)","14:16","14:28",27.34786,-82.59666,"0","FB10,F238,F199","Dolphins spent majority of time seawall feeding with 1 fish in mouth observed (14:21). 2 boats (1 private rec, 1 kayak), 0 lines, 0 crabpots.",2,0,0,"1",14,"04"
"468",948,42483,2013-04-16,7507,21,"Photo-id (Pop Mon)","Photo-id (Pop Mon)","10:27","10:40",27.44371,-82.69621,"0","F250","Widely dispersed. Milling around sand bar. Very difficult to follow. 1 boat, 1 line, 0 crabpots.",1,1,0,"0",10,"04"
"469",949,42484,2013-04-16,7507,22,"Photo-id (Pop Mon)","Photo-id (Pop Mon)","11:55","12:13",27.54987,-82.60487,"0","F126,LNPF,CMRS,F162,LNPC,LNCC,TDTC,ULY2,C911,ULY3,LNC2,2313","Dolphins everywhere! Subgroups merging and splitting and merging and splting. Very slow travel. Often not exposing entire dorsal fins when surfacing. 1 boat, 0 lines, 0 crabpots.",1,0,0,"0",11,"04"
"470",951,42486,2013-04-16,7507,24,"Photo-id (Pop Mon)","Photo-id (Pop Mon)","13:15","13:27",27.5184,-82.61858,"0","RTMW,F215,1494,2151,RTM5","3 boats, 0 lines, 0 crabpots",3,0,0,"0",13,"04"
"471",952,42487,2013-04-16,7507,25,"Photo-id (Pop Mon)","Photo-id (Pop Mon)","13:35","13:43",27.52587,-82.63831,"0","HIQQ,F102,HUCK,SWYR","5 boats, 0 lines, 2 crabpots.",5,0,2,"0",13,"04"
"472",953,42488,2013-04-16,7507,26,"Photo-id (Pop Mon)","Photo-id (Pop Mon)","14:09","14:20",27.52626,-82.71353,"0","F228,F220","1 boat, 0 lines, 2 crabpots. Seawall feeding.",1,0,2,"0",14,"04"
"473",956,42492,2013-04-16,7508,42,"Photo-id (Pop Mon)","Photo-id (Pop Mon)","11:14","11:23",27.11131,-82.46996,"X","JETY,SCS1,F264,MLVN","0 = Animal in frame 52 (SCS2?) possibly patrolling jetty. JETY plus other animal rode stern wake of Bob at idle and surfaced close to boat. Fisherman = 7 boats=3 line=7 crabpots=0.",3,7,0,"0",11,"04"
"474",958,42494,2013-04-16,7508,44,"Photo-id (Pop Mon)","Photo-id (Pop Mon)","13:44","14:02",27.28108,-82.54525,"0","FB79","1 boat, 0 lines, 9 crabpots.",1,0,9,"0",13,"04"
"475",959,42495,2013-04-17,7509,21,"Photo-id (Pop Mon)","Photo-id (Pop Mon)","9:55","10:37",27.25827,-82.54759,"I,L","FB27,FB44,FB87,F110,SOLB,MPTB,F254,F167,LNLD,C874,1673,F284","SG1: FB87, C874, SOLB, F110. SG2: FB44, Fb27, F254, C277. SG3: MPTB, LNLD, F167, 1673. At the beginning C277 and C874 were together but then split. SG2 and SG3 joined. 5 boats: 4 kayaks (L), 1 private rec (I). 3 lines and 8 crabpots. Brown pelican associa",5,3,8,"1",9,"04"
"476",960,42496,2013-04-17,7509,22,"Photo-id (Pop Mon)","Photo-id (Pop Mon)","11:26","11:38",27.07139,-82.45258,"A","SCSM,SCS2","0 crabpots, 8 lines, 1 boat. 1 prvate rec boat with 1 line. SCS2 not acting like a calf. Both animals patrolling fishing pier.",1,8,0,"1",11,"04"
"477",961,42497,2013-04-17,7509,23,"Photo-id (Pop Mon)","Photo-id (Pop Mon)","11:50","11:59",27.10561,-82.46593,"0","AMVM,AMV1","0 boats, 0 lines, 6 crabpots",0,0,6,"0",11,"04"
"478",962,42498,2013-04-17,7509,24,"Photo-id (Pop Mon)","Photo-id (Pop Mon)","12:03","12:10",27.11125,-82.47041,"0","SCS1","1 boat, 5 lines, 0 crabpots",1,5,0,"0",12,"04"
"479",963,42499,2013-04-17,7509,25,"Photo-id (Pop Mon)","Photo-id (Pop Mon)","12:13","12:20",27.11241,-82.47013,"X","FB35","May have been patrolling breifly. 0 crabpots, 8 lines, 2 boats (1 private rec boat and 1 jetski).",2,8,0,"1",12,"04"
"480",964,42500,2013-04-17,7509,26,"Photo-id (Pop Mon)","Photo-id (Pop Mon)","14:05","14:25",27.24971,-82.52695,"I","F252,F264,F221,C935","1 rental boat, 10 private rec boats (1 banging on side of boat to attract dolphin). 0 lines, 2 crabpots, 11 boats.",11,0,2,"1",14,"04"
"481",965,42501,2013-04-17,7509,27,"Photo-id (Pop Mon)","Photo-id (Pop Mon)","14:55","15:30",27.28543,-82.54937,"0","FB79,F199,F211,C798","0 boats, 0 lines, 2 crabpots. SG1: FB79 mottled skin, C798 200 meters away fish tossing, joined back at 15:27. SG2: F211 and F199.",0,0,2,"0",14,"04"
"482",966,42502,2013-04-17,7509,28,"Photo-id (Pop Mon)","Photo-id (Pop Mon)","15:55","16:00",27.32265,-82.55434,"0","","Initially sighted riding bow and  stern wake of yacht. 1 charter fishing boat and 2 private boats.",3,0,0,"1",15,"04"
"483",967,42503,2013-04-17,7509,29,"Photo-id (Pop Mon)","Photo-id (Pop Mon)","16:22","16:46",27.28269,-82.56757,"0","","3 private baots, 0 lines, 4 crabpots.",3,0,4,"0",16,"04"
"484",968,42504,2013-04-17,7510,41,"Photo-id (Pop Mon)","Photo-id (Pop Mon)","9:45","9:57",27.43415,-82.645,"0","FB92,F128","1 boat, 4 lines, 0 crabpots. Dolphins avoiding boat.",1,4,0,"0",9,"04"
"485",969,42505,2013-04-17,7510,42,"Photo-id (Pop Mon)","Photo-id (Pop Mon)","10:29","10:35",27.45213,-82.681,"0","F198,F146,F227","1 crab fisher and 1 other boat. 0 lines, 18 crabpots.",2,0,18,"1",10,"04"
"486",970,42506,2013-04-17,7510,43,"Photo-id (Pop Mon)","Photo-id (Pop Mon)","11:53","12:03",27.47599,-82.69315,"0","F113,F123,F197,F187,F240,F250,F213,F274,F280,F243,1231","0 boats, 0 lines, 3 crabpots.",0,0,3,"0",11,"04"
"487",971,42507,2013-04-17,7510,44,"Photo-id (Pop Mon)","Photo-id (Pop Mon)","13:08","13:21",27.44347,-82.68775,"L","FB90,FB11,F155,F133,F270,F245,C114","Captain Kathie following group then left dolphins to view manatees. 9 boats (5 private, 1 tour, 1 jetski, 2 kayaks). 2 lines, 6 crabpots.",9,2,6,"1",13,"04"
"488",972,42508,2013-04-17,7510,45,"Photo-id (Pop Mon)","Photo-id (Pop Mon)","14:01","14:07",27.42248,-82.65728,"0","FB65,F173,C655","3 boats, 0 lines, 0 crabpots.",3,0,0,"0",14,"04"
"489",974,42510,2013-04-17,7510,47,"Photo-id (Pop Mon)","Photo-id (Pop Mon)","15:10","15:35",27.38331,-82.61859,"0","FB25,FB07,F237,F164,FB20,F182,FB02,C834,F276,BOXR,F142,F196,F236,F258,F268,F242,4C4C,F278,F239,C258,DILL,DIL1","1 boat, 0 lines, 0 crabpots. SG1: FB20, F258, FB07, F278. SG2: FB02. F236, 4C4C. SG3: F268, FB25, C258, F196. SG4: F164, F242, HAWK, HWK4. SG5: F182, C834, mom+calf pair. SG6: F276, F142, BOXR.",1,0,0,"0",15,"04"
"490",975,42511,2013-04-22,7511,21,"Photo-id (Pop Mon)","Photo-id (Pop Mon)","11:50","12:03",27.52411,-82.63953,"0","RTM4","0 boats, 0 lines, 3 crabpots.",0,0,3,"0",11,"04"
"491",976,42512,2013-04-22,7511,22,"Photo-id (Pop Mon)","Photo-id (Pop Mon)","12:48","13:40",27.54978,-82.58233,"0","F126,LNPF,CMRS,F162,HITS,F141,C991,F148,LNPC,F176,F151,F185,LNCC,F217,F223,F225,C912,2253,1414,1511,CAM1,LNC2,SNRK","2 boats, 2 lines, 3 crabpots. Groups merging and splitting. Initially they were very spread out. Possible that some subgroups joined to form a very large subgroup.",2,2,3,"0",12,"04"
"492",978,42514,2013-04-22,7511,24,"Photo-id (Pop Mon)","Photo-id (Pop Mon)","15:36","15:40",27.4163,-82.64806,"0","F272","1 boat, 0 lines, 0 crabpots. Very slow travel and very content to stay with boat during sighting.",1,0,0,"0",15,"04"
"493",979,42515,2013-04-22,7511,25,"Photo-id (Pop Mon)","Photo-id (Pop Mon)","16:01","16:09",27.35785,-82.57662,"0","1315,F266","0 boats, 0 lines, 3 crabpots.",0,0,3,"0",16,"04"
"494",980,42570,2013-05-13,7522,21,"Focal Follow","Opportunistic","9:02","9:13",27.3071,-82.55775,"0","F108,F194,F125,1253","1 boat (rental), 1 line, 0 crabpots.",1,1,0,"1",9,"05"
"495",981,42610,2013-05-20,7528,21,"Photo-id (Pop Mon/Syn)","Photo-id (Pop Mon/Syn)","9:31","9:47",27.43251,-82.6913,"0","DAFT,F173,STEW,F227,F241,LIZ1,STE2,DAF2,QUIF,CL-5007,CL-5042","SG1: STEW and STE2. SG2: 2 mom and calf pairs. SG3: F227, F173, C654. SG5: 4-6 animals, lost heading N over bar (no photos). 3 boats (2 commercial purse seine boats, one private rec); 3 crabpots, 0 lines.",3,0,3,"1",9,"05"
"496",987,42616,2013-05-20,7528,27,"Photo-id (Pop Mon/Syn)","Photo-id (Pop Mon/Syn)","12:58","13:04",27.51888,-82.61528,"0","F126,HAIR,CMRS,F162,HITS,F141,1494,HLP4,1414","Dolphin from previous sighting joined. 1 private boat, 0 lines, 0 crabpots.",1,0,0,"1",12,"05"
"497",989,42618,2013-05-20,7528,29,"Photo-id (Pop Mon/Syn)","Photo-id (Pop Mon/Syn)","14:07","14:13",27.52896,-82.70557,"0","F178,F188","Coordinated fish whacking. 1 Rec flat boat cast netting, 0 lines, 0 crabpots.",1,0,0,"1",14,"05"
"498",990,42619,2013-05-20,7529,41,"Photo-id (Pop Mon/Syn)","Photo-id (Pop Mon/Syn)","9:25","9:28",27.24011,-82.53577,"0","SCS1","4 boats, 4 lines, 1 crabpot.",4,4,1,"0",9,"05"
"499",992,42621,2013-05-20,7529,43,"Photo-id (Pop Mon/Syn)","Photo-id (Pop Mon/Syn)","10:07","10:12",27.17433,-82.49902,"0","AMVM,AMV1","Fish toss. 1 boat (kayak), 0 lines, 0 crabpots.",1,0,0,"1",10,"05"
"500",993,42622,2013-05-20,7529,44,"Photo-id (Pop Mon/Syn)","Photo-id (Pop Mon/Syn)","10:48","11:03",27.07407,-82.45425,"A","SCS2","SCS2 briefly milling around Sharky's Pier. 2 animals together at start of sighting. SCS2 split off and went south of Sharky's Pier. Could not find second animal afater follinwg SCS2. 1 boat, 7 lines, 2 crabpots.",1,7,2,"0",10,"05"
"501",994,42623,2013-05-20,7529,45,"Photo-id (Pop Mon/Syn)","Photo-id (Pop Mon/Syn)","14:19","14:25",27.29125,-82.56142,"0","F153,FB15","2 boats, 0 lines, 0 crabpots.",2,0,0,"0",14,"05"
"502",995,42624,2013-05-20,7529,46,"Photo-id (Pop Mon/Syn)","Photo-id (Pop Mon/Syn)","14:42","14:49",27.31545,-82.5527,"0","F175,F247","1 boat, 0 lines, 0 crabpots.",1,0,0,"0",14,"05"
"503",996,42625,2013-05-20,7529,47,"Photo-id (Pop Mon/Syn)","Photo-id (Pop Mon/Syn)","14:55","15:03",27.30703,-82.5454,"0","FB79,C798","C798 with boat. C798 errectically surfacing. 4 boats, 0 lines, 0 crabpots.",4,0,0,"0",14,"05"
"504",997,42626,2013-05-20,7529,48,"Photo-id (Pop Mon/Syn)","Photo-id (Pop Mon/Syn)","15:38","16:03",27.33199,-82.55549,"0","","Milling beneath Ringling Bridge. Sproadic, rapid, and infrequent surfaces. Traveled N along OKC grass flats. Very evasive. Frequently changing direction. 4 boats, 0 lines, 0 crabpots.",4,0,0,"0",15,"05"
"505",999,42628,2013-05-20,7530,62,"Photo-id (Pop Mon/Syn)","Photo-id (Pop Mon/Syn)","9:34","9:48",27.42756,-82.63655,"0","FB65,F182,F114,C834,F138,BIKO,C655,BIK2","1 boat, 2 lines, 0 crabpots.",1,2,0,"0",9,"05"
"506",1000,42629,2013-05-20,7530,63,"Photo-id (Pop Mon/Syn)","Photo-id (Pop Mon/Syn)","10:19","10:25",27.45992,-82.68999,"0","F155","0 boats, 0 lines, 14 crabpots.",0,0,14,"0",10,"05"
"507",1001,42630,2013-05-20,7530,64,"Photo-id (Pop Mon/Syn)","Photo-id (Pop Mon/Syn)","10:36","10:41",27.47584,-82.6926,"0","F197,F250,F243","0 boats, 0 lines, 1 crabpot.",0,0,1,"0",10,"05"
"508",1005,42634,2013-05-20,7530,68,"Photo-id (Pop Mon/Syn)","Photo-id (Pop Mon/Syn)","11:38","11:56",27.49211,-82.64892,"0","FB55,F148,F113,F137,F151,F274,F235,C555,1511,1134","SG1: FB55. SG2: F274, F113, 1134. SG3: F137, F235 (joined SG2). 1 boat, 0 lines, 0 crabpots.",1,0,0,"0",11,"05"
"509",1007,42636,2013-05-20,7530,70,"Photo-id (Pop Mon/Syn)","Photo-id (Pop Mon/Syn)","12:54","13:14",27.4901,-82.69788,"L","FB65,FB20,F182,C834,F178,F188,BIKO,F258,C655,BIK2,TMLT,TML1","SG1: F178, F188. SG2: FB65, C655, F182 and C834. SG3: FB20, F258,  and 2 M+C pairs. Private pontoon boat following too close. Parasailing boat drove over group at full speed plus 2 private rec boats. 4 boats, 0 lines, 3 crabpots.",4,0,3,"1",12,"05"
"510",1008,42637,2013-05-20,7530,71,"Photo-id (Pop Mon/Syn)","Photo-id (Pop Mon/Syn)","13:41","13:45",27.53635,-82.73184,"0","F198,F146,F165,1651","All lines from city pier. 0 boats, 7 lines, 0 crabpots.",0,7,0,"1",13,"05"
"511",1010,42639,2013-05-20,7530,73,"Photo-id (Pop Mon/Syn)","Photo-id (Pop Mon/Syn)","14:22","14:26",27.47248,-82.69334,"0","FB92,F137,F235","0 = kerplunking. 1 boat (private rec), 0 lines, 4 crabpots.",1,0,4,"1",14,"05"
"512",1011,42640,2013-05-20,7530,74,"Photo-id (Pop Mon/Syn)","Photo-id (Pop Mon/Syn)","15:35","15:43",27.39047,-82.63197,"0","","2 boats, 0 lines, 0 crabpots.",2,0,0,"0",15,"05"
"513",1012,42641,2013-05-20,7530,75,"Photo-id (Pop Mon/Syn)","Photo-id (Pop Mon/Syn)","16:05","16:09",27.35399,-82.60167,"0","F238,F234","1 boat, 0 lines, 0 crabpots.",1,0,0,"0",16,"05"
"514",1013,42642,2013-05-21,7532,21,"Photo-id (Pop Mon/Syn)","Photo-id (Pop Mon/Syn)","9:56","10:08",27.49393,-82.71407,"0","HSNS,HSN3,HSN4","1 boat, 0 lines, 0 crabpots.",1,0,0,"0",9,"05"
"515",1016,42645,2013-05-21,7532,24,"Photo-id (Pop Mon/Syn)","Photo-id (Pop Mon/Syn)","11:33","11:52",27.54738,-82.6497,"0","ZOEY","1 boat, 0 lines, 0 crabpots.",1,0,0,"0",11,"05"
"516",1019,42648,2013-05-21,7532,27,"Photo-id (Pop Mon/Syn)","Photo-id (Pop Mon/Syn)","13:34","13:42",27.53084,-82.65183,"0","HAIR,CMRS,HITS,HLP4","3 boats, 0 lines, 0 crabpots.",3,0,0,"0",13,"05"
"517",1020,42649,2013-05-21,7532,28,"Photo-id (Pop Mon/Syn)","Photo-id (Pop Mon/Syn)","14:11","14:21",27.51729,-82.70895,"0","F220","2 boats, 0 lines, 0 crabpots.",2,0,0,"0",14,"05"
"518",1021,42650,2013-05-21,7533,41,"Photo-id (Pop Mon/Syn)","Photo-id (Pop Mon/Syn)","9:09","9:11",27.29845,-82.57339,"0","AMVM,AMV1","1 boat, 3 lines, 1 crabpot.",1,3,1,"0",9,"05"
"519",1022,42651,2013-05-21,7533,42,"Photo-id (Pop Mon/Syn)","Photo-id (Pop Mon/Syn)","9:14","9:41",27.29967,-82.5724,"0","AMVM,SCS1,OIEA,ZEDC,YOKE,PRF2,B207,AMV1,KRSN,GRGO,J007","1 boat, 3 lines, 3 crabpots. Associated organisms: frigate birds.",1,3,3,"0",9,"05"
"520",1024,42653,2013-05-21,7533,44,"Photo-id (Pop Mon/Syn)","Photo-id (Pop Mon/Syn)","12:49","12:55",27.25479,-82.5317,"L","F211","Deck boat approached dolphin. 1 rental boat.",2,0,0,"1",12,"05"
"521",1025,42654,2013-05-21,7533,45,"Photo-id (Pop Mon/Syn)","Photo-id (Pop Mon/Syn)","13:33","13:48",27.30351,-82.54447,"L","FB78,F175,F199,1753,F247,1992","Leaping repeatedly. Deck boat plus two jet skis folloiwng group. 6 boats (all private and rec), 2 lines, 0 crabpots.",6,2,0,"1",13,"05"
"522",1026,42655,2013-05-21,7533,46,"Photo-id (Pop Mon/Syn)","Photo-id (Pop Mon/Syn)","13:57","14:02",27.32842,-82.54876,"0","F252,C935","3 boats (one rental, two private/rec), 0 lines, 1 crabpot.",3,0,1,"1",13,"05"
"523",1027,42656,2013-05-21,7533,47,"Photo-id (Pop Mon/Syn)","Photo-id (Pop Mon/Syn)","14:10","14:19",27.31582,-82.5544,"0","FB11,F131,F175,F199,F247,C114,1317,1992","3 boats, 0 lines, 0 crabpots.",3,0,0,"0",14,"05"
"524",1034,42665,2013-05-21,7534,67,"Photo-id (Pop Mon/Syn)","Photo-id (Pop Mon/Syn)","11:04","11:09",27.45297,-82.68468,"0","F109,1092","2 boats(1 private rec, 1 survey boat), 0 lines, 2 crabpots.",2,0,2,"1",11,"05"
"525",1036,42667,2013-05-21,7534,69,"Photo-id (Pop Mon/Syn)","Photo-id (Pop Mon/Syn)","11:59","12:05",27.47967,-82.65766,"0","F217","0 boats, 0 lines, 1 crabpot.",0,0,1,"0",11,"05"
"526",1039,42670,2013-05-21,7534,72,"Photo-id (Pop Mon/Syn)","Photo-id (Pop Mon/Syn)","12:36","12:38",27.49528,-82.65318,"0","F196,F268","Rapid travel. 1 boat, 0 lines, 0 crabpots.",1,0,0,"0",12,"05"
"527",1040,42671,2013-05-21,7534,73,"Photo-id (Pop Mon/Syn)","Photo-id (Pop Mon/Syn)","12:47","13:00",27.50257,-82.65042,"0","FB25,C258","0 boats, 0 lines, 4 crabpots.",0,0,4,"0",12,"05"
"528",1042,42673,2013-05-21,7534,75,"Photo-id (Pop Mon/Syn)","Photo-id (Pop Mon/Syn)","13:46","13:55",27.4941,-82.6934,"0","F137,FRNG,F235,FRN3","Dolphins swam right past rec boat with 1 line with no interaction. 2 boats, 1 line, 0 crabpots.",2,1,0,"1",13,"05"
"529",1043,42674,2013-05-21,7534,76,"Photo-id (Pop Mon/Syn)","Photo-id (Pop Mon/Syn)","14:19","14:50",27.51772,-82.69556,"L","FB65,FB20,F182,FB02,C834,F113,F196,F236,F258,F268,C655,1134,TMLT,TML1","Jejetskis full plane over dolphins. SG1: FB65, C655, F182, C834. SG2: unknown and calf, FB20, F258. SG3: F236, FB02, F113, 1134. Boat in frame 764 = HI - L. 13 boats (  2 jetskis, 7 private recs, 3 rentals, 1 skiff), 0 lines, 3 crabpots.",13,0,3,"1",14,"05"
"530",1044,42675,2013-05-21,7534,77,"Photo-id (Pop Mon/Syn)","Photo-id (Pop Mon/Syn)","15:11","15:18",27.46835,-82.69148,"0","F197,F243","Traveled to E side of bridge and started prob feeding under bridge. 1 boat (priavte rec), 0 lines, 0 crabpots.",1,0,0,"1",15,"05"
"531",1046,42678,2013-05-22,7536,21,"Photo-id (Pop Mon/Syn)","Photo-id (Pop Mon/Syn)","8:59","9:18",27.29798,-82.5722,"0","FB27,FB44,F153,FB15,F254,F284","SG1: FB44, F254, FB27, C277. SG2: FB15 and F153. Dolphins chasing, fish whacking, and eating mullet. 2 boats, 4 lines, 2 crabpots.",2,4,2,"0",8,"05"
"532",1047,42679,2013-05-22,7536,22,"Photo-id (Pop Mon/Syn)","Photo-id (Pop Mon/Syn)","9:54","9:57",27.18085,-82.50103,"0","AMVM,AMV1","2 boats, 2 lines, 0 crabpots.",2,2,0,"0",9,"05"
"533",1049,42681,2013-05-22,7536,24,"Photo-id (Pop Mon/Syn)","Photo-id (Pop Mon/Syn)","13:41","13:49",27.29129,-82.5617,"0","FB27,FB44,F153,FB15,F254,F284","7 boats: 1 boat stopped to take pictures but didn't harass. , 2 parasail, 2 private boats, 2 jetskis. FB15 and F153 swam by paddleboarders but no interaction.",7,0,0,"1",13,"05"
"534",1052,42684,2013-05-22,7537,41,"Photo-id (Pop Mon/Syn)","Photo-id (Pop Mon/Syn)","8:27","8:34",27.33074,-82.57627,"A","F241","Animal patrolling within 15 m of active fishing line. 1 boat, 1 line, 0 crabpots.",1,1,0,"0",8,"05"
"535",1053,42685,2013-05-22,7537,42,"Photo-id (Pop Mon/Syn)","Photo-id (Pop Mon/Syn)","10:09","10:23",27.47507,-82.69274,"0","F148,F228","2 animals seawall feeding in JDC. 1 boat, 0 lines, 0 crabpots.",1,0,0,"0",10,"05"
"536",1054,42686,2013-05-22,7537,43,"Photo-id (Pop Mon/Syn)","Photo-id (Pop Mon/Syn)","10:55","11:08",27.4757,-82.64392,"0","F229","Milling/prob feeding over a relatively large area. Moving rather quickly, surfacing very unpredictably, and frequently changing her heading. Very difficult to photograph. 1 boat, 1 line, 0 crabpots.",1,1,0,"0",10,"05"
"537",1055,42687,2013-05-22,7537,44,"Photo-id (Pop Mon/Syn)","Photo-id (Pop Mon/Syn)","11:14","11:19",27.48734,-82.64715,"0","F213","0 boats, 0 lines, 1 crabpot.",0,0,1,"0",11,"05"
"538",1057,42689,2013-05-22,7537,46,"Photo-id (Pop Mon/Syn)","Photo-id (Pop Mon/Syn)","11:57","12:11",27.50115,-82.64917,"0","FB25,C258","1 boat (Challenger), 0 lines, 0 crabpots.",1,0,0,"1",11,"05"
"539",1058,42690,2013-05-22,7537,47,"Photo-id (Pop Mon/Syn)","Photo-id (Pop Mon/Syn)","12:23","12:30",27.48137,-82.65713,"0","F178,F188,F151,1511","2 boats, 2 lines, 0 crabpots.",2,2,0,"0",12,"05"
"540",1059,42691,2013-05-22,7537,48,"Photo-id (Pop Mon/Syn)","Photo-id (Pop Mon/Syn)","12:42","12:46",27.48498,-82.6712,"0","FB33,F282","Sharking in shallows west of Flamingo channel. 0 boats, 0 lines, 1 crab pot.",0,0,1,"0",12,"05"
"541",1061,42693,2013-05-22,7537,50,"Photo-id (Pop Mon/Syn)","Photo-id (Pop Mon/Syn)","14:03","14:06",27.44471,-82.68761,"A","F272","briefly patrolling an active fishing line on the beach. 2 boats, 1 line, 0 crabpots.",2,1,0,"0",14,"05"
"542",1062,42699,2013-05-22,7538,61,"Photo-id (Pop Mon/Syn)","Photo-id (Pop Mon/Syn)","9:02","9:19",27.34463,-82.61084,"0","BKHO,BNST,NIP2,ZEDC,PHL2,BNS1,BKH2","SG1: BNST and calf. SG2: PHL2, BKHO and calf. SG3: NIP2 and ZEDC. Associated animals: frigate birds. 0 boats, 0 lines, 4 crabpots.",0,0,4,"0",9,"05"
"543",1066,42703,2013-05-22,7538,65,"Photo-id (Pop Mon/Syn)","Photo-id (Pop Mon/Syn)","11:11","11:16",27.54412,-82.61862,"0","JIMM","3 boats, 0 lines, 0 crabpots.",3,0,0,"0",11,"05"
"544",1067,42704,2013-05-22,7538,66,"Photo-id (Pop Mon/Syn)","Photo-id (Pop Mon/Syn)","11:17","11:29",27.54486,-82.61652,"0","FB28,F158,F231,F176,2313","Calf is consistently surfacing next to F158 but probably calf of F231 because she is the only female present. By end of sighting calf was surfacing next to F231. Associated organisms: manatees. 3 boats, 5 lines, 1 crabpot, 1 cast net.",3,6,1,"1",11,"05"
"545",1069,42706,2013-05-22,7538,68,"Photo-id (Pop Mon/Syn)","Photo-id (Pop Mon/Syn)","12:50","12:54",27.52694,-82.64606,"0","F149,1494,1495","2 boats, 0 lines, 0 crabpots.",2,0,0,"0",12,"05"
"546",1071,42708,2013-05-22,7538,70,"Photo-id (Pop Mon/Syn)","Photo-id (Pop Mon/Syn)","13:32","13:39",27.52277,-82.70719,"0","F232,F173,F227","2 boats, lines, crabpots.",2,0,0,"0",13,"05"
"547",1072,42714,2013-05-23,7540,21,"Photo-id (Pop Mon)","Photo-id (Pop Mon)","10:25","10:31",27.33788,-82.57457,"0","F109,1092","3 boats, 0 lines, 0 crabpots.",3,0,0,"0",10,"05"
"548",1076,42718,2013-05-23,7540,25,"Photo-id (Pop Mon)","Photo-id (Pop Mon)","12:38","12:45",27.47611,-82.69316,"0","F228,F197,F243","Seawall feeding. 2 boats (kayaks), 0 lines, 0 crabpots.",2,0,0,"1",12,"05"
"549",1077,42719,2013-05-23,7540,26,"Photo-id (Pop Mon)","Photo-id (Pop Mon)","13:00","13:08",27.51431,-82.69179,"0","F133,F250,F245","5 boats, 0 lines, 0 crabpots",5,0,0,"0",13,"05"
"550",1078,42720,2013-05-23,7540,27,"Photo-id (Pop Mon)","Photo-id (Pop Mon)","13:20","13:28",27.50065,-82.70207,"0","F196,F268,SLJY,SLJ1","1 boat, 0 lines, 3 crabpots.",1,0,3,"0",13,"05"
"551",1080,42722,2013-05-23,7540,29,"Photo-id (Pop Mon)","Photo-id (Pop Mon)","14:36","14:45",27.44023,-82.66634,"0","F178,F188,F198,F146,F151,F187,1511","SG1; F178, F188, F151, and1511. SG2: F146, F198, F187. 2 boats (jetskis), 2 crabpots, 0 lines.",2,0,2,"1",14,"05"
"552",1082,42739,2013-06-10,7547,22,"Photo-id (Pop Mon)","Photo-id (Pop Mon)","10:41","10:47",27.47469,-82.69337,"0","F148,F197,F243","1 boat (Capt Kathe keeping her distance), 0 lines, 0 crabpots.",1,0,0,"1",10,"06"
"553",1085,42742,2013-06-10,7547,25,"Photo-id (Pop Mon)","Photo-id (Pop Mon)","12:01","12:06",27.5006,-82.65546,"0","F215,2151","0 boats, 0 lines, 2 crabpots.",0,0,2,"0",12,"06"
"554",1087,42744,2013-06-10,7547,27,"Photo-id (Pop Mon)","Photo-id (Pop Mon)","13:07","13:25",27.52391,-82.70027,"0","F196,F268,F135,F173","4 boats (3 private, 1 commercial), 1 line, 1 crabpot.",4,1,1,"1",13,"06"
"555",1088,42745,2013-06-10,7547,28,"Photo-id (Pop Mon)","Photo-id (Pop Mon)","13:37","13:40",27.5391,-82.73476,"0","F232","2 boats, 9 lines, 1 crabpot. 8 fishing lines off Rod 'n' Reel pier. Associated organism: fregate bird.",2,9,1,"1",13,"06"
"556",1089,42746,2013-06-10,7547,29,"Photo-id (Pop Mon)","Photo-id (Pop Mon)","14:11","14:20",27.48225,-82.69827,"0","F131,F237,F276,F142,F213,F239,1317","SG1: F276, F142, HAWK, HWK3. SG2: F131, 1317, F213 (babysitting 1317). 5 boats (2 rental jetskis), 0 lines, 0 crabpots.",5,0,0,"1",14,"06"
"557",1091,42748,2013-06-10,7547,31,"Photo-id (Pop Mon)","Photo-id (Pop Mon)","14:48","14:51",27.43944,-82.67921,"0","","1 boat, 0 lines, 3 crabpots.",1,0,3,"0",14,"06"
"558",1093,42750,2013-06-10,7549,61,"Photo-id (Pop Mon)","Photo-id (Pop Mon)","8:37","8:45",27.33293,-82.57372,"0","F109,F199,1992,1093","1 boat, 0 lines, 0 crabpots.",1,0,0,"0",8,"06"
"559",1094,42751,2013-06-10,7549,62,"Photo-id (Pop Mon)","Photo-id (Pop Mon)","9:30","9:44",27.39601,-82.65066,"0","RPIA","1 boat (private rec), 3 lines (active lines from shore), 0 crabpots. Associated orgnism: frigate bird.",1,3,0,"1",9,"06"
"560",1095,42752,2013-06-10,7549,63,"Photo-id (Pop Mon)","Photo-id (Pop Mon)","10:11","10:16",27.45194,-82.69623,"0","F175,F247","1 boat (prevate rec), 0 lines, 0 crabpots.",1,0,0,"1",10,"06"
"561",1097,42754,2013-06-10,7549,65,"Photo-id (Pop Mon)","Photo-id (Pop Mon)","11:59","12:08",27.53334,-82.60175,"0","F141,1414","1 boat (private rec), 0 lines, 0 crabpots.",1,0,0,"1",11,"06"
"562",1098,42755,2013-06-10,7549,66,"Photo-id (Pop Mon)","Photo-id (Pop Mon)","12:31","12:58",27.51081,-82.59348,"0","F126,LNPF,CMRS,F162,HITS,LNPC,F228,F220,LNC2","SG1: CMRS, HITS, F126, F162, LNPC, LNC2, LNPF. SG2: F228 and F220. Associated organisms: frigate birds. 2 boats (all private recs), 0 lines, 0 crabpots.",2,0,0,"1",12,"06"
"563",1099,42756,2013-06-10,7549,67,"Photo-id (Pop Mon)","Photo-id (Pop Mon)","13:18","13:24",27.52092,-82.62949,"0","RTMW,RTM5","1 boat (private rec), 0 lines, 0 crabpots.",1,0,0,"1",13,"06"
"564",1100,42757,2013-06-10,7549,68,"Photo-id (Pop Mon)","Photo-id (Pop Mon)","13:35","13:42",27.52617,-82.64122,"0","CL-5029","Small very clean dolphin. 1 private rec, 0 lines, 0 crabpots.",1,0,0,"1",13,"06"
"565",1101,42758,2013-06-10,7549,69,"Photo-id (Pop Mon)","Photo-id (Pop Mon)","14:15","14:25",27.50945,-82.68951,"0","F148","1 boat (private rec), 0 lines, 0 crabpots.",1,0,0,"1",14,"06"
"566",1103,42760,2013-06-10,7549,71,"Photo-id (Pop Mon)","Photo-id (Pop Mon)","14:48","14:57",27.46965,-82.69227,"0","FB65,F237,F182,C834,F276,F142,F196,F268,F135,F239,C655","HWK4 chuffed. 5 boats (4 private rec, 1 rental), 0 lines, unknown crabpots. Associated organism: frigate bird.",4,0,0,"1",14,"06"
"567",1104,42761,2013-06-10,7549,72,"Photo-id (Pop Mon)","Photo-id (Pop Mon)","15:03","15:17",27.4554,-82.68401,"I","FB66,FB10,F175,F207,F266,F272,F247","Fluke out diving. Calf is leaping. 8 boats (7 pwc, 1 commercial parasail), 0 lines, 1 crabpot. I = person splashing water to attract dolphin.",8,0,1,"1",15,"06"
"568",1105,42762,2013-06-10,7549,73,"Photo-id (Pop Mon)","Photo-id (Pop Mon)","15:32","15:42",27.4082,-82.63826,"0","FB20,F258,TMLT,TML1","1 boat (private rec), 0 lines, 0 crabpots. Associated with 3 frigate birds.",1,0,0,"1",15,"06"
"569",1106,42769,2013-06-11,7550,21,"Photo-id (Pop Mon)","Photo-id (Pop Mon)","9:42","10:16",27.30377,-82.58292,"0","SCSM,TKID,NIGT,BTWO,HAAK,BNDS,JETY,MTBG,4NIC,PRST,PMTI,J001,CASA,CENT,FRWN,HVTI,MLVN,HVT1,AMTS,SCWL,TRMD,ZAZU","At least 15 frigate birds are circling over large group of spread out feeding dolphins. 4 boats, 3 lines, 0 crabpots. Associated organisms: frigate birds.",4,3,0,"1",9,"06"
"570",1110,42773,2013-06-11,7550,25,"Photo-id (Pop Mon)","Photo-id (Pop Mon)","12:01","12:03",27.11334,-82.47034,"0","FB35","0 boats, 9 lines, 1 crabpot.",0,9,1,"0",12,"06"
"571",1111,42774,2013-06-11,7550,26,"Photo-id (Pop Mon)","Photo-id (Pop Mon)","12:17","12:18",27.08132,-82.45564,"0","SCS2,GRGO","2 boats, 0 lines, 1 crabpot.",2,0,1,"0",12,"06"
"572",1112,42775,2013-06-11,7550,27,"Photo-id (Pop Mon)","Photo-id (Pop Mon)","14:21","14:28",27.22961,-82.51163,"0","","2 boats, 0 lines, 0 crabpots. Lost dolphin in wake of a big yacht.",2,0,0,"1",14,"06"
"573",1113,42776,2013-06-11,7550,28,"Photo-id (Pop Mon)","Photo-id (Pop Mon)","15:35","15:38",27.30539,-82.5574,"0","F238,F264","3 boats (1 rental, 2 private), 4 lines, 0 crabpots.",3,4,0,"1",15,"06"
"574",1114,42778,2013-06-11,7550,29,"Photo-id (Pop Mon)","Photo-id (Pop Mon)","15:47","15:51",27.28321,-82.56654,"0","FB78,FB25,F211,C258","0 boats, 0 lines, 2 crabpots.",0,0,2,"0",15,"06"
"575",1115,42779,2013-06-11,7550,30,"Photo-id (Pop Mon)","Photo-id (Pop Mon)","16:10","16:16",27.32606,-82.56712,"L","F109,F199,1992,1093","1 boat, 0 lines, 0 crabpots. Sarasota Bay Explorers boat changed direction when spotted dolphins. Followed  for 5 moinutes within 5 meters.",1,0,0,"1",16,"06"
"576",1119,42790,2013-06-11,7552,64,"Photo-id (Pop Mon)","Photo-id (Pop Mon)","11:44","11:50",27.52031,-82.6124,"0","F222,RTM3","1 boat (private rec), 5 lines (from boat), 0 crabpots.",1,5,0,"1",11,"06"
"577",1123,42794,2013-06-12,7553,21,"Photo-id (Pop Mon)","Photo-id (Pop Mon)","9:35","10:09",27.30415,-82.57845,"0","BKHO,AMVM,LNLD,JPJK,AMV1,JPJ1,BNS1,BKH2,CL-5030","Incomplete photo coverage. Pinwheeling. Fluke out diving. Couple of animals feeding very close to the beach - AMVM and LNLD. 7 boats (private rec), 7 lines, 3 crabpots. Associated organisms: frigate birds.",7,7,3,"1",9,"06"
"578",1124,42795,2013-06-12,7553,22,"Photo-id (Pop Mon)","Photo-id (Pop Mon)","10:31","10:59",27.258,-82.54812,"L","HMLA,UPMN,RNMK,PIHI,DADA,BUBB,GADG,TVIS,PFYT,BBB2,COIN,DAD2,ZIRA,KOVU,QFYC","3-4 calf/juvenille animals bow riding Fregata. 5 boats (1 parasailing, 3 private rec, 1 prob charter closely following dolphins), 3 lines, 5 crabpots.",5,3,5,"1",10,"06"
"579",1125,42796,2013-06-12,7553,23,"Photo-id (Pop Mon)","Photo-id (Pop Mon)","11:12","11:21",27.24029,-82.53543,"0","SCS1,SCS2,GRGO","2 boats (private rec), 0 lines, 2 crabpots.",2,0,2,"1",11,"06"
"580",1126,42797,2013-06-12,7553,24,"Photo-id (Pop Mon)","Photo-id (Pop Mon)","14:21","14:26",27.30536,-82.55577,"0","FB79,C798","4 boats (1 parasail, 3 private rec), 0 lines, 0 crabpots.",4,0,0,"1",14,"06"
"581",1127,42798,2013-06-12,7553,25,"Photo-id (Pop Mon)","Photo-id (Pop Mon)","14:45","14:49",27.30644,-82.55839,"L","F211","3 boats (2 kayaks, 1 private rec), 0 lies, 0 crabpots. Kayaks tried to paddle over dolphin less than 5 meters away.",3,0,0,"1",14,"06"
"582",1128,42799,2013-06-12,7553,26,"Photo-id (Pop Mon)","Photo-id (Pop Mon)","14:55","15:20",27.30726,-82.55754,"I","F248,C835,F167,F199,F241,1673,1992","9 boats (1 ecotour [large barge], 7 private rec, 1 charter), unknown lines, 2 crabpots. I= ecotourism boat banging on side to attract.",9,0,2,"1",14,"06"
"583",1129,42800,2013-06-12,7553,27,"Photo-id (Pop Mon)","Photo-id (Pop Mon)","15:33","15:40",27.31171,-82.54482,"0","1315","No photos of second dolphin. 1 boat (rental), 0 lines, 0 crabpots.",1,0,0,"1",15,"06"
"584",1130,42801,2013-06-12,7553,28,"Photo-id (Pop Mon)","Photo-id (Pop Mon)","16:16","16:25",27.32279,-82.55565,"0","F248,C835","2 boats (1 ecotour, 1 private rec), 0 lines, 1 crabpot.",2,0,1,"1",16,"06"
"585",1131,42802,2013-06-12,7553,29,"Photo-id (Pop Mon)","Photo-id (Pop Mon)","16:44","16:57",27.33032,-82.5714,"0","C935,1316","1 boat (Ski-a-rees waterskies boat), 0 lines, 0 pots.",1,0,0,"1",16,"06"
"586",1138,42819,2013-06-12,7555,67,"Photo-id (Pop Mon)","Photo-id (Pop Mon)","13:42","13:43",27.51569,-82.71066,"0","","Dolphin traveled under little bridge and could not follow because of Nai'a's height. 1 boat (rec), 0 lines, 0 crabpots.",1,0,0,"1",13,"06"
"587",1139,42820,2013-06-12,7555,68,"Photo-id (Pop Mon)","Photo-id (Pop Mon)","14:27","14:43",27.49035,-82.69538,"L","PNBT,BOOT,F198,F146,FRNG,F187,RMPL,WTMS,UNDG,FRN3,PNB3,BOO3,CHAD,RFNT","Large group that split as soon as sighting started. Probably not all animals photographed. 4 boats, 0 lines, 0 crabpots.",4,0,0,"0",14,"06"
"588",1143,42824,2013-06-13,7556,23,"Photo-id (Pop Mon)","Photo-id (Pop Mon)","9:47","9:53",27.30118,-82.57224,"0","FB25,C258,GPHK","1 boat (rental tricycle bigwheels), 0 lines, 0 crabpots.",1,0,0,"1",9,"06"
"589",1144,42825,2013-06-13,7556,24,"Photo-id (Pop Mon)","Photo-id (Pop Mon)","13:03","13:08",27.25225,-82.52993,"0","F264","Seawall feeding. 3 boats, 0 lines, 0 crabpots.",3,0,0,"0",13,"06"
"590",1146,42827,2013-06-13,7556,26,"Photo-id (Pop Mon)","Photo-id (Pop Mon)","14:37","14:42",27.31602,-82.56642,"0","F211","2 boats (sailboats), 0 lines, 0 crabpots.",2,0,0,"1",14,"06"
"591",1148,42833,2013-06-13,7558,61,"Photo-id (Pop Mon)","Photo-id (Pop Mon)","9:18","9:29",27.33706,-82.56546,"0","FB79,F109,F199,1092,C798,1992,1093","1 boat, 0 lines, 0 crabpots.",1,0,0,"0",9,"06"
"592",1150,42835,2013-06-13,7558,63,"Photo-id (Pop Mon)","Photo-id (Pop Mon)","11:21","11:31",27.47309,-82.64407,"P","F205","Dolphins circling crab traps. 0 boats, lines, 2 crabpots.",0,0,2,"0",11,"06"
"593",1152,42837,2013-06-13,7558,65,"Photo-id (Pop Mon)","Photo-id (Pop Mon)","12:01","12:05",27.47987,-82.67628,"0","FB54,C548","2 boats, 0 ines, 0 crabpots.",2,0,0,"0",12,"06"
"594",1153,42838,2013-06-13,7558,66,"Photo-id (Pop Mon)","Photo-id (Pop Mon)","12:13","12:28",27.47773,-82.69646,"L","F131,F114,F138,F159,F113,F179,F233,1134,1317,1791,1593","One of the boats is Capt Kathie. Capt Kathie and jetski approached dolphins closely, F233 swimming in periphery. No photos of F233. 6 boats, 0 lines, 2 crabpots. Associated organisms: frigate birds.",6,0,2,"1",12,"06"
"595",1156,42841,2013-06-13,7558,69,"Photo-id (Pop Mon)","Photo-id (Pop Mon)","13:38","13:44",27.44692,-82.68722,"0","F114","6 boats, 0 lines, 0 crabpots.",6,0,0,"0",13,"06"
"596",1157,42842,2013-06-13,7558,70,"Photo-id (Pop Mon)","Photo-id (Pop Mon)","13:56","14:01",27.42754,-82.66421,"L","C834","""Lil Toot"" plowing over dolphins. 5 boats, 0 lines, 0 crabpots.",5,0,0,"1",13,"06"
"597",1162,42848,2013-06-17,7561,25,"Photo-id (Pop Mon)","Photo-id (Pop Mon)","11:45","12:04",27.43928,-82.65311,"0","FB33,F128,F138,C330","0 boats, 0 lines, 2 crabpots.",0,0,2,"0",11,"06"
"598",1163,42849,2013-06-17,7561,26,"Photo-id (Pop Mon)","Photo-id (Pop Mon)","12:17","12:23",27.44626,-82.67273,"0","F175,F247","Sharking in the shallows. 1 boat, 0 lines, 4 crabpots.",1,0,4,"0",12,"06"
"599",1164,42850,2013-06-17,7561,27,"Photo-id (Pop Mon)","Photo-id (Pop Mon)","12:44","12:52",27.466,-82.69034,"0","F207,F266","4 boats, 0 lines, 0 crabpots.",4,0,0,"0",12,"06"
"600",1165,42851,2013-06-17,7561,28,"Photo-id (Pop Mon)","Photo-id (Pop Mon)","13:22","13:45",27.52421,-82.70858,"0","FB11,FB55,F165,F220,C555,1651,C114","Clean kids heavily socializing with F220. Penises visible. 2 boats, 0 crabpots, 0 lines.",2,0,0,"0",13,"06"
"601",1166,42852,2013-06-17,7561,29,"Photo-id (Pop Mon)","Photo-id (Pop Mon)","14:23","14:30",27.48994,-82.69736,"0","FB54,C548","3 boats, 0 lines, 0 crabpots.",3,0,0,"0",14,"06"
"602",1167,42853,2013-06-17,7561,30,"Photo-id (Pop Mon)","Photo-id (Pop Mon)","14:36","14:56",27.47845,-82.69593,"0","FB65,F159,F113,FRNG,F179,C655,FRN3,1134,1791,1593","Animals actiavely avoiding boat and difficult to follow. FRN3 with fresh wound just posterior to dorsal fin (prop wound?). 5 boats, 0 lines, 0 crabpots.",5,0,0,"0",14,"06"
"603",1168,42854,2013-06-17,7561,31,"Photo-id (Pop Mon)","Photo-id (Pop Mon)","15:38","15:56",27.42235,-82.66314,"0","FB33,F128,F138,F187,F241,C330","2 boats, 0 lines, 0 crabpots.",2,0,0,"0",15,"06"
"604",1171,42857,2013-06-18,7562,23,"Photo-id (Pop Mon)","Photo-id (Pop Mon)","10:57","11:09",27.43851,-82.67516,"0","F237,FB20,F276,F142,F258,F239","SG1: F276, F142, plus 2-3 others. SG2: FB20, F258, plus possibly one FB animal.3 boats, 4 lines, 0 crabpots.",3,4,0,"0",10,"06"
"605",1172,42858,2013-06-18,7562,24,"Photo-id (Pop Mon)","Photo-id (Pop Mon)","11:33","11:40",27.45835,-82.68733,"L","F237,FB20,F276,F142,F258,F241,F239","Blue charter fishing vessel approaching dolphins within 5 meters. Followed ~ 3-5 minutes to allow crew to take photos SH said: ""Hey guys, just so you are aware, it is against federal law to appraoch dolphins that closely without a federally issued permit.",2,2,0,"1",11,"06"
"606",1175,42861,2013-06-18,7562,27,"Photo-id (Pop Mon)","Photo-id (Pop Mon)","12:47","12:56",27.47354,-82.64385,"0","F148,F135,F222","0 Boats, 0 lines, 2 crabpots.",0,0,2,"0",12,"06"
"607",1177,42863,2013-06-18,7562,29,"Photo-id (Pop Mon)","Photo-id (Pop Mon)","13:13","13:27",27.48987,-82.65083,"","FB55,F155,C555","Initially approached 2-3 animals. Upon arriving there were 2 surfacings of 5 plus animals including 1+ yoy but animals promptly scattered and we were left with our [presumably] initial 3 dolphins.0 boats, 0 lines, 2 crabpots.",0,0,2,"0",13,"06"
"608",1179,42865,2013-06-18,7562,31,"Photo-id (Pop Mon)","Photo-id (Pop Mon)","13:51","14:05",27.50035,-82.65625,"0","F213","Approachjed 1 dolphin, very actively avoiding boat. May have had second animal join sighting at one point, but unsure if it was F213 quickly having changed direction. 0 boats, lines, 2 crabpots.",0,0,2,"0",13,"06"
"609",1180,42866,2013-06-18,7562,32,"Photo-id (Pop Mon)","Photo-id (Pop Mon)","14:15","14:21",27.48566,-82.65655,"0","F175,F159,F179,F247,1791,1593","1 boat, 0 lines, 1 crabpot.",1,0,1,"0",14,"06"
"610",1181,42867,2013-06-18,7562,33,"Photo-id (Pop Mon)","Photo-id (Pop Mon)","15:39","16:00",27.34123,-82.56464,"I","FB27,FB44,FB87,RY34,F131,F110,SOLB,MPTB,F254,F167,F171,F199,B053,DABL,WENT,F256,HWK3,1753,1316,C874,1673,1711,F284,1317,1992,DAB2,WEN1","Fisherman began banging their hands on the side of their vessel. Did not approach, took some photos, and left area, 2 boats, 2 lines, 0 crabpots.",2,2,0,"0",15,"06"
"611",1183,42909,2013-07-08,7569,22,"Photo-id (Pop Mon)","Photo-id (Pop Mon)","10:40","11:00",27.42059,-82.67321,"0","FB66,FB10,F110,SOLB,F238,F232,F234,F207,F250,F256","Joined more dolphins at 10:47. 1 boat, 1 line (person pulled in line when dolphin swam by), 2 crabpots.",1,1,2,"0",10,"07"
"612",1184,42910,2013-07-08,7569,23,"Photo-id (Pop Mon)","Photo-id (Pop Mon)","11:05","11:12",27.44183,-82.69073,"0","F175,F241,1753,F247","4 boats (1 private rec, 1 parasail, 2 ecotours), 2 lines, 0 crabpots.",4,2,0,"1",11,"07"
"613",1185,42911,2013-07-08,7569,24,"Photo-id (Pop Mon)","Photo-id (Pop Mon)","12:10","12:27",27.56056,-82.7332,"0","PSDQ,M145,HBMB,MIDF,MTSS,SMUS,TMSP,F180,CWM3,MANT,Q5LA,ULRU,HMLT,MEAD,1456,CW32,MAN3,HBM4,HML2,CL-5109","1 boat (chartered sailboat stopped and took some photos of dolphins), 0 lines, 0 crabpots.",1,0,0,"1",12,"07"
"614",1186,42912,2013-07-08,7569,25,"Photo-id (Pop Mon)","Photo-id (Pop Mon)","12:39","12:48",27.5565,-82.69421,"0","MJM2,BLNK","1 boat (private rec), 0 lines, 0 crabpots.",1,0,0,"1",12,"07"
"615",1192,42918,2013-07-08,7569,31,"Photo-id (Pop Mon)","Photo-id (Pop Mon)","15:50","15:54",27.49824,-82.6949,"0","FB55,C555","0 boats, 0 lines, 4 crabpots.",0,0,4,"0",15,"07"
"616",1195,42927,2013-07-08,7571,63,"Photo-id (Pop Mon)","Photo-id (Pop Mon)","11:27","11:36",27.1486,-82.47559,"0","F199,F264,1992","F199 chuffing as 1992 social with F264. 4 boats, 2 lines, 0 crabpots.",4,2,0,"0",11,"07"
"617",1196,42928,2013-07-08,7571,64,"Photo-id (Pop Mon)","Photo-id (Pop Mon)","14:09","14:23",27.32141,-82.55357,"0","RY34,MPTB,F211","0 boats, 0 lines, 1 crabpot.",0,0,1,"0",14,"07"
"618",1197,42929,2013-07-09,7572,21,"Photo-id (Pop Mon)","Photo-id (Pop Mon)","9:38","9:51",27.38856,-82.57145,"0","F246,1315,F252,F241","0 boats, 0 lines, 3 crabpots.",0,0,3,"0",9,"07"
"619",1198,42930,2013-07-09,7572,22,"Photo-id (Pop Mon)","Photo-id (Pop Mon)","10:01","10:06",27.40543,-82.57939,"0","FB90,FB92,F128,F270","0 boats, 5 lines, 0 crabpots.",0,5,0,"0",10,"07"
"620",1199,42931,2013-07-09,7572,23,"Photo-id (Pop Mon)","Photo-id (Pop Mon)","10:45","10:49",27.43431,-82.64543,"0","F133,F245","1 boat, 1 line, 0 crabpots.",1,1,0,"0",10,"07"
"621",1200,42932,2013-07-09,7572,24,"Photo-id (Pop Mon)","Photo-id (Pop Mon)","10:59","11:04",27.43954,-82.66408,"A","FB27,F196,F268,F284","F196 patrolling. 2 boats, 3 lines, 1 crabpot.",2,3,1,"0",10,"07"
"622",1201,42933,2013-07-09,7572,25,"Photo-id (Pop Mon)","Photo-id (Pop Mon)","11:31","12:04",27.45233,-82.68115,"L","FB20,F182,F175,C834,F276,F109,F142,F125,F236,F258,ZEL2,HWK3,1092,1253,F247","SG1: F182, C834, ZEL2, incredibly slow rest and travel. SG2: F109, F142, F276, F125, 1253, 1092. 1093 not present. 1253 tailslaps. Harassment to SG2 by orange boat, other boats, and other dolphins. Incomplete photo coverage and lost one subgroup as they e",20,3,0,"1",11,"07"
"623",1202,42934,2013-07-09,7572,26,"Photo-id (Pop Mon)","Photo-id (Pop Mon)","12:16","12:21",27.46507,-82.68797,"0","FB66,FB10,F207","3 boats (2 tour, 1 private), 0 lines, 2 crabpots.",3,0,2,"0",12,"07"
"624",1205,42937,2013-07-09,7572,29,"Photo-id (Pop Mon)","Photo-id (Pop Mon)","13:14","13:39",27.47479,-82.64754,"0","FB33,FB55,F131,F113,FRNG,F179,C555,FRN3,1134,1317,1791,C330","1 boat, 0 lines, 0 crabpots. Another mom with small yoy possibly here.",1,0,0,"0",13,"07"
"625",1206,42938,2013-07-09,7572,30,"Photo-id (Pop Mon)","Photo-id (Pop Mon)","14:09","14:26",27.48426,-82.65517,"0","FB54,FB55,F131,F113,F135,F151,F215,FRNG,F179,C548,C555,1511,FRN3,1134,1317,1791,2152","Same sighting as S44 (Bob). 1791 came up to Fregata. Tern took fish from F215. Associated organisms: tern and frigate bird. 1 boat, 0 lines, 2 crabpots (1 possibly Goldie's float).",1,0,2,"1",14,"07"
"626",1208,42940,2013-07-09,7572,32,"Photo-id (Pop Mon)","Photo-id (Pop Mon)","15:06","15:17",27.48188,-82.6967,"0","F175,F247","Fluke out diving. 3 boats (2 rec, 1 Manatee County natural resources), 0 lines, 1 crabpot.",3,0,1,"1",15,"07"
"627",1209,42941,2013-07-09,7572,33,"Photo-id (Pop Mon)","Photo-id (Pop Mon)","15:55","16:06",27.51558,-82.71011,"0","FB07,F165,F278","SG1: FB07, F165, F278 (travelling). SG2: 1 dolphin (probably 1651) near kayaks, prob feeding. 2 boats, 0 lines, 0 crabpots. Associated organisms: eagle ray.",2,0,0,"0",15,"07"
"628",1210,42942,2013-07-09,7572,34,"Photo-id (Pop Mon)","Photo-id (Pop Mon)","16:53","17:06",27.422,-82.65645,"0","FB20,F276,F219,F109,F142,F258,1092,2194","1092 not acting like calf. 2 boats (1 is a SUP), 1 line, 0 crabpots.",2,1,0,"1",16,"07"
"629",1212,42948,2013-07-09,7574,62,"Photo-id (Pop Mon)","Photo-id (Pop Mon)","10:32","10:43",27.47188,-82.70773,"0","OIEA,NIP2","1 boat (jet ski maintaining appropriate distance), 0 lines, 0 crabpots. Associated organism: frigate bird.",1,0,0,"1",10,"07"
"630",1213,42949,2013-07-09,7574,63,"Photo-id (Pop Mon)","Photo-id (Pop Mon)","10:49","10:53",27.48956,-82.71523,"0","SGL1","2 boats (1 caught tarpon and dolphin did not approach), 5 lines, 0 crabpots.",2,5,0,"1",10,"07"
"631",1214,42950,2013-07-09,7574,64,"Photo-id (Pop Mon)","Photo-id (Pop Mon)","11:01","11:14",27.50619,-82.72333,"0","F178,F188,4C4C,HBM3,2193","SG1: 4C4C, F188, F178, SG2: 2193. SG3: HBM3. 2 boats (kayaks), 0 lines, 0 crabpots. Associated organisms: frigate birds.",2,0,0,"1",11,"07"
"632",1215,42951,2013-07-09,7574,65,"Photo-id (Pop Mon)","Photo-id (Pop Mon)","11:38","11:54",27.54126,-82.73453,"0","MORN,PSD2,ABGL,MRN2,CL-5091","SG1: MORN and MRN2. SG2: ABGL, PSD2 and yoy of PSD2 (currently CL-5091). 3 boats, 0 lines, 0 crabpots.",3,0,0,"0",11,"07"
"633",1218,42954,2013-07-09,7574,68,"Photo-id (Pop Mon)","Photo-id (Pop Mon)","12:56","13:01",27.54607,-82.61848,"0","F154","1 boat, 0 lines, 0 crabpots.",1,0,0,"0",12,"07"
"634",1221,42957,2013-07-09,7574,71,"Photo-id (Pop Mon)","Photo-id (Pop Mon)","13:35","13:51",27.54553,-82.59029,"0","LNCC,TDTC,C911,GRW2","1 boat, 0 lines, 0 crabpots.",1,0,0,"0",13,"07"
"635",1222,42958,2013-07-09,7574,72,"Photo-id (Pop Mon)","Photo-id (Pop Mon)","14:09","14:15",27.51561,-82.60697,"0","RTMW,RTM4,RTM5","1 boat (which passed by twice), 0 lines, 0 crabpots.",2,0,0,"0",14,"07"
"636",1223,42959,2013-07-09,7574,73,"Photo-id (Pop Mon)","Photo-id (Pop Mon)","14:41","15:06",27.52062,-82.62952,"0","HIQQ,F102,HAIR,F237,SIMP,BOXR,LNPC,B053,DABL,WENT,F239,HLP4,LNC2,DAB2,WEN1,B531,SIM2","Group is extremly evasive. 7 boats, 0 lines, 0 crabpots.",7,0,0,"0",14,"07"
"637",1226,42962,2013-07-09,7574,76,"Photo-id (Pop Mon)","Photo-id (Pop Mon)","15:26","15:33",27.53215,-82.66206,"0","F149,1495,1496","1 boat, 0 lines, 0 crabpots.",1,0,0,"0",15,"07"
"638",1227,42963,2013-07-10,7575,21,"Photo-id (Pop Mon)","Photo-id (Pop Mon)","10:28","10:33",27.44806,-82.67677,"0","F272","1 boat, 2 lines, 1 crabpot.",1,2,1,"0",10,"07"
"639",1228,42964,2013-07-10,7575,22,"Photo-id (Pop Mon)","Photo-id (Pop Mon)","10:52","11:07",27.47596,-82.6929,"L","FB20,F219,F123,F258,F197,F243,1231,2194","Jetskis lead by tourguide in slow parade close and over animals. Tourboat came within 50 m. Rental boat (frame 51) followed closely and over dolphins for 10+ minutes. 12 boats (9 jetskis, 1 rental, 1 tour pontoon, 1 private rec), 0 lines, 0 crabpots.",12,0,0,"1",10,"07"
"640",1230,42966,2013-07-10,7575,24,"Photo-id (Pop Mon)","Photo-id (Pop Mon)","12:12","12:16",27.5213,-82.70013,"0","FB07,F176,F278","2 boats (1 parasail and 1 private rec), 0 lines, 0 crabpots.",2,0,0,"1",12,"07"
"641",1231,42967,2013-07-10,7575,25,"Photo-id (Pop Mon)","Photo-id (Pop Mon)","12:42","12:46",27.48104,-82.6978,"0","FB90,F246,F270","1 boat (""Sparkly Bass""), 0 lines, 0 crabpots.",1,0,0,"1",12,"07"
"642",1234,42970,2013-07-10,7575,28,"Photo-id (Pop Mon)","Photo-id (Pop Mon)","13:27","13:30",27.47543,-82.66661,"0","F179,1791","1 boat (Bob), unknown lines, unknown crabpots.",1,0,0,"1",13,"07"
"643",1242,42987,2013-07-10,7577,63,"Photo-id (Pop Mon)","Photo-id (Pop Mon)","10:07","10:32",27.24802,-82.54851,"0","BKHO,MUCH,TKID,NIGT,FZJS,HVTI,FZJ2,HVT1,BKH2,MUC4,TRMD","3-4 calf sized animals were prob feeding together with larger animals nearby. Hard to tell if juvenilles. 0 boats, 0 lines, 4 crabpots.",0,0,4,"0",10,"07"
"644",1246,42991,2013-07-11,7578,22,"Photo-id (Pop Mon)","Photo-id (Pop Mon)","10:45","10:56",27.45099,-82.68095,"L","F232,F207,1315,1753","Lil' Toot harassing dolphins. 4 boats, 0 lines, 0 crabpots.",4,0,0,"1",10,"07"
"645",1247,42992,2013-07-11,7578,23,"Photo-id (Pop Mon)","Photo-id (Pop Mon)","11:04","11:08",27.4679,-82.69228,"0","F276,F109,F142","1 boat, 0 lines, 0 crabpots.",1,0,0,"0",11,"07"
"646",1248,42993,2013-07-11,7578,24,"Photo-id (Pop Mon)","Photo-id (Pop Mon)","11:14","11:21",27.47639,-82.69286,"L","F182,FB02,C834,F236,F197,ZEL2,HWK3,F243","Fun and Sun Tour plus 5 jetskis harassing dolphins. 7 boats, 0 lines, 0 crabpots.",7,0,0,"1",11,"07"
"647",1258,43003,2013-07-11,7578,34,"Photo-id (Pop Mon)","Photo-id (Pop Mon)","13:14","13:23",27.47917,-82.68542,"L","F173","Fun and Sun Tour harassing dolphin. Left when saw Fregata. 1 boat, 0 lines, 0 crabpots.",1,0,0,"1",13,"07"
"648",1259,43004,2013-07-11,7578,35,"Photo-id (Pop Mon)","Photo-id (Pop Mon)","13:36","13:39",27.47627,-82.69304,"0","F197","1971 not seen. 1 boat, 0 lines, 0 crabpots.",1,0,0,"0",13,"07"
"649",1260,43005,2013-07-15,7579,21,"Photo-id (Pop Mon)","Photo-id (Pop Mon)","10:37","11:15",27.47477,-82.69392,"X,L","FB66,FB10","FB66 with severe propellor injuries anterior to dorsal fin. L = pontoon with orange panels ""FL for fun"" approaching within 50 m (pursuing). 7 boats (4 rec, 2 commercial, 1 jetski), 0 lines, 0 crabpots.",7,0,0,"1",10,"07"
"650",1261,43006,2013-07-15,7579,22,"Photo-id (Pop Mon)","Photo-id (Pop Mon)","11:46","12:08",27.52854,-82.7019,"0","FB65,F237,F164,F242,HWK3,F239,C655","SG1: FB65, C655, F164, F242. SG2: HAWK, HWK3, HWK4. Subgroups joined briefly then split apart. 7 total boats (6 boats, 1 commercial), 0 lines, 0 crabpots.",7,0,0,"1",11,"07"
"651",1262,43007,2013-07-15,7579,23,"Photo-id (Pop Mon)","Photo-id (Pop Mon)","12:24","12:42",27.52822,-82.71656,"0","FB55,C555","8 boats (7 recreational, 1 sailboat), 0 lines, 1 crabpot.",8,0,1,"1",12,"07"
"652",1264,43009,2013-07-15,7579,25,"Photo-id (Pop Mon)","Photo-id (Pop Mon)","13:30","13:35",27.51615,-82.69579,"0","F178,F188","SG1: F178 and F188 (resight of S24). SG2: third aimal no photos, travelled across bulk head into shallows; could not follow. 1 boat, 0 lines, 0 crabpots.",1,0,0,"0",13,"07"
"653",1265,43010,2013-07-15,7579,26,"Photo-id (Pop Mon)","Photo-id (Pop Mon)","13:39","13:49",27.50641,-82.69022,"0","F148,F135","2 rec boats, 0 lines, 0 crabpots.",2,0,0,"1",13,"07"
"654",1266,43011,2013-07-15,7579,27,"Photo-id (Pop Mon)","Photo-id (Pop Mon)","13:56","14:00",27.50959,-82.68859,"0","F179,1791","1 boat, 0 lines, 0 crabpots.",1,0,0,"0",13,"07"
"655",1268,43014,2013-07-15,7580,61,"Photo-id (Pop Mon)","Photo-id (Pop Mon)","10:18","10:28",27.48773,-82.71233,"0","TCTV,TCT1","0 boats, 0 lines, 1 crabpot.",0,0,1,"0",10,"07"
"656",1271,43017,2013-07-15,7580,64,"Photo-id (Pop Mon)","Photo-id (Pop Mon)","11:27","11:38",27.54909,-82.73377,"0","","Dolphins avoiding boat. SG1: mom and calf (not avoiding boat). SG2: 5-7 animals including 2 YOYs avoiding boat. 1 boat (cabin cruiser), 0 lines, 0 crabpots.",1,0,0,"1",11,"07"
"657",1274,43020,2013-07-15,7580,67,"Photo-id (Pop Mon)","Photo-id (Pop Mon)","13:15","13:41",27.53103,-82.65405,"0","F149,F237,F176,DABL,1494,LNCC,F223,F225,HWK3,F239,1495,F235,2253,DAB2,1496,2231","Subgroups initially together then split. SG1: F149, 1496, HAWK, HWK4, HWK3, plus others. SG2: F225, 2253, F223, 2231 (YOY splotchy). SG3: F176, LNCC. 5 boats, 0 lines, 0 crabpots.",5,0,0,"0",13,"07"
"658",1276,43022,2013-07-15,7580,69,"Photo-id (Pop Mon)","Photo-id (Pop Mon)","14:30","14:32",27.44594,-82.68701,"L","F232","Jetski drove on top of dolphin briefly. 1 boat (jetski), 0 lines, 0 crabpots.",1,0,0,"1",14,"07"
"659",1278,43024,2013-07-17,7582,41,"Other","Opportunistic","10:40","11:00",27.47932,-82.68227,"X","FRNG,F207,FRN3","Had to end sighting early due to weather. May not have photographed all animals. 2 boats, 1 line, 0 crabpots. OTHER: fishing vessel within 20 meters of dolphins but not actively pursuing them.",2,1,0,"1",10,"07"
"660",1280,43028,2013-07-18,7583,22,"Photo-id (Pop Mon)","Photo-id (Pop Mon)","11:31","11:50",27.28079,-82.54485,"0","FB78,FB79,C798","SG1: FB79 with C798. SG2: FB78. 7 boats (1 rental, 1 jetski, 5 private rec), 0 lines, 0 crabpots.",7,0,0,"1",11,"07"
"661",1282,43069,2013-07-29,7591,21,"Photo-id (Pop Mon)","Photo-id (Pop Mon)","9:25","9:30",27.31431,-82.58696,"0","1673","0 boats, 0 lines, 1 crabpot.",0,0,1,"0",9,"07"
"662",1283,43070,2013-07-29,7591,22,"Photo-id (Pop Mon)","Photo-id (Pop Mon)","9:38","9:54",27.29973,-82.57841,"0","FB44","Avioding boat. 0 boats, 0 lines, 1 crabpot.",0,0,1,"0",9,"07"
"663",1284,43071,2013-07-29,7591,23,"Photo-id (Pop Mon)","Photo-id (Pop Mon)","9:57","10:05",27.30007,-82.57457,"0","F254","0 boats, 0 lines, 1 crabpot.",0,0,1,"0",9,"07"
"664",1287,43074,2013-07-29,7591,26,"Photo-id (Pop Mon)","Photo-id (Pop Mon)","11:38","12:00",27.12999,-82.47575,"0","AMVM,LNLD,SCS1,SCS2,AMV1,LNL1,GRGO,NYDT","SG1: AMVM + LNLD. SG2: others   SG1 and SG2 joined.       1 boat, 0 lines, 0 crabpots.",1,0,0,"0",11,"07"
"665",1289,43076,2013-07-29,7591,28,"Photo-id (Pop Mon)","Photo-id (Pop Mon)","14:27","14:34",27.26473,-82.53944,"0","FB78","3 boats, 0 lines, 0 crabpots.",3,0,0,"0",14,"07"
"666",1290,43086,2013-07-31,7594,101,"Opportunistic","Opportunistic","14:53","14:57",27.33123,-82.57768,"999","FB79,C798","0 lines, 0 boats, 1 crabpot.",0,0,1,"0",14,"07"
"667",1294,43149,2013-08-12,7603,24,"Photo-id (Pop Mon/Syn)","Photo-id (Pop Mon/Syn)","10:26","10:45",27.42419,-82.68074,"0","NLPS,TINI,GAFF,CL-5120,B278,ENCM","Calf leapt. 2 boats, 0 lines, 5 crabpots.",2,0,5,"0",10,"08"
"668",1296,43151,2013-08-12,7603,26,"Photo-id (Pop Mon/Syn)","Photo-id (Pop Mon/Syn)","11:20","11:30",27.45295,-82.69667,"0","FB90,F241,F270","Fishtossing. 0 boats, 0 lines, 1 crabpot.",0,0,1,"0",11,"08"
"669",1297,43152,2013-08-12,7603,27,"Photo-id (Pop Mon/Syn)","Photo-id (Pop Mon/Syn)","12:02","12:14",27.56054,-82.75348,"0","TNSC,CL-5188","Lots of surface lunges, long deep dives. 1 boat, 2 lines, 0 crabpots.",1,2,0,"0",12,"08"
"670",1300,43155,2013-08-12,7603,30,"Photo-id (Pop Mon/Syn)","Photo-id (Pop Mon/Syn)","13:05","13:22",27.54402,-82.61992,"0","F141,F151,F240,JIMM,LNCC,F217,LYFN,1414,1511,CAM1","2 boats, 2 lines, 0 crabpots.",2,2,0,"0",13,"08"
"671",1301,43156,2013-08-12,7603,31,"Photo-id (Pop Mon/Syn)","Photo-id (Pop Mon/Syn)","13:32","13:39",27.55233,-82.5929,"0","F190","Did not see YANK. 0 boats, 0 lines, 2 crabpots.",0,0,2,"0",13,"08"
"672",1305,43160,2013-08-12,7603,35,"Photo-id (Pop Mon/Syn)","Photo-id (Pop Mon/Syn)","15:15","15:41",27.52915,-82.64323,"0","F149,HAIR,F237,CMRS,HITS,BOXR,LNPC,LDM3,B053,F240,DABL,RTM3,WENT,1494,JIMM,TDTC,C911,HWK3,LYFN,F239,HLP4,LNC2,DAB2,WEN1,B531,1496","3 large subgroups. 3 boats, 2 lines, 0 crabpots.",3,2,0,"0",15,"08"
"673",1307,43162,2013-08-12,7603,37,"Photo-id (Pop Mon/Syn)","Photo-id (Pop Mon/Syn)","16:02","16:17",27.53028,-82.70475,"0","FB90,FB27,FB65,F113,F133,F179,F246,F241,HBM3,F270,C655,F245,F284,1134,1791","3 boats (2 jetskis), 0 lines, 2 crabpots.",3,0,2,"1",16,"08"
"674",1308,43163,2013-08-12,7604,41,"Photo-id (Pop Mon/Syn)","Photo-id (Pop Mon/Syn)","9:10","9:16",27.26018,-82.55021,"0","MLVN","0 boats, 0 lines, 1 crabpot.",0,0,1,"0",9,"08"
"675",1309,43164,2013-08-12,7604,42,"Photo-id (Pop Mon/Syn)","Photo-id (Pop Mon/Syn)","9:29","9:44",27.23802,-82.53313,"0","UPMN,PFYT,QFYC","0 boats, lines, 3 crabpots.",0,0,3,"0",9,"08"
"676",1311,43166,2013-08-12,7604,44,"Photo-id (Pop Mon/Syn)","Photo-id (Pop Mon/Syn)","12:18","12:27",27.21447,-82.5037,"0","F221","5 = tossing red mangrove pod. 2 boats (1 rec, 1 jetski), 0 lines, 0 crabpots.",2,0,0,"1",12,"08"
"677",1312,43167,2013-08-12,7604,45,"Photo-id (Pop Mon/Syn)","Photo-id (Pop Mon/Syn)","13:01","13:08",27.27006,-82.54212,"0","FB78","2 boats (1 rec, 1 private), 0 lines, 0 crabpots.",2,0,0,"1",13,"08"
"678",1313,43168,2013-08-12,7605,61,"Photo-id (Pop Mon/Syn)","Photo-id (Pop Mon/Syn)","9:21","9:52",27.40936,-82.62315,"0","TRIF,FB20,F182,FB02,C834,F236,F258,UFSK,CHOC","4 boats, 2 lines, 0 crabpots.",4,2,0,"0",9,"08"
"679",1316,43171,2013-08-12,7605,64,"Photo-id (Pop Mon/Syn)","Photo-id (Pop Mon/Syn)","11:15","11:24",27.47906,-82.67867,"0","F175,F233,F247","2 boats, 0 lines, 2 crabpots.",2,0,2,"0",11,"08"
"680",1321,43176,2013-08-12,7605,69,"Photo-id (Pop Mon/Syn)","Photo-id (Pop Mon/Syn)","12:19","12:26",27.4954,-82.65163,"0","F155,F138,F135","3 boats, 1 line, 0 crabpots.",3,1,0,"0",12,"08"
"681",1322,43177,2013-08-12,7605,70,"Photo-id (Pop Mon/Syn)","Photo-id (Pop Mon/Syn)","12:30","12:32",27.49558,-82.65239,"0","F215,2152","3 boats, 1 line, 0 crabpots.",3,1,0,"0",12,"08"
"682",1323,43178,2013-08-12,7605,71,"Photo-id (Pop Mon/Syn)","Photo-id (Pop Mon/Syn)","12:43","12:47",27.49566,-82.65324,"0","F213","3 boats, 0 lines, 0 crabpots.",3,0,0,"0",12,"08"
"683",1326,43181,2013-08-12,7605,74,"Photo-id (Pop Mon/Syn)","Photo-id (Pop Mon/Syn)","13:48","13:51",27.47772,-82.69569,"L","F197,F243","Jetski following too closely. 2 boats, 0 lines, 0 crabpots.",2,0,0,"1",13,"08"
"684",1327,43182,2013-08-12,7605,75,"Photo-id (Pop Mon/Syn)","Photo-id (Pop Mon/Syn)","13:55","13:59",27.48278,-82.69579,"0","FB54,C548","0 boats, 0 lines, 2 crabpots.",0,0,2,"0",13,"08"
"685",1328,43183,2013-08-12,7605,76,"Photo-id (Pop Mon/Syn)","Photo-id (Pop Mon/Syn)","14:02","14:17",27.4859,-82.69653,"0","PNBT,VSTH,UNDG,PNB3,UND2,VST2","5  boats, 1 line, 0 crabpots.",5,1,0,"0",14,"08"
"686",1330,43185,2013-08-12,7605,78,"Photo-id (Pop Mon/Syn)","Photo-id (Pop Mon/Syn)","14:53","15:04",27.53685,-82.73368,"0","FB90,FB65,F176,F246,F241,F270,C655","Dolphin milling near Anna Maria city pier but does not seem interested in what people are catching. 0 boats, 18 lines, 0 crabpots.",0,18,0,"0",14,"08"
"687",1332,43187,2013-08-12,7605,80,"Photo-id (Pop Mon/Syn)","Photo-id (Pop Mon/Syn)","15:33","15:34",27.48246,-82.69798,"0","F197,F243","Other = nursing. 2 boats, 0 lines, 0 crabpots.",2,0,0,"0",15,"08"
"688",1333,43188,2013-08-12,7605,81,"Photo-id (Pop Mon/Syn)","Photo-id (Pop Mon/Syn)","15:47","15:51",27.44933,-82.68642,"0","2193","5 boats, 7 lines, 3 crabpots.",5,7,3,"0",15,"08"
"689",1334,43189,2013-08-13,7606,21,"Photo-id (Pop Mon)","Photo-id (Pop Mon)","8:52","8:57",27.33339,-82.58109,"0","F125,F238,F234,1253","3 boats, 0 lines, 0 crabpots.",3,0,0,"0",8,"08"
"690",1335,43190,2013-08-13,7606,22,"Photo-id (Pop Mon)","Photo-id (Pop Mon)","9:14","9:43",27.3011,-82.57316,"0","FB87,LIZD,F167,DAFT,C874,DAF2,1674,CL-5117","First sighting of 1674! 0 boats, 0 lines, 1 crabpot.",0,0,1,"0",9,"08"
"691",1336,43191,2013-08-13,7606,23,"Photo-id (Pop Mon)","Photo-id (Pop Mon)","10:19","10:23",27.32936,-82.56917,"0","FB25,C258","1 boat, 0 lines, 0 crabpots.",1,0,0,"0",10,"08"
"692",1338,43221,2013-08-13,7607,42,"Photo-id (Pop Mon)","Photo-id (Pop Mon)","10:04","10:32",27.4658,-82.68918,"0","TRIF,F182,FB02,C834,F276,KNNN,F142,F196,F236,F268,F207,F211,UFSK","Initially 4 animals (FB02, F270, F236, UFSK ) off coast guard station. Another subgroup of 3 (F211, F142, F276) joined. All travelled S down ICW. Intersected another group (F182, C834, F268, F196, TRIF, KNNN)  travelling N All SGs joined and headed toward",5,1,0,"0",10,"08"
"693",1346,43229,2013-08-13,7607,50,"Photo-id (Pop Mon)","Photo-id (Pop Mon)","12:42","12:54",27.48569,-82.69707,"0","F179,F233,1791","SG1: F233. SG2: F179, 1791. 6 boats, 0 lines, 0 crabpots.",6,0,0,"0",12,"08"
"694",1347,43230,2013-08-13,7607,51,"Photo-id (Pop Mon)","Photo-id (Pop Mon)","13:08","13:10",27.515,-82.69291,"G,F,I","F222","Other = human interaction. Animal provisioned a fish, boaters attempting to attract. After taking the fish the dolphin remained by the boat, begging. We spoke with boater about it being illegal to feed dolphins and why it's dangerous for them and the anim",1,0,0,"0",13,"08"
"695",1348,43231,2013-08-13,7607,52,"Photo-id (Pop Mon)","Photo-id (Pop Mon)","13:11","13:19",27.51469,-82.69284,"L","F159,F148,1593","3 boats, 0 lines, 0 crabpots.",3,0,0,"0",13,"08"
"696",1349,43232,2013-08-13,7607,53,"Photo-id (Pop Mon)","Photo-id (Pop Mon)","13:35","13:49",27.52363,-82.69958,"0","FB27,FB65,FB07,FB11,F113,F165,F278,C655,F284,1651,C114,1134","YOY with very clean mom. Group of calves socializing initially, but all animals promptly joined together. 1 boat, 0 lines, 0 crabpots.",1,0,0,"0",13,"08"
"697",1350,43233,2013-08-13,7607,54,"Photo-id (Pop Mon)","Photo-id (Pop Mon)","14:16","14:22",27.48891,-82.69827,"0","F133,F245","1 boat, 0 lines, 0 crabpots.",1,0,0,"0",14,"08"
"698",1352,43235,2013-08-13,7607,56,"Photo-id (Pop Mon)","Photo-id (Pop Mon)","15:31","15:35",27.39272,-82.63095,"0","FB90,F270","1 boat, 0 lines, 0 crabpots.",1,0,0,"0",15,"08"
"699",1355,43194,2013-08-14,7609,22,"Photo-id (Pop Mon/Syn)","Photo-id (Pop Mon/Syn)","8:49","9:04",27.4257,-82.63499,"H","FB90,FB92,F128,F133,F246,F270,F245","Sharking, coordinated fishwhacking by FB92 and F128, and FB90 and F270. SG1: F246. SG2: F133 and 1331. SG3: FB92, F128, FB90, F270. Boat is throwing bait in water towards dolphins but no reaction from dolphins. 1 boat, 2 lines, 0 crabpots.",1,2,0,"0",8,"08"
"700",1356,43195,2013-08-14,7609,23,"Photo-id (Pop Mon/Syn)","Photo-id (Pop Mon/Syn)","9:51","9:54",27.47849,-82.69674,"0","FB20,F258,F241","Tailslapper: C654. 2 boats, 0 lines, 0 crabpots.",2,0,0,"0",9,"08"
"701",1359,43198,2013-08-14,7609,26,"Photo-id (Pop Mon/Syn)","Photo-id (Pop Mon/Syn)","10:38","10:41",27.48872,-82.64664,"0","F209,2091","1 boat, 0 lines, 0 crabpots.",1,0,0,"0",10,"08"
"702",1363,43202,2013-08-14,7609,30,"Photo-id (Pop Mon/Syn)","Photo-id (Pop Mon/Syn)","12:03","12:06",27.48035,-82.69413,"0","F276,F142,F211","Very slow travel. 1 boat (jetski), 0 lines, 0 crabpots.",1,0,0,"1",12,"08"
"703",1364,43203,2013-08-14,7609,31,"Photo-id (Pop Mon/Syn)","Photo-id (Pop Mon/Syn)","12:21","12:25",27.47182,-82.69207,"0","F276,F142,F211","2 boats, 0 lines, 0 crabpots.",2,0,0,"0",12,"08"
"704",1366,43205,2013-08-14,7610,42,"Photo-id (Pop Mon/Syn)","Photo-id (Pop Mon/Syn)","8:52","9:00",27.20772,-82.51278,"0","SCS2,GRGO","0 boats, 0 lines, 1 crabpot.",0,0,1,"0",8,"08"
"705",1367,43206,2013-08-14,7610,43,"Photo-id (Pop Mon/Syn)","Photo-id (Pop Mon/Syn)","9:06","9:13",27.19772,-82.5079,"0","SCSM","0 boats, 0 lines, 3 crabpots.",0,0,3,"0",9,"08"
"706",1368,43207,2013-08-14,7610,44,"Photo-id (Pop Mon/Syn)","Photo-id (Pop Mon/Syn)","9:49","10:01",27.10221,-82.46319,"0","SCS1","Other = surfing waves. 1 boat, 2 lines, 2 crabpots.",1,2,2,"0",9,"08"
"707",1369,43208,2013-08-14,7610,45,"Photo-id (Pop Mon/Syn)","Photo-id (Pop Mon/Syn)","10:14","10:27",27.1097,-82.4501,"0","F193","1 boat, 0 lines, 0 crabpots.",1,0,0,"0",10,"08"
"708",1370,43209,2013-08-14,7610,46,"Photo-id (Pop Mon/Syn)","Photo-id (Pop Mon/Syn)","11:25","11:37",27.1812,-82.49429,"0","F153,FB15","9 boats (7 kayaks), 0 lines, 0 crabpots.",9,0,0,"1",11,"08"
"709",1371,43210,2013-08-14,7610,47,"Photo-id (Pop Mon/Syn)","Photo-id (Pop Mon/Syn)","12:33","13:00",27.28809,-82.55141,"0","FB79,F264,C798","All three animals initially together prob feeding near crabpots. Animals split. SG1: F264, remained prob feeding, milling around crabpots. SG2: FB79 and C798 travelled away and around Skier's Island - very evasive. 1 boat, 0 lines, 5 crabpots.",1,0,5,"0",12,"08"
"710",1375,43215,2013-08-14,7611,64,"Photo-id (Pop Mon/Syn)","Photo-id (Pop Mon/Syn)","10:38","10:48",27.529,-82.64233,"0","F149,1494,1495,1496","3 boats, 0 lines, 0 crabpots.",3,0,0,"0",10,"08"
"711",1377,43217,2013-08-14,7611,66,"Photo-id (Pop Mon/Syn)","Photo-id (Pop Mon/Syn)","11:43","12:01",27.53311,-82.72754,"A","FB65,F146,C655","Recreational boat with 3 lines. 9 lines from E side of municipal pier. Prob feeding on a school of fish near pier but not associated with fishing. 5 lines on N side of pier. FB65 and C655 joined at 11:53 as F146 traveled around N side of pier. F146 moved ",2,17,0,"1",11,"08"
"712",1378,43218,2013-08-14,7611,67,"Photo-id (Pop Mon/Syn)","Photo-id (Pop Mon/Syn)","12:26","12:35",27.5003,-82.70497,"0","F241","1 boat, 0 lines, 0 crabpots.",1,0,0,"0",12,"08"
"713",1379,43219,2013-08-14,7611,68,"Photo-id (Pop Mon/Syn)","Photo-id (Pop Mon/Syn)","12:49","12:54",27.51677,-82.69466,"0","F197,F243","1 rec boat with 2 lines, 1 rec boat drove past. 2 boats, 2 lines, 0 crabpots.",2,2,0,"1",12,"08"
"714",1380,43236,2013-08-20,7612,21,"Photo-id (Pop Mon/Syn)","Photo-id (Pop Mon/Syn)","8:53","9:05",27.3364,-82.57896,"0","FB79,1315,F252,C798","2 boats, 3 lines, 0 crabpots.",2,3,0,"0",8,"08"
"715",1381,43237,2013-08-20,7612,22,"Photo-id (Pop Mon/Syn)","Photo-id (Pop Mon/Syn)","9:32","9:49",27.30338,-82.5748,"0","FB87,TCTV,RY34,F248,C835,F167,TCT1,C874,1674","F248 logging at surface. FB87 tailslapped. 0 boats, 0 lines, 1 crabpot.",0,0,1,"0",9,"08"
"716",1382,43238,2013-08-20,7612,23,"Photo-id (Pop Mon/Syn)","Photo-id (Pop Mon/Syn)","10:09","10:24",27.2578,-82.54671,"0","AMVM,NYDT","NYDT with boat bowriding on Fregata. Scattered group from beach out to construction equipment/barge. Incomplete photo coverage. 0 boats, 0 lines, 3 crabpots.",0,0,3,"0",10,"08"
"717",1384,43240,2013-08-20,7612,25,"Photo-id (Pop Mon/Syn)","Photo-id (Pop Mon/Syn)","11:28","11:36",27.11999,-82.47263,"0","F276,F142,F211","Travelling very close to beach, right next to a swimmer, swimmer did not pursue them. 0 boats, 1 line, 0 crabpots.",0,1,0,"0",11,"08"
"718",1385,43241,2013-08-20,7612,26,"Photo-id (Pop Mon/Syn)","Photo-id (Pop Mon/Syn)","11:46","12:01",27.11335,-82.47021,"A","FB35","Different dolphin . Briefly patrolling Venice jetty, then headed into inlet. 5 boats (2 rental), 15 lines (4 lines at end of jetty), 0 crabpots.",5,15,0,"1",11,"08"
"719",1386,43242,2013-08-20,7612,27,"Photo-id (Pop Mon/Syn)","Photo-id (Pop Mon/Syn)","12:39","12:48",27.11008,-82.4581,"0","F276,F142,F211","F211 chuffing. 3 boats, 0 lines, 0 crabpots.",3,0,0,"0",12,"08"
"720",1388,43244,2013-08-20,7612,29,"Photo-id (Pop Mon/Syn)","Photo-id (Pop Mon/Syn)","14:10","14:14",27.1979,-82.49977,"0","F221","Came over to Fregata to bowride. 2 boats (private), 0 lines, 0 crabpots.",2,0,0,"1",14,"08"
"721",1389,43245,2013-08-20,7612,30,"Photo-id (Pop Mon/Syn)","Photo-id (Pop Mon/Syn)","15:04","15:12",27.28467,-82.54724,"L","F264,C935","2 jetskis headed toward dolphins. Saw them still there 10 minutes later, within 10 m of dolphins after red tide sample. 2 boats (jetskis), 0 lines, 5 crabpots.",2,0,5,"1",15,"08"
"722",1394,43250,2013-08-20,7613,44,"Photo-id (Pop Mon/Syn)","Photo-id (Pop Mon/Syn)","12:41","12:47",27.4976,-82.69887,"0","F246","F246 milling and prob feedding near a man fishing from shore. Despite proximity, no angler interaction suspected. 1 boat, 1 line, 0 crabpots.",1,1,0,"1",12,"08"
"723",1396,43252,2013-08-20,7613,46,"Photo-id (Pop Mon/Syn)","Photo-id (Pop Mon/Syn)","13:28","13:41",27.51229,-82.69106,"0","FB10,FB65,F173,C655","SG1: FB65 and C655. SG2: FB10 and F173. F173 joined FB65 and C655 at end of sighting. 3 boats, 1 line, 0 crabpots.",3,1,0,"0",13,"08"
"724",1397,43253,2013-08-20,7613,47,"Photo-id (Pop Mon/Syn)","Photo-id (Pop Mon/Syn)","13:59","14:09",27.45623,-82.68369,"0","F207,F266,F272","F207 photo is poor. Confirmed by matching rake marks and barnacles to AB's S61 photo of F207 from same day (F207 S7614 S61 20Aug13 A004ab). All animals initially together. F207 continued travelling N in ICW, while F272 and F266 heavily socialized. 4 boats",4,0,0,"0",13,"08"
"725",1398,43254,2013-08-20,7614,61,"Photo-id (Pop Mon/Syn)","Photo-id (Pop Mon/Syn)","9:49","9:55",27.4833,-82.70856,"L","F207","1 boat, 0 lines, 0 crabpots.",1,0,0,"0",9,"08"
"726",1400,43256,2013-08-20,7614,63,"Photo-id (Pop Mon/Syn)","Photo-id (Pop Mon/Syn)","11:03","11:21",27.54719,-82.61446,"0","BOXR,TDTL,ULYS,B023,SPCT","1 boat, 0 lines, 0 crabpots.",1,0,0,"0",11,"08"
"727",1407,43265,2013-09-03,7616,21,"Photo-id (Pop Mon)","Photo-id (Pop Mon)","8:50","9:15",27.33308,-82.57292,"0","FB79,F207,1315,F266,1753,C798","SG1: FB79 and C798 were travelling W. SG2: initially 4 animals, subgroup split into two, social, probably feeding, poss F207 and 1 clean animal. FB79 and calf joined. 1 boat, 2 lines, 0 crabpots.",1,2,0,"0",8,"09"
"728",1408,43266,2013-09-03,7616,22,"Photo-id (Pop Mon)","Photo-id (Pop Mon)","10:59","11:08",27.44488,-82.67106,"0","F133,F245","1 boat, 0 lines, 2 crabpots.",1,0,2,"0",10,"09"
"729",1409,43267,2013-09-03,7616,23,"Photo-id (Pop Mon)","Photo-id (Pop Mon)","11:33","11:34",27.45215,-82.68182,"0","F133,F245","Resight of F133 and 1331. 2 boats, 0 lines, 0 crabpots.",2,0,0,"0",11,"09"
"730",1416,43274,2013-09-03,7616,30,"Photo-id (Pop Mon)","Photo-id (Pop Mon)","14:09","14:19",27.48057,-82.6965,"0","FB20,F182,FB02,C834,AAXE,F236,F258,F135,BRAN,BRN1","Whistling and blowing bubbles. 3 boats, 0 lines, 0 crabpots.",3,0,0,"0",14,"09"
"731",1418,43276,2013-09-03,7616,32,"Photo-id (Pop Mon)","Photo-id (Pop Mon)","15:18","15:34",27.51653,-82.70882,"0","FB07,FB55,F278,C555","Initially FB07 and F278. FB55 and C555 joined mid sighting. All animals social together at end. 1 boat, 0 lines, 0 crabpots.",1,0,0,"0",15,"09"
"732",1420,43278,2013-09-03,7616,34,"Photo-id (Pop Mon)","Photo-id (Pop Mon)","16:04","16:12",27.46574,-82.69303,"0","F197,F272,F243","1 boat, 0 lines, 0 crabpots.",1,0,0,"0",16,"09"
"733",1421,43279,2013-09-03,7616,35,"Photo-id (Pop Mon)","Photo-id (Pop Mon)","16:30","16:39",27.40809,-82.63927,"0","FB20,F182,FB02,C834,AAXE,F236,F258,F135,BRAN,BRN1","SG1: FB02, F236, AAXE. SG2: BRAN, BRN1, FB20, F182, F258, and F135.1 boat, 0 lines, 2 crabpots.",1,0,2,"0",16,"09"
"734",1427,43300,2013-09-04,7620,24,"Photo-id (Pop Mon)","Photo-id (Pop Mon)","11:25","11:35",27.47765,-82.69255,"0","FB10,F250","Each animal in it's own subgroup. Not interacting. F250 appears to be rubbing his body against multiple pilings (=other). 2 boats, 0 lines, 0 crabpots.",2,0,0,"0",11,"09"
"735",1430,43303,2013-09-04,7620,27,"Photo-id (Pop Mon)","Photo-id (Pop Mon)","12:26","12:34",27.47422,-82.64446,"P","F155","Milling and continually diving around crabpot.0 boats, 0 lines, 1 crabpot.",0,0,1,"0",12,"09"
"736",1431,43304,2013-09-04,7620,28,"Photo-id (Pop Mon)","Photo-id (Pop Mon)","12:46","13:03",27.49591,-82.65235,"0","FB10,F187,F213","SG1: FB10 and F187. SG2: F213. 2 boats (1 paddleboard and 1 kayak), 0 lines, 0 crabpots.",2,0,0,"1",12,"09"
"737",1436,43309,2013-09-04,7620,33,"Photo-id (Pop Mon)","Photo-id (Pop Mon)","14:04","14:06",27.47821,-82.67139,"0","F176","2 boats (jetskis), 0 lines, 0 crabpots.",2,0,0,"1",14,"09"
"738",1437,43310,2013-09-04,7620,34,"Photo-id (Pop Mon)","Photo-id (Pop Mon)","14:13","14:16",27.47698,-82.66905,"X","F233","X= not overt harassment, but followed her breifly. 1 boat (pursuing), 0 lines, 0 crabpots.",1,0,0,"1",14,"09"
"739",1438,43311,2013-09-04,7620,35,"Photo-id (Pop Mon)","Photo-id (Pop Mon)","14:33","14:39",27.47851,-82.69356,"0","","2 boats, 0 lines, 0 crabpots.",2,0,0,"0",14,"09"
"740",1439,43312,2013-09-04,7620,36,"Photo-id (Pop Mon)","Photo-id (Pop Mon)","14:48","14:55",27.47927,-82.69745,"0","F272,1316,F274","1 boat, 0 lines, 0 crabpots.",1,0,0,"0",14,"09"
"741",1445,43318,2013-09-04,7621,43,"Photo-id (Pop Mon)","Photo-id (Pop Mon)","10:25","10:34",27.37032,-82.63316,"0","F109,GUPN,F125,F123,1092,1253,1231,CL-5163","SG1: F125, 1253, F109, 1092, F123, 1231. SG2: GUPN and calf are bow riding. 1092 is surfacing in calf position to F109. 0 boats, 0 lines, 3 crabpots.",0,0,3,"0",10,"09"
"742",1448,43321,2013-09-04,7621,46,"Photo-id (Pop Mon)","Photo-id (Pop Mon)","11:56","12:02",27.54926,-82.74149,"L","HBMB,F219,2193,HBM4,2194","2 boats, 0 lines, 0 crabpots.",2,0,0,"0",11,"09"
"743",1450,43323,2013-09-04,7621,48,"Photo-id (Pop Mon)","Photo-id (Pop Mon)","13:27","13:29",27.68649,-82.52283,"0","MM72","3 boats, 2 lines, 8 crabpots.",3,2,8,"0",13,"09"
"744",1451,43324,2013-09-04,7621,49,"Photo-id (Pop Mon)","Photo-id (Pop Mon)","13:41","13:49",27.71619,-82.51059,"0","TDAL,CL-5314,SWAN,CL-5320","1 boat, 0 lines, 0 crabpots.",1,0,0,"0",13,"09"
"745",1453,43326,2013-09-04,7621,51,"Photo-id (Pop Mon)","Photo-id (Pop Mon)","14:09","14:15",27.73242,-82.48592,"0","RP61,GRIM,BKUS,B023,ORNG,SPCT,CL-5164","1 boat, 0 lines, 0 crabpots.",1,0,0,"0",14,"09"
"746",1456,43330,2013-09-05,7623,21,"Photo-id (Pop Mon)","Photo-id (Pop Mon)","9:57","10:03",27.44537,-82.67168,"0","F133,F245","1331 had pinfish in mouth and fish tossed. 1 boat, 0 lines, 1 crabpots.",1,0,1,"0",9,"09"
"747",1457,43331,2013-09-05,7623,22,"Photo-id (Pop Mon)","Photo-id (Pop Mon)","10:18","10:36",27.44733,-82.67615,"L","F109,F113,F133,F173,F250,F266,F282,F272,1092,F245,1134","1092 baby sitting 1134. SG1: F113, 1134, F109, F250, F173, 1092. Split into SG1a: F113, 1134 and SG1b: F109, F250, F172, 1092. SG2: F282, F272, F266. SG3: F133 and 1331. Captain Kim's boat harassing dolphins. 2 boats, 2 lines, 2 crabpots.",2,2,2,"1",10,"09"
"748",1458,43332,2013-09-05,7623,23,"Photo-id (Pop Mon)","Photo-id (Pop Mon)","11:03","11:07",27.46767,-82.6917,"0","F197,F243","5 boats, 0 lines, 0 crabpots.",5,0,0,"0",11,"09"
"749",1467,43341,2013-09-05,7623,32,"Photo-id (Pop Mon)","Photo-id (Pop Mon)","13:20","13:27",27.4808,-82.67198,"0","F274","1 boat, 0 lines, 0 crabpots.",1,0,0,"0",13,"09"
"750",1468,43342,2013-09-05,7623,33,"Photo-id (Pop Mon)","Photo-id (Pop Mon)","13:39","13:46",27.47911,-82.69012,"0","F173,F227","1 boat, 2 lines, 0 crabpots.",1,2,0,"0",13,"09"
"751",1469,43343,2013-09-05,7623,34,"Photo-id (Pop Mon)","Photo-id (Pop Mon)","13:52","13:54",27.48989,-82.69736,"0","F197,F243","1 boat, 0 lines, 0 crabpots.",1,0,0,"0",13,"09"
"752",1470,43344,2013-09-05,7623,35,"Photo-id (Pop Mon)","Photo-id (Pop Mon)","14:24","14:34",27.53406,-82.72853,"A","F148,F146,F176,F228,F179,F222","Dolphins swimming back and forth by city pier. Other = patrolling. 0 boats, 16 lines, 0 crabpots.",0,16,0,"0",14,"09"
"753",1471,43345,2013-09-05,7623,36,"Photo-id (Pop Mon)","Photo-id (Pop Mon)","14:43","14:50",27.53966,-82.73997,"A,I","F232","Patrolling against edge of Rod and Reel Pier. Other = patrolling. People taunting dolphin with fish. 0 boats, 6 lines, 0 crabpots.",0,6,0,"0",14,"09"
"754",1472,43346,2013-09-05,7623,37,"Photo-id (Pop Mon)","Photo-id (Pop Mon)","15:19","15:23",27.4654,-82.68938,"0","F113,F133,F272,F245,1134","7 boats, 0 lines, 0 crabpots.",7,0,0,"0",15,"09"
"755",1473,43347,2013-09-05,7624,41,"Photo-id (Pop Mon)","Photo-id (Pop Mon)","10:06","10:13",27.43083,-82.69458,"0","PRF2,DUST","2 animals initally together then split. One went into gulf, other remained prob feeding inside pass. 2 boats, 0 lines, 0 crabpots.",2,0,0,"0",10,"09"
"756",1474,43348,2013-09-05,7624,42,"Photo-id (Pop Mon)","Photo-id (Pop Mon)","11:01","11:23",27.55124,-82.73609,"0","M145,CWM3,PSC2,HMLT,BASH,ATMM,1456,CW32,P2C2,HML2","ATMM chuffing and tail slapping. Group of mom and calf pairs slow travelling and socializing. At least 3 pairs, probably more. 1 boat, 0 lines, 0 crabpots.",1,0,0,"0",11,"09"
"757",1478,43352,2013-09-05,7624,46,"Photo-id (Pop Mon)","Photo-id (Pop Mon)","12:13","12:23",27.55574,-82.66394,"0","PFMB,NKAL,R27L,F196,F268,HLPC,F224,RMRN,HORN,GIBB,TRNR","1 boat, 0 lines, 0 crabpots.",1,0,0,"0",12,"09"
"758",1482,43356,2013-09-05,7624,50,"Photo-id (Pop Mon)","Photo-id (Pop Mon)","13:54","14:13",27.50938,-82.60313,"0","B053,DABL,RTM3,WENT,DAB2,WEN1,B531","Animals surfing a wake. SG1: mom and yoy. SG2: 4+ animals including mom and yoy. SG2 split. 2 boats, 0 lines, 0 crabpots.",2,0,0,"0",13,"09"
"759",1483,43357,2013-09-05,7624,51,"Photo-id (Pop Mon)","Photo-id (Pop Mon)","14:19","14:33",27.51932,-82.62278,"0","GRWW,HWK3,HOV2,GRW3","SG1: HWK3, HOV2. SG2: GRWW and calf. 6 boats, 0 lines, 0 crabpots.",6,0,0,"0",14,"09"
"760",1484,43358,2013-09-05,7624,52,"Photo-id (Pop Mon)","Photo-id (Pop Mon)","14:58","15:17",27.52249,-82.70018,"0","FB27,FB07,F278,F284","SG1: FB27 and C277. SG2: FB07 and F278. 3 boats, 2 lines, 0 crabpots.",3,2,0,"0",14,"09"
"761",1485,43359,2013-09-05,7624,53,"Photo-id (Pop Mon)","Photo-id (Pop Mon)","15:58","16:11",27.3441,-82.56551,"0","FB20,F182,FB02,C834,F236","Fishwhack. Associated organisms: frigate bird. 1 boat, 0 lines, 0 crabpots.",1,0,0,"0",15,"09"
"762",1486,43361,2013-09-06,7625,21,"Photo-id (Pop Mon)","Photo-id (Pop Mon)","10:06","10:10",27.51971,-82.68663,"0","FB28,FB11,C114","FB28 caught a pinfish. 3 boats, 1 line, 0 crabpots.",3,1,0,"0",10,"09"
"763",1488,43363,2013-09-06,7625,23,"Photo-id (Pop Mon)","Photo-id (Pop Mon)","10:49","10:53",27.52618,-82.64181,"0","1495","7 boats, 3 lines, 0 crabpots.",7,3,0,"0",10,"09"
"764",1489,43364,2013-09-06,7625,24,"Photo-id (Pop Mon)","Photo-id (Pop Mon)","10:59","11:03",27.52076,-82.62701,"0","1494,ULY2,HWK3","1 boat, 0 lines, 0 crabpots.",1,0,0,"0",10,"09"
"765",1490,43365,2013-09-06,7625,25,"Photo-id (Pop Mon)","Photo-id (Pop Mon)","11:10","11:28",27.50814,-82.60143,"L","HAIR,F190,GRWW,B053,DABL,WENT,HLP4,DAB2,WEN1,B531,GRW3","1 boat, 0 lines, 0 crabpots.",1,0,0,"0",11,"09"
"766",1491,43366,2013-09-06,7625,26,"Photo-id (Pop Mon)","Photo-id (Pop Mon)","11:48","11:50",27.50974,-82.58233,"0","LNPF,YANK","2 boats, 0 lines, 0 crabpots.",2,0,0,"0",11,"09"
"767",1493,43368,2013-09-06,7625,28,"Photo-id (Pop Mon)","Photo-id (Pop Mon)","13:34","13:37",27.64979,-82.55989,"0","CAM1","1 boat, 2 lines, 0 crabpots.",1,2,0,"0",13,"09"
"768",1495,43370,2013-09-06,7625,30,"Photo-id (Pop Mon)","Photo-id (Pop Mon)","14:25","14:29",27.72397,-82.49726,"0","RP61,CL-5165","1 boat, 0 lines, 0 crabpots.",1,0,0,"0",14,"09"
"769",1497,43372,2013-09-06,7626,41,"Photo-id (Pop Mon)","Photo-id (Pop Mon)","10:28","10:44",27.44757,-82.67439,"0","F133,F209,F245,2091","1 boat, 0 lines, 0 crabpots.",1,0,0,"0",10,"09"
"770",1498,43373,2013-09-06,7626,42,"Photo-id (Pop Mon)","Photo-id (Pop Mon)","11:15","11:25",27.47798,-82.64581,"0","F187","1 boat, 1 line, 1 crabpot.",1,1,1,"0",11,"09"
"771",1500,43375,2013-09-06,7626,44,"Photo-id (Pop Mon)","Photo-id (Pop Mon)","11:48","11:55",27.49748,-82.65003,"0","FB55,C555","1 boat, 0 lines, 0 crabpots.",1,0,0,"0",11,"09"
"772",1505,43380,2013-09-06,7626,49,"Photo-id (Pop Mon)","Photo-id (Pop Mon)","13:48","14:04",27.53023,-82.71779,"0","FB27,FB65,F165,C655,F284,1651","F165 and 1651, joined with FB27, C277, FB65, and C655. C655 and 1651 very social with boat, C655 repeated tailslapping. F165 chuffed and tailslapped. All animals slow travelled E across Key Royale Bar. 1 boat, 0 lines, 3 crabpots.",1,0,3,"0",13,"09"
"773",1506,43381,2013-09-06,7626,50,"Photo-id (Pop Mon)","Photo-id (Pop Mon)","14:24","14:34",27.49824,-82.70012,"0","F148,F146,F228,F179,F222","1 boat, 4 lines, 4 crabpots.",1,4,4,"0",14,"09"
"774",1509,43384,2013-09-09,7627,22,"Photo-id (Pop Mon)","Photo-id (Pop Mon)","11:22","11:32",27.5427,-82.62279,"0","F158,F138,F137","Initially seen sharking and fishwhacking near mangroves. Coordinated fishwhacking. 2 boats, 1 line (cast net), 0 crabpots.",2,1,0,"1",11,"09"
"775",1511,43386,2013-09-09,7627,24,"Photo-id (Pop Mon)","Photo-id (Pop Mon)","13:40","13:48",27.52668,-82.64249,"0","","One surfaced then vanished. 1 boat, 0 lines, 0 crabpots.",1,0,0,"0",13,"09"
"776",1513,43388,2013-09-09,7627,26,"Photo-id (Pop Mon)","Photo-id (Pop Mon)","14:44","14:51",27.47213,-82.66572,"0","F148,F187","1 boat, 2 lines, 0 crabpots.",1,2,0,"0",14,"09"
"777",1515,43390,2013-09-09,7627,28,"Photo-id (Pop Mon)","Photo-id (Pop Mon)","15:23","15:29",27.47954,-82.68047,"0","F246","2 boats, 0 lines, 0 crabpots.",2,0,0,"0",15,"09"
"778",1516,43391,2013-09-09,7627,29,"Photo-id (Pop Mon)","Photo-id (Pop Mon)","15:51","15:59",27.43808,-82.6796,"0","F109,F227,F250,F241,F282","Did not see 1092. 0 boats, 4 lines, 0 crabpots.",0,4,0,"0",15,"09"
"779",1519,43394,2013-09-10,7628,23,"Photo-id (Pop Mon)","Photo-id (Pop Mon)","9:59","10:11",27.23625,-82.5303,"0","BUBB,PFYT,BBB2,CL-4942,COIN,QFYC,TOTL","0 boats, 0 lines, 1 crabpot.",0,0,1,"0",9,"09"
"780",1520,43395,2013-09-10,7628,24,"Photo-id (Pop Mon)","Photo-id (Pop Mon)","10:23","10:43",27.22759,-82.52495,"0","WLDC,ANGL,RNMK,PIHI,MTBG,TVIS,RITA,BRIE,CL-5166,QUSR,AUTB,EVRD","0 boats, 1 line (from shore), 1 crabpot. Associated organism: laughing gulls.",0,1,1,"1",10,"09"
"781",1522,43397,2013-09-10,7628,26,"Photo-id (Pop Mon)","Photo-id (Pop Mon)","11:32","11:42",27.10264,-82.46437,"L","COOK,ARYA,CL-4961","2 boats, 0 lines, 0 crabpots.",2,0,0,"0",11,"09"
"782",1524,43399,2013-09-10,7628,28,"Photo-id (Pop Mon)","Photo-id (Pop Mon)","12:01","12:05",27.07163,-82.45313,"X","","Milling close to pier. Disappered as soon as started sighting. X= possible patrolling. 1 boats, 5 lines, 0 crabpots.",1,5,0,"0",12,"09"
"783",1525,43400,2013-09-10,7628,29,"Photo-id (Pop Mon)","Photo-id (Pop Mon)","12:36","12:49",27.11457,-82.46401,"0","F193","5 boats, 0 lines, 0 crabpots.",5,0,0,"0",12,"09"
"784",1526,43401,2013-09-10,7628,30,"Photo-id (Pop Mon)","Photo-id (Pop Mon)","15:12","15:19",27.28553,-82.55058,"0","FB78,F125,1253","0 boats, 0 lines, 4 crabpots.",0,0,4,"0",15,"09"
"785",1527,43402,2013-09-10,7628,31,"Photo-id (Pop Mon)","Photo-id (Pop Mon)","15:54","16:07",27.32944,-82.55611,"0","FB87,FB25,F167,F199,F221,C874,C258,1992,1674","2 boats, 0 lines, 0 crabpots.",2,0,0,"0",15,"09"
"786",1529,43404,2013-09-11,7629,22,"Photo-id (Pop Mon)","Photo-id (Pop Mon)","10:45","11:05",27.07335,-82.45646,"0","ONYX,J006,AXLA,TPTN,PING,QURA,TSLA","2 boats, 0 lines, 0 crabpots.",2,0,0,"0",10,"09"
"787",1533,43408,2013-09-12,7630,21,"Photo-id (Pop Mon)","Photo-id (Pop Mon)","9:16","9:26",27.33599,-82.57774,"0","FB44,F254","3 boats, 0 lines, 0 crabpots.",3,0,0,"0",9,"09"
"788",1534,43409,2013-09-12,7630,22,"Photo-id (Pop Mon)","Photo-id (Pop Mon)","9:46","9:57",27.27905,-82.57943,"0","MUCH,GUPN,JETY,DAIN,MLVN,MUC4,CL-5163","0 boats, 0 lines, 1 crabpot.",0,0,1,"0",9,"09"
"789",1536,43411,2013-09-12,7630,24,"Photo-id (Pop Mon)","Photo-id (Pop Mon)","10:55","11:05",27.13038,-82.47501,"0","SCS2,GRGO","1 boat, 1 line, 0 crabpots.",1,1,0,"0",10,"09"
"790",1537,43412,2013-09-12,7630,25,"Photo-id (Pop Mon)","Photo-id (Pop Mon)","12:57","13:02",27.20433,-82.50145,"0","F221","2 boats, 0 lines, 0 crabpots.",2,0,0,"0",12,"09"
"791",1539,43414,2013-09-12,7630,27,"Photo-id (Pop Mon)","Photo-id (Pop Mon)","14:19","14:24",27.30007,-82.54535,"0","FB78,F199,1992","Circling tightly around the no wake sign. 2 boats, 0 lines, 2 crabpots.",2,0,2,"0",14,"09"
"792",1540,43415,2013-09-12,7630,28,"Photo-id (Pop Mon)","Photo-id (Pop Mon)","14:33","14:57",27.32269,-82.55467,"0","IKN2,F125,F207,F262,1315,F256,1753,C935,1253","1 boat, 0 lines, 0 crabpots.",1,0,0,"0",14,"09"
"793",1541,43417,2013-09-16,7632,21,"Photo-id","Photo-id","9:39","9:45",27.43667,-82.67505,"0","F250,F282,F245","Fourth dolphin in distance - not part of sighting. 1 boat, 0 lines, 0 crabpots.",1,0,0,"0",9,"09"
"794",1547,43423,2013-09-16,7632,27,"Photo-id","Photo-id","12:54","12:56",27.50051,-82.69271,"0","F146","2 boats, 0 lines, 0 crabpots.",2,0,0,"0",12,"09"
"795",1548,43424,2013-09-16,7632,28,"Photo-id","Photo-id","13:00","13:03",27.49805,-82.69368,"0","F274","1 boat, 0 lines, 0 crabpots.",1,0,0,"0",13,"09"
"796",1549,43425,2013-09-16,7632,29,"Photo-id","Photo-id","13:07","13:14",27.49715,-82.69604,"X","F113,F133,F245,1134","1331 and 1134 social and leap. Cabin cruiser plowed over animals in ICW to induce wake riding for a couple hundred meters. Boat did not change course or heading, only speed. 1 boat, 0 lines, 0 crabpots.",1,0,0,"1",13,"09"
"797",1550,43426,2013-09-16,7632,30,"Photo-id","Photo-id","13:54","13:57",27.44353,-82.68591,"0","FB33,FB11,C114,C330","2 boats, 0 lines, 0 crabpots.",2,0,0,"0",13,"09"
"798",1552,43428,2013-09-20,7633,41,"Photo-id (Pop Mon)","Photo-id (Pop Mon)","9:36","9:39",27.44771,-82.67577,"0","F146","0 boats, 0 lines, 2 crabpots.",0,0,2,"0",9,"09"
"799",1557,43433,2013-09-20,7633,46,"Photo-id (Pop Mon)","Photo-id (Pop Mon)","11:47","12:01",27.50617,-82.58849,"0","CMRS,HITS,BOXR,TDTL,LNPC,LDM3,B053,DABL,WENT,LNC2,DAB2,WEN1,B531","1 boat, 0 lines, 4 crabpots.",1,0,4,"0",11,"09"
"800",1560,43436,2013-09-20,7633,49,"Photo-id (Pop Mon)","Photo-id (Pop Mon)","12:44","12:48",27.53201,-82.60616,"0","LNCC,TDTC,ULY2,C911","Joined dolphins from S47 and S48. 1 boat, 0 lines, 0 crabpots.",1,0,0,"0",12,"09"
"801",1561,43437,2013-09-20,7633,50,"Photo-id (Pop Mon)","Photo-id (Pop Mon)","13:17","13:28",27.53835,-82.61867,"0","F158,F138,F137","Other =  kerplunking. 1 boat, 1 line, 0 crabpots.",1,1,0,"0",13,"09"
"802",1562,43438,2013-09-20,7633,51,"Photo-id (Pop Mon)","Photo-id (Pop Mon)","14:07","14:11",27.49018,-82.6977,"0","F113,F220,F222,1134","1 boat, 0 lines, 0 crabpots.",1,0,0,"0",14,"09"
"803",1564,43440,2013-09-20,7633,53,"Photo-id (Pop Mon)","Photo-id (Pop Mon)","14:28","14:35",27.46871,-82.69065,"0","F196,F268,F187","F196 seawall feeding on mullet. 4 boats, 0 lines, 0 crabpots.",4,0,0,"0",14,"09"
"804",1565,43441,2013-09-20,7633,54,"Photo-id (Pop Mon)","Photo-id (Pop Mon)","14:53","14:59",27.41207,-82.64356,"L","FB20,F182,C834,F258,F179","Longboat Key Police boat and pontoon boat both approached  closely to dolphins, police turned on his emergency lights and took out small camera to presumably take photos/videos of dolphins. 4 boats, 0 lines, 0 crabpots.",4,0,0,"1",14,"09"
"805",1566,43442,2013-09-27,7634,41,"Photo-id","Photo-id","10:13","10:26",27.45218,-82.68124,"0","F238,F173,F234,F250,F282,2193","0 boats, 2 lines, 1 crabpot.",0,2,1,"0",10,"09"
"806",1567,43443,2013-09-27,7634,42,"Photo-id","Photo-id","10:35","10:46",27.45783,-82.68621,"0","","Surfacing unpredictably, difficult to follow. Not F155, ended sighting despite poor photos to continue searching. 2 boats, 0 lines, 3 crabpots.",2,0,3,"0",10,"09"
"807",1568,43444,2013-09-27,7634,43,"Photo-id","Photo-id","10:52","11:20",27.45739,-82.68518,"0","F197,F207,F272,F243","1 animal prob feeding (F207?). At 10:58, second animal joined. The second animal is probably animal from S42. A large group of dolphins travelled through, socializing. At least two mom/calf pairs. All animals split and travelled different directions. Ende",6,1,0,"1",10,"09"
"808",1569,43445,2013-09-27,7634,44,"Photo-id","Photo-id","11:22","11:27",27.45789,-82.68557,"0","F266","Sighting began with single animal travelling S (probably from last sighting). Joined with F197 and 1971. Poor pics, not F155, moving on. 1 boat, 0 lines, 0 crabpots.",1,0,0,"0",11,"09"
"809",1570,43446,2013-09-27,7634,45,"Photo-id","Photo-id","11:31","11:36",27.4634,-82.68958,"0","F207,1753,F272","Animals rapidly travelling, also probably from S43. Not F155, poor pics, moving on! 2 boats, 0 lines, 0 crabpots.",2,0,0,"0",11,"09"
"810",1571,43447,2013-09-27,7634,46,"Photo-id","Photo-id","11:54","12:03",27.47953,-82.67789,"0","F146,F228,F179,F187","1 boat, 0 lines, 0 crabpots.",1,0,0,"0",11,"09"
"811",1572,43448,2013-09-27,7634,47,"Photo-id","Photo-id","12:33","12:57",27.49811,-82.65736,"0","F138,F215,F222,2152","1 private recreational boat changed heading to approach but stayed outside of 50 m. 1 boat, 0 lines, 0 crabpots.",1,0,0,"1",12,"09"
"812",1574,43450,2013-09-27,7634,49,"Photo-id","Photo-id","13:19","13:57",27.48582,-82.66679,"0","F155,F229,1556","F155 and yoy initially alone, F229 joined sighting at 13:36. YOY did surface in calf poisition with F229, but has not been without F155. 2 boats, 3 lines, 1 crabpot.",2,3,1,"0",13,"09"
"813",1577,43453,2013-10-01,7635,23,"Photo-id (Pop Mon)","Photo-id (Pop Mon)","11:05","11:18",27.4804,-82.70823,"X","F196,F268,F179","2 boats: 1 rec boat (diving), 1 paddleboard (approached dolphins briefly); 0 lines; 0 crabpots.",2,0,0,"1",11,"10"
"814",1578,43454,2013-10-01,7635,24,"Photo-id (Pop Mon)","Photo-id (Pop Mon)","13:13","13:36",27.52164,-82.61111,"0","ZELD,F223,F225,2253,ZEL3,2231,ZEL4","1 boat, 0 lines, 0 crabpots.",1,0,0,"0",13,"10"
"815",1580,43456,2013-10-01,7635,26,"Photo-id (Pop Mon)","Photo-id (Pop Mon)","14:18","14:42",27.51896,-82.62003,"0","F149,HAIR,F237,CMRS,F164,HITS,BOXR,F242,B053,DABL,WENT,1494,LNCC,ULY2,HWK3,F239,HLP4,DAB2,WEN1,B531,1496","6 boats (3 private rec, 3 sail; 1 rec boat slowed down as dolphins swam by), 0 lines, 0 crabpots.",6,0,0,"1",14,"10"
"816",1582,43458,2013-10-01,7635,28,"Photo-id (Pop Mon)","Photo-id (Pop Mon)","15:09","15:17",27.51538,-82.69366,"0","FB28,FB27,F176,F284","1 boat, 2 lines, 0 crabpots.",1,2,0,"0",15,"10"
"817",1583,43459,2013-10-01,7635,29,"Photo-id (Pop Mon)","Photo-id (Pop Mon)","15:31","15:33",27.51205,-82.68905,"0","FB54,C548","2 boats, 0 lines, 0 crabpots.",2,0,0,"0",15,"10"
"818",1584,43460,2013-10-01,7636,41,"Photo-id (Pop Mon)","Photo-id (Pop Mon)","10:02","10:10",27.41033,-82.64132,"0","FB20,F258","0 boats, 0 lines, 1 crabpot.",0,0,1,"0",10,"10"
"819",1585,43461,2013-10-01,7636,42,"Photo-id (Pop Mon)","Photo-id (Pop Mon)","11:02","11:11",27.47198,-82.66197,"0","","Slow travel towards channel. We passed it then lost it in the glare. 2 boats, 1 line, 1 crabpot.",2,1,1,"0",11,"10"
"820",1586,43462,2013-10-01,7636,43,"Photo-id (Pop Mon)","Photo-id (Pop Mon)","11:22","11:58",27.48527,-82.64765,"0","FB33,F131,F138,F178,F188,F123,F135,F215,F173,F187,F209,F213,F229,1231,1317,2091,C330,2152","SG1: F187, F173, F178, F188, F215, 2152. All other animals may have formed multiple subgroups. All animals initially together, social and prob feeding. Split into SGs and travelled different directions. Individual animals repeatedly split off and joined d",1,0,1,"1",11,"10"
"821",1590,43466,2013-10-01,7636,47,"Photo-id (Pop Mon)","Photo-id (Pop Mon)","13:46","13:55",27.53509,-82.72968,"A","FB65,F228,C655","F228 actively patrolling pier within 10 meters. Other = patrolling. 1 boat, 12 lines, 0 crabpots.",1,12,0,"0",13,"10"
"822",1591,43467,2013-10-01,7636,48,"Photo-id (Pop Mon)","Photo-id (Pop Mon)","14:49","14:58",27.44164,-82.68256,"L","FB90,FB92,F128,F109,F266,F270,F272,RFIO","Starfish Ecotour harassing dolphins within 50 m. They were with the animals before we started the sighting. Continued to pursue animals after we ended. Single cleanish animal mill/prob feed SE corner of bridge. It did not travell out with rest of group= D",2,0,0,"1",14,"10"
"823",1593,43469,2013-10-01,7636,50,"Photo-id (Pop Mon)","Photo-id (Pop Mon)","16:08","16:17",27.39642,-82.62843,"0","F276,F142","2 boats, 0 lines, 1 crabpot.",2,0,1,"0",16,"10"
"824",1594,43470,2013-10-02,7637,21,"Photo-id (Pop Mon)","Photo-id (Pop Mon)","9:32","9:49",27.32709,-82.58813,"0","FB79,C798","Initially thought there were at least three animals. 1 boat (Mote research), 1 line (from land), 7 crabpots.",1,1,7,"1",9,"10"
"825",1597,43473,2013-10-02,7637,24,"Photo-id (Pop Mon)","Photo-id (Pop Mon)","11:32","12:07",27.11243,-82.47205,"A","AMVM,LNLD,SCS1,SCS2,AMV1,LNL1,GRGO,CL-4942,NYDT,TOTL","Pinwheeling. SG1: NYDT. SG2: SCS1, SCS2, AMVM, AMV1, LNLD, LNL1, GRGO, CL-4942. SCS2 and LNLD patrolling Venice jetty. 2 boats (1 private rec and 1 jetski), 8 lines, 0 crabpots.",2,8,0,"1",11,"10"
"826",1598,43474,2013-10-02,7637,25,"Photo-id (Pop Mon)","Photo-id (Pop Mon)","12:22","12:37",27.07125,-82.45294,"A","SCSM,BRD3,VCRO","SCSM patrolling with 10 m of Sharky's pier. Joined by BRD3 and VCRO at 12:37, also began patrolling. 0 boats, 17 lines (plus 1 cast net), 0 crabpots.",0,18,0,"1",12,"10"
"827",1599,43475,2013-10-02,7637,26,"Photo-id (Pop Mon)","Photo-id (Pop Mon)","16:12","16:28",27.30474,-82.56266,"0","FB25,F175,F125,F238,F199,C258,1253,F247,1992","C258 chuffing (also leaping?). 1 boat (private rec), 0 lines, 2 crabpots.",1,0,2,"1",16,"10"
"828",1600,43476,2013-10-02,7637,27,"Photo-id (Pop Mon)","Photo-id (Pop Mon)","16:52","17:01",27.32858,-82.55701,"0","1315","2 boats, 0 lines, 0 crabpots.",2,0,0,"0",16,"10"
"829",1602,43478,2013-10-03,7638,21,"Photo-id (Pop Mon)","Photo-id (Pop Mon)","9:30","9:42",27.33667,-82.55525,"0","FB44,F254,F171","2 boats, 0 lines, 0 crabpots.",2,0,0,"0",9,"10"
"830",1603,43479,2013-10-03,7638,22,"Photo-id (Pop Mon)","Photo-id (Pop Mon)","10:00","10:12",27.38555,-82.57069,"0","RY34","6 boats, 4 lines, 0 crabpots.",6,4,0,"0",10,"10"
"831",1605,43481,2013-10-03,7638,24,"Photo-id (Pop Mon)","Photo-id (Pop Mon)","10:46","11:20",27.40834,-82.6267,"L","FB20,F276,BOXR,F142,F196,F258,F268,F179,SEWL","SG1: FB20, F258, SEWL. SG2: F142, F276, F179. SG3: F196, F268, BOXR. F179 and F268 fish tossing. 6 boats, 0 lines, 1 crabpot.",6,0,1,"0",10,"10"
"832",1606,43482,2013-10-03,7638,25,"Photo-id (Pop Mon)","Photo-id (Pop Mon)","11:34","12:01",27.44034,-82.6604,"0","F197,F227,F250,F266,F213,F282,F243","SG1: F266. SG2: F213, F227, F282, F250, F197, 1971. Feeding and socializing in very shallow water. 1 boat, 2 lines (plus one cast net), 42 crabpots.",1,3,42,"1",11,"10"
"833",1607,43483,2013-10-03,7638,26,"Photo-id (Pop Mon)","Photo-id (Pop Mon)","12:33","12:43",27.46951,-82.69211,"0","F207,1753,F272","5 boats, 3 lines, 1 crabpot.",5,3,1,"0",12,"10"
"834",1608,43484,2013-10-03,7638,27,"Photo-id (Pop Mon)","Photo-id (Pop Mon)","12:50","12:57",27.4781,-82.6922,"0","F178,F109,F188,F146,F228,F135,1092","SG1: F178, F188, F109, 1092. SG2: F228, F146, F135. 3 boats, 2 lines, 0 crabpots.",3,2,0,"0",12,"10"
"835",1609,43485,2013-10-03,7638,28,"Photo-id (Pop Mon)","Photo-id (Pop Mon)","13:07","13:13",27.47676,-82.67099,"0","F113,1134","Very evasive. 0 boat, 0 lines, 1 crabpot.",0,0,1,"0",13,"10"
"836",1612,43488,2013-10-03,7638,31,"Photo-id (Pop Mon)","Photo-id (Pop Mon)","13:49","14:04",27.49221,-82.64772,"0","FB33,F131,F215,1317,C330,2152","SG1: F131 and 1317. SG2: F215 and 2152. SG3: FB33 and C330. 3 boats, 1 line, 0 crabpots.",3,1,0,"0",13,"10"
"837",1617,43493,2013-10-03,7638,36,"Photo-id (Pop Mon)","Photo-id (Pop Mon)","15:16","15:18",27.4659,-82.69121,"0","FB11,C114","0 boats, 0 lines, 1 crabpot.",0,0,1,"0",15,"10"
"838",1618,43494,2013-10-03,7638,37,"Photo-id (Pop Mon)","Photo-id (Pop Mon)","15:24","15:31",27.45845,-82.68613,"0","F133,F197,F207,F213,1753,F272,F245,F243","Left area riding the bow wake of a large boat. 6 boats, 0 lines, 6 crabpots.",6,0,6,"0",15,"10"
"839",1620,43496,2013-10-03,7638,39,"Photo-id (Pop Mon)","Photo-id (Pop Mon)","16:54","16:57",27.34443,-82.56522,"0","RY34,MPTB","1 boat, 0 lines, 0 crabpots.",1,0,0,"0",16,"10"
"840",1623,43499,2013-10-03,7639,43,"Photo-id (Pop Mon)","Photo-id (Pop Mon)","12:32","12:40",27.50265,-82.58813,"0","2253","Animals rapidly travelling through slow speed zone, lost us. 0 boats, 0 lines, 6 crabpots.",0,0,6,"0",12,"10"
"841",1624,43500,2013-10-03,7639,44,"Photo-id (Pop Mon)","Photo-id (Pop Mon)","13:50","14:03",27.51536,-82.70201,"0","FB90,F178,F109,F188,F146,F228,F135,F270,1092","F135 repeatedly chuffing and tailslapping. 1092 surfacing in calf position with F109. 2 boats, 0 lines, 0 crabpots.",2,0,0,"0",13,"10"
"842",1625,43501,2013-10-03,7639,45,"Photo-id (Pop Mon)","Photo-id (Pop Mon)","14:11","14:20",27.52127,-82.69813,"0","FB90,F246,F270","2 boats, 0 lines, 0 crabpots.",2,0,0,"0",14,"10"
"843",1626,43502,2013-10-03,7639,46,"Photo-id (Pop Mon)","Photo-id (Pop Mon)","14:29","14:33",27.48749,-82.69765,"0","FB65,C655","FB65 chuffed at end. 2 boats, 0 lines, o crabpots.",2,0,0,"0",14,"10"
"844",1627,43503,2013-10-03,7639,47,"Photo-id (Pop Mon)","Photo-id (Pop Mon)","14:41","14:56",27.46927,-82.69239,"I","F276,F142,F179,F207","SG1: F179, F276, F142. SG2: F207 and one other animal. All animals initially together beneath bridge. Two animals split off. We stayed with SG1. Other two animals chuffing in distance, probably no photos of SG2. Right after sighting ended, man observed on",4,3,7,"0",14,"10"
"845",1628,43504,2013-10-08,7640,21,"Photo-id (Pop Mon)","Photo-id (Pop Mon)","9:13","9:25",27.34458,-82.56369,"0","F248,C835","4 boats, 0 lines, 0 crabpots.",4,0,0,"0",9,"10"
"846",1629,43505,2013-10-08,7640,22,"Photo-id (Pop Mon)","Photo-id (Pop Mon)","10:01","10:15",27.43925,-82.66512,"A,B","F276,F142","Both dolphins partrolling private rec boat with 3 lines, repeatedly surfacing within one body length. F276 staying closer to boat than F142. Fish scavenged: 1. 1 boat, 3 lines, 5 crabpots. OTHER = AI",1,3,5,"1",10,"10"
"847",1630,43506,2013-10-08,7640,23,"Photo-id (Pop Mon)","Photo-id (Pop Mon)","10:38","10:47",27.44379,-82.66898,"0","IKN2,F238,F173,F250","0 boats, 0 lines, 8 crabpots.",0,0,8,"0",10,"10"
"848",1631,43507,2013-10-08,7640,24,"Photo-id (Pop Mon)","Photo-id (Pop Mon)","11:27","11:33",27.4698,-82.66196,"0","F280","1 boat, 0 lines, 0 crabpots.",1,0,0,"0",11,"10"
"849",1635,43511,2013-10-08,7640,28,"Photo-id (Pop Mon)","Photo-id (Pop Mon)","13:05","13:12",27.4747,-82.66896,"0","1316","Initially together then split. 1 boat, 0 lines, 15 crabpots.",1,0,15,"0",13,"10"
"850",1636,43512,2013-10-08,7640,29,"Photo-id (Pop Mon)","Photo-id (Pop Mon)","13:16","13:25",27.47933,-82.67312,"0","F213","Maybe lost dolphin from previous sighting 1 boat (private rec), 0 lines, 0 crabpots.",1,0,0,"1",13,"10"
"851",1637,43513,2013-10-08,7640,30,"Photo-id (Pop Mon)","Photo-id (Pop Mon)","13:59","14:08",27.48764,-82.69873,"0","FB27,F284","1 boat, 0 lines, 1 crabpot.",1,0,1,"0",13,"10"
"852",1638,43514,2013-10-08,7640,31,"Photo-id (Pop Mon)","Photo-id (Pop Mon)","14:13","14:23",27.47781,-82.69656,"0","F228,F207","1 boat, 0 lines, 0 crabpots.",1,0,0,"0",14,"10"
"853",1639,43515,2013-10-08,7640,32,"Photo-id (Pop Mon)","Photo-id (Pop Mon)","14:30","14:39",27.46882,-82.69263,"0","F133,F245","8 boats (1 charter, 2 jetskis), 0 lines, 1 crabpot.",8,0,1,"1",14,"10"
"854",1640,43516,2013-10-08,7640,33,"Photo-id (Pop Mon)","Photo-id (Pop Mon)","14:50","14:55",27.45284,-82.68478,"0","F175,F247","2 boats, 0 lines, 4 crabpots.",2,0,4,"0",14,"10"
"855",1641,43517,2013-10-08,7640,34,"Photo-id (Pop Mon)","Photo-id (Pop Mon)","15:22","15:40",27.43646,-82.68017,"0","FB90,F232,F246,F262,1315,F266,F241,F256,F270,F272","3 boats, 2 lines, 19 crabpots.",3,2,19,"0",15,"10"
"856",1642,43518,2013-10-08,7640,35,"Photo-id (Pop Mon)","Photo-id (Pop Mon)","15:48","15:53",27.43532,-82.67433,"0","F276,F142,F179","0 boats, 0 lines, 3 crabpots.",0,0,3,"0",15,"10"
"857",1643,43519,2013-10-10,7641,21,"Photo-id (Pop Mon)","Photo-id (Pop Mon)","9:35","9:45",27.33054,-82.59864,"0","DAFT,DAF2","0 boats, 0 lines, 12 crabpots.",0,0,12,"0",9,"10"
"858",1644,43520,2013-10-10,7641,22,"Photo-id (Pop Mon)","Photo-id (Pop Mon)","9:50","9:55",27.32231,-82.60351,"0","L108,BBRD","0 boats, 0 lines, 6 crabpots.",0,0,6,"0",9,"10"
"859",1645,43521,2013-10-10,7641,23,"Photo-id (Pop Mon)","Photo-id (Pop Mon)","10:02","10:08",27.32768,-82.60519,"0","NADW,CENT,DILL,DIL1","0 boats, 0 lines, 1 crabpot.",0,0,1,"0",10,"10"
"860",1646,43522,2013-10-10,7641,24,"Photo-id (Pop Mon)","Photo-id (Pop Mon)","10:31","10:41",27.40986,-82.66792,"0","MUCH,MUC4,FOXF,CL-5357","SG1: MUCH and MUC4. SG2: mom and calf, calf social with boat. 0 boat, 0 lines, 11 crabpots,",0,0,11,"0",10,"10"
"861",1647,43523,2013-10-10,7641,25,"Photo-id (Pop Mon)","Photo-id (Pop Mon)","11:10","11:18",27.47911,-82.70749,"0","2193,C655","0 boats, 0 lines, 13 crabpots.",0,0,13,"0",11,"10"
"862",1648,43524,2013-10-10,7641,26,"Photo-id (Pop Mon)","Photo-id (Pop Mon)","11:20","11:38",27.4757,-82.70871,"0","FB65,MTMN,BIKO,4C4C,PSC5,2193,C655,ABGL,BIK2","1 boat, 4 lines, 16 crabpots. Associated organisms: gulls and terns.",1,4,16,"0",11,"10"
"863",1649,43525,2013-10-10,7641,27,"Photo-id (Pop Mon)","Photo-id (Pop Mon)","12:41","12:46",27.55285,-82.59609,"P","TDTC","TDTC surfacing repeatedly close to crabpot pot and prob feeding.0 boats, 0 lines, 1 crabpot. Other = P",0,0,1,"0",12,"10"
"864",1650,43526,2013-10-10,7641,28,"Photo-id (Pop Mon)","Photo-id (Pop Mon)","13:55","13:56",27.52713,-82.64191,"0","ULYS","1 boat, 0 lines, 0 crabpots.",1,0,0,"0",13,"10"
"865",1651,43527,2013-10-10,7641,29,"Photo-id (Pop Mon)","Photo-id (Pop Mon)","14:42","14:54",27.50313,-82.69096,"0","F220","SG1: F220 (with lesions). SG2: mom and calf pair. 2 boats (1 cabin cruiser), 0 lines, 0 crabpots.",2,0,0,"1",14,"10"
"866",1652,43528,2013-10-10,7642,41,"Photo-id (Pop Mon)","Photo-id (Pop Mon)","10:12","10:40",27.15895,-82.48833,"0","AMVM,LNLD,SCS1,AMV1,LNL1","0 boats, 0 lines, ~25 crabpots.",0,0,25,"0",10,"10"
"867",1653,43529,2013-10-10,7642,42,"Photo-id (Pop Mon)","Photo-id (Pop Mon)","10:52","10:57",27.11811,-82.47284,"0","WLET,SCS2,GRGO","0 boats, 0 lines, 3 crabpots.",0,0,3,"0",10,"10"
"868",1654,43530,2013-10-10,7642,43,"Photo-id (Pop Mon)","Photo-id (Pop Mon)","11:19","11:25",27.11094,-82.4707,"0","F108","1 boat, 0 lines, 0 crabpots.",1,0,0,"0",11,"10"
"869",1655,43531,2013-10-10,7642,44,"Photo-id (Pop Mon)","Photo-id (Pop Mon)","12:21","12:30",27.14926,-82.47686,"0","FB35","1 boat, 1 line, 3 crabpots.",1,1,3,"0",12,"10"
"870",1656,43532,2013-10-10,7642,45,"Photo-id (Pop Mon)","Photo-id (Pop Mon)","12:55","13:14",27.1859,-82.49641,"0","FB25,F199,F221,C258,1992","Fishwhacing. 6 boats, 0 lines, unknown crabpots.",6,0,0,"0",12,"10"
"871",1658,43534,2013-10-10,7642,47,"Photo-id (Pop Mon)","Photo-id (Pop Mon)","13:27","13:34",27.2051,-82.50472,"0","F193","3 boats, 0 lines, 0 crabpots.",3,0,0,"0",13,"10"
"872",1659,43535,2013-10-10,7642,48,"Photo-id (Pop Mon)","Photo-id (Pop Mon)","15:07","15:13",27.31149,-82.56487,"0","","2 animals surfaced within 20 m of Bob. Headed opposite directions. Never saw again, no photos. 1 boat, 0 lines, 8 crabpots.",1,0,8,"0",15,"10"
"873",1660,43536,2013-10-10,7642,49,"Photo-id (Pop Mon)","Photo-id (Pop Mon)","15:21","15:38",27.30686,-82.55926,"0","F110,SOLB","Fish toss. Potentially animals lost from previous sighting. 5 boats, 0 lines, 5 crabpots.",5,0,5,"0",15,"10"
"874",1661,43537,2013-10-11,7643,21,"Photo-id (Pop Mon)","Photo-id (Pop Mon)","9:21","9:31",27.33771,-82.5661,"0","FB44,F254","3 boats, 2 lines, 0 crabpots.",3,2,0,"0",9,"10"
"875",1662,43538,2013-10-11,7643,22,"Photo-id (Pop Mon)","Photo-id (Pop Mon)","9:47","10:14",27.36687,-82.56578,"0","FB87,RY34,MPTB,BRAN,MTBG,C874,BRN1","0 boats, 0 lines, 3 crabpots.",0,0,3,"0",9,"10"
"876",1663,43539,2013-10-11,7643,23,"Photo-id (Pop Mon)","Photo-id (Pop Mon)","10:45","10:55",27.41877,-82.65195,"0","F138,F246","4 boats, 3 lines, 5 crabpots.",4,3,5,"0",10,"10"
"877",1664,43540,2013-10-11,7643,24,"Photo-id (Pop Mon)","Photo-id (Pop Mon)","11:15","11:32",27.47812,-82.69605,"0","F131,F164,F159,F176,F232,F173,F187,F242,F227,F233,F280,1317,1593","F173 and F233 mating. F280 not acting like a calf. 10 boats (4 wave runners), 0 lines, 8 crabpots.",10,0,8,"1",11,"10"
"878",1665,43541,2013-10-11,7643,25,"Photo-id (Pop Mon)","Photo-id (Pop Mon)","12:19","12:31",27.53728,-82.73228,"0","CTS4","2 boats, 0 lines, 11 crabpots.",2,0,11,"0",12,"10"
"879",1666,43542,2013-10-11,7643,26,"Photo-id (Pop Mon)","Photo-id (Pop Mon)","12:44","12:55",27.5354,-82.71986,"L","F165,1651","Tour boat changed angle to approach dolphins. Plowed right over top of dolphins as he departed. Dolphins started leaping in the stern wake. 5 boats, 0 lines, 4 crabpots.",5,0,4,"1",12,"10"
"880",1667,43543,2013-10-11,7643,27,"Photo-id (Pop Mon)","Photo-id (Pop Mon)","13:31","13:37",27.48968,-82.69961,"0","FB54,C548","0 boats, 0 lines, 4 crabpots.",0,0,4,"0",13,"10"
"881",1668,43545,2013-10-11,7644,41,"Photo-id (Pop Mon)","Photo-id (Pop Mon)","9:06","9:12",27.33075,-82.57634,"0","FB15","2 boats, 0 lines, 0 crabpots.",2,0,0,"0",9,"10"
"882",1669,43546,2013-10-11,7644,42,"Photo-id (Pop Mon)","Photo-id (Pop Mon)","9:27","9:31",27.34095,-82.56358,"0","F110,SOLB","3 boats, 0 lines, 0 crabpots.",3,0,0,"0",9,"10"
"883",1670,43547,2013-10-11,7644,43,"Photo-id (Pop Mon)","Photo-id (Pop Mon)","10:42","11:04",27.11905,-82.47495,"0","SPEG,FFCH","Widely spread group, fluke out diving. 2 boats, 2 lines, 8 crabpots.",2,2,8,"0",10,"10"
"884",1671,43548,2013-10-11,7644,44,"Photo-id (Pop Mon)","Photo-id (Pop Mon)","11:11","11:27",27.11177,-82.471,"0","LNLD,SCS1,MLVN,LNL1","In and around the jetties but not actively patrolling. 9 boats (1 commercial fishing, 8 private rec), 14 lines, 0 crabpots.",9,14,0,"1",11,"10"
"885",1674,43551,2013-10-11,7644,47,"Photo-id (Pop Mon)","Photo-id (Pop Mon)","13:34","13:51",27.21931,-82.50571,"0","FB25,C258","Fish tossing. 6 boats, 0 lines, 0 crabpots.",6,0,0,"0",13,"10"
"886",1675,43552,2013-10-11,7644,48,"Photo-id (Pop Mon)","Photo-id (Pop Mon)","15:16","15:31",27.31663,-82.55233,"0","F262,1315,F241,F256,1753","Riding wake of sailboat and out boat. 4 boats (2 sailboats, 1 was charter, 2 private rec), 0 lines, 3 crabpots.",4,0,3,"1",15,"10"
"887",1676,43553,2013-10-11,7644,49,"Photo-id (Pop Mon)","Photo-id (Pop Mon)","15:39","15:51",27.32937,-82.54639,"0","F125,1253","Split up along Golden Gate Point. Lost track of second dolphin. 0 boats, 0 lines, 4 crabpots.",0,0,4,"0",15,"10"
"888",1677,43554,2013-10-11,7644,50,"Photo-id (Pop Mon)","Photo-id (Pop Mon)","16:14","16:22",27.32991,-82.55891,"0","F175,F125,1253,F247","Fish tossing. 1754 surfacing with 1253. 1253 babysitting = other. 0 boats, 0 lines, 3 crabpots.",0,0,3,"0",16,"10"
"889",1678,43556,2013-11-07,7646,21,"Photo-id (Pop Mon/Syn)","Photo-id (Pop Mon/Syn)","9:15","9:19",27.33072,-82.57516,"A","FB15","Dolphins initially sighted within 5m of active fishing boat. Marginal photo, lost sight after 3-4 surfacings. Boats-1, Lines-1, Crab pots-0.",1,1,0,"1",9,"11"
"890",1679,43557,2013-11-07,7646,22,"Photo-id (Pop Mon/Syn)","Photo-id (Pop Mon/Syn)","9:23","9:34",27.33158,-82.57002,"0","F153,FB15","Passed by a fishing boat within about 40m as they travelled NE; in very shallow waters started sharking, pushing lots of water, surface lunge, but no fish. Boats-1, lines-2, pots-0, associated organisms-4 cormorants",1,2,0,"1",9,"11"
"891",1680,43558,2013-11-07,7646,23,"Photo-id (Pop Mon/Syn)","Photo-id (Pop Mon/Syn)","9:49","9:51",27.32605,-82.58906,"0","F175,F199,F247,1992","Boats-1, lines-0, crab pots-0",1,0,0,"0",9,"11"
"892",1681,43559,2013-11-07,7646,24,"Photo-id (Pop Mon/Syn)","Photo-id (Pop Mon/Syn)","10:02","10:11",27.29125,-82.59089,"0","NIGT,NADW,BBRD,PMTI,CENT","Dolphins feeding, saw a fish whacked about 15 ft in air, fish in mouth, one fish was a ballyhoo. Group spread about 100m, active feeding observed, then group started traveling N. Boats-0, lines-0, crab pots-6.",0,0,6,"0",10,"11"
"893",1682,43560,2013-11-07,7646,25,"Photo-id (Pop Mon/Syn)","Photo-id (Pop Mon/Syn)","10:24","10:30",27.24865,-82.55003,"0","JAGR","Left side of body, below dorsal fin, slightly forward, big white raised spot; lots of tassel barnacles at its dorsal tip. Boat-1, lines-2, crab pots-10",1,2,10,"0",10,"11"
"894",1683,43561,2013-11-07,7646,26,"Photo-id (Pop Mon/Syn)","Photo-id (Pop Mon/Syn)","11:05","11:12",27.11598,-82.47501,"0","JETY","Large group of tarpon near dolphin heading south and rolling at the surface. Fluke whack w/in 5m of boat, attempted fish whack. Boats-1, lines-2, crab pots-7.",1,2,7,"0",11,"11"
"895",1684,43562,2013-11-07,7646,27,"Photo-id (Pop Mon/Syn)","Photo-id (Pop Mon/Syn)","11:18","11:25",27.10303,-82.469,"0","CRUM,SPEG","Pair of dolphins spread about 20m, but surfacing synchroniously. Lots of scarring on at least one fin. Boats-0, Lines-0, Pots-9. Possible Male Pair.",0,0,9,"0",11,"11"
"896",1685,43563,2013-11-07,7646,28,"Photo-id (Pop Mon/Syn)","Photo-id (Pop Mon/Syn)","11:48","11:51",27.11165,-82.47012,"0","WLET","Dolphin was surfacing within 20m of S jetty tip near fishing lines. Dolphin initially sighted at surface next to fishing line but travelled further S without any interaction. Boats-1, lines-5, crab pots-0.",1,5,0,"0",11,"11"
"897",1686,43564,2013-11-07,7646,29,"Photo-id (Pop Mon/Syn)","Photo-id (Pop Mon/Syn)","13:40","13:46",27.25212,-82.52969,"0","F264,C935","Initially sighted very close to seawall. Logging. Socializing the whole time. Boats-3, lines-0, pots-0.",3,0,0,"0",13,"11"
"898",1687,43565,2013-11-07,7646,30,"Photo-id (Pop Mon/Syn)","Photo-id (Pop Mon/Syn)","14:16","14:23",27.28487,-82.54443,"L","F262,F252,C258","Active socialing group initally sighted off bow of CB's  rental boat. Initially the rental boat was behaving, staying 50 yards away watching. Towards end of sighting they motored close to socializing dolphins, stayed for a few minutes. Boats-1, lines-0, p",1,0,0,"1",14,"11"
"899",1688,43566,2013-11-07,7646,31,"Photo-id (Pop Mon/Syn)","Photo-id (Pop Mon/Syn)","15:31","15:34",27.30623,-82.56223,"0","F175,F247","Steady travel to the SE. Boats-0, lines-0, pots-2.",0,0,2,"0",15,"11"
"900",1689,43567,2013-11-07,7647,41,"Photo-id (Pop Mon/Syn)","Photo-id (Pop Mon/Syn)","9:07","9:20",27.40937,-82.58638,"0","FB20,F182,FB02,C834,BOXR,F236,F258,F171,F179","boats=5 (2 kayaks, 3 rec boats), lines=2, crabpots=0",5,2,0,"1",9,"11"
"901",1690,43568,2013-11-07,7647,42,"Photo-id (Pop Mon/Syn)","Photo-id (Pop Mon/Syn)","9:50","10:12",27.44156,-82.66618,"A,P","F227,F241","SG1:F227 prob feeding around crabpots; SG2: C654 patrolling private rec boat with 2 lines catching ladyfish from beginning of sighting until 10:11. Joined with next sighting. Boats=2, lines=2, pots=10 Other = Patrolling",2,2,10,"1",9,"11"
"902",1691,43569,2013-11-07,7647,43,"Photo-id (Pop Mon/Syn)","Photo-id (Pop Mon/Syn)","10:15","10:22",27.4418,-82.66956,"0","F155,F250,F266,F241,1556","When C654 joined sighting, 1556 swam in calf position with C654 for several minutes. C654 joined with F250 + F266 and headed S while F155 and 1556 headed N. Boats=2 (1 rec, 1 crabpot boat), lines=0, pots=3",2,0,3,"1",10,"11"
"903",1692,43570,2013-11-07,7647,44,"Photo-id (Pop Mon/Syn)","Photo-id (Pop Mon/Syn)","10:25","10:31",27.44566,-82.67227,"P","FB33,F227,C330","Dolpins were prob feeding but stopped and prob fed around crabpot, especially F227 and C330. Boats=0, lines=0, pots=2",0,0,2,"0",10,"11"
"904",1693,43571,2013-11-07,7647,45,"Photo-id (Pop Mon/Syn)","Photo-id (Pop Mon/Syn)","10:58","11:07",27.46995,-82.6934,"0","F131,1317","1317 social with boat. Boats=5, lines=0, pots=9",5,0,9,"0",10,"11"
"905",1694,43572,2013-11-07,7647,46,"Photo-id (Pop Mon/Syn)","Photo-id (Pop Mon/Syn)","11:15","11:27",27.47903,-82.69114,"0","FB11,C114","Boats=4, lines=0, pots=4",4,0,4,"0",11,"11"
"906",1695,43573,2013-11-07,7647,47,"Photo-id (Pop Mon/Syn)","Photo-id (Pop Mon/Syn)","11:30","11:35",27.47843,-82.69807,"0","F131,1317","Boat=1, lines=0, pots=0",1,0,0,"0",11,"11"
"907",1698,43576,2013-11-07,7647,50,"Photo-id (Pop Mon/Syn)","Photo-id (Pop Mon/Syn)","12:36","12:52",27.49705,-82.65211,"0","FB55,F123,C555,1231","FB55 initially traveling E along the shore alone. Joined with C555 and 1231. FB55 and C555 broke off and traveled W. 1231 joined with F123 who was prob feeding. Boats=0, lines=2 on shore, pots=0",0,2,0,"1",12,"11"
"908",1699,43577,2013-11-07,7647,51,"Photo-id (Pop Mon/Syn)","Photo-id (Pop Mon/Syn)","13:00","13:13",27.49806,-82.65638,"0","F215,2152","Heading towards FB55 and calf at end of sighting. 2152 social with boat. Boats=0, lines=1 from dock, pots=0",0,1,0,"1",13,"11"
"909",1700,43578,2013-11-07,7647,52,"Photo-id (Pop Mon/Syn)","Photo-id (Pop Mon/Syn)","13:25","13:35",27.47474,-82.66812,"0","1316","boats=0, lines=0, pots=21",0,0,21,"0",13,"11"
"910",1701,43579,2013-11-07,7647,53,"Photo-id (Pop Mon/Syn)","Photo-id (Pop Mon/Syn)","14:31","14:36",27.53512,-82.72942,"A","F165,1651","other=patrolling. Boats=2 kayaks, lines=18, pots=7",2,18,7,"1",14,"11"
"911",1702,43580,2013-11-07,7647,54,"Photo-id (Pop Mon/Syn)","Photo-id (Pop Mon/Syn)","15:21","15:34",27.46377,-82.69107,"0","F131,F159,1317,1593","boats=9, lines=0, pots=20",9,0,20,"0",15,"11"
"912",1703,43581,2013-11-07,7647,55,"Photo-id (Pop Mon/Syn)","Photo-id (Pop Mon/Syn)","15:56","16:09",27.42208,-82.65698,"L","FB92,F128,F138,F187","SG1: F138 sharking. SG2: fish in mouth, FB92, F128, F187. Cannons Rental Boat stopped and followed dolphins (SG2). Boats=3 (1 sailboat, 1 private rec, 1 rental), lines=0, pots=9. Associated organisms: gulls.",3,0,9,"1",15,"11"
"913",1704,43582,2013-11-07,7648,61,"Photo-id (Pop Mon/Syn)","Photo-id (Pop Mon/Syn)","9:00","9:12",27.3196,-82.59,"A","FB79,F125,F199,F262,1315,F256,1753,1253,C798,1992","Dolphins patrolling near fishing boat with one line in the water.  Boat left area once sighting commenced.  1992 and C798 are socializing.  SG1=FB79, C798, F199, 1992; SG2=1315, F262; SG3=F125, 1253, F256.  Other=headslap. Boats=3, lines=1, pots=0",3,1,0,"1",9,"11"
"914",1705,43583,2013-11-07,7648,62,"Photo-id (Pop Mon/Syn)","Photo-id (Pop Mon/Syn)","9:22","9:32",27.31507,-82.59247,"0","HVMS,LLLN","Boats=0, lines=0, pots=6",0,0,6,"0",9,"11"
"915",1706,43584,2013-11-07,7648,63,"Photo-id (Pop Mon/Syn)","Photo-id (Pop Mon/Syn)","9:54","10:04",27.38603,-82.64382,"0","F154","Boats=0, lines=0, pots=47",0,0,47,"0",9,"11"
"916",1708,43586,2013-11-07,7648,65,"Photo-id (Pop Mon/Syn)","Photo-id (Pop Mon/Syn)","11:03","11:23",27.48073,-82.71026,"0","TCTV,FB10,4C4C,TCT1,PHL2","Boats=2, lines=1, pots=46",2,1,46,"0",11,"11"
"917",1709,43587,2013-11-07,7648,66,"Photo-id (Pop Mon/Syn)","Photo-id (Pop Mon/Syn)","11:34","11:43",27.50527,-82.72166,"0","PSC5","Boats=0, lines=0, pots=36",0,0,36,"0",11,"11"
"918",1711,43589,2013-11-07,7648,68,"Photo-id (Pop Mon/Syn)","Photo-id (Pop Mon/Syn)","12:38","12:44",27.5592,-82.69347,"0","MJM2,BLNK","boats=1, lines=0, pots=0",1,0,0,"0",12,"11"
"919",1713,43591,2013-11-07,7648,70,"Photo-id (Pop Mon/Syn)","Photo-id (Pop Mon/Syn)","13:19","13:31",27.56044,-82.58638,"0","C991,C912","Boats=2, lines=0, pots=0",2,0,0,"0",13,"11"
"920",1714,43592,2013-11-07,7648,71,"Photo-id (Pop Mon/Syn)","Photo-id (Pop Mon/Syn)","13:57","14:03",27.52295,-82.61279,"0","2151","Boats=0, lines=0, pots=8",0,0,8,"0",13,"11"
"921",1715,43593,2013-11-07,7648,72,"Photo-id (Pop Mon/Syn)","Photo-id (Pop Mon/Syn)","14:38","14:44",27.52375,-82.62614,"0","2151,DAB1","boats=0, lines=0, pots=1",0,0,1,"0",14,"11"
"922",1716,43594,2013-11-07,7648,73,"Photo-id (Pop Mon/Syn)","Photo-id (Pop Mon/Syn)","15:13","15:36",27.5211,-82.69911,"0","F220","Resps recorded for F220.  F220 regularly changed heading when approached by research vessel.  Boats=2, lines=1, pots=0",2,1,0,"0",15,"11"
"923",1717,43595,2013-11-07,7648,74,"Photo-id (Pop Mon/Syn)","Photo-id (Pop Mon/Syn)","17:07","17:20",27.36658,-82.5775,"0","BRAN,BRN1","Ended sighting so we could make it home before sunset.  Boats=0, lines=0, pots=2",0,0,2,"0",17,"11"
"924",1718,43596,2013-11-11,7649,21,"Photo-id (Pop Mon/Syn)","Photo-id (Pop Mon/Syn)","9:05","9:10",27.31063,-82.58452,"0","HVTI","Boats=0, lines=0, pots=1",0,0,1,"0",9,"11"
"925",1719,43597,2013-11-11,7649,22,"Photo-id (Pop Mon/Syn)","Photo-id (Pop Mon/Syn)","9:44","10:08",27.20779,-82.51418,"0","BIDF,GFSD,MPTB,AMVM,LNLD,SCS1,SCS2,LNL1,FRZY","Several fluid subgroups widely spread out.  Boats=0, lines=0, pots=10-15",0,0,10,"0",9,"11"
"926",1720,43598,2013-11-11,7649,23,"Photo-id (Pop Mon/Syn)","Photo-id (Pop Mon/Syn)","10:15","10:21",27.19693,-82.50806,"0","LNLD","boats=0, lines=0, pots=2",0,0,2,"0",10,"11"
"927",1721,43599,2013-11-11,7649,24,"Photo-id (Pop Mon/Syn)","Photo-id (Pop Mon/Syn)","10:33","10:40",27.15961,-82.48933,"0","FB35","lots of fish whacking.  Boats=0, lines=0, pots= ~5",0,0,5,"0",10,"11"
"928",1722,43600,2013-11-11,7649,25,"Photo-id (Pop Mon/Syn)","Photo-id (Pop Mon/Syn)","12:23","12:38",27.20505,-82.50446,"X","F221","X=1 vessel with 5 lines, did not reel line in when dolpin passed within 15 meters.  X=2 fishing vessel traveling at speed through no wake zone (Midnight Pass), drove over dolphin in shallows--Interaction #2 took place just before sighting dolphin; from th",3,5,0,"1",12,"11"
"929",1723,43601,2013-11-11,7649,26,"Photo-id (Pop Mon/Syn)","Photo-id (Pop Mon/Syn)","13:48","14:01",27.30528,-82.55447,"L,I","FB78,F125,F256,1253","Seawall feeding.  1 private rec boat approaching and following dolphins, within 10 meters--1 woman trying to attract dolphin.  Other vessel was the mote eco-tour boat.  Boats=2, lines=0, pots=0",2,0,0,"1",13,"11"
"930",1724,43602,2013-11-11,7649,27,"Photo-id (Pop Mon/Syn)","Photo-id (Pop Mon/Syn)","14:34","15:02",27.31443,-82.54384,"0","1315,1753","Boats=2, lines=0, pots=0",2,0,0,"0",14,"11"
"931",1725,43603,2013-11-11,7650,41,"Photo-id (Pop Mon/Syn)","Photo-id (Pop Mon/Syn)","9:26","9:32",27.35049,-82.61693,"0","SNOT","Boats=0, lines=0, pots=18",0,0,18,"0",9,"11"
"932",1726,43604,2013-11-11,7650,42,"Photo-id (Pop Mon/Syn)","Photo-id (Pop Mon/Syn)","9:44","10:02",27.37541,-82.63857,"0","PPSL,BARE,NEWT,OCTV,LIZD,CHAV,QATS,DILL,DIL1","Widely scattered group.  Incomplete photo coverage.  Boats=0, lines=0, pots=86",0,0,86,"0",9,"11"
"933",1727,43605,2013-11-11,7650,43,"Photo-id (Pop Mon/Syn)","Photo-id (Pop Mon/Syn)","10:13","10:21",27.39033,-82.6479,"0","NEWT","Partial resight of sighting 42.  Only approached 1 animal (NEWT).  Boats=0, lines=0, pots=28",0,0,28,"0",10,"11"
"934",1728,43606,2013-11-11,7650,44,"Photo-id (Pop Mon/Syn)","Photo-id (Pop Mon/Syn)","10:28","10:44",27.40508,-82.659,"P","OIEA,ZEDC,B207,TNBP","TNBP is feeding around crabpot.  Boats=0, lines=0, pots=10",0,0,10,"0",10,"11"
"935",1729,43607,2013-11-11,7650,45,"Photo-id (Pop Mon/Syn)","Photo-id (Pop Mon/Syn)","11:02","11:11",27.45135,-82.69715,"A,C","F232","Fisherman said dolphin chased throwbacks.  Had not taken anything off his line.  F232 moved to another anchored boat to continue patrolling when fisherman #1 took line out of water.  Boats=3, lines=5, pots=1",3,5,1,"1",11,"11"
"936",1730,43608,2013-11-11,7650,46,"Photo-id (Pop Mon/Syn)","Photo-id (Pop Mon/Syn)","11:23","11:52",27.47583,-82.70757,"0","LCKL,SGL1,EGPT,CL-5316,CMRE","SG1= EGPT and SGL1 and a clean; 2 small dolphins look like calves.  SG2=CMRE.  Boats=1, lines=0, pots=12",1,0,12,"0",11,"11"
"937",1731,43609,2013-11-11,7650,47,"Photo-id (Pop Mon/Syn)","Photo-id (Pop Mon/Syn)","11:57","12:07",27.47889,-82.70962,"0","4C4C,F207","Boats=0, lines=0, pots=5",0,0,5,"0",11,"11"
"938",1732,43610,2013-11-11,7650,48,"Photo-id (Pop Mon/Syn)","Photo-id (Pop Mon/Syn)","12:19","12:23",27.51296,-82.72796,"0","1454,PSC5","Boats=0, lines=0, pots=1",0,0,1,"0",12,"11"
"939",1733,43611,2013-11-11,7650,49,"Photo-id (Pop Mon/Syn)","Photo-id (Pop Mon/Syn)","13:01","13:20",27.54598,-82.63696,"0","HIQQ,F102,F178,F188,LNCC,TDTC,C911","Fish whacked about 20 ft in the air.  Boat ran aground, almost on top of dolphins.  HIQQ chuffing.   TDTC or C911 tail slapped at F178.  SG1=HiQQ, F188, LNCC; SG2=F102, F178, C911, TDTC.  Boats=3, lines=4, pots=3",3,4,3,"0",13,"11"
"940",1735,43613,2013-11-11,7650,51,"Photo-id (Pop Mon/Syn)","Photo-id (Pop Mon/Syn)","14:26","14:35",27.5089,-82.60645,"0","C991,F196,F268,C912","boats=0, lines=0, pots=3",0,0,3,"0",14,"11"
"941",1737,43615,2013-11-11,7650,53,"Photo-id (Pop Mon/Syn)","Photo-id (Pop Mon/Syn)","15:19","15:29",27.49835,-82.69348,"0","FB65,F113,F133,C655,F245,1134","Boats=1, lines=0, pots=0",1,0,0,"0",15,"11"
"942",1738,43616,2013-11-11,7650,54,"Photo-id (Pop Mon/Syn)","Photo-id (Pop Mon/Syn)","16:46","16:50",27.33195,-82.57286,"0","F131,1317","Boats=0, lines=0, pots=1",0,0,1,"0",16,"11"
"943",1740,43618,2013-11-11,7651,61,"Photo-id (Pop Mon/Syn)","Photo-id (Pop Mon/Syn)","8:59","9:19",27.3477,-82.55486,"0","F110,SOLB,BRAN,MTBG,BRN1","boat=1, lines=2, pots=7",1,2,7,"0",8,"11"
"944",1741,43619,2013-11-11,7651,62,"Photo-id (Pop Mon/Syn)","Photo-id (Pop Mon/Syn)","10:23","10:33",27.46629,-82.69299,"P","F155,F146,F197,F227,F243,1556","1971 feeding around crabpot, fish toss.  Boat=1, lines=0, pots=9.  Associated Organisms=gull.",1,0,9,"0",10,"11"
"945",1742,43620,2013-11-11,7651,63,"Photo-id (Pop Mon/Syn)","Photo-id (Pop Mon/Syn)","10:38","10:49",27.46622,-82.69026,"0","FB65,FB11,F146,F197,C655,F243,C114","Some dolphins from previous sighting joined this group (F146, F197, 1971).  F197 chuffed.  Boats=3 (2 private rec, 1 towboat US), lines=0, pots=5.  Associated organisms= gull and brown pelican.",3,0,5,"1",10,"11"
"946",1743,43621,2013-11-11,7651,64,"Photo-id (Pop Mon/Syn)","Photo-id (Pop Mon/Syn)","11:03","11:12",27.47775,-82.6925,"0","F173,F187,F246,F280","SG1=FB46; SG2=F187, F173, F280. SG2 seawall feeding.  Boats=0, lines=0, pots=2",0,0,2,"0",11,"11"
"947",1744,43622,2013-11-11,7651,65,"Photo-id (Pop Mon/Syn)","Photo-id (Pop Mon/Syn)","11:21","11:25",27.47885,-82.68914,"0","F241","Swam past, very close to anchored rec fishing boat with fishing lines.  Didn't stop to interact.  Boats=1, lines=4, pots=3",1,4,3,"1",11,"11"
"948",1746,43624,2013-11-11,7651,67,"Photo-id (Pop Mon/Syn)","Photo-id (Pop Mon/Syn)","11:43","11:47",27.4696,-82.66265,"0","","Single animals traveling along seawall.  Boats=0, lines=0, pots=2.",0,0,2,"0",11,"11"
"949",1748,43626,2013-11-11,7651,69,"Photo-id (Pop Mon/Syn)","Photo-id (Pop Mon/Syn)","12:18","12:24",27.48454,-82.65498,"0","FB54,F159,F176,C548,1593","C548 socializing with 1593.  boats=0, lines=0, pots=1",0,0,1,"0",12,"11"
"950",1749,43627,2013-11-11,7651,70,"Photo-id (Pop Mon/Syn)","Photo-id (Pop Mon/Syn)","12:37","12:46",27.49753,-82.65292,"X","FB55,F213,C555","Jet-skis are zooming all around southside of UPS.  One broke off and came close to us and dolphins.  X=crossed our bow and dolphins paths crossed and zoomed away. Boats=3 (jet skis), lines=0, pots=0",3,0,0,"1",12,"11"
"951",1753,43631,2013-11-11,7651,74,"Photo-id (Pop Mon/Syn)","Photo-id (Pop Mon/Syn)","13:31","13:35",27.49462,-82.69567,"0","FB65,C655","boats=1, lines=0, pots=1.",1,0,1,"0",13,"11"
"952",1754,43632,2013-11-11,7651,75,"Photo-id (Pop Mon/Syn)","Photo-id (Pop Mon/Syn)","13:57","14:07",27.52423,-82.69969,"0","FB07,F278","each dolphin was in a separate subgroup.  F278 not acting as a calf.  Boats=3, lines=0, pots=5",3,0,5,"0",13,"11"
"953",1756,43634,2013-11-11,7651,77,"Photo-id (Pop Mon/Syn)","Photo-id (Pop Mon/Syn)","16:13","16:28",27.33188,-82.57345,"X","FB79,F131,C798,1317","Sarasota Bay Explorers in channel when we arrived; probably not harrased.  Boats=1 (SB Explorers), lines=0, pots=1.",1,0,1,"1",16,"11"
"954",1758,43636,2013-11-12,7652,22,"Photo-id (Pop Mon/Syn)","Photo-id (Pop Mon/Syn)","9:45","9:53",27.44184,-82.66397,"0","F173,F282","boats=0, lines=0, pots=2",0,0,2,"0",9,"11"
"955",1759,43637,2013-11-12,7652,23,"Photo-id (Pop Mon/Syn)","Photo-id (Pop Mon/Syn)","9:57","10:03",27.44394,-82.66896,"0","F133,F245","Calf fish tossing, calf with boat.  Boats=0, lines=0, pots=2",0,0,2,"0",9,"11"
"956",1760,43638,2013-11-12,7652,24,"Photo-id (Pop Mon/Syn)","Photo-id (Pop Mon/Syn)","10:09","10:15",27.44735,-82.67144,"0","FB11,C114","boat=1, lines=0, pots=3",1,0,3,"0",10,"11"
"957",1761,43639,2013-11-12,7652,25,"Photo-id (Pop Mon/Syn)","Photo-id (Pop Mon/Syn)","10:27","10:38",27.44547,-82.67207,"0","F232,F266,F272","Boats=0, lines=0, pots= ~5.",0,0,5,"0",10,"11"
"958",1763,43641,2013-11-12,7652,27,"Photo-id (Pop Mon/Syn)","Photo-id (Pop Mon/Syn)","11:06","11:17",27.4657,-82.69077,"L","F146,F197,F243","Fun n' Sun boat tours harrassing dolphins--closer than 50 meters.  Boats=4, lines=0, pots=1",4,0,1,"1",11,"11"
"959",1765,43643,2013-11-12,7652,29,"Photo-id (Pop Mon/Syn)","Photo-id (Pop Mon/Syn)","11:40","11:50",27.47475,-82.66915,"0","1316","Animal appears calf-sized.  Relatively clean.  No mother to be found.   Boats=0, lines=0, pots= ~6",0,0,6,"0",11,"11"
"960",1769,43647,2013-11-12,7652,33,"Photo-id (Pop Mon/Syn)","Photo-id (Pop Mon/Syn)","12:50","12:55",27.49434,-82.64618,"0","F215,2152","boats=0, lines=3 (from dock); pots=0",0,3,0,"1",12,"11"
"961",1771,43649,2013-11-12,7652,35,"Photo-id (Pop Mon/Syn)","Photo-id (Pop Mon/Syn)","13:28","13:41",27.48337,-82.65184,"0","F159,F148,F123,F215,F222,F213,1231,1593,2152","1231 chuffing.  Boats=1, lines=0, pots=0",1,0,0,"0",13,"11"
"962",1773,43651,2013-11-12,7652,37,"Photo-id (Pop Mon/Syn)","Photo-id (Pop Mon/Syn)","14:43","14:47",27.43252,-82.67081,"0","F109,F232,F246","boats=2, lines=0, pots=2",2,0,2,"0",14,"11"
"963",1774,43652,2013-11-12,7652,38,"Photo-id (Pop Mon/Syn)","Photo-id (Pop Mon/Syn)","15:49","15:58",27.3325,-82.57172,"0","F131,F262,HWK3,1317","boat=1, lines=0, pots=0",1,0,0,"0",15,"11"
"964",1775,43653,2013-11-12,7653,41,"Photo-id (Pop Mon/Syn)","Photo-id (Pop Mon/Syn)","8:31","8:34",27.30491,-82.58296,"0","YOKE,B207,BPRL","boats=0, lines=0, pots=5",0,0,5,"0",8,"11"
"965",1776,43654,2013-11-12,7653,42,"Photo-id (Pop Mon/Syn)","Photo-id (Pop Mon/Syn)","8:43","9:22",27.29159,-82.57317,"0","LONE,WINS,NIP2,PRF2,SRDO,TRTA,MOOY,PDFT,THRS,CRKS,PNGS","boats=0, lines=0, pots=25",0,0,25,"0",8,"11"
"966",1777,43655,2013-11-12,7653,43,"Photo-id (Pop Mon/Syn)","Photo-id (Pop Mon/Syn)","9:32","9:57",27.25863,-82.56553,"0","F114,BRBA,MDOL,KRSN,SRDO,TRTA,MTOG,PDFT,WRMT,CRKS,PNGS","Some dolphins from previous sighting.  Boats=1, lines=0, pots=10",1,0,10,"0",9,"11"
"967",1778,43656,2013-11-12,7653,44,"Photo-id (Pop Mon/Syn)","Photo-id (Pop Mon/Syn)","10:15","10:25",27.20485,-82.51276,"0","LNLD,SCS1,1673,LNL1","boat=3 (1 private rec, 2 paddleboards); lines=0, pots=19.  Associated organisms=halfbeaks",3,0,19,"1",10,"11"
"968",1779,43657,2013-11-12,7653,45,"Photo-id (Pop Mon/Syn)","Photo-id (Pop Mon/Syn)","11:09","11:12",27.09462,-82.47476,"0","SPEG","boats=0, lines=0, pots=10",0,0,10,"0",11,"11"
"969",1780,43658,2013-11-12,7653,46,"Photo-id (Pop Mon/Syn)","Photo-id (Pop Mon/Syn)","11:16","11:26",27.0968,-82.4736,"0","CRUM","boats=3, lines=2, pots=17",3,2,17,"0",11,"11"
"970",1781,43659,2013-11-12,7653,47,"Photo-id (Pop Mon/Syn)","Photo-id (Pop Mon/Syn)","12:19","12:55",27.13121,-82.46981,"0","F193","F193 looks skinny and has lesions on dorsal fin and peduncle.  Resps recorded for F193.  boats=11 (2 jet skis); lines=0, pots=11",11,0,11,"1",12,"11"
"971",1782,43660,2013-11-12,7653,48,"Photo-id (Pop Mon/Syn)","Photo-id (Pop Mon/Syn)","13:39","13:42",27.21246,-82.50299,"L","F108","2 jet skis circling on top of dolphin when started sighting.  Boats=4, lines=0, pots=0",4,0,0,"1",13,"11"
"972",1783,43661,2013-11-12,7653,49,"Photo-id (Pop Mon/Syn)","Photo-id (Pop Mon/Syn)","13:48","13:51",27.21973,-82.50787,"0","F211","boats=3 (kayaks), lines=2, pots=1",3,2,1,"1",13,"11"
"973",1784,43662,2013-11-12,7653,50,"Photo-id (Pop Mon/Syn)","Photo-id (Pop Mon/Syn)","14:04","14:08",27.2198,-82.50992,"0","F153,F211","boats=3 (kayaks), lines=2, pots=1",3,2,1,"1",14,"11"
"974",1785,43663,2013-11-12,7653,51,"Photo-id (Pop Mon/Syn)","Photo-id (Pop Mon/Syn)","14:15","14:24",27.23943,-82.51752,"L","F252,F264,C935","SG1=F264; SG2=C935, F252.  Siesta Key rental boat approached SG2 and followed throughout sighting.  Boats=7, lines=0, pots=0",7,0,0,"1",14,"11"
"975",1786,43664,2013-11-12,7653,52,"Photo-id (Pop Mon/Syn)","Photo-id (Pop Mon/Syn)","15:03","15:27",27.29217,-82.55129,"L","FB25,F221,C258","C258 is carrying a large jack in mouth, fish tossing.  Other=FB25 kerplunking.  Associated organisms=jack.  Small boat approached dolphins.  Boats=3, lines=0, pots=4",3,0,4,"0",15,"11"
"976",1787,43665,2013-11-12,7653,53,"Photo-id (Pop Mon/Syn)","Photo-id (Pop Mon/Syn)","15:36","15:42",27.30367,-82.54536,"0","FB78,F125,F238,1253","1253 is male (frame B225).  Boats=2, lines=0, pots=12",2,0,12,"0",15,"11"
"977",1788,43666,2013-11-12,7653,54,"Photo-id (Pop Mon/Syn)","Photo-id (Pop Mon/Syn)","16:10","16:29",27.30529,-82.56134,"L,I","F175,F247","Motor sailing catamaran drove over dolphins, person slapping on side of boat.  1754 resps recorded.  Leisons appeared to have healed; looks healthy.  Boat=1, lines=0, pots=8.",1,0,8,"1",16,"11"
"978",1789,43667,2013-11-12,7653,55,"Photo-id (Pop Mon/Syn)","Photo-id (Pop Mon/Syn)","16:57","17:03",27.33062,-82.57162,"0","F131,F262,HWK3,1317","boats=0, lines=0, pots=1",0,0,1,"0",16,"11"
"979",1790,43669,2013-11-12,7654,61,"Photo-id (Pop Mon/Syn)","Photo-id (Pop Mon/Syn)","8:30","8:38",27.33037,-82.59651,"0","BKHO,BKH2","Calf social with boat. 0 boat, 0 lines, 8 crabpots.",0,0,8,"0",8,"11"
"980",1791,43670,2013-11-12,7654,62,"Photo-id (Pop Mon/Syn)","Photo-id (Pop Mon/Syn)","11:01","11:05",27.50882,-82.57596,"0","F223,F225,2253,2231","2253 with boat. 1 boat, 0 lines, 2 crabpots.",1,0,2,"0",11,"11"
"981",1792,43671,2013-11-12,7654,63,"Photo-id (Pop Mon/Syn)","Photo-id (Pop Mon/Syn)","11:26","11:34",27.51045,-82.57929,"0","ZELD,HOVA,ZEL2,F223,F225,2253,2231,ZEL4","SG1: HOVA, ZELD, ZEL2, yoy of ZELD. SG2: F223, 2231, F225, 2253. Subgroups joined at 11:34. 1 boat, 0 lines, 3 crabpots.",1,0,3,"0",11,"11"
"982",1794,43673,2013-11-12,7654,65,"Photo-id (Pop Mon/Syn)","Photo-id (Pop Mon/Syn)","12:05","12:22",27.52456,-82.64738,"0","DAB1","1 boat, 0 lines, 0 crabpots.",1,0,0,"0",12,"11"
"983",1795,43674,2013-11-12,7654,66,"Photo-id (Pop Mon/Syn)","Photo-id (Pop Mon/Syn)","12:13","12:28",27.52703,-82.64536,"0","FB10,HAIR,DAB1,HLP4","Rec boat plowed full speed over dolphins in channel. 5 boats, 0 lines, 0 crabpots.",5,0,0,"1",12,"11"
"984",1796,43675,2013-11-12,7654,67,"Photo-id (Pop Mon/Syn)","Photo-id (Pop Mon/Syn)","13:26","13:31",27.50777,-82.6973,"0","F135,F173","F135 fish in mouth, tossed it then ate it. 1 boat, 0 lines, 0 crabpots.",1,0,0,"0",13,"11"
"985",1797,43676,2013-11-12,7654,68,"Photo-id (Pop Mon/Syn)","Photo-id (Pop Mon/Syn)","14:01","14:10",27.47552,-82.69596,"0","F146","4 boats (1 kayak), 0 lines, 8 crabpots.",4,0,8,"1",14,"11"
"986",1798,43677,2013-11-12,7654,69,"Photo-id (Pop Mon/Syn)","Photo-id (Pop Mon/Syn)","14:19","14:23",27.46642,-82.6916,"L","F197,F207,F227,F243","Dolphins travelled towards cabin cruiser trying to bow ride at the same time the boat was entering no wake zone. One private rec boat approached dolphins within 50 m. 2 boats, 0 lines, 9 crabpots.",2,0,9,"1",14,"11"
"987",1799,43678,2013-11-12,7654,70,"Photo-id (Pop Mon/Syn)","Photo-id (Pop Mon/Syn)","14:35","14:45",27.43041,-82.66782,"0","F266,1092","2 boats, 0 lines, 5 crabpots.",2,0,5,"0",14,"11"
"988",1801,43695,2013-11-21,7658,42,"Photo-id (Pop Mon)","Photo-id (Pop Mon)","9:56","10:06",27.40953,-82.63998,"0","F237,F276,F142,F239","Boats=2, lines=0, pots=8",2,0,8,"0",9,"11"
"989",1802,43696,2013-11-21,7658,43,"Photo-id (Pop Mon)","Photo-id (Pop Mon)","10:40","11:07",27.47945,-82.6787,"0","FB54,FB33,F123,C548,1231,C330","1 of the calves interacting with a cormorant.  Calves leaping.  F123 chuffing.  All three calves socializing together.  Began with FB33 and C330, briefly lost but relocated with F123 and 1231.  FB54 briefly joined group with C548.  Moms' distant and sprea",0,0,5,"0",10,"11"
"990",1803,43697,2013-11-21,7658,44,"Photo-id (Pop Mon)","Photo-id (Pop Mon)","11:18","11:24",27.47597,-82.66774,"0","F148,F135,F222","boats=1, lines=2, pots=0",1,2,0,"0",11,"11"
"991",1806,43700,2013-11-21,7658,47,"Photo-id (Pop Mon)","Photo-id (Pop Mon)","13:02","13:16",27.48057,-82.69612,"0","F148,F146,F222,F278","SG1=F155, 1556; SG2=F278,F146; SG3=F148, F222.  boats=1, lines=0, pots=0",1,0,0,"0",13,"11"
"992",1807,43701,2013-11-21,7658,48,"Photo-id (Pop Mon)","Photo-id (Pop Mon)","13:47","14:04",27.49339,-82.6962,"X","FB65,C655","FB65 approached private rec boat with 2 active lines w/in 20 meters.  Fishermen reeled lines in and left.  C655 never appraoched fishermen, was prob feeding around slow speed sign the entire time.  One boat plowed over C655.  Boats=4, lines=2, pots=0.  As",4,2,0,"1",13,"11"
"993",1808,43702,2013-11-21,7658,49,"Photo-id (Pop Mon)","Photo-id (Pop Mon)","14:07","14:09",27.48941,-82.69888,"0","F146","Boats=1, lines=0, pots=0",1,0,0,"0",14,"11"
"994",1809,43703,2013-11-21,7658,50,"Photo-id (Pop Mon)","Photo-id (Pop Mon)","14:54","15:05",27.4113,-82.64382,"0","FB27,FB92,F128,F284","Boats=1, lines=0, pots=3",1,0,3,"0",14,"11"
"995",1812,43706,2013-12-02,7663,22,"Photo-id (Pop Mon)","Photo-id (Pop Mon)","10:32","10:49",27.47546,-82.7049,"0","F209,2091","Prob feeding very close to beach. Calf swimming towards boat. 0 boats, 1 lines, 10 crabpots.",0,1,10,"0",10,"12"
"996",1813,43707,2013-12-02,7663,23,"Photo-id (Pop Mon)","Photo-id (Pop Mon)","11:07","11:27",27.53429,-82.75223,"0","RTM2,BASH,ATMM,LITT,GLOS","SG1: ATMM, RTM2, GLOS. SG2: BASH and LITT. At 11:26 subgroups 1 and 2 joined. 1 boat, 0 lines, 3 crabpots.",1,0,3,"0",11,"12"
"997",1814,43708,2013-12-02,7663,24,"Photo-id (Pop Mon)","Photo-id (Pop Mon)","11:41","11:59",27.56169,-82.74558,"0","FB10,FB07,M145,F219,F113,F176,F278,1456,1134,2194","SG1: F219, 2194, F176, M145, 1456. SG2: FB07, F278, FB10, F113, 1134. FB07 fish in mouth. 1 boat, 0 lines, 0 crabpots.",1,0,0,"0",11,"12"
"998",1815,43709,2013-12-02,7663,25,"Photo-id (Pop Mon)","Photo-id (Pop Mon)","12:18","12:24",27.54809,-82.65297,"0","RTMW,RTM5","0 boats, 0 lines, 3 crabpots.",0,0,3,"0",12,"12"
"999",1816,43710,2013-12-02,7663,26,"Photo-id (Pop Mon)","Photo-id (Pop Mon)","12:32","12:41",27.54534,-82.63309,"0","LNPF,LNCC,F217,F223,F225,2253,CAM1,2231","CAM1 was possibly babysitting 2231. 1 boat, 2 lines, 0 crabpots.",1,2,0,"0",12,"12"
"1000",1817,43711,2013-12-02,7663,27,"Photo-id (Pop Mon)","Photo-id (Pop Mon)","12:50","12:53",27.5486,-82.61541,"0","F240,TDTC,C911","3 boats, 5 lines (plus cast net), 0 crabpots.",3,6,0,"1",12,"12"
"1001",1819,43713,2013-12-02,7663,29,"Photo-id (Pop Mon)","Photo-id (Pop Mon)","14:41","14:53",27.52521,-82.7001,"0","F154,F113,F165,1651,1134","SG1: F113, 1134, F165, 1651. SG2: F154. 1 boat, 0 lines, 0 crabpots.",1,0,0,"0",14,"12"
"1002",1821,43715,2013-12-02,7663,31,"Photo-id (Pop Mon)","Photo-id (Pop Mon)","16:06","16:15",27.38325,-82.61843,"0","F131,F159,F233,1317,1593","SG1: F233. SG2: F131, 1317, F159, 1593. 2 boats (1 kayak), 1 line (from kayak), 0 crabpots.",2,1,0,"1",16,"12"
"1003",1823,43717,2013-12-02,7664,41,"Photo-id (Pop Mon)","Photo-id (Pop Mon)","9:28","9:38",27.28306,-82.57748,"0","","Unpredictable surfacing over very large area. Never got closer than 40 m. 0 boats, 0 lines, 1 crabpot.",0,0,1,"0",9,"12"
"1004",1824,43718,2013-12-02,7664,42,"Photo-id (Pop Mon)","Photo-id (Pop Mon)","10:25","10:32",27.11113,-82.47135,"0","SCS1","1 boat, 2 lines, 1 crabpot.",1,2,1,"0",10,"12"
"1005",1825,43719,2013-12-02,7664,43,"Photo-id (Pop Mon)","Photo-id (Pop Mon)","10:59","11:09",27.11295,-82.47054,"0","LNLD,SCS1,1673,LNL1","SG1: LNLD, LNL1, SCS1. SG2: 1673. LNLD, LNL1, and SCS1 socializing. 1673 prob feeding within 10-70 m of SG1. Associated organisms: pelican and cormorants. 2 boats, 0 lines, 0 crabpots.",2,0,0,"0",10,"12"
"1006",1826,43720,2013-12-02,7664,44,"Photo-id (Pop Mon)","Photo-id (Pop Mon)","13:14","13:17",27.24615,-82.52365,"0","FB78","0 boats, 0 lines, 1 crabpot.",0,0,1,"0",13,"12"
"1007",1827,43721,2013-12-02,7664,45,"Photo-id (Pop Mon)","Photo-id (Pop Mon)","14:08","14:28",27.30121,-82.5439,"0","FB79,C798","Prob feeding within 20 m of wade fisherman, however does not appear to be interacting. 0 boats, 1 line, 7 crabpots.",0,1,7,"1",14,"12"
"1008",1828,43722,2013-12-02,7664,46,"Photo-id (Pop Mon)","Photo-id (Pop Mon)","14:56","15:09",27.29417,-82.5621,"0","F199,F211,1992","SG1: F199, 1992, and F211 travelling S. SG2: 3-4 animals passed by during sighting, no photos of this group, did not approach and could not relocate at end of sighting. 3 boats, 0 lines, 0 crabpots.",3,0,0,"0",14,"12"
"1009",1829,43723,2013-12-02,7665,61,"Photo-id (Pop Mon)","Photo-id (Pop Mon)","8:38","8:55",27.33075,-82.57612,"0","","0 boats, 0 lines, 26 crabpots.",0,0,26,"0",8,"12"
"1010",1830,43724,2013-12-02,7665,62,"Photo-id (Pop Mon)","Photo-id (Pop Mon)","8:58","9:18",27.32815,-82.56374,"0","F175,F199,F179,F262,1315,F252,F256,1753,C935,F247,1992","SG1: F199, F175, 1992, 1754. SG2: 1315, F179, F252, 1753, F262, F256, C935. 0 boats, 0 lines, 22 crabpots.",0,0,22,"0",8,"12"
"1011",1831,43725,2013-12-02,7665,63,"Photo-id (Pop Mon)","Photo-id (Pop Mon)","9:27","9:42",27.34806,-82.55415,"0","F248,C835,MTBG,LIZ1,WRTH","SG: LIZ1, DU, MTBG. SG2: F248 and C835. 2 boats, 0 lines, 0 crabpots.",2,0,0,"0",9,"12"
"1012",1832,43726,2013-12-02,7665,64,"Photo-id (Pop Mon)","Photo-id (Pop Mon)","10:06","10:14",27.41447,-82.59409,"0","FB65,F241,F213,C655","Dolphins were within 50 m of net but not interacting with fishermen. 2 boats (associated with fishermen and stationary), 0 lines (commercial mullet net approx 100 m long), 7 crabpots.",2,1,7,"1",10,"12"
"1013",1833,43727,2013-12-02,7665,65,"Photo-id (Pop Mon)","Photo-id (Pop Mon)","10:42","10:48",27.43931,-82.66275,"0","FB92,F131,F128,F159,1317,1593","F131 is chuffing. 0 boats, 0 lines, 6 crabpots.",0,0,6,"0",10,"12"
"1014",1834,43728,2013-12-02,7665,66,"Photo-id (Pop Mon)","Photo-id (Pop Mon)","10:51","10:54",27.43884,-82.66263,"P","F173,F250","F173 feeding dives near crabpot. 0 boats, 0 lines, 5 crabpots.",0,0,5,"0",10,"12"
"1015",1836,43730,2013-12-02,7665,68,"Photo-id (Pop Mon)","Photo-id (Pop Mon)","11:05","11:10",27.44063,-82.66555,"0","F133,F266,F245","F266 briefly joined then continued on his way. 0 boats, 0 lines, 2 crabpots.",0,0,2,"0",11,"12"
"1016",1837,43731,2013-12-02,7665,69,"Photo-id (Pop Mon)","Photo-id (Pop Mon)","11:45","11:53",27.47928,-82.68252,"0","F146,F228","1 boat, 0 lines, 0 crabpots.",1,0,0,"0",11,"12"
"1017",1841,43735,2013-12-02,7665,73,"Photo-id (Pop Mon)","Photo-id (Pop Mon)","14:17","14:21",27.50232,-82.70878,"0","FB10,F135","1 boat, 0 lines, 0 crabpots.",1,0,0,"0",14,"12"
"1018",1842,43736,2013-12-02,7665,74,"Photo-id (Pop Mon)","Photo-id (Pop Mon)","14:31","14:35",27.4968,-82.69085,"0","F178,F188","Sharking near mangroves. Unk boats, 4 lines (2 lines, 2 cast nets), 1 crabpots.",0,4,1,"1",14,"12"
"1019",1843,43737,2013-12-02,7665,75,"Photo-id (Pop Mon)","Photo-id (Pop Mon)","14:45","14:56",27.47182,-82.6937,"0","FB33,F138,C330","3 boats, 0 lines, 3 crabpots.",3,0,3,"0",14,"12"
"1020",1846,43741,2013-12-03,7666,22,"Photo-id (Pop Mon)","Photo-id (Pop Mon)","11:28","11:52",27.51675,-82.6061,"0","HAIR,CMRS,HITS,TDTL,HLP4","SG1: HITS, TDTL. SG2: HAIR, HLP4. SG3: CMRS (from previous sighting joined). Initially three subgroups then all animals came together. 1 boat, 0 lines, 0 crabpots.",1,0,0,"0",11,"12"
"1021",1848,43743,2013-12-03,7666,24,"Photo-id (Pop Mon)","Photo-id (Pop Mon)","12:57","13:10",27.52366,-82.62984,"0","HAIR,HLP4","Dolphins very evasive, actively avoiding boat. 1 boat, 0 lines, ~2 crabpots.",1,0,2,"0",12,"12"
"1022",1849,43744,2013-12-03,7666,25,"Photo-id (Pop Mon)","Photo-id (Pop Mon)","13:15","13:35",27.53078,-82.64124,"0","HAIR,CMRS,HITS,TDTL,B053,DABL,HLP4,DAB2,B531","SG1: 3 animals, lost. SG2: CMRS and 1 other. SG3: 4+ animals. 4 boats, 2 lines, 0 crabpots.",4,2,0,"0",13,"12"
"1023",1850,43745,2013-12-03,7667,41,"Photo-id (Pop Mon)","Photo-id (Pop Mon)","9:48","9:51",27.1944,-82.50639,"0","1673","0 boats, 0 lines, 8 crabpots.",0,0,8,"0",9,"12"
"1024",1851,43746,2013-12-03,7667,42,"Photo-id (Pop Mon)","Photo-id (Pop Mon)","10:24","10:34",27.11386,-82.47042,"0","AMVM,SCS1,SCS2","Animals initially prob feeding along beach just N of Jetty. No interaction with jetty observed but animals quickly started travelling N. Unk boats, 6 lines, 3 crabpots.",6,0,3,"0",10,"12"
"1025",1852,43747,2013-12-03,7667,43,"Photo-id (Pop Mon)","Photo-id (Pop Mon)","11:51","11:56",27.19825,-82.49985,"0","","Dolphin may have tossed a fish. 2 boats (1 commercial fishing boat not fishing, 1 private rec pontoon), 0 lines, 3 crabpots.",2,0,3,"1",11,"12"
"1026",1853,43748,2013-12-03,7667,44,"Photo-id (Pop Mon)","Photo-id (Pop Mon)","12:01","12:38",27.20425,-82.50165,"0","F153,FB15,FB25,F264,C258","F264 and C258 socializing and leaping. 2 boats fishing near beginning of sighting. 2 rec boats slowed down to watch dolphins but did not harass. 4 boats, 5 lines, 5-10 crabpots.",4,5,5,"1",12,"12"
"1027",1854,43749,2013-12-03,7667,45,"Photo-id (Pop Mon)","Photo-id (Pop Mon)","13:25","13:33",27.2538,-82.5311,"0","C935","0 boats, 0 lines, 15 crabopts.",0,0,15,"0",13,"12"
"1028",1855,43750,2013-12-03,7667,46,"Photo-id (Pop Mon)","Photo-id (Pop Mon)","14:20","14:34",27.30086,-82.54525,"0","FB78,F125,F238,F262,1315,F252,F256,1253","Riptorn socialzing. 0 boats, 0 lines, 6 crabpots.",0,0,6,"0",14,"12"
"1029",1856,43751,2013-12-03,7667,47,"Photo-id (Pop Mon)","Photo-id (Pop Mon)","14:54","15:02",27.28936,-82.5631,"0","F248,C835","0 boats, 0 lines, 1 crabpot.",0,0,1,"0",14,"12"
"1030",1858,43753,2013-12-03,7668,61,"Photo-id (Pop Mon)","Photo-id (Pop Mon)","10:03","10:21",27.47629,-82.67104,"0","FB33,FB11,FB55,F135,F215,F280,C555,C114,C330,2152","SG1: FB33, C330, FB55, C555, F215, 2152, F280, F135. SG2: FB11, C114. 3 boats, 2 lines, 9 crabpots.",3,2,9,"0",10,"12"
"1031",1861,43756,2013-12-03,7668,64,"Photo-id (Pop Mon)","Photo-id (Pop Mon)","12:17","12:35",27.52078,-82.70734,"0","F220","10 min of resps recorded on F220. 2 boats, 0 lines, 6 crabpots.",2,0,6,"0",12,"12"
"1032",1862,43757,2013-12-03,7668,65,"Photo-id (Pop Mon)","Photo-id (Pop Mon)","12:41","12:48",27.5319,-82.72079,"0","FB65,FB07,F113,F133,F137,F278,C655,F245,1134","1 boat, 0 lines, 1 crabpot.",1,0,1,"0",12,"12"
"1033",1863,43758,2013-12-03,7668,66,"Photo-id (Pop Mon)","Photo-id (Pop Mon)","13:24","13:28",27.47489,-82.69464,"L,I","F215,F280,2152","Fun 'n Sun boat tour driving on top of group of animals, plus clapping and whistling to attract. Capt Kathe boat nearby and keeping her distance. 3 boats, 0 lines, 8 crabpots.",3,0,8,"1",13,"12"
"1034",1864,43759,2013-12-03,7668,67,"Photo-id (Pop Mon)","Photo-id (Pop Mon)","13:57","14:05",27.43343,-82.672,"0","FB55,F266,C555","4 boats, 0 lines, 1 crabpot.",4,0,1,"0",13,"12"
"1035",1865,43760,2013-12-04,7669,21,"Photo-id (Pop Mon)","Photo-id (Pop Mon)","9:14","9:24",27.26725,-82.56572,"0","FB87,FB25,RY34,MPTB,F109,F125,F199,1753,F221,C874,1092,C258,1253,1992","1092 acting like a calf. Other = surfing. 1 boat, 0 lines, 0 crabpots.",1,0,0,"0",9,"12"
"1036",1866,43761,2013-12-04,7669,22,"Photo-id (Pop Mon)","Photo-id (Pop Mon)","10:05","10:17",27.16139,-82.49748,"0","TCTV,TCT1","TCT1 was bowriding. 0 boats, 0 lines, 26 crabpots.",0,0,26,"0",10,"12"
"1037",1867,43762,2013-12-04,7669,23,"Photo-id (Pop Mon)","Photo-id (Pop Mon)","10:32","11:02",27.1194,-82.47184,"0","MFLC,F167,BTWO,JETY,AMVM,FZJS,LNLD,L108,NADW,SCS1,BBRD,CENT,HVTI,MLVN,AMV1,LNL1,HVT1,1674","Other = multiple headslaps. 0 boats, 0 lines, 43 crabpots.",0,0,43,"0",10,"12"
"1038",1868,43763,2013-12-04,7669,24,"Photo-id (Pop Mon)","Photo-id (Pop Mon)","13:17","13:20",27.25183,-82.5294,"0","F221","Fish toss. 7 boats, 0 lines, 1 crabpot.",7,0,1,"0",13,"12"
"1039",1869,43764,2013-12-04,7669,25,"Photo-id (Pop Mon)","Photo-id (Pop Mon)","13:34","13:41",27.25742,-82.53336,"0","FB35","3 boats, 0 lines, 7 crabpots.",3,0,7,"0",13,"12"
"1040",1870,43765,2013-12-04,7669,26,"Photo-id (Pop Mon)","Photo-id (Pop Mon)","14:00","14:02",27.27392,-82.54313,"0","FB25,C258","2 boats, 0 lines, 0 crabpots.",2,0,0,"0",14,"12"
"1041",1871,43766,2013-12-04,7669,27,"Photo-id (Pop Mon)","Photo-id (Pop Mon)","14:43","14:45",27.3212,-82.55142,"0","FB87,FB78,C874","1 boats, 0 lines, 0 crabpots.",1,0,0,"0",14,"12"
"1042",1872,43767,2013-12-04,7669,28,"Photo-id (Pop Mon)","Photo-id (Pop Mon)","15:03","15:04",27.30639,-82.54731,"0","FB25,C258","0 boats, 0 lines, 1 crabpot.",0,0,1,"0",15,"12"
"1043",1873,43768,2013-12-04,7669,29,"Photo-id (Pop Mon)","Photo-id (Pop Mon)","15:21","15:27",27.29512,-82.56044,"X","RY34","Milling near fishing boat with two active lines (poss patrolling). 2 boats, 4 lines, 5 crabpots.",2,4,5,"1",15,"12"
"1044",1874,43769,2013-12-04,7670,41,"Photo-id (Pop Mon)","Photo-id (Pop Mon)","8:53","9:38",27.36444,-82.55924,"0","FB20,F182,FB02,C834,IKN2,F248,PHIL,C835,F236,F258,F171,F234,HWK3","2 boats, 0 lines, approx 5 crabpots.",2,0,5,"0",8,"12"
"1045",1875,43770,2013-12-04,7670,42,"Photo-id (Pop Mon)","Photo-id (Pop Mon)","9:53","10:09",27.40638,-82.58189,"0","FB90,FB65,F246,F241,F270,C655","F270 not behaving like a calf. 2 boats, 3 lines, 0 crabpots.",2,3,0,"0",9,"12"
"1046",1876,43771,2013-12-04,7670,43,"Photo-id (Pop Mon)","Photo-id (Pop Mon)","10:34","10:51",27.41424,-82.62598,"0","C555","Fish toss. Second animal was seen about 100 m away from C555. Never joined. No photos of second animal. No visual authorization of fin. We never approached second animal. 1 boat, 0 lines, 0 crabpots.",1,0,0,"0",10,"12"
"1047",1877,43772,2013-12-04,7670,44,"Photo-id (Pop Mon)","Photo-id (Pop Mon)","11:31","11:44",27.46693,-82.69153,"0","F159,F146,F228,1593","2 boats, 0 lines, 15 crabpots.",2,0,15,"0",11,"12"
"1048",1879,43774,2013-12-04,7670,46,"Photo-id (Pop Mon)","Photo-id (Pop Mon)","13:12","13:21",27.4802,-82.68078,"0","FB33,F138,F173,F187,C330","1 boat, 0 lines, 0 crabpots.",1,0,0,"0",13,"12"
"1049",1880,43775,2013-12-04,7670,47,"Photo-id (Pop Mon)","Photo-id (Pop Mon)","13:50","13:54",27.51867,-82.69662,"0","","Lost animal in wake of cabin cruiser. 1 boat, 0 lines, 0 crabpots.",1,0,0,"1",13,"12"
"1050",1881,43776,2013-12-04,7670,48,"Photo-id (Pop Mon)","Photo-id (Pop Mon)","14:51","14:57",27.43266,-82.67091,"0","FB65,C655","Animals surfaced about 5 m from boat, next seen 250 or more beyond shoal. Nai'a was in channel, went to try to pick up (S #66). 1 boat, 1 line, 0 crabpots.",1,1,0,"0",14,"12"
"1051",1882,43777,2013-12-04,7671,61,"Photo-id (Pop Mon)","Photo-id (Pop Mon)","9:11","9:25",27.36195,-82.62626,"0","FB44,F254,BOXR","1 boat (1 commercial crab boat), 0 line, 77 crabpots.",1,0,77,"1",9,"12"
"1052",1883,43778,2013-12-04,7671,62,"Photo-id (Pop Mon)","Photo-id (Pop Mon)","9:42","9:53",27.38856,-82.64602,"0","FB44,F110,SOLB,F254,BOXR,WENT","Lots of surface lunging with fish in mouth. 0 boats, 0 lines, 120 crabpots.",0,0,120,"0",9,"12"
"1053",1884,43779,2013-12-04,7671,63,"Photo-id (Pop Mon)","Photo-id (Pop Mon)","10:48","11:23",27.54687,-82.74066,"0","PSDQ,FB07,M145,CWM3,F219,RTM2,F176,F165,HMLT,QECD,WTKN,1454,PSC4,F278,1456,1651,CW32,HML2,2194,CL-5337","Avoiding boat and lots of chuffing. Very large, widely scattered group. Incomplete photo coverage Is certain. 3 boats, 2 lines, 12 crabpots.",3,2,12,"0",10,"12"
"1054",1885,43780,2013-12-04,7671,64,"Photo-id (Pop Mon)","Photo-id (Pop Mon)","14:27","14:35",27.4519,-82.68512,"0","F207","1 boat, 0 lines, 4 crabpots.",1,0,4,"0",14,"12"
"1055",1886,43781,2013-12-04,7671,65,"Photo-id (Pop Mon)","Photo-id (Pop Mon)","14:46","14:51",27.43914,-82.6799,"0","F155,F227,1556","3 boats, 0 lines, 6 crabpots.",3,0,6,"0",14,"12"
"1056",1887,43782,2013-12-04,7671,66,"Photo-id (Pop Mon)","Photo-id (Pop Mon)","15:04","15:06",27.43808,-82.6783,"0","FB65,C655","1 boat, 0 lines, 3 crabpots.",1,0,3,"0",15,"12"
"1057",1888,43783,2013-12-04,7671,67,"Photo-id (Pop Mon)","Photo-id (Pop Mon)","15:09","15:16",27.43755,-82.67561,"0","F250,F213","Surfing in boat wake. Split up and headed in opposite directions. 1 boat, 0 lines, 2 crabpots.",1,0,2,"0",15,"12"
"1058",1889,43784,2013-12-05,7672,21,"Photo-id (Pop Mon)","Photo-id (Pop Mon)","9:38","9:59",27.43258,-82.644,"0","F237,F182,FB02,C834,F276,F142,PHIL,F236,F266,F239","SG1: F276, F142, HAWK, HWK4. SG2: F182, C834, PHIL, F266 (only present briefly). SG3: FB02, F236. 1 boat, 0 lines, 0 crabpots.",1,0,0,"0",9,"12"
"1059",1891,43786,2013-12-05,7672,23,"Photo-id (Pop Mon)","Photo-id (Pop Mon)","10:43","10:52",27.47918,-82.68088,"0","FB33,FB11,F155,F138,F159,F135,F233,C114,1593,C330,1556","F155 chuffing. Calves socializing together, leaping.  1 boat, 0 lines, 0 crabpots.",1,0,0,"0",10,"12"
"1060",1892,43787,2013-12-05,7672,24,"Photo-id (Pop Mon)","Photo-id (Pop Mon)","11:05","11:16",27.47005,-82.66335,"0","F187,F280","Playing with leaf underwater. Seawall feeding. 1 boat, 0 lines, 0 crabpots.",1,0,0,"0",11,"12"
"1061",1893,43788,2013-12-05,7672,25,"Photo-id (Pop Mon)","Photo-id (Pop Mon)","11:41","11:44",27.4957,-82.65231,"0","F215,F213,2152","1 boat (kayak), 1 line, 0 crabpots.",1,1,0,"1",11,"12"
"1062",1894,43789,2013-12-05,7672,26,"Photo-id (Pop Mon)","Photo-id (Pop Mon)","12:14","12:19",27.47946,-82.67703,"0","","3 boats (1 boat and 2 jetskis), 0 lines, 0 crabpots.",3,0,0,"1",12,"12"
"1063",1895,43790,2013-12-05,7672,27,"Photo-id (Pop Mon)","Photo-id (Pop Mon)","12:28","12:43",27.48552,-82.69741,"0","FB07,F241,F278","SG1: FB07, F278 C654. SG2: 2 adult sized animals, travelled off in different direction and were not relocated after covering SG1. No photos of SG2. 5 boats, 0 lines, 0 crabpots.",5,0,0,"0",12,"12"
"1064",1896,43791,2013-12-05,7672,28,"Photo-id (Pop Mon)","Photo-id (Pop Mon)","13:03","13:13",27.5157,-82.70457,"0","FB33,F138,F135,F179,C330","1 boat, 0 lines, 0 crabpots.",1,0,0,"0",13,"12"
"1065",1897,43792,2013-12-05,7672,29,"Photo-id (Pop Mon)","Photo-id (Pop Mon)","14:01","14:16",27.4566,-82.69234,"0","FB28","2 boats, 0 lines, ~10 crabpots.",2,0,10,"0",14,"12"
"1066",1898,43793,2013-12-05,7672,30,"Photo-id (Pop Mon)","Photo-id (Pop Mon)","14:28","14:30",27.44182,-82.68307,"0","F155,1556","1 boat, 0 lines, 0 crabpots.",1,0,0,"0",14,"12"
"1067",1899,43794,2013-12-05,7672,31,"Photo-id (Pop Mon)","Photo-id (Pop Mon)","15:13","15:18",27.41677,-82.64959,"0","F266","F266 fish toss. 4 boats, 0 lines, 0 crabpots.",4,0,0,"0",15,"12"
"1068",1900,43795,2013-12-05,7672,32,"Photo-id (Pop Mon)","Photo-id (Pop Mon)","15:32","15:37",27.40013,-82.61536,"0","F237,F276,F142,F239","Fish toss. 1 boat, 0 lines, 0 crabpots.",1,0,0,"0",15,"12"
"1069",1901,43797,2014-01-09,7674,21,"Photo-id (Pop Mon)","Photo-id (Pop Mon)","10:56","11:07",27.11271,-82.47115,"0","F108,AMVM,LNLD,AMV1,LNL1","0 boats, 1 line, 10 crabpots.",0,1,10,"0",10,"01"
"1070",1903,43799,2014-01-09,7674,23,"Photo-id (Pop Mon)","Photo-id (Pop Mon)","15:25","15:35",27.30225,-82.56258,"0","F252","0 boats, 0 lines, 4 crabpots.",0,0,4,"0",15,"01"
"1071",1904,43800,2014-01-09,7674,24,"Photo-id (Pop Mon)","Photo-id (Pop Mon)","15:48","15:54",27.3222,-82.56631,"0","1315,1753","0 boats, 0 lines, 6 crabpots.",0,0,6,"0",15,"01"
"1072",1905,43801,2014-01-09,7675,41,"Photo-id (Pop Mon)","Photo-id (Pop Mon)","9:24","9:33",27.33068,-82.57645,"0","FB25,C258","0 boats, 0 lines, 2 crabpots.",0,0,2,"0",9,"01"
"1073",1907,43803,2014-01-09,7675,43,"Photo-id (Pop Mon)","Photo-id (Pop Mon)","11:41","11:42",27.47947,-82.67928,"0","FB54,FB55,F138,F135,F229,C548,C555","Sharking across sandbar. 0 boats, 0 lines, 2 crabpots.",0,0,2,"0",11,"01"
"1074",1910,43806,2014-01-09,7675,46,"Photo-id (Pop Mon)","Photo-id (Pop Mon)","14:25","14:35",27.49442,-82.69685,"0","F148","SG1: F148. SG2: F222? No photos. 1 boat, 0 lines, 0 crabpots.",1,0,0,"0",14,"01"
"1075",1911,43807,2014-01-09,7675,47,"Photo-id (Pop Mon)","Photo-id (Pop Mon)","14:56","15:01",27.43965,-82.68008,"0","F146,F228,F187","1 boat, 0 lines, 11 crabpots.",1,0,11,"0",14,"01"
"1076",1912,43808,2014-01-09,7675,48,"Photo-id (Pop Mon)","Photo-id (Pop Mon)","15:04","15:06",27.44048,-82.6812,"X","F178,F188,F179","Island Pearl boat cricling and following dolphins initially but backed off when we approached. 2 boats, unk lines, 7 crabpots.",2,0,7,"1",15,"01"
"1077",1913,43809,2014-01-09,7675,49,"Photo-id (Pop Mon)","Photo-id (Pop Mon)","15:14","15:18",27.43277,-82.67131,"0","F262,F256","0 boats, 0 lines, 2 crabpots.",0,0,2,"0",15,"01"
"1078",1915,43811,2014-01-10,7676,21,"Photo-id (Pop Mon)","Photo-id (Pop Mon)","9:17","9:23",27.35035,-82.55549,"0","FB87,F248,C835,MTBG,LIZ1,C874","0 boats, 0 lines, 2 crabpots.",0,0,2,"0",9,"01"
"1079",1916,43812,2014-01-10,7676,22,"Photo-id (Pop Mon)","Photo-id (Pop Mon)","9:34","9:38",27.37953,-82.57065,"0","HWK3","2 boats, 0 lines, 0 crabpots.",2,0,0,"0",9,"01"
"1080",1917,43813,2014-01-10,7676,23,"Photo-id (Pop Mon)","Photo-id (Pop Mon)","10:00","10:10",27.4127,-82.6402,"0","F237,FB02,F276,F142,F236,F171,F239","Fist toss. 0 boats, 0 lines, 6 crabpots.",0,0,6,"0",10,"01"
"1081",1919,43815,2014-01-10,7676,25,"Photo-id (Pop Mon)","Photo-id (Pop Mon)","10:58","11:05",27.45635,-82.68687,"0","FB11,F133,F245,C114","1 boat, 0 lines, 14 crabpots.",1,0,14,"0",10,"01"
"1082",1920,43816,2014-01-10,7676,26,"Photo-id (Pop Mon)","Photo-id (Pop Mon)","11:18","11:22",27.47409,-82.69341,"0","F215,F197,F213,F229,F280,F243,2152","2152 surfaced frequently with F213. 9 boats, 0 lines, 3 crabpots.",9,0,3,"0",11,"01"
"1083",1922,43818,2014-01-10,7676,28,"Photo-id (Pop Mon)","Photo-id (Pop Mon)","11:41","11:47",27.47948,-82.67487,"0","F138","1 boat, 0 lines, 0 crabpots.",1,0,0,"0",11,"01"
"1084",1924,43820,2014-01-10,7676,30,"Photo-id (Pop Mon)","Photo-id (Pop Mon)","12:05","12:08",27.47561,-82.67054,"0","FB54,F135,C548","1 boat, 3 lines, 2 crabpots.",1,3,2,"0",12,"01"
"1085",1925,43821,2014-01-10,7676,31,"Photo-id (Pop Mon)","Photo-id (Pop Mon)","13:14","13:17",27.48004,-82.67621,"0","","Lost dolphin. 1 boat, 0 lines, 2 crabpots.",1,0,2,"0",13,"01"
"1086",1926,43822,2014-01-10,7676,32,"Photo-id (Pop Mon)","Photo-id (Pop Mon)","13:22","13:27",27.47919,-82.68539,"0","F123,1231","1 boat, 0 lines, 0 crabpots.",1,0,0,"0",13,"01"
"1087",1927,43823,2014-01-10,7676,33,"Photo-id (Pop Mon)","Photo-id (Pop Mon)","13:35","13:39",27.48435,-82.69678,"0","FB27,BOXR,F196,F268,F284","2 boats, 0 lines, 0 crabpots.",2,0,0,"0",13,"01"
"1088",1929,43825,2014-01-10,7676,35,"Photo-id (Pop Mon)","Photo-id (Pop Mon)","14:49","14:54",27.43792,-82.67661,"0","F233","2 boats, 0 lines, 0 crabpots.",2,0,0,"0",14,"01"
"1089",1930,43826,2014-01-10,7676,36,"Photo-id (Pop Mon)","Photo-id (Pop Mon)","15:27","15:32",27.42515,-82.66289,"0","F272,F280","Groups split, one animal went over shallows and we could not follow. Other two continued S. 3 boats, 0 lines, 7 crabpots.",3,0,7,"0",15,"01"
"1090",1931,43827,2014-01-10,7676,37,"Photo-id (Pop Mon)","Photo-id (Pop Mon)","15:34","15:42",27.42017,-82.6545,"0","F164,C991,F159,F197,F242,F207,F256,F272,F280,F243,C912,1593","Two from previous sighting here.1 boat, 0 lines, 11 crabpots.",1,0,11,"0",15,"01"
"1091",1932,43828,2014-01-10,7677,41,"Photo-id (Pop Mon)","Photo-id (Pop Mon)","9:56","10:23",27.20629,-82.51254,"0","F167,LNLD,LNL1,1674","0 boats, 0 lines, 53 crabpots.",0,0,53,"0",9,"01"
"1092",1933,43829,2014-01-10,7677,42,"Photo-id (Pop Mon)","Photo-id (Pop Mon)","10:44","10:51",27.11948,-82.47211,"0","F153,FB15","0 boats, 0 lines, 7 crabpots.",0,0,7,"0",10,"01"
"1093",1934,43830,2014-01-10,7677,43,"Photo-id (Pop Mon)","Photo-id (Pop Mon)","13:47","14:17",27.32207,-82.54617,"0","FB79,F211,1316,C798","Fish whack. 3 boats, 0 lines, 0 crabpots.",3,0,0,"0",13,"01"
"1094",1935,43831,2014-01-10,7677,44,"Photo-id (Pop Mon)","Photo-id (Pop Mon)","15:01","15:15",27.32935,-82.55772,"0","1316","1 boat, 5 lines, 1 crabpot.",1,5,1,"0",15,"01"
"1095",1937,43833,2014-01-10,7678,62,"Photo-id (Pop Mon)","Photo-id (Pop Mon)","11:07","11:12",27.54691,-82.64809,"0","F149,1496","0 boats, 0 lines, 1 crabpot.",0,0,1,"0",11,"01"
"1096",1938,43834,2014-01-10,7678,63,"Photo-id (Pop Mon)","Photo-id (Pop Mon)","11:17","11:20",27.54714,-82.63866,"0","TDTC,F217","1 boats, 0 lines, 0 crabpots.",1,0,0,"0",11,"01"
"1097",1939,43835,2014-01-10,7678,64,"Photo-id (Pop Mon)","Photo-id (Pop Mon)","12:43","12:47",27.52644,-82.64095,"0","F235","3 boats, 3 lines, 0 crabpots.",3,3,0,"0",12,"01"
"1098",1940,43836,2014-01-10,7678,65,"Photo-id (Pop Mon)","Photo-id (Pop Mon)","12:56","13:22",27.52984,-82.65345,"0","LNPF,F176,ZELD,B053,F240,DABL,HOVA,ZEL2,LNCC,TDTC,F217,C911,F223,F225,F235,2253,DAB2,B531,2231","10 boats, 0 lines, 0 crabpots.",10,0,0,"0",12,"01"
"1099",1941,43837,2014-01-10,7678,66,"Photo-id (Pop Mon)","Photo-id (Pop Mon)","13:38","13:45",27.53676,-82.6961,"0","F154","1 boat, 0 lines, 6 crabpots.",1,0,6,"0",13,"01"
"1100",1942,43838,2014-01-10,7678,67,"Photo-id (Pop Mon)","Photo-id (Pop Mon)","14:05","14:11",27.53451,-82.72755,"0","","0 boats, 0 lines, 3 crabpots.",0,0,3,"0",14,"01"
"1101",1943,43839,2014-01-10,7678,68,"Photo-id (Pop Mon)","Photo-id (Pop Mon)","14:17","14:29",27.52693,-82.71416,"0","FB10,FB07,F113,F190,F165,YANK,F227,F250,F241,F278,1651,1134","C654 was babysitting 1134. SG1: F113, 1134, F165, 1651, C654. SG1 joined the rest and became one large group. 0 boats, 0 lines, 2 crabpots.",0,0,2,"0",14,"01"
"1102",1944,43840,2014-01-10,7678,69,"Photo-id (Pop Mon)","Photo-id (Pop Mon)","14:40","14:51",27.52176,-82.70368,"L","FB54,F178,F188,F135,F179,C548","1 boats, 1 line, 0 crabpots.",1,1,0,"0",14,"01"
"1103",1945,43841,2014-01-10,7678,70,"Photo-id (Pop Mon)","Photo-id (Pop Mon)","16:13","16:20",27.36642,-82.57896,"0","WRTH","0 boats, 0 lines, 2 crabpots.  Poss F197, 1971,",0,0,2,"0",16,"01"
"1104",1946,43842,2014-01-10,7678,71,"Photo-id (Pop Mon)","Photo-id (Pop Mon)","16:29","16:36",27.33615,-82.56812,"0","","Dolphins disappeared after Fregata drove over their path. Poss FB79,C798. 1 boat, 0 lines, 0 crabpots.",1,0,0,"1",16,"01"
"1105",1948,43844,2014-01-13,7679,22,"Photo-id (Pop Mon)","Photo-id (Pop Mon)","10:33","10:42",27.51868,-82.73698,"0","PSC2,P2C2","0  boats, 0 line, 1 crabpots.",0,0,1,"0",10,"01"
"1106",1950,43846,2014-01-13,7679,24,"Photo-id (Pop Mon)","Photo-id (Pop Mon)","13:22","13:33",27.50439,-82.71046,"0","F148,F222","Seawall feeding. 1 boat, 0 lines, 0 crabpots.",1,0,0,"0",13,"01"
"1107",1952,43848,2014-01-13,7679,26,"Photo-id (Pop Mon)","Photo-id (Pop Mon)","14:03","14:25",27.49952,-82.70134,"0","FB28","Resps recorded for FB28. Prob feed under slow speed sign. 3 boats, 0 lines, 0 crabpots.",3,0,0,"0",14,"01"
"1108",1953,43849,2014-01-13,7679,27,"Photo-id (Pop Mon)","Photo-id (Pop Mon)","14:49","14:51",27.4287,-82.66564,"0","F272","1 boat, 0 lines, 4 crabpots.",1,0,4,"0",14,"01"
"1109",1954,43851,2014-01-13,7680,41,"Photo-id (Pop Mon)","Photo-id (Pop Mon)","9:32","9:44",27.38729,-82.56975,"0","F241,HWK3","2 boats, 4 lines, 0 crabpots.",2,4,0,"0",9,"01"
"1110",1956,43853,2014-01-13,7680,43,"Photo-id (Pop Mon)","Photo-id (Pop Mon)","11:03","11:11",27.47195,-82.69373,"0","F233","3 boats, 0 lines, 10 crabpots.",3,0,10,"0",11,"01"
"1111",1957,43854,2014-01-13,7680,44,"Photo-id (Pop Mon)","Photo-id (Pop Mon)","11:46","11:51",27.4966,-82.65213,"0","FB54,C548","0 boats, 1 lines, 0 crabpots.",0,1,0,"0",11,"01"
"1112",1958,43855,2014-01-13,7680,45,"Photo-id (Pop Mon)","Photo-id (Pop Mon)","11:55","12:02",27.49698,-82.65316,"0","F274","0 boats, 1 lines, 0 crabpots.",0,1,0,"0",11,"01"
"1113",1959,43856,2014-01-13,7680,46,"Photo-id (Pop Mon)","Photo-id (Pop Mon)","13:32","13:35",27.45748,-82.68509,"0","F123,1231","3 boats, 0 lines, 8 crabpots.",3,0,8,"0",13,"01"
"1114",1960,43857,2014-01-13,7680,47,"Photo-id (Pop Mon)","Photo-id (Pop Mon)","13:49","13:55",27.43925,-82.67962,"0","FB11,F173,C114","4 boats, 2 lines, 10 crabpots.",4,2,10,"0",13,"01"
"1115",1961,43858,2014-01-13,7680,48,"Photo-id (Pop Mon)","Photo-id (Pop Mon)","15:11","15:15",27.36189,-82.60586,"0","FB55,F282,C555","1 boats, 0 lines, 0 crabpots.",1,0,0,"0",15,"01"
"1116",1962,43859,2014-01-17,7681,41,"Photo-id (Pop Mon)","Photo-id (Pop Mon)","10:27","10:40",27.08043,-82.45624,"0","F153,FB15","Something pink was seen on the L side of F153's mouth. Could be part of a fish or cut. Couldn't tell, no photos of face. F153 was behaving normally. No boats, 3 lines off Sharkey's pier, 34 crab pots.",0,3,34,"1",10,"01"
"1117",1963,43860,2014-01-17,7681,42,"Photo-id (Pop Mon)","Photo-id (Pop Mon)","13:23","13:28",27.2723,-82.54295,"0","F252,F264,F221,C935","0 lines, 0 crab pots, 4 boats",4,0,0,"0",13,"01"
"1118",1964,43861,2014-01-17,7681,43,"Photo-id (Pop Mon)","Photo-id (Pop Mon)","15:00","15:36",27.30579,-82.55939,"L","FB78,FB25,F207,1315,1753,F221,C258","1753 is kurplunking although it seems more associated with social than foraging. Boats-15 (1 motorboat, 14 kayaks), 1 lines, 11 crab pots.",15,1,11,"1",15,"01"
"1119",1965,43862,2014-01-17,7681,44,"Photo-id (Pop Mon)","Photo-id (Pop Mon)","15:41","15:50",27.32494,-82.56658,"0","FB25,F131,F238,C258,1317","Joined with some animals from previous sighting before we got close. Boats-1, Lines-2, Crab pots-30",1,2,30,"0",15,"01"
"1120",1966,43866,2014-01-17,7682,61,"Photo-id (Pop Mon)","Photo-id (Pop Mon)","10:20","10:44",27.47074,-82.70329,"0","F154,FB28","Respirations were taken on FB28, subgroup 1 was FB28 and subgroup 2 was F154. 2 subgroups joined after finshing respirations. Boats-0, Lines-0, Crabpots-6",0,0,6,"0",10,"01"
"1121",1969,43869,2014-01-17,7682,64,"Photo-id (Pop Mon)","Photo-id (Pop Mon)","13:46","14:14",27.5191,-82.69509,"0","FB33,FB11,F138,F159,F148,F190,F176,YANK,F135,F215,F222,C114,1593,C330,2152","Dolphins came in (probably F222 and F148) and started chasing F215 and calf. They took off then F222 and F148 were chasing 1593 and F159 and F176 was on the periphery. Then many more dolphins joined and lots of heavy socializing. FB33 and C330, F138, FB11",2,0,0,"0",13,"01"
"1122",1970,43870,2014-01-17,7682,65,"Photo-id (Pop Mon)","Photo-id (Pop Mon)","15:14","15:23",27.34522,-82.56495,"0","","Boat-1, Lines-0, Crabpots-0",1,0,0,"0",15,"01"
"1123",1971,43872,2014-01-20,7683,41,"Photo-id (Pop Mon)","Photo-id (Pop Mon)","9:24","9:31",27.31389,-82.5658,"0","FB20,F258","After sighting ended, headed in N OKC Channel. Boats-1, Lines-0, Crabpots-4",1,0,4,"0",9,"01"
"1124",1972,43873,2014-01-20,7683,42,"Photo-id (Pop Mon)","Photo-id (Pop Mon)","9:40","9:46",27.31253,-82.56854,"0","F199,1992","1992 social with boat. Boats-1, Lines-0, Crabpots-1",1,0,1,"0",9,"01"
"1125",1973,43874,2014-01-20,7683,43,"Photo-id (Pop Mon)","Photo-id (Pop Mon)","9:56","10:15",27.29221,-82.562,"X","F207,F221,1092","Group near fishing boat with 2 lines when sighting started. Not sure if interacting or not. F221 feeding along beach. Boats-7, Lines-2, Crabpots-0",7,2,0,"1",9,"01"
"1126",1974,43875,2014-01-20,7683,44,"Photo-id (Pop Mon)","Photo-id (Pop Mon)","11:13","11:32",27.31252,-82.54301,"0","F175,F207,F247","Each dolphin is its own subgroup. 1754 rejoined F175 at 11:29am, 1754 looks healthy. Boats-0, Lines-0, Crabpots-5",0,0,5,"0",11,"01"
"1127",1976,43877,2014-01-20,7683,46,"Photo-id (Pop Mon)","Photo-id (Pop Mon)","12:09","12:13",27.35821,-82.5754,"0","FB20,F258","Boats-2, Lines-0, Crabpots-0",2,0,0,"0",12,"01"
"1128",1977,43878,2014-01-20,7683,47,"Photo-id (Pop Mon)","Photo-id (Pop Mon)","12:19","12:25",27.36422,-82.58163,"0","BRAN,MTBG,LIZ1,BRN1","Boats-3, Lines-0, Crabpots-3",3,0,3,"0",12,"01"
"1129",1978,43879,2014-01-20,7683,48,"Photo-id (Pop Mon)","Photo-id (Pop Mon)","13:01","13:02",27.44551,-82.68731,"0","F272","Boats-2, Lines-0, Crabpots-1",2,0,1,"0",13,"01"
"1130",1979,43880,2014-01-20,7683,49,"Photo-id (Pop Mon)","Photo-id (Pop Mon)","13:08","13:16",27.44185,-82.68249,"L","FB90,F133,F250,F282,F270,F233,F274,F245","Initally sighted being approached (within 50m) by 2 private rec boats and Capt. Kathe. Captain Kathe and 1 rec boat stopped harassing when we arrived. 1 boat continued to follow them (see photos) and take pictures with an iPad. 1331 and F270 surfaced toge",8,5,6,"1",13,"01"
"1131",1980,43881,2014-01-20,7683,50,"Photo-id (Pop Mon)","Photo-id (Pop Mon)","13:59","14:05",27.41858,-82.65207,"0","F227","Boats-3, Lines-3 (all wade fisherman), Crabpots-0.",3,3,0,"1",13,"01"
"1132",1981,43882,2014-02-03,7684,21,"Photo-id (Pop Mon/Syn)","Photo-id (Pop Mon/Syn)","9:40","9:46",27.32062,-82.58956,"0","1315,F266","Boats-1, Lines-0, Crab pots- 0",1,0,0,"0",9,"02"
"1133",1982,43883,2014-02-03,7684,22,"Photo-id (Pop Mon/Syn)","Photo-id (Pop Mon/Syn)","10:20","10:34",27.24135,-82.53752,"0","OIEA,NIP2,TNBP","Boats-0, Lines-0, Crab pots-12",0,0,12,"0",10,"02"
"1134",1983,43884,2014-02-03,7684,23,"Photo-id (Pop Mon/Syn)","Photo-id (Pop Mon/Syn)","10:50","10:53",27.19674,-82.50757,"0","AMVM,AMV1","Boats-0, Lines-0, Crab pots-6",0,0,6,"0",10,"02"
"1135",1984,43885,2014-02-03,7684,24,"Photo-id (Pop Mon/Syn)","Photo-id (Pop Mon/Syn)","10:56","11:22",27.19518,-82.50761,"0","FB44,FB87,F254,F167,C874,LNL1,1674","1674 fresh mid notch. 1674 social with boat. SG1: FB87,FB44, F254,C874,F167,1674. SG2- LNL1, social with boat. Whistling from individual in SG2. Boats-0, Lines-0, Crab pots-6.",0,0,6,"0",10,"02"
"1136",1985,43886,2014-02-03,7684,25,"Photo-id (Pop Mon/Syn)","Photo-id (Pop Mon/Syn)","11:27","11:31",27.20545,-82.51192,"0","F153,FB15","F153 chuff. Boats-0, Lines-0, Crab pots-1.",0,0,1,"0",11,"02"
"1137",1986,43887,2014-02-03,7684,26,"Photo-id (Pop Mon/Syn)","Photo-id (Pop Mon/Syn)","12:17","12:23",27.08253,-82.45976,"0","F110,SOLB","Boats-0, Lines-0, Crab pots-8-10.",0,0,8,"0",12,"02"
"1138",1987,43888,2014-02-03,7684,27,"Photo-id (Pop Mon/Syn)","Photo-id (Pop Mon/Syn)","12:49","12:54",27.11272,-82.45984,"0","WLET","Sea wall feeding- fish in mouth. Boats-4, Lines-0, Crab pots-0.",4,0,0,"0",12,"02"
"1139",1988,43889,2014-02-03,7684,28,"Photo-id (Pop Mon/Syn)","Photo-id (Pop Mon/Syn)","13:31","13:35",27.16867,-82.4868,"0","FB35","Pinwheeling over sand banks along mangroves, at least 1 fish in mouth. Boats-3, Lines-2, Crab pots-0.",3,2,0,"0",13,"02"
"1140",1989,43890,2014-02-03,7684,29,"Photo-id (Pop Mon/Syn)","Photo-id (Pop Mon/Syn)","14:42","14:49",27.27698,-82.5439,"0","F252,C935","Boats-5, Lines-0, Crab pots-0",5,0,0,"0",14,"02"
"1141",1990,43891,2014-02-03,7684,30,"Photo-id (Pop Mon/Syn)","Photo-id (Pop Mon/Syn)","15:15","15:26",27.32686,-82.55786,"0","IKN2,F248,C835","Boats-0, Lines-0, Crab pots-12",0,0,12,"0",15,"02"
"1142",1991,43892,2014-02-03,7684,31,"Photo-id (Pop Mon/Syn)","Photo-id (Pop Mon/Syn)","15:48","15:52",27.30179,-82.56254,"L","IKN2,F248,C835","Boats-3: 1 water taxi harassing dolphins, 1 kayak with line, 1 rec boat, Lines- 1, Crab pots-0.",3,1,0,"1",15,"02"
"1143",1993,43894,2014-02-03,7685,42,"Photo-id (Pop Mon/Syn)","Photo-id (Pop Mon/Syn)","9:55","10:06",27.36568,-82.56555,"0","IKN2,F248,C835,F238","2 pairs of dolphins separated by approx. 50m. SG1:C835, F248.  SG2: F238, IKN2.  Group started socializing right at end of sighting. Associated organisms: diving pelicans. Boats-0, Lines-0, Crab pots-2.",0,0,2,"0",9,"02"
"1144",1994,43895,2014-02-03,7685,43,"Photo-id (Pop Mon/Syn)","Photo-id (Pop Mon/Syn)","10:49","10:58",27.40986,-82.63952,"0","FB27,F178,F188,F196,F268,F284","At 10:53 surfaced in ICW- tossed a small fish. Boats-4, Lines-0, Crab pots-13.",4,0,13,"0",10,"02"
"1145",1995,43896,2014-02-03,7685,44,"Photo-id (Pop Mon/Syn)","Photo-id (Pop Mon/Syn)","11:30","11:37",27.44883,-82.67881,"0","F133,F245","Pair of dolphins traveling from LB Pass into Sister Key Flats. Prob feed at edge of shallow seagrass. Boats-3, Lines-0, Crab pots-20.",3,0,20,"0",11,"02"
"1146",1996,43897,2014-02-03,7685,45,"Photo-id (Pop Mon/Syn)","Photo-id (Pop Mon/Syn)","11:45","11:53",27.46091,-82.68925,"0","F131,F159,F233,1317,1593","2 mom calf pairs traveling together, other single dolphin traveling same direction about 50m west (SG1: F131, 1317, F159, 1593. SG2: F233). Boats-5, Lines-3, Crab pots-20.",5,3,20,"0",11,"02"
"1147",1999,43900,2014-02-03,7685,48,"Photo-id (Pop Mon/Syn)","Photo-id (Pop Mon/Syn)","15:13","15:18",27.45295,-82.68252,"0","F197,F243","Mom and calf surfacing in and outside ICW near lots of fast moving boats. Boats-8, Lines-0, Crab pots-10.",8,0,10,"0",15,"02"
"1148",2000,43901,2014-02-03,7686,61,"Photo-id (Pop Mon/Syn)","Photo-id (Pop Mon/Syn)","10:33","11:12",27.45129,-82.6966,"0","FB28,FB10,FB65,F114,2193,C655","Ten minutes resps recorded for FB28. C655 fish tossing. FB10 repeatedly chuffing. No photos of second mom/calf pair. Boats-6, Lines-5, Crab pots-12.",6,5,12,"0",10,"02"
"1149",2001,43902,2014-02-03,7686,62,"Photo-id (Pop Mon/Syn)","Photo-id (Pop Mon/Syn)","12:15","12:31",27.54513,-82.64149,"A","F149,F164,F242,B053,DABL,RTM3,1494,DAB2,B531,1496","SG1&2 following a trawling fishing boat. SG1: F149,1496. SG2: B053, B531, DABL, DAB2, 1494. Subgroups joined and then split into original groups. SG3: F242, F164. Boats-5, Lines-7, Crab pots-3.",5,7,3,"1",12,"02"
"1150",2002,43903,2014-02-03,7686,63,"Photo-id (Pop Mon/Syn)","Photo-id (Pop Mon/Syn)","13:58","14:06",27.53227,-82.66029,"0","HAIR,ULYS,LDM3,HLP4,ULY4","ULYS has a very small calf, probably born late 2013. Boats-3, Lines-1, Crab pots-0.",3,1,0,"0",13,"02"
"1151",2003,43904,2014-02-03,7686,64,"Photo-id (Pop Mon/Syn)","Photo-id (Pop Mon/Syn)","14:25","14:28",27.51481,-82.69141,"L","F148,F222","Boats-8, Lines-0, Crab pots-0",8,0,0,"0",14,"02"
"1152",2004,43905,2014-02-03,7686,65,"Photo-id (Pop Mon/Syn)","Photo-id (Pop Mon/Syn)","14:56","14:59",27.45442,-82.68396,"L","F197,F187,F243","Jet ski and pontoon boat (with 3 lines) approaching within 20m of dolphins. Boats-5, Lines-3, Crab pots- 9.",5,3,9,"1",14,"02"
"1153",2007,43908,2014-02-04,7687,23,"Photo-id (Pop Mon/Syn)","Photo-id (Pop Mon/Syn)","10:55","10:59",27.47997,-82.67374,"0","F233","Boats-1, Lines-0, Crab pots-0",1,0,0,"0",10,"02"
"1154",2008,43909,2014-02-04,7687,24,"Photo-id (Pop Mon/Syn)","Photo-id (Pop Mon/Syn)","11:04","11:15",27.47581,-82.67065,"0","F178,F188,F135","Boats-3, Lines-0, Crab pots-2",3,0,2,"0",11,"02"
"1155",2009,43910,2014-02-04,7687,25,"Photo-id (Pop Mon/Syn)","Photo-id (Pop Mon/Syn)","11:18","11:38",27.47904,-82.67446,"0","FB07,F228,F220,F278,F233,F274","Boats-1, Lines-0, Crab pots-3. Respirations taken for F220.",1,0,3,"0",11,"02"
"1156",2011,43912,2014-02-04,7687,27,"Photo-id (Pop Mon/Syn)","Photo-id (Pop Mon/Syn)","12:42","12:52",27.47811,-82.6734,"0","F148,F215,F222,F280,2152","SG1- F215, 2152, F280. SG2-F148, F222. 2152 social with boat. Boats-2, Lines-2, Crab pots-0",2,2,0,"0",12,"02"
"1157",2013,43914,2014-02-04,7687,29,"Photo-id (Pop Mon/Syn)","Photo-id (Pop Mon/Syn)","14:45","14:59",27.4289,-82.66628,"0","FB65,F146,F232,F197,F187,F250,F241,C655,F243","SG1- F197, 1971, F146. SG2- FB65, C655, F187, C654. SG3- F250, F232. SG2 and SG3 joined. Boats-7, Lines-0, Crab pots-9.",7,0,9,"0",14,"02"
"1158",2016,43918,2014-02-04,7688,42,"Photo-id (Pop Mon/Syn)","Photo-id (Pop Mon/Syn)","10:32","10:41",27.2334,-82.5279,"0","SCSM","Boats-0, Lines-0, Crab pots ~ 5",0,0,5,"0",10,"02"
"1159",2017,43919,2014-02-04,7688,43,"Photo-id (Pop Mon/Syn)","Photo-id (Pop Mon/Syn)","10:45","10:48",27.23057,-82.52836,"0","SCSM","Boats-0, Lines-0, Crab pots-9",0,0,9,"0",10,"02"
"1160",2018,43920,2014-02-04,7688,44,"Photo-id (Pop Mon/Syn)","Photo-id (Pop Mon/Syn)","11:18","11:42",27.14712,-82.48145,"0","SOLB,MUCH,HVTI,HVT1,MUC4","Boats-1, Lines-999, Crab pots-31",1,0,31,"0",11,"02"
"1161",2019,43921,2014-02-04,7688,45,"Photo-id (Pop Mon/Syn)","Photo-id (Pop Mon/Syn)","11:55","12:15",27.11223,-82.47081,"L","FB44,RY34,MPTB,F254,F167,1674","SG1- RY34, MPTB milling, prob feeding around outside southern jetty. SG2- FB44, F254, F167, 1674 traveling North, social. Some prob feeding. Boats-7, Lines-19, Crab pots-17",7,19,17,"0",11,"02"
"1162",2020,43922,2014-02-04,7688,46,"Photo-id (Pop Mon/Syn)","Photo-id (Pop Mon/Syn)","12:22","12:49",27.1039,-82.4667,"0","MPTB,GRPE,CLA2","Boats-3, Lines-0, Crab pots-47",3,0,47,"0",12,"02"
"1163",2021,43923,2014-02-04,7688,47,"Photo-id (Pop Mon/Syn)","Photo-id (Pop Mon/Syn)","12:55","12:59",27.09765,-82.46387,"0","1673","Boats-1, Lines-0, Crab pots-8",1,0,8,"0",12,"02"
"1164",2022,43924,2014-02-04,7688,48,"Photo-id (Pop Mon/Syn)","Photo-id (Pop Mon/Syn)","13:02","13:14",27.09918,-82.46365,"0","WLET,GRPE,CLA2","Boats-1, Lines-0, Crab pots-19",1,0,19,"0",13,"02"
"1165",2023,43925,2014-02-04,7688,49,"Photo-id (Pop Mon/Syn)","Photo-id (Pop Mon/Syn)","14:09","14:14",27.16083,-82.48376,"0","FB35","Boats-4, Lines-0, Crab pots-0",4,0,0,"0",14,"02"
"1166",2024,43926,2014-02-04,7688,50,"Photo-id (Pop Mon/Syn)","Photo-id (Pop Mon/Syn)","14:39","14:58",27.20487,-82.50334,"L","F153,FB15,FB25,C258","SG1- FB25 and C258. C258 tail slapping and chuffing. Boats-19, Lines-2, Crab pots- 999. Private rec boat traveling south in ICW saw dolphin group by Bob. Turned around and approached Bob/dolphins within 5m. Bob talked to them and they left.",19,2,0,"1",14,"02"
"1167",2025,43927,2014-02-04,7688,51,"Photo-id (Pop Mon/Syn)","Photo-id (Pop Mon/Syn)","15:03","15:13",27.22092,-82.50777,"0","F211,F262,C935,C258","SG1- F262, C935, C258 socializing. SG2- F211 briefly with SG1 and then split off. Boats-5, Lines-0, Crab pots-3.",5,0,3,"0",15,"02"
"1168",2026,43928,2014-02-04,7688,52,"Photo-id (Pop Mon/Syn)","Photo-id (Pop Mon/Syn)","15:32","15:38",27.22629,-82.51064,"0","F153,FB15","Boats-6, Lines-0, Crab pots-1",6,0,1,"0",15,"02"
"1169",2027,43929,2014-02-04,7688,53,"Photo-id (Pop Mon/Syn)","Photo-id (Pop Mon/Syn)","16:14","16:19",27.29982,-82.54544,"0","","Boats-5, Lines-0, Crab pots-2",5,0,2,"0",16,"02"
"1170",2028,43930,2014-02-04,7688,54,"Photo-id (Pop Mon/Syn)","Photo-id (Pop Mon/Syn)","16:31","16:37",27.3056,-82.55682,"0","","Boats-1, Lines-0, Crab pots-0.",1,0,0,"0",16,"02"
"1171",2029,43931,2014-02-04,7689,61,"Photo-id (Pop Mon/Syn)","Photo-id (Pop Mon/Syn)","10:18","10:26",27.41839,-82.67493,"0","FB27,F196,F268,F284","SG1- 3 dolphins actively socializing. SG2- single dolphin about 75m away. Boats-0, Lines-0, Crab pots-22",0,0,22,"0",10,"02"
"1172",2030,43932,2014-02-04,7689,62,"Photo-id (Pop Mon/Syn)","Photo-id (Pop Mon/Syn)","10:50","11:04",27.48401,-82.7137,"0","4C4C,CTS4,HBM3,2193","Dolphins pinwheeling at the surface. Boats-1, Lines-1, Crab pots- 4-6",1,1,4,"0",10,"02"
"1173",2031,43933,2014-02-04,7689,63,"Photo-id (Pop Mon/Syn)","Photo-id (Pop Mon/Syn)","11:21","11:45",27.53747,-82.75319,"0","F154,FB28","FB28 and F154 with synchronized surfacing 4-5 times and then diving for long intervals. Depth 25-30ft. Respirations were taken. Boats-1, Lines-0, Crab pots-0",1,0,0,"0",11,"02"
"1174",2032,43934,2014-02-04,7689,64,"Photo-id (Pop Mon/Syn)","Photo-id (Pop Mon/Syn)","12:15","12:20",27.54637,-82.6326,"0","LNPF","Boats-1, Lines-0, Crab pots-0",1,0,0,"0",12,"02"
"1175",2033,43935,2014-02-04,7689,65,"Photo-id (Pop Mon/Syn)","Photo-id (Pop Mon/Syn)","12:31","12:35",27.55931,-82.58837,"0","F217","Traveling at edge of shallows. One head out spy hop and pin wheel. Boats-0, Lines-0, Crab pots-1",0,0,1,"0",12,"02"
"1176",2034,43936,2014-02-04,7689,66,"Photo-id (Pop Mon/Syn)","Photo-id (Pop Mon/Syn)","13:28","13:40",27.5307,-82.65198,"L","ZELD,ZEL2,F223,F225,2253,2231,ZEL4","Rec boat following dolphins for approx 1 minute outside 50m but following dolphins. Dolphins rode wake of larger boats. L= pontoon quickly approaching dolphins after sighting and continuing to follow group. Boats-9, Lines-0, Crab pots-0.",9,0,0,"1",13,"02"
"1177",2035,43937,2014-02-04,7689,67,"Photo-id (Pop Mon/Syn)","Photo-id (Pop Mon/Syn)","14:16","14:25",27.47224,-82.69321,"0","F233,F274","Boats-7, Lines-2, Crab pots-2",7,2,2,"1",14,"02"
"1178",2036,43938,2014-02-04,7689,68,"Photo-id (Pop Mon/Syn)","Photo-id (Pop Mon/Syn)","15:23","15:31",27.33781,-82.56683,"0","1316","Boats-1, Lines-1, Crab pots-4",1,1,4,"0",15,"02"
"1179",2037,43939,2014-02-04,7689,69,"Photo-id (Pop Mon/Syn)","Photo-id (Pop Mon/Syn)","15:32","15:38",27.3393,-82.56642,"0","F131,1316,1317","1316 joined F131 and calf coming in from New Pass Channel.1317 and 1316 joined while F131 was separated by about 100m, then joined at end of sighting. Boats-1, Lines-1, Crab pots-8",1,1,8,"0",15,"02"
"1180",2038,43940,2014-02-05,7690,21,"Photo-id","Photo-id","9:47","9:54",27.335,-82.59912,"0","IKN2,F238,F234","Boats-0, Lines-0, Crab pots-5",0,0,5,"0",9,"02"
"1181",2039,43941,2014-02-05,7690,22,"Photo-id","Photo-id","10:03","10:07",27.34617,-82.60973,"0","FB92,F128,F138,F109,F125,1092,1253","1092 behaving like a calf. Boats-0, Lines-0, Crab pots-1",0,0,1,"0",10,"02"
"1182",2041,43943,2014-02-05,7691,42,"Photo-id","Photo-id","10:21","10:53",27.28595,-82.56472,"0","NKSH,SGPP,BNKP","Resight of s41. Boats-8, Lines-2, Crab pots-33.",8,2,33,"0",10,"02"
"1183",2042,43944,2014-02-05,7692,61,"Photo-id","Photo-id","9:47","9:59",27.41248,-82.5916,"0","FB65,HWK3,C655","Boat-1, Lines-1, Crab pots-3",1,1,3,"0",9,"02"
"1184",2043,43946,2014-02-10,7693,21,"Photo-id (Pop Mon/Syn)","Photo-id (Pop Mon/Syn)","9:11","9:41",27.27466,-82.57864,"0","F196,F268,LNLD,F264,C935,LNL1","Boats-3, Lines-0, Crab pots-5",3,0,5,"0",9,"02"
"1185",2044,43947,2014-02-10,7693,22,"Photo-id (Pop Mon/Syn)","Photo-id (Pop Mon/Syn)","9:52","9:59",27.26683,-82.5631,"0","LNLD,1673","Resight of sighting 21. LNLD prob feeding alone. More animals from previous sighting joined her. Boats-1, Lines-2, Crab pots-2",1,2,2,"0",9,"02"
"1186",2045,43948,2014-02-10,7693,23,"Photo-id (Pop Mon/Syn)","Photo-id (Pop Mon/Syn)","10:13","10:32",27.24495,-82.53831,"0","TCTV,TCT1","Very evasive. Boats-2, Lines-2, Crab pots-4",2,2,4,"0",10,"02"
"1187",2046,43949,2014-02-10,7693,24,"Photo-id (Pop Mon/Syn)","Photo-id (Pop Mon/Syn)","10:53","10:59",27.18034,-82.50075,"0","FB44,F254,TKID,NIGT,F167,JETY,PRST,MLVN,AMTS,1674","Boats-0, Lines-0, Crab pots-22",0,0,22,"0",10,"02"
"1188",2047,43950,2014-02-10,7693,25,"Photo-id (Pop Mon/Syn)","Photo-id (Pop Mon/Syn)","11:39","11:46",27.11152,-82.4702,"0","WLET","Animal briefly chased a fish right along beach within 10m of fishermen. Didn't appear to be targeting fisherman's lines. Boats-0, Lines-1, Crab pots-0",0,1,0,"1",11,"02"
"1189",2048,43951,2014-02-10,7693,26,"Photo-id (Pop Mon/Syn)","Photo-id (Pop Mon/Syn)","13:38","13:49",27.22435,-82.50882,"0","FB25,C258","Boats-2 (kayaks), Lines-1, Crab pots-0",2,1,0,"1",13,"02"
"1190",2049,43952,2014-02-10,7693,27,"Photo-id (Pop Mon/Syn)","Photo-id (Pop Mon/Syn)","14:47","14:54",27.30429,-82.54748,"L","F153,FB15","Parasail boat stopped and then changed direction upon seeing dolphins. Approached within 5m or less and then plowed over dolphins to induce bow riding and they succeeded. Boats-1, Lines-0, Crab pots-999.",1,0,0,"1",14,"02"
"1191",2050,43953,2014-02-10,7693,28,"Photo-id (Pop Mon/Syn)","Photo-id (Pop Mon/Syn)","15:03","15:14",27.29764,-82.56178,"0","FB44,F155,F254,F207,F211,1556","F167 and calf? Boats-2, Lines-3, Crab pots-0.",2,3,0,"0",15,"02"
"1192",2051,43954,2014-02-10,7693,29,"Photo-id (Pop Mon/Syn)","Photo-id (Pop Mon/Syn)","15:40","15:49",27.33051,-82.5574,"0","FB78","Boats-6, Lines-0, Crab pots-1",6,0,1,"0",15,"02"
"1193",2052,43955,2014-02-10,7694,41,"Photo-id (Pop Mon/Syn)","Photo-id (Pop Mon/Syn)","8:53","8:57",27.37902,-82.56744,"0","FB65,C655","Boats-2, Lines-3, Crab pots-0",2,3,0,"0",8,"02"
"1194",2053,43956,2014-02-10,7694,42,"Photo-id (Pop Mon/Syn)","Photo-id (Pop Mon/Syn)","9:34","9:40",27.44457,-82.67065,"0","FB33,C330","Boats-2, Lines-1, Crab pots-33.",2,1,33,"0",9,"02"
"1195",2054,43957,2014-02-10,7694,43,"Photo-id (Pop Mon/Syn)","Photo-id (Pop Mon/Syn)","10:17","10:41",27.47427,-82.66837,"0","FB54,FB07,F146,F123,F133,F135,F215,F173,F197,F187,F250,F229,F282,F278,F233,F274,C548,F245,F243,1231,2152","SG1: F233, F274 (resting). SG2: F133, F197. SG3: 1331, C548, 1971, F250, F229, FB54, F123, 1231. SG4: F278, FB07. SG5: F173, F146, F282, F187, F135. SG6: F215, 2152. Calves in SG3 heavily socializing. C548 has shark bite scar. Boats-0, Lines-1, Crab pots-",0,1,0,"0",10,"02"
"1196",2055,43958,2014-02-10,7694,44,"Photo-id (Pop Mon/Syn)","Photo-id (Pop Mon/Syn)","11:43","11:45",27.47981,-82.69307,"0","F237,F276,F148,F146,F142,F228,F135,F222,F239","Boats-1, Lines-0, Crab pots-0",1,0,0,"0",11,"02"
"1197",2056,43959,2014-02-10,7694,45,"Photo-id (Pop Mon/Syn)","Photo-id (Pop Mon/Syn)","13:16","13:45",27.45291,-82.68479,"L","F159,F148,F146,F228,F133,F232,F173,F222,F197,F187,F245,F243,1593","Large group split after moving out under Longboat Bridge. Probably not complete photo coverage. Boats- 31 (3 kayaks), Lines-10, Crab pots-6",31,10,6,"1",13,"02"
"1198",2058,43961,2014-02-10,7694,47,"Photo-id (Pop Mon/Syn)","Photo-id (Pop Mon/Syn)","15:57","15:59",27.33064,-82.57622,"0","F199,1992","Boats-4, Lines-2, Crab pots-11",4,2,11,"0",15,"02"
"1199",2059,43962,2014-02-10,7695,61,"Photo-id (Pop Mon/Syn)","Photo-id (Pop Mon/Syn)","9:08","9:42",27.33818,-82.6023,"0","F114,F138,F109,PRF2,1092,SGL1,EGPT,DUST","Prob feeding, pinwheeling, chasing fish right next to beach (1092). Very widely scattered dolphins, probably incomplete photo coverage. Boats-0, Lines-0, Crab pots-27",0,0,27,"0",9,"02"
"1200",2060,43963,2014-02-10,7695,62,"Photo-id (Pop Mon/Syn)","Photo-id (Pop Mon/Syn)","9:52","10:00",27.36407,-82.62662,"0","F175,F125,F272,1253,F247","Boats and Lines-0, Crab pots-6",0,0,6,"0",9,"02"
"1201",2062,43965,2014-02-10,7695,64,"Photo-id (Pop Mon/Syn)","Photo-id (Pop Mon/Syn)","10:37","10:45",27.44103,-82.69172,"0","F159,1593","Boats-2, Lines-3, Crap pots-0.",2,3,0,"0",10,"02"
"1202",2066,43969,2014-02-10,7695,68,"Photo-id (Pop Mon/Syn)","Photo-id (Pop Mon/Syn)","14:08","14:14",27.51293,-82.69144,"0","F165,1651","Boats-3, Lines and crab pots-0",3,0,0,"0",14,"02"
"1203",2067,43970,2014-02-10,7695,69,"Photo-id (Pop Mon/Syn)","Photo-id (Pop Mon/Syn)","15:12","15:24",27.42531,-82.66145,"L","FB65,F148,F146,F228,F135,F222,F241,C655","SG1: FB65, C655, C654 SG2: F228, F146, F135, F148, F222. L = Boat driving almost ontop of SG2 to take pictures. Did not back off even after we talked to them. Boats-1, Lines-0, Crab pots-6",1,0,6,"0",15,"02"
"1204",2068,43971,2014-02-18,7696,21,"Photo-id (Pop Mon)","Photo-id (Pop Mon)","9:56","10:14",27.41899,-82.63911,"0","F113,1134","1 boat, 1 line, 0 crabpots.",1,1,0,"0",9,"02"
"1205",2069,43972,2014-02-18,7696,22,"Photo-id (Pop Mon)","Photo-id (Pop Mon)","10:28","10:33",27.43777,-82.67295,"0","F227","0 boats, 0 lines, 2 crabpots.",0,0,2,"0",10,"02"
"1206",2070,43973,2014-02-18,7696,23,"Photo-id (Pop Mon)","Photo-id (Pop Mon)","10:48","11:05",27.44271,-82.68681,"L,I","FB92,F128,F138,F109,F207,F266,1092","Two kayaks following dolphins, attempting to attract. Sitting on top of dolphins trying to feed under bridge (video taken). 1092 acting like a calf for most of sighting. F266 tailslapped. 5 boats, 4 lines, unk crabpots. 1092 started sighting with F207 and",5,4,0,"1",10,"02"
"1207",2071,43974,2014-02-18,7696,24,"Photo-id (Pop Mon)","Photo-id (Pop Mon)","12:33","12:34",27.47155,-82.69257,"0","F233,F274","Swam within 10 ft of rental boat with one line, no interaction. 2 boats, 1 lines, 1 crabpots.",2,1,1,"1",12,"02"
"1208",2072,43975,2014-02-18,7696,25,"Photo-id (Pop Mon)","Photo-id (Pop Mon)","12:47","12:59",27.47805,-82.68055,"0","F123,1231","1231 chuffed. 1231 milling as F123 was feeding. 0 boats, 0 lines, 1 crabpot.",0,0,1,"0",12,"02"
"1209",2073,43976,2014-02-18,7696,26,"Photo-id (Pop Mon)","Photo-id (Pop Mon)","14:09","14:14",27.44373,-82.67796,"A","F227","Patrollng. Other = HI. 7 boats, 4 lines, 4 crabpots. F227 stalking rec fishing boat as it reeled in sheepshead, which they did not release.",7,4,4,"1",14,"02"
"1210",2078,43981,2014-02-18,7696,31,"Photo-id (Pop Mon)","Photo-id (Pop Mon)","16:13","16:26",27.33573,-82.56746,"0","1315","Strong exhales, almost chuff like. 1 boat (Ski-A-Rees), 0 lines, 0 crabpots.",1,0,0,"1",16,"02"
"1211",2079,43982,2014-02-18,7696,32,"Photo-id (Pop Mon)","Photo-id (Pop Mon)","16:37","16:52",27.33086,-82.57587,"0","FB11,FB79,C798,C114","2 boats (1 kayak), 0 lines, 0 crabpots.",2,0,0,"1",16,"02"
"1212",2080,43983,2014-03-03,7697,21,"Photo-id (Pop Mon)","Photo-id (Pop Mon)","9:14","9:22",27.33088,-82.57572,"0","F131,1317","Calf with boat. 1 boat, 0 lines, 5 crabpots.",1,0,5,"0",9,"03"
"1213",2081,43984,2014-03-03,7697,22,"Photo-id (Pop Mon)","Photo-id (Pop Mon)","9:51","10:16",27.33232,-82.59692,"0","FB87,F114,IKN2,F125,F238,F234,C874,1253","F114 and F238 flanking F125 and 1253. Briefly F114 belly up underneath F238. 0 boat, 0 lines, 35 crabpots.",0,0,35,"0",9,"03"
"1214",2082,43985,2014-03-03,7697,23,"Photo-id (Pop Mon)","Photo-id (Pop Mon)","10:25","10:53",27.35618,-82.62473,"0","LTBO,LDVK,GRKL,HDZP,HBGR,TMLT,CL-5420,OCZP,RMBH,NTFY,MSNM,SCDR,CL-5426,SCDT,SKRL,TRRT,TDRM,WSPD","Extremely large, rapidly moving group. Poor photo coverage. Returned inshore to continue survey. At least one very tiny brand new yoy.  0 boats, 0 lines, 32 crabpots.",0,0,32,"0",10,"03"
"1215",2083,43986,2014-03-03,7697,24,"Photo-id (Pop Mon)","Photo-id (Pop Mon)","11:46","12:13",27.47948,-82.70949,"0","FB10,F219,SPAC,HMLC,ABGL,2194,CL-5398,CL-5399,TRDH,TMJK","3 boats, 0 lines, 14 crabpots.",3,0,14,"0",11,"03"
"1216",2084,43987,2014-03-03,7697,25,"Photo-id (Pop Mon)","Photo-id (Pop Mon)","12:21","12:36",27.49758,-82.71568,"0","F154,FB28","Initial sighting close to ACE dredger. Ten minute resps on FB28 completed. 3 boats (dredger and 2 tugboats), 0 lines, 3 crabpots.",3,0,3,"1",12,"03"
"1217",2085,43988,2014-03-03,7697,26,"Photo-id (Pop Mon)","Photo-id (Pop Mon)","14:08","14:18",27.51815,-82.60865,"0","F223,F225,2253,2231","1 boat, 0 lines, 0 crabpots.",1,0,0,"0",14,"03"
"1218",2086,43989,2014-03-03,7697,27,"Photo-id (Pop Mon)","Photo-id (Pop Mon)","16:26","16:44",27.40799,-82.633,"0","","Avoiding boat, lost animals. 5 boats, 0 lines, 3 crabpots.",5,0,3,"0",16,"03"
"1219",2087,43990,2014-03-03,7698,41,"Photo-id (Pop Mon)","Photo-id (Pop Mon)","10:43","10:47",27.47783,-82.69277,"0","F123,1231","1 boat, 0 lines, 1 crabpot.",1,0,1,"0",10,"03"
"1220",2088,43991,2014-03-03,7698,42,"Photo-id (Pop Mon)","Photo-id (Pop Mon)","11:56","12:15",27.48017,-82.67789,"0","FB54,FB33,FB55,F123,F215,C548,C555,1231,C330,2152","C330 and 1231 socializing. SG1: F123, 1231, FB33, C330, FB54, C548. SG2: FB55 and C555. SG3: F215 and 2152. All calves except C548 socializing together. C330 has notch on leading edge of right fluke. 1 boat, 0 lines, 8 crabpots.",1,0,8,"0",11,"03"
"1221",2089,43992,2014-03-03,7698,43,"Photo-id (Pop Mon)","Photo-id (Pop Mon)","12:34","12:36",27.49729,-82.69446,"0","FB27,F178,F188,F284","Lost dolphins when they hopped on large cabin cruisers wake going opposite direction. 7 boats, 2 lines, 0 crabpots.",7,2,0,"1",12,"03"
"1222",2090,43993,2014-03-03,7698,44,"Photo-id (Pop Mon)","Photo-id (Pop Mon)","13:30","13:38",27.50148,-82.7061,"0","F229","1 boat, 2 lines, 0 crabpots.",1,2,0,"0",13,"03"
"1223",2092,43995,2014-03-03,7698,46,"Photo-id (Pop Mon)","Photo-id (Pop Mon)","13:55","14:08",27.47516,-82.69402,"0","FB27,F178,F188,F146,F228,F179,F284","F178 and F188 most closely associated with FB27 and C277. Group is fast travelling, appears to be catching school of fish. 17 boats, 12 lines, 12 crabpots.",17,12,12,"0",13,"03"
"1224",2093,43996,2014-03-03,7698,47,"Photo-id (Pop Mon)","Photo-id (Pop Mon)","14:16","14:17",27.45206,-82.68568,"0","FB11,C114","3 boats, 1 line, 10 crabpots.",3,1,10,"0",14,"03"
"1225",2094,43997,2014-03-03,7698,48,"Photo-id (Pop Mon)","Photo-id (Pop Mon)","14:22","14:26",27.44423,-82.68696,"0","F138","15 boats, 12 lines, 23 crabpots.",15,12,23,"0",14,"03"
"1226",2095,43998,2014-03-03,7698,49,"Photo-id (Pop Mon)","Photo-id (Pop Mon)","14:32","14:53",27.4365,-82.67597,"L,X","FB07,FB92,F128,F138,F238,F272,F278,F280","FB92 and F128 are carrying large fish and breaking them apart at the bottom. Center console and pontoon boat approached dolphins closely. Dark hull fishing boat seen throwing bait into water, not sure if this was attempted provisioning or chumming for fis",12,5,22,"1",14,"03"
"1227",2096,43999,2014-03-03,7698,50,"Photo-id (Pop Mon)","Photo-id (Pop Mon)","15:15","15:19",27.39569,-82.62938,"0","F164,F242","1 boat, 0 lines, 0 crabpots.",1,0,0,"0",15,"03"
"1228",2097,44000,2014-03-04,7699,21,"Photo-id (Pop Mon)","Photo-id (Pop Mon)","9:39","9:46",27.33063,-82.58498,"0","F125,1253","Seawall feeding. Four boats drift fishing, catching mackerel and ladyfish. Dolphins did not interact with fishermen. 4 boats, 7 lines, 0 crabpots. Associated organism: pelican.",4,7,0,"1",9,"03"
"1229",2098,44001,2014-03-04,7699,22,"Photo-id (Pop Mon)","Photo-id (Pop Mon)","9:51","10:11",27.33047,-82.58587,"0","F131,F125,F199,F262,1315,F256,1253,1317,1992","1315 is carrying a large flounder. F125, 1253, F256 appear to be trying to bite pieces off of the flounder 1315 is carrying. 1315 is fish tossing flounder. F256 was also trying to take a bite out of the flounder. 9 boats, 6 lines, 0 crabpots.",9,6,0,"0",9,"03"
"1230",2099,44002,2014-03-04,7699,23,"Photo-id (Pop Mon)","Photo-id (Pop Mon)","10:29","10:36",27.32203,-82.59669,"0","F248,C835","0 boats, 0 lines, 15 crabpots.",0,0,15,"0",10,"03"
"1231",2100,44003,2014-03-04,7699,24,"Photo-id (Pop Mon)","Photo-id (Pop Mon)","11:38","11:43",27.51444,-82.7306,"L","HMLC,CTS4,HBM3,PSC5","Four jetskis were harrasing dolphins when we approached and left shortly after we arrived. 4 boats (jetskis), 0 lines, 0 crabpots.",4,0,0,"1",11,"03"
"1232",2101,44004,2014-03-04,7699,25,"Photo-id (Pop Mon)","Photo-id (Pop Mon)","13:06","13:17",27.51671,-82.60918,"0","LNPF","4 boats, 0 lines, 0 crabpots.",4,0,0,"0",13,"03"
"1233",2102,44005,2014-03-04,7699,26,"Photo-id (Pop Mon)","Photo-id (Pop Mon)","13:46","13:51",27.50791,-82.58933,"0","F176,F225,2253","One of the boats was actively dropping crabpots. 6 boats, 0 lines, 5 crabpots.",6,0,5,"1",13,"03"
"1234",2103,44006,2014-03-04,7699,27,"Photo-id (Pop Mon)","Photo-id (Pop Mon)","14:29","14:34",27.49005,-82.69533,"0","FB33,C330","5 boats, 0 lines, 0 crabpots.",5,0,0,"0",14,"03"
"1235",2104,44007,2014-03-04,7699,28,"Photo-id (Pop Mon)","Photo-id (Pop Mon)","14:47","15:04",27.47012,-82.69562,"0","F215,F222,2152","F222 is babysitting 2152. Went back and forth underneath bridge several times. Other = babysitting. 15 boats, 1 line, 15 crabpots.",15,1,15,"0",14,"03"
"1236",2105,44008,2014-03-04,7699,29,"Photo-id (Pop Mon)","Photo-id (Pop Mon)","15:09","15:10",27.46182,-82.68874,"0","F233","1 boat, 1 line, 8 crabpots.",1,1,8,"0",15,"03"
"1237",2106,44009,2014-03-04,7699,30,"Photo-id (Pop Mon)","Photo-id (Pop Mon)","15:21","15:36",27.43426,-82.67448,"L","FB07,F138,F187,F241,F272,F278,F280","Purse seine boat is working in the area. Appears to be a commercial fisherman. F138, F187, FB07 and F278 swam past the net within 50 m and did not seem to react at all to the net. 15 boats, 1 line, 9 crabpots.",15,1,9,"1",15,"03"
"1238",2107,44010,2014-03-04,7699,31,"Photo-id (Pop Mon)","Photo-id (Pop Mon)","15:41","15:47",27.43631,-82.67427,"A","FB11,FB92,C114","Purse seine in area, FB92 is going toward purse seine. FB11 and C114 are also waiting near purse seine boat. Other = C114 spyhopping and patrolling. 7 boats, 0 lines, 7 crabpots.",7,0,7,"1",15,"03"
"1239",2108,44011,2014-03-05,7700,21,"Photo-id (Pop Mon)","Photo-id (Pop Mon)","9:17","9:21",27.33779,-82.57549,"0","F238","1 boat, 0 lines, 0 crabpots.",1,0,0,"0",9,"03"
"1240",2109,44012,2014-03-05,7700,22,"Photo-id (Pop Mon)","Photo-id (Pop Mon)","9:46","9:56",27.27195,-82.57909,"0","NEWT,BNST,CHAV,BNS1","0 lines, 0 boats, 9 crabpots.",0,0,9,"0",9,"03"
"1241",2110,44013,2014-03-05,7700,23,"Photo-id (Pop Mon)","Photo-id (Pop Mon)","10:05","10:13",27.26472,-82.57343,"0","HVMS,LLLN","0 boats, 0 lines, 6 crabpots.",0,0,6,"0",10,"03"
"1242",2111,44014,2014-03-05,7700,24,"Photo-id (Pop Mon)","Photo-id (Pop Mon)","11:06","11:37",27.09214,-82.46788,"0","DADA,HAAK,BNDS,PMTI,J001,DAD2","0 boats, 0 lines, 14 crabpots.",0,0,14,"0",11,"03"
"1243",2112,44015,2014-03-05,7700,25,"Photo-id (Pop Mon)","Photo-id (Pop Mon)","12:17","12:19",27.11431,-82.46407,"0","FB35","2 boats, 2 lines, 0 crabpots.",2,2,0,"0",12,"03"
"1244",2113,44016,2014-03-05,7700,26,"Photo-id (Pop Mon)","Photo-id (Pop Mon)","13:40","13:50",27.21941,-82.50906,"0","F252","No photos of second dolphin. 8 boats, 0 lines, 8 crabpots.",8,0,8,"0",13,"03"
"1245",2114,44017,2014-03-05,7700,27,"Photo-id (Pop Mon)","Photo-id (Pop Mon)","14:26","14:33",27.27229,-82.54274,"0","F221","5 boats, 0 lines, 0 crabpots.",5,0,0,"0",14,"03"
"1246",2115,44018,2014-03-05,7700,28,"Photo-id (Pop Mon)","Photo-id (Pop Mon)","14:55","15:00",27.29174,-82.54498,"0","","Lost dolphin in boat traffic, no photos. 12 boats, 3 lines, 0 crabpots.",12,3,0,"0",14,"03"
"1247",2117,44020,2014-03-05,7700,30,"Photo-id (Pop Mon)","Photo-id (Pop Mon)","15:32","15:39",27.31004,-82.54664,"0","FB78,F175,1315,F266,F247","1315 and F266 heavily socializing with 1754. 2 boats, 0 lines, 2 crabpots.",2,0,2,"0",15,"03"
"1248",2118,44021,2014-03-05,7700,31,"Photo-id (Pop Mon)","Photo-id (Pop Mon)","15:53","15:58",27.30687,-82.55763,"0","","2 boats, 0 lines, 0 crabpots.",2,0,0,"0",15,"03"
"1249",2119,44022,2014-03-05,7700,32,"Photo-id (Pop Mon)","Photo-id (Pop Mon)","16:16","16:26",27.31732,-82.56741,"0","F138,F125,1253","1253 is seawall feeding. 0 boats, 0 lines, 1 crabpot.",0,0,1,"0",16,"03"
"1250",2120,44023,2014-03-10,7701,21,"Photo-id (Pop Mon)","Photo-id (Pop Mon)","9:45","10:01",27.34737,-82.61282,"0","4C4C,MAN1","Pin wheeling and fish whacking. Boats-1, Lines-0, Crab pots-31",1,0,31,"0",9,"03"
"1251",2121,44024,2014-03-10,7701,22,"Photo-id (Pop Mon)","Photo-id (Pop Mon)","10:18","10:24",27.38823,-82.64485,"0","FB27,FB92,F128,F284","C277 kerplunked once. Boats-0, Lines-0, Crab pots-8",0,0,8,"0",10,"03"
"1252",2122,44025,2014-03-10,7701,23,"Photo-id (Pop Mon)","Photo-id (Pop Mon)","10:41","11:09",27.43165,-82.68826,"A","F133,F232,F246,F227,F250,F241,F233,F245","F232 and F133 patrolling fishermen with one active line. F232 followed for 200m, boat went away. SG1- F133, 1331, F232. SG2-F250, F246, C654, F227 SG3-F233. F233 had fish in mouth. Boats-2, Lines-1, Crab pots-1",2,1,1,"0",10,"03"
"1253",2124,44027,2014-03-10,7701,25,"Photo-id (Pop Mon)","Photo-id (Pop Mon)","12:45","12:52",27.54771,-82.65074,"0","RTM2,RTM3","No boats, No lines, Crab pots-1",0,0,1,"0",12,"03"
"1254",2125,44028,2014-03-10,7701,26,"Photo-id (Pop Mon)","Photo-id (Pop Mon)","13:07","13:13",27.54523,-82.61189,"0","F235","Boats-1, no lines or crab pots.",1,0,0,"0",13,"03"
"1255",2126,44029,2014-03-10,7701,27,"Photo-id (Pop Mon)","Photo-id (Pop Mon)","13:17","13:22",27.54925,-82.60431,"0","LNCC,CAM1","CAM1 chuffing. Boats-1, Lines-2, Crab pots-0.",1,2,0,"0",13,"03"
"1256",2127,44030,2014-03-10,7701,28,"Photo-id (Pop Mon)","Photo-id (Pop Mon)","13:32","13:44",27.56463,-82.58428,"0","F141,F151,F240,JIMM,ULY2,F217,C911,LYFN,1414,1511","Boats-1, Lines-0, Crab pots-3.",1,0,3,"0",13,"03"
"1257",2129,44032,2014-03-10,7701,30,"Photo-id (Pop Mon)","Photo-id (Pop Mon)","14:51","15:01",27.52489,-82.63444,"0","LNPF,F149,ULYS,1496,ULY4","Calves came by to check out Fregata. Boats-1, Lines-0 and Crab pots-0.",1,0,0,"0",14,"03"
"1258",2131,44034,2014-03-10,7701,32,"Photo-id (Pop Mon)","Photo-id (Pop Mon)","16:12","16:22",27.43062,-82.66838,"0","FB90,FB27,F270,F272,F280,F284","Boats-4, Lines-0, Crab pots-3.",4,0,3,"0",16,"03"
"1259",2132,44035,2014-03-10,7701,33,"Photo-id (Pop Mon)","Photo-id (Pop Mon)","17:01","17:06",27.4128,-82.6446,"0","F213","Initially sighted coming off a large yacht wake. Boats-2, Lines-0, Crab pots-4.",2,0,4,"1",17,"03"
"1260",2133,44036,2014-03-10,7702,41,"Photo-id (Pop Mon)","Photo-id (Pop Mon)","9:30","9:49",27.35493,-82.55888,"0","C835,B053,B531","SG1- B053, B531 prob feeding and travel. SG2-C835 prob feed. Boats-3, Lines-0, Crab pots-9.",3,0,9,"0",9,"03"
"1261",2134,44037,2014-03-10,7702,42,"Photo-id (Pop Mon)","Photo-id (Pop Mon)","9:53","10:01",27.35627,-82.55876,"0","BRAN,BRN1","Boats-1, Lines-0, Crab pots-3.",1,0,3,"0",9,"03"
"1262",2135,44038,2014-03-10,7702,43,"Photo-id (Pop Mon)","Photo-id (Pop Mon)","10:09","10:13",27.35371,-82.55775,"0","IKN2,F238","Boats-2, Lines-0, Crab pots-999",2,0,0,"0",10,"03"
"1263",2136,44039,2014-03-10,7702,44,"Photo-id (Pop Mon)","Photo-id (Pop Mon)","10:26","10:35",27.35733,-82.55928,"L","BRAN,BRN1","L = Pontoon boat approached dolphins for photos. Boats-4, lines-3, crab pots-4.",4,3,4,"1",10,"03"
"1264",2137,44040,2014-03-10,7702,45,"Photo-id (Pop Mon)","Photo-id (Pop Mon)","11:09","11:16",27.4077,-82.63396,"0","F164,F276,F142,F242,WENT","SG1-F276,F142 SG2-F164, F242, WENT. Boats-1, Lines-2, Crab pots-0.",1,2,0,"0",11,"03"
"1265",2138,44041,2014-03-10,7702,46,"Photo-id (Pop Mon)","Photo-id (Pop Mon)","11:58","12:07",27.47981,-82.68035,"0","FB10","Boats-2, lines and crab pots-0.",2,0,0,"0",11,"03"
"1266",2140,44043,2014-03-10,7702,48,"Photo-id (Pop Mon)","Photo-id (Pop Mon)","13:06","13:14",27.47754,-82.67236,"0","F274","boats-3, lines-999, crab pots-1",3,0,1,"0",13,"03"
"1267",2141,44044,2014-03-10,7702,49,"Photo-id (Pop Mon)","Photo-id (Pop Mon)","13:29","13:35",27.47991,-82.68806,"0","FB07,F278","F278 was acting like a calf. Boats-3, lines-1, crab pots-0.",3,1,0,"0",13,"03"
"1268",2142,44045,2014-03-10,7702,50,"Photo-id (Pop Mon)","Photo-id (Pop Mon)","14:35","14:42",27.50866,-82.71145,"0","F220","Dolphins swam past kayak and paddle board, no interaction. Boats-4 (3 kayaks, 1 paddle board), Lines-3, crab pots-0.",4,3,0,"1",14,"03"
"1269",2143,44046,2014-03-10,7702,51,"Photo-id (Pop Mon)","Photo-id (Pop Mon)","14:57","15:03",27.50116,-82.70424,"0","FB54,C548","boats-0, lines-1, crab pots-0.",0,1,0,"0",14,"03"
"1270",2144,44047,2014-03-10,7702,52,"Photo-id (Pop Mon)","Photo-id (Pop Mon)","15:22","15:28",27.44516,-82.68711,"L","F123,1231","Captain Kim's boat was following dolphins when we arrived. Pontoon boat also followed dolphins. Boats-7 (2 jet skis), lines-5, crab pots-0.",7,5,0,"1",15,"03"
"1271",2146,44049,2014-03-10,7702,54,"Photo-id (Pop Mon)","Photo-id (Pop Mon)","16:40","16:43",27.3898,-82.63236,"0","F187","boats-1, lines-0, crab pots-1.",1,0,1,"0",16,"03"
"1272",2148,44051,2014-03-11,7703,21,"Photo-id (Pop Mon)","Photo-id (Pop Mon)","9:53","10:06",27.26055,-82.55473,"0","DAFT,DAF2","boats-2 (1 paddleboard), lines-0, crab pots-5.",2,0,5,"1",9,"03"
"1273",2149,44052,2014-03-11,7703,22,"Photo-id (Pop Mon)","Photo-id (Pop Mon)","11:12","11:18",27.08347,-82.45891,"0","F167,1674","boat-1, lines-3, crab pots-27.",1,3,27,"0",11,"03"
"1274",2150,44053,2014-03-11,7703,23,"Photo-id (Pop Mon)","Photo-id (Pop Mon)","11:50","11:59",27.11608,-82.46561,"0","FB35","Boats-21 (including 3 rental boats, 4 jet skis, 14 rec boats), lines-3, crab pots-3,  1 cast net",21,4,3,"1",11,"03"
"1275",2151,44054,2014-03-11,7703,24,"Photo-id (Pop Mon)","Photo-id (Pop Mon)","12:58","13:05",27.19366,-82.49833,"0","FB25,C258","boats-5, no lines, crab pots-2.",5,0,2,"0",12,"03"
"1276",2152,44055,2014-03-11,7703,25,"Photo-id (Pop Mon)","Photo-id (Pop Mon)","13:46","13:54",27.25257,-82.53017,"L","F262,F264","Boats-14 (3 kayaks, 3 jet skis), lines-2, crab pots-0. 3 kayaks following dolphins very closely then stationary as dolphins milling very close. 2 other private rec boats approached very closely, kayaks stayed after sighting ended, starting seawall feeding",14,2,0,"1",13,"03"
"1277",2155,44059,2014-03-11,7704,41,"Photo-id (Pop Mon)","Photo-id (Pop Mon)","9:15","9:24",27.33648,-82.56589,"0","1316","12 boats, 3 lines, no crab pots.",12,3,0,"0",9,"03"
"1278",2157,44061,2014-03-11,7704,43,"Photo-id (Pop Mon)","Photo-id (Pop Mon)","9:32","9:39",27.34508,-82.55876,"0","F248,C835","0 boats, 0 lines, 1crabpot.",0,0,1,"0",9,"03"
"1279",2158,44062,2014-03-11,7704,44,"Photo-id (Pop Mon)","Photo-id (Pop Mon)","10:40","10:45",27.46562,-82.69015,"0","F146,F228,F179","boats-3, lines-0, crab pots-2.",3,0,2,"0",10,"03"
"1280",2159,44063,2014-03-11,7704,45,"Photo-id (Pop Mon)","Photo-id (Pop Mon)","10:55","11:01",27.47714,-82.69317,"0","F276,F142","boats-4, lines-0, crab pots-3.",4,0,3,"0",10,"03"
"1281",2160,44064,2014-03-11,7704,46,"Photo-id (Pop Mon)","Photo-id (Pop Mon)","11:22","11:33",27.47182,-82.66096,"0","F274","boats-1, lines-1, crab pots-999",1,1,0,"0",11,"03"
"1282",2162,44066,2014-03-11,7704,48,"Photo-id (Pop Mon)","Photo-id (Pop Mon)","12:00","12:18",27.49627,-82.65228,"0","F222","boats-1, lines-1, crab pots-0.",1,1,0,"0",12,"03"
"1283",2163,44067,2014-03-11,7704,49,"Photo-id (Pop Mon)","Photo-id (Pop Mon)","14:17","14:21",27.47948,-82.69716,"L","F215,2152","boats-4, lines-2, crab pots-0. A boat in ICW saw dolphins-slowed down to within 15m and then left.",4,2,0,"0",14,"03"
"1284",2164,44068,2014-03-11,7704,50,"Photo-id (Pop Mon)","Photo-id (Pop Mon)","14:37","14:52",27.44395,-82.68715,"L","FB65,F241,C655","boats-14, lines-5, crab pots-1. Boston whaler approaching dolphin, Fun and Sun boat tours also harrassing dolphins. Blue Jupiter approaching dolphins. A Bow Rider is harassing dolphins. All harrassing vehicles photographed.",14,5,1,"1",14,"03"
"1285",2165,44069,2014-03-11,7704,51,"Photo-id (Pop Mon)","Photo-id (Pop Mon)","15:54","16:03",27.34987,-82.59803,"0","FB92,F128","no boats, lines. Crab pots-3.",0,0,3,"0",15,"03"
"1286",2166,44070,2014-03-11,7704,52,"Photo-id (Pop Mon)","Photo-id (Pop Mon)","16:09","16:25",27.34534,-82.58651,"0","F131,1317","boats-1, lines-0, crab pots-1.",1,0,1,"0",16,"03"
"1287",2168,44072,2014-03-19,7705,22,"Photo-id (Pop Mon)","Photo-id (Pop Mon)","11:04","11:14",27.26615,-82.56829,"0","1315","Animals traveling along sand bar in large breaking waves. Unable to approach close enough for good photos. Boats-1, Lines-0, Crab pots-0.",1,0,0,"0",11,"03"
"1288",2169,44073,2014-03-19,7705,23,"Photo-id (Pop Mon)","Photo-id (Pop Mon)","11:22","11:34",27.26061,-82.55112,"0","F153,FB15,FB25,SOLB,PHIL,C258","Boats-2, Lines-0, Crab pots-3.",2,0,3,"0",11,"03"
"1289",2171,44075,2014-03-19,7705,25,"Photo-id (Pop Mon)","Photo-id (Pop Mon)","14:46","14:51",27.25231,-82.52942,"0","F264","Boats-6, Lines and Crab pots-0.",6,0,0,"0",14,"03"
"1290",2172,44076,2014-03-19,7705,26,"Photo-id (Pop Mon)","Opportunistic","16:01","16:15",27.31087,-82.54714,"L,I","F108,FB92,F131,F128,F211,F262,1315,F266,F241,1753,1317","Banging side of boat to attract dolphins. Approaching within 8m. Other=surfing stern wake of large yacht. SG1: 1315, 1753, F108, F211, F262, F266, C654. SG2: FB92, F128, F131,1317. Boats-10, Lines-0, Crab pots-0.",10,0,0,"1",16,"03"
"1291",2173,44078,2014-03-19,7706,41,"Photo-id (Pop Mon)","Photo-id (Pop Mon)","10:52","11:04",27.29601,-82.56042,"P","FB92,F128","F128 rolled and surfaced very close to crab pot, may have touched line. I don't think it was chasing a fish or feeding so I marked it as play (JA). Continued to next pot and surfaced very closely again (see photos). No more interaction observed after that",4,10,7,"1",10,"03"
"1292",2174,44079,2014-03-19,7706,42,"Photo-id (Pop Mon)","Photo-id (Pop Mon)","11:11","11:17",27.30532,-82.55798,"0","FB92,F128,F211,F262,F221","SG1: F262, F211, F221 SG2:FB92, FB128 SGs joined as sighting began, one rec boat trolling a line past SG1 at start of sighting. They slowed down and reeled in the line. Then SG1 joined SG2 and socialized in channel. As sail tourist boat passed, they did n",2,1,0,"1",11,"03"
"1293",2175,44080,2014-03-19,7706,43,"Photo-id (Pop Mon)","Photo-id (Pop Mon)","11:25","11:39",27.30505,-82.55539,"X","F221","Sarasota Bay explorer boat saw dolphin, stopped and reversed in channel for better view, but probably stayed far enough away. Sea wall feeding in Hansen Bayou and next canal to the west. Boats-2, Lines-1, Crab pots-0.",2,1,0,"1",11,"03"
"1294",2176,44081,2014-03-19,7706,44,"Photo-id (Pop Mon)","Photo-id (Pop Mon)","12:26","12:55",27.36746,-82.59924,"X","F182,C834,MTBG","F182 (milling near crab pots); C834 also milling near crab pots about 200m away. MTBG prob feeding then all of them traveling north. X=possibly interacting with crab pots. Boats-0, Lines-0, Crab pots-4.",0,0,4,"0",12,"03"
"1295",2178,44083,2014-03-19,7706,46,"Photo-id (Pop Mon)","Photo-id (Pop Mon)","13:45","13:59",27.43205,-82.66977,"L","FB02,F236","Cabin cruiser headed S in ICW increased speed to induce stern wake riding. Dolphins rode wake until marker 28, may have been a third dolphin in ICW but was never part of sighting. Boats-14, Lines-1 (wading fisherman), Crab pots-27.",14,1,27,"1",13,"03"
"1296",2179,44084,2014-03-19,7706,47,"Photo-id (Pop Mon)","Photo-id (Pop Mon)","14:04","14:13",27.42189,-82.65623,"0","F272,F280","Sea wall feeding. Boats-2, Lines-2(off sea wall), Crab pots-3.",2,2,3,"1",14,"03"
"1297",2180,44085,2014-03-19,7706,48,"Photo-id (Pop Mon)","Photo-id (Pop Mon)","14:18","14:28",27.42676,-82.66263,"L","FB65,C655","One boat stopped and approached animals. Boats-11, Lines-1, Crab pots-12.",11,1,12,"0",14,"03"
"1298",2182,44087,2014-03-19,7706,50,"Photo-id (Pop Mon)","Photo-id (Pop Mon)","14:54","15:08",27.44639,-82.68684,"L","F178,F188,F146,F228,F135,F179","When we arrived, two tour boats were harassing dolphins. Fun N' Sun and Captain Kim. Captain Kim drove through (over and past dolphins). Fun in Sun moved on when they saw us. Animals swam very close to kayak with line in water with no interaction. Rental ",14,3,3,"1",14,"03"
"1299",2186,44091,2014-04-01,7707,24,"Photo-id (Pop Mon)","Photo-id (Pop Mon)","12:43","12:50",27.56294,-82.58002,"0","C991,F190,YANK,C912","C991 chuffing. Lines-8, Boats-3, Crab pots-0. AO: commorant, royal tern.",3,8,0,"0",12,"04"
"1300",2187,44092,2014-04-01,7707,25,"Photo-id (Pop Mon)","Photo-id (Pop Mon)","14:43","14:58",27.49011,-82.69865,"L","FB27,F196,F268,F284","Island Pearl and another rental deck boat harassing dolphins as sighting started. Boats left shortly after sighting began. Boats-8, Lines-0, Crab pots-0.",8,0,0,"1",14,"04"
"1301",2188,44093,2014-04-01,7707,26,"Photo-id (Pop Mon)","Photo-id (Pop Mon)","15:21","15:32",27.44219,-82.68452,"L","F133,F232,F197,F227,F241,F245,F243","As sighting began, Island Pearl, deckboat, and cabin cruiser harassing dolphins.  During sighitng another small recreational boat and 2 jetskis harassed dolphins. 1331 social with F133. F227 chuffing. Dolphins pretty much staying in same place swimming ag",13,0,0,"1",15,"04"
"1302",2190,44095,2014-04-01,7708,41,"Photo-id (Pop Mon)","Photo-id (Pop Mon)","9:33","9:40",27.34808,-82.55514,"0","B053,DABL,DAB2,B531","Boats-0, Lines-0, Crab pots-4",0,0,4,"0",9,"04"
"1303",2191,44096,2014-04-01,7708,42,"Photo-id (Pop Mon)","Photo-id (Pop Mon)","9:47","9:57",27.36128,-82.56311,"X","IKN2","Dolphin repeatedly fluke out diving near crab pot. Boats-0, Lines-0, Crab pots-2.",0,0,2,"0",9,"04"
"1304",2192,44097,2014-04-01,7708,43,"Photo-id (Pop Mon)","Photo-id (Pop Mon)","10:28","10:33",27.40764,-82.63409,"0","F237,F276,F142,F239","Boats-2, Lines-3, Crab pots-0",2,3,0,"0",10,"04"
"1305",2193,44098,2014-04-01,7708,44,"Photo-id (Pop Mon)","Photo-id (Pop Mon)","11:02","11:17",27.44478,-82.66974,"0","F282","Boats-5, Lines-3, Crab pots-13",5,3,13,"0",11,"04"
"1306",2194,44099,2014-04-01,7708,45,"Photo-id (Pop Mon)","Photo-id (Pop Mon)","11:25","11:38",27.45127,-82.66747,"0","FB54,FB11,FB55,F282,C548,C555,C114","F282 repeatedly tail slapping in very shallow water. Resembles kurplunking. F282, C114 and C555 are socializing. C548 riding off Bob's bow. Boats-2, Lines-0, Crab pots-0.",2,0,0,"0",11,"04"
"1307",2196,44101,2014-04-01,7708,47,"Photo-id (Pop Mon)","Photo-id (Pop Mon)","13:37","13:40",27.47843,-82.69369,"L","FB27,F196,F268,F284","Captain Kathe approaching dolphins within 6m. Boats-7, Lines-4, Crab pots-0",7,4,0,"1",13,"04"
"1308",2198,44103,2014-04-01,7708,49,"Photo-id (Pop Mon)","Photo-id (Pop Mon)","14:43","14:56",27.52918,-82.70476,"0","F114,F220","Resps recorded for F220. Boats-6, Lines-0, Crab pots-0",6,0,0,"0",14,"04"
"1309",2199,44104,2014-04-01,7708,50,"Photo-id (Pop Mon)","Photo-id (Pop Mon)","16:18","16:27",27.34864,-82.59534,"0","FB87,FB20,F155,FB02,F236,F258,C874,1556","SG1: FB20, FB87, C874 and F258. SG2: FB02, F236. SG3: F155 and 1556. SG2 and SG3 joined, socializing. 0 = F155 kurplunking. Boats-3, Lines-0, Crab pots-0",3,0,0,"0",16,"04"
"1310",2200,44105,2014-04-01,7708,51,"Photo-id (Pop Mon)","Photo-id (Pop Mon)","16:42","16:56",27.33425,-82.58173,"0","FB92,F128,F109,F238,1092,1253","Dolphins orienting into outgoing tide under the bridge. F125 not seen, but 1253 disappeared during sighting. Boats-5, Lines-3, Crab pots-0.",5,3,0,"0",16,"04"
"1311",2201,44106,2014-04-02,7709,21,"Photo-id (Pop Mon)","Photo-id (Pop Mon)","9:06","9:12",27.33151,-82.57414,"0","F131,1317","Boats-1, Lines-0, Crab pots-6",1,0,6,"0",9,"04"
"1312",2202,44107,2014-04-02,7709,22,"Photo-id (Pop Mon)","Photo-id (Pop Mon)","9:36","9:50",27.35791,-82.55743,"0","F199,1992","1992 is pinwheeling and has fish in mouth. 1992 is fish tossing. F199 and 1992 are separated by 100-200m. Boats-0, Lines-0, Crab pots-4",0,0,4,"0",9,"04"
"1313",2204,44109,2014-04-02,7709,24,"Photo-id (Pop Mon)","Photo-id (Pop Mon)","10:27","11:14",27.4213,-82.60819,"A","FB27,F237,F182,C834,F276,F178,F188,F142,F196,PHIL,F268,F179,MTBG,F239","One animal is side breaching. Whistling heard from boat. At least C834, F142 patrolling but more animals also near fishing boat. Lost at least one subgroup of animals in the beginning of the sighting. Boats-3, Lines-5, Crab pots-14.",3,5,14,"1",10,"04"
"1314",2205,44110,2014-04-02,7709,25,"Photo-id (Pop Mon)","Photo-id (Pop Mon)","11:26","11:38",27.41545,-82.61933,"0","FB20,FB02,F236,F258","SG1: FB02 SG2: FB20, F236, F258. Boats-1, Lines-0, Crab pots-5.",1,0,5,"0",11,"04"
"1315",2206,44111,2014-04-02,7709,26,"Photo-id (Pop Mon)","Photo-id (Pop Mon)","12:06","12:18",27.4314,-82.64168,"0","F113,F133,F173,F245,1134","Boats-0, Lines-0, Crab pots-5",0,0,5,"0",12,"04"
"1316",2207,44112,2014-04-02,7709,27,"Photo-id (Pop Mon)","Photo-id (Pop Mon)","12:22","12:27",27.43459,-82.64201,"0","F278","Boats-0, Lines-0, Crab pots-2",0,0,2,"0",12,"04"
"1317",2208,44113,2014-04-02,7709,28,"Photo-id (Pop Mon)","Photo-id (Pop Mon)","13:09","13:18",27.47803,-82.68349,"0","FB54,FB33,FB55,F274,C548,C555,C330","SG1: FB33, C330 and F274. SG2: FB55, C555, FB54 and C548. Boats-1, Lines-0, Crab pots-7.",1,0,7,"0",13,"04"
"1318",2209,44114,2014-04-02,7709,29,"Photo-id (Pop Mon)","Photo-id (Pop Mon)","14:39","15:01",27.49812,-82.69932,"X","FB28,F165,F220","SG1: FB28 SG2: F220 and F165. Ten min of resps on FB28. Attempted resps on F220, but too far away. X=2 boats followed FB28 closely for a brief time, but not overt harassment. Boats-8 (1 charter boat), Lines-0, Crab pots-0.",8,0,0,"1",14,"04"
"1319",2210,44115,2014-04-02,7709,30,"Photo-id (Pop Mon)","Photo-id (Pop Mon)","15:04","15:12",27.50058,-82.70295,"0","FB28,FB54,FB33,FB55,C548,C555,C330","FB28 briefly joined group and then left again. Boats-2, Lines-0, Crab pots-0.",2,0,0,"0",15,"04"
"1320",2214,44119,2014-04-02,7710,42,"Photo-id (Pop Mon)","Photo-id (Pop Mon)","10:57","11:09",27.54506,-82.64132,"A,X","F149,ULY2","Other = F149 and ULY2 actively patrolling fishing vessel with two lines. Third small animal prob feeding approx 75-100m away, no photos. X=unable to determine if scavenging or depredating. Third animal not associated with fishing vessel, no photos. Fisher",5,2,0,"0",10,"04"
"1321",2215,44120,2014-04-02,7710,43,"Photo-id (Pop Mon)","Photo-id (Pop Mon)","11:25","11:40",27.54969,-82.6053,"0","F141,1414","Boats-2, Lines-3, Crab pots-0.",2,3,0,"0",11,"04"
"1322",2216,44121,2014-04-02,7710,44,"Photo-id (Pop Mon)","Photo-id (Pop Mon)","12:12","12:29",27.52284,-82.61189,"0","F126,F162,WENT","Boats-5, Lines-0, Crab pots-4.",5,0,4,"0",12,"04"
"1323",2218,44123,2014-04-02,7710,46,"Photo-id (Pop Mon)","Photo-id (Pop Mon)","15:04","15:11",27.43434,-82.67331,"L","FB65,F197,F246,F272,F280,C655,F243","Animals seen leaping and socializing in ICW with 3 rec boats closely pursuing. A large yacht passed and dolphins surfed the wake briefly, ending right beside us. The 3 pursuing vessels continued and crowded our vessel and nearly collided with us. We asked",5,0,0,"1",15,"04"
"1324",2220,44125,2014-04-04,7711,21,"Photo-id (Pop Mon)","Photo-id (Pop Mon)","9:28","9:41",27.33487,-82.57079,"0","F175,F207,F247","Boats-1, Lines-0, Crab pots-0.",1,0,0,"0",9,"04"
"1325",2221,44126,2014-04-04,7711,22,"Photo-id (Pop Mon)","Photo-id (Pop Mon)","10:22","10:36",27.274,-82.57256,"0","F153,FB15","F153 chuffing. Boats-6 (FWC boat passed twice), Lines-8, Crab pots-999.",6,8,0,"0",10,"04"
"1326",2222,44127,2014-04-04,7711,23,"Photo-id (Pop Mon)","Photo-id (Pop Mon)","11:24","11:26",27.31001,-82.55862,"0","FB78","Boats-3, Lines-0, Crab pots-0.",3,0,0,"0",11,"04"
"1327",2223,44128,2014-04-04,7711,24,"Photo-id (Pop Mon)","Photo-id (Pop Mon)","11:33","11:56",27.31253,-82.56804,"0","F153,FB15,1753","SG1: FB15, F153. SG2: 1753. SG3: 2 unknown dolphins (no pics). FB15 and F153 were traveling towards two unidentified animals near sea wall (west side of Otter Key bridge). All animals traveled under bridge. We lost them to help a stranded jet skier. Boats",0,0,3,"0",11,"04"
"1328",2224,44129,2014-04-06,7712,21,"Opportunistic","Opportunistic","17:49","18:04",27.33175,-82.57803,"0","FB79,C798","Dolphins swam withing body length of kayak fishing with 1 line and did not interact. Ski-a-rees boat running at fast speed back and forth along west channel of City Island grass flats very fast, teaching kids how to ski bare foot. Boats-2, Crab pots-0, Li",2,0,1,"1",17,"04"
"1329",2226,44131,2014-04-10,7713,21,"Photo-id (Pop Mon)","Photo-id (Pop Mon)","9:42","10:03",27.31034,-82.58243,"0","F153,FB15,FB25,F175,F211,YOKE,F264,B207,C258,F247","SG1: F264, B207, FB25, C258, F211, YOKE, FB15, F153. SG2: F175, 1754. B207 is likely a male. Boats-1, Lines-0, Crab pots-4.",1,0,4,"0",9,"04"
"1330",2227,44132,2014-04-10,7713,22,"Photo-id (Pop Mon)","Photo-id (Pop Mon)","10:58","11:15",27.11845,-82.47315,"0","F108,BRD3,SCS1,VCRO,GPHK","SG1: SCS1, F108, CL-5112. SG2: BRD3, BCRO. Boats-2, Lines-4, Crab pots-4.",2,4,4,"0",10,"04"
"1331",2228,44133,2014-04-10,7713,23,"Photo-id (Pop Mon)","Photo-id (Pop Mon)","11:39","12:07",27.11227,-82.47038,"L","F114,LNLD,SCS1,OIEA,WLET,SCS2,TNBP,LNL1,KRSN,VCRO,GPHK","Rec boat was harassing dolphins as we approached but left area once we started our sighting. Boats-14, Lines-0, Crab pots-1.",14,0,1,"1",11,"04"
"1332",2229,44134,2014-04-10,7713,24,"Photo-id (Pop Mon)","Photo-id (Pop Mon)","13:06","13:11",27.15698,-82.48139,"0","FB35","FB35 milling near rec fishing boat. No HI observered. Boats-4, Lines-3, Crab pots-unknown.",4,3,0,"1",13,"04"
"1333",2230,44135,2014-04-10,7713,25,"Photo-id (Pop Mon)","Photo-id (Pop Mon)","14:41","14:45",27.26707,-82.54041,"0","FB25,F264,C258","Boats-3, Lines and Crab pots-0.",3,0,0,"0",14,"04"
"1334",2231,44136,2014-04-10,7713,26,"Photo-id (Pop Mon)","Photo-id (Pop Mon)","15:46","15:51",27.31336,-82.56506,"0","FB79,C798","Boats-21 (1 boat, 18 kayaks, 2 paddleboards), Lines-0, Crab pots-1.",21,0,1,"1",15,"04"
"1335",2232,44137,2014-04-10,7714,41,"Photo-id (Pop Mon)","Photo-id (Pop Mon)","9:32","9:38",27.37539,-82.57265,"0","FB65,C655","Boats-2, Lines-3, Crab pots-0.",2,3,0,"0",9,"04"
"1336",2234,44139,2014-04-10,7714,43,"Photo-id (Pop Mon)","Photo-id (Pop Mon)","11:01","11:08",27.47918,-82.68601,"X","FB54,FB33,FB07,FB55,F113,F197,F278,F274,C548,C555,F243,1134,C330","Mr. Toad began plowing when they saw dolphins and got the dolphins to ride the stern wake. Boats-2, Lines-0, Crab pots-0.",2,0,0,"0",11,"04"
"1337",2235,44140,2014-04-10,7714,44,"Photo-id (Pop Mon)","Photo-id (Pop Mon)","11:21","11:25",27.47984,-82.67934,"0","F151,1511","Boats-1, Lines-1, Crab pots-0.",1,1,0,"0",11,"04"
"1338",2236,44141,2014-04-10,7714,45,"Photo-id (Pop Mon)","Photo-id (Pop Mon)","11:26","11:28",27.47997,-82.67942,"0","F215,2152","Boats-1, Lines-1, Crab pots-0.",1,1,0,"0",11,"04"
"1339",2237,44142,2014-04-10,7714,46,"Photo-id (Pop Mon)","Photo-id (Pop Mon)","12:57","13:04",27.49412,-82.69568,"0","FB33,FB55,C555,C330","Boats-6, Lines-0, Crab pots-2.",6,0,2,"0",12,"04"
"1340",2238,44143,2014-04-10,7714,47,"Photo-id (Pop Mon)","Photo-id (Pop Mon)","13:10","13:15",27.49766,-82.69897,"0","","Man cast netting from bridge. Animal surfaced one time, we could not relocate. No boats or crab pots. 1 line (the castnet).",0,1,0,"1",13,"04"
"1341",2239,44144,2014-04-10,7714,48,"Photo-id (Pop Mon)","Photo-id (Pop Mon)","14:13","14:24",27.46933,-82.69243,"0","F278,F274","Boats-5, Lines-0, Crab pots-9.",5,0,9,"0",14,"04"
"1342",2240,44145,2014-04-10,7714,49,"Photo-id (Pop Mon)","Photo-id (Pop Mon)","14:26","14:34",27.47202,-82.69303,"0","FB27,F196,F268,F284","Boats-12 (2 jetskis), Lines-0, Crab pots-5.",12,0,5,"1",14,"04"
"1343",2241,44146,2014-04-10,7714,50,"Photo-id (Pop Mon)","Photo-id (Pop Mon)","14:45","14:51",27.44674,-82.68697,"L","FB65,C655","Yolo Adventures Florida Fun Tours approached within 10m. Changed headings to pursue animals and approached our vessel head on within 10m in attempt to pursue dolphins. Boats-8, Lines-2, Crab pots-0.",8,2,0,"1",14,"04"
"1344",2242,44147,2014-04-10,7714,51,"Photo-id (Pop Mon)","Photo-id (Pop Mon)","14:52","14:58",27.44599,-82.68735,"L,I","","2 animals seen surfacing two times. Yolo Adventures boat manuevered directly towards them. People on anchored private rec vessel putting hands in water, attempting to attact. Lost dolphins in boat traffic, no photos. Boats-4, Lines-3, Crab pots-0.",4,3,0,"1",14,"04"
"1345",2244,44149,2014-04-10,7714,53,"Photo-id (Pop Mon)","Photo-id (Pop Mon)","15:25","15:43",27.43191,-82.67027,"L,H,I","FB90,F133,F241,F270,F245","An excessive amount of vessel harassment occuring during sighting. Two rental jetskis were the worst offenders. Attempted provisioning by a fisherman- threw a ladyfish directly towards the dolphin group. See field notes for more info (attached and on serv",30,0,2,"1",15,"04"
"1346",2245,44150,2014-04-11,7715,21,"Photo-id (Pop Mon)","Photo-id (Pop Mon)","10:41","10:51",27.52217,-82.74054,"0","CTS4,HBM3","Boats-2 (2 jetskis), Lines-0, Crab pots-0. AO=fregate birds and royal terns.",2,0,0,"1",10,"04"
"1347",2248,44153,2014-04-11,7715,24,"Photo-id (Pop Mon)","Photo-id (Pop Mon)","12:39","13:03",27.54878,-82.59751,"0","LNPF,F217,C911","LNPF jumping in large boat wake. Boats-2 (1=FWC research), Lines-0, Crab pots-0.",2,0,0,"1",12,"04"
"1348",2250,44155,2014-04-11,7715,26,"Photo-id (Pop Mon)","Photo-id (Pop Mon)","13:46","13:51",27.54421,-82.60339,"0","LNPF,F217,C911","Boats-1, Lines-0, Crab pots-0. AO=fregate bird.",1,0,0,"0",13,"04"
"1349",2251,44156,2014-04-11,7715,27,"Photo-id (Pop Mon)","Photo-id (Pop Mon)","15:19","15:32",27.47813,-82.69662,"0","F148,F222,F197,F243","F222 chuffing. Boats-6, Lines-0, Crab pots-4.",6,0,4,"0",15,"04"
"1350",2252,44157,2014-04-11,7716,41,"Photo-id (Pop Mon)","Photo-id (Pop Mon)","9:48","10:00",27.26327,-82.56264,"0","LLLN","Could not get close for good photos. Poss HVMS. No boats or lines. Crab pots-2.",0,0,2,"0",9,"04"
"1351",2255,44160,2014-04-11,7716,44,"Photo-id (Pop Mon)","Photo-id (Pop Mon)","13:19","13:27",27.25327,-82.53072,"0","F153,FB15,F108","Boats-5, Lines-0, Crab pots-3.",5,0,3,"0",13,"04"
"1352",2256,44161,2014-04-11,7716,45,"Photo-id (Pop Mon)","Photo-id (Pop Mon)","14:10","14:20",27.31829,-82.55423,"0","1315,1753,C935","Boats-10, Lines-0, Crab pots=11.",10,0,11,"0",14,"04"
"1353",2257,44162,2014-04-11,7716,46,"Photo-id (Pop Mon)","Photo-id (Pop Mon)","14:27","14:30",27.31471,-82.55055,"0","FB78","Boats-12, Lines-0, Crab pots-0.",12,0,0,"0",14,"04"
"1354",2258,44163,2014-04-11,7716,47,"Photo-id (Pop Mon)","Photo-id (Pop Mon)","15:25","15:40",27.32248,-82.57246,"0","FB79,C798","Seawall feeding. Boats-2, Lines-1, Crab pots-1.",2,1,1,"0",15,"04"
"1355",2259,44164,2014-04-14,7717,21,"Photo-id (Pop Mon)","Photo-id (Pop Mon)","10:21","10:30",27.22885,-82.5269,"0","LNLD,LNL1","No boats, lines. Crab pots-3. AO= fregate bird.",0,0,3,"0",10,"04"
"1356",2260,44165,2014-04-14,7717,22,"Photo-id (Pop Mon)","Photo-id (Pop Mon)","11:09","11:12",27.11396,-82.47103,"0","SCS1,SCS2","Boats-4, Lines-5, Crab pots-1.",4,5,1,"0",11,"04"
"1357",2261,44166,2014-04-14,7717,23,"Photo-id (Pop Mon)","Photo-id (Pop Mon)","11:16","11:39",27.11212,-82.4706,"L","SCSM,BRD3,SCS1,SCS2,GRGO,CL-4942,NYDT,VCUM","Sail Venice tour boat sailed directly over dolphins and turned back around to sail over them again. Boats-12, Lines-3, Crab pots-1.",12,3,1,"1",11,"04"
"1358",2262,44167,2014-04-14,7717,24,"Photo-id (Pop Mon)","Photo-id (Pop Mon)","12:35","12:41",27.12636,-82.46938,"0","BLTR","Milling close to a boat with two lines in water, but does not seem to be paying attention to fish they are catching. Boats-9, Lines-2, Crab pots-0.",9,2,0,"0",12,"04"
"1359",2263,44168,2014-04-14,7717,25,"Photo-id (Pop Mon)","Photo-id (Pop Mon)","14:35","14:49",27.29341,-82.55383,"0","F211,F264","Other= head slap. F211 has skin lesions on much of her body. Boats-2, Lines-1, Crab pots-0.",2,1,0,"0",14,"04"
"1360",2264,44169,2014-04-14,7717,26,"Photo-id (Pop Mon)","Photo-id (Pop Mon)","15:11","15:16",27.30545,-82.54413,"P","F252,C935","C935 fluke out diving next to crab pot repeatedly. Other=P. Boats-2, Lines-0, Crab pots-7.",2,0,7,"0",15,"04"
"1361",2265,44170,2014-04-14,7718,41,"Photo-id (Pop Mon)","Photo-id (Pop Mon)","9:05","9:21",27.3316,-82.57809,"0","FB11,F131,F138,F125,1253,C114,1317","Socializing (1253 and C114). Boats-1 (fregata), Lines-0, Crab pots-0.",1,0,0,"1",9,"04"
"1362",2266,44171,2014-04-14,7718,42,"Photo-id (Pop Mon)","Photo-id (Pop Mon)","9:30","9:36",27.32951,-82.56847,"0","F207","Boats-2, Lines-0, Crab pots-4.",2,0,4,"0",9,"04"
"1363",2267,44172,2014-04-14,7718,43,"Photo-id (Pop Mon)","Photo-id (Pop Mon)","10:41","10:51",27.32206,-82.55124,"0","F211,1315,F266,1753","Boats-6, Lines-0, Crab pots-0.",6,0,0,"0",10,"04"
"1364",2268,44173,2014-04-14,7718,44,"Photo-id (Pop Mon)","Photo-id (Pop Mon)","11:06","11:10",27.33197,-82.55643,"0","F207","Boats-1, Lines-2, Crab pots-0.",1,2,0,"0",11,"04"
"1365",2269,44174,2014-04-14,7718,45,"Photo-id (Pop Mon)","Photo-id (Pop Mon)","12:39","12:56",27.47572,-82.69437,"L","FB33,F148,F133,F151,F222,F197,F209,F274,F245,F243,1511,2091,C330","Fish whacks. F222 and F274 very social together. All animals seawall feeding/ Great blue heron tried to steal fish. Informed jetskiers they should stay 50m from dolphins. Boats-6, Lines-0, Crab pots-3. AO=mantees and great blue herons.",6,0,3,"1",12,"04"
"1366",2270,44175,2014-04-14,7718,46,"Photo-id (Pop Mon)","Photo-id (Pop Mon)","14:09","14:14",27.43234,-82.67056,"L","F123,1231","One vessel approached dolphins <5m, appeared to be changing heading to pursue but continued on when they saw us photographing their vessel. Boats-4 (2 paddleboards), Lines-0, Crab pots-0.",4,0,0,"1",14,"04"
"1367",2271,44176,2014-04-14,7718,47,"Photo-id (Pop Mon)","Photo-id (Pop Mon)","14:50","14:57",27.42285,-82.65788,"0","F246,F280","Boats-2, Lines-0, Crab pots-1.",2,0,1,"0",14,"04"
"1368",2272,44177,2014-04-14,7718,48,"Photo-id (Pop Mon)","Photo-id (Pop Mon)","15:07","15:16",27.409,-82.63896,"0","F159,1593","Boats-4, Lines-2, Crab pots-0.",4,2,0,"0",15,"04"
"1369",2274,44179,2014-04-14,7718,50,"Photo-id (Pop Mon)","Photo-id (Pop Mon)","15:49","16:01",27.35304,-82.59782,"L","F238,1316","Fish whack. Seawall feeding. Boat rapidly approached dolphins, turned around one time and then left. Boats-2, Lines-0, Crab pots-1.",2,0,1,"0",15,"04"
"1370",2277,44262,2014-05-19,7734,22,"Photo-id (Pop Mon/Syn)","Photo-id (Pop Mon/Syn)","10:04","10:13",27.47616,-82.69254,"L","F228","Seawall feeding (video). Boats-1, Lines-0, Crab pots-0.",1,0,0,"0",10,"05"
"1371",2279,44264,2014-05-19,7734,24,"Photo-id (Pop Mon/Syn)","Photo-id (Pop Mon/Syn)","10:58","11:04",27.48548,-82.6474,"0","F229","Boats-0, Lines-0, Crab pots-7.",0,0,7,"0",10,"05"
"1372",2282,44267,2014-05-19,7734,27,"Photo-id (Pop Mon/Syn)","Photo-id (Pop Mon/Syn)","12:27","12:34",27.5071,-82.71025,"0","FB55,F135,F173,F250,C555","SG1: FB55, C555. SG2: F173, F250, F135. SGs joined briefly and then separated again. Boats-1 (commercial catamaran), lines and crabpots-0.",1,0,0,"1",12,"05"
"1373",2283,44268,2014-05-19,7734,28,"Photo-id (Pop Mon/Syn)","Photo-id (Pop Mon/Syn)","12:47","12:52",27.52378,-82.7078,"0","FB65,C655","Boats-1, Lines and crab pots-0.",1,0,0,"0",12,"05"
"1374",2284,44269,2014-05-19,7734,29,"Photo-id (Pop Mon/Syn)","Photo-id (Pop Mon/Syn)","13:01","13:29",27.52342,-82.71915,"0","F155,F220,1556","F155 and 1556 joined at 13:20; calf social with boat. Took resps on F220. SG1: F220- seawall feeding. SG2: F155, 1556. Boats-2, Lines-0, Crab pots-5.",2,0,5,"0",13,"05"
"1375",2287,44272,2014-05-19,7735,43,"Photo-id (Pop Mon/Syn)","Photo-id (Pop Mon/Syn)","9:30","9:56",27.30001,-82.5739,"0","FB27,FB44,F254,LIZD,MTBG,L108,BBRD,LDMR,CENT,HVTI,F284,HVT1","SG1: FB27, F284, FB44, F254, MTBG. SG2: HVTI, HVT1, LIZD,LDMR,CENT, poss calf of LDMR, L108, BBRD; spread out and feeding. MTBG tailslapping at F254. Frigate tried to steal fish from dolphin. Boats and lines-0, crab pots-7.",0,0,7,"0",9,"05"
"1376",2288,44273,2014-05-19,7735,44,"Photo-id (Pop Mon/Syn)","Photo-id (Pop Mon/Syn)","10:10","10:17",27.26894,-82.57219,"0","BIDF,GFSD","Boats and lines-0, crab pots-1. Many xenos.",0,0,1,"0",10,"05"
"1377",2291,44276,2014-05-19,7735,47,"Photo-id (Pop Mon/Syn)","Photo-id (Pop Mon/Syn)","11:37","11:44",27.07653,-82.45589,"0","CL-5476,CL-5477","Boats-1 (1 active dive boat). Lines-0, Crab pots-1.",1,0,1,"1",11,"05"
"1378",2292,44277,2014-05-19,7735,48,"Photo-id (Pop Mon/Syn)","Photo-id (Pop Mon/Syn)","11:57","12:06",27.11048,-82.47032,"L,I","FB25,C258,C259","Being harassed by 3 jet skis and 1 boat when we approached- other boats left when we arrived. Boats-4, lines-0, crab pots-1.",4,0,1,"1",11,"05"
"1379",2293,44278,2014-05-19,7735,49,"Photo-id (Pop Mon/Syn)","Photo-id (Pop Mon/Syn)","13:08","13:11",27.16781,-82.48673,"0","F108","Boats-1, lines and crab pots-0.",1,0,0,"0",13,"05"
"1380",2295,44280,2014-05-19,7735,51,"Photo-id (Pop Mon/Syn)","Photo-id (Pop Mon/Syn)","14:55","15:09",27.30662,-82.55849,"0","RY34,MPTB,F171,F221","Boats-3, lines and crab pots-0.",3,0,0,"0",14,"05"
"1381",2296,44281,2014-05-19,7735,52,"Photo-id (Pop Mon/Syn)","Photo-id (Pop Mon/Syn)","15:25","15:30",27.30176,-82.56157,"0","FB27,FB44,F254,F284","Boats-1, Lines and crab pots-0.",1,0,0,"0",15,"05"
"1382",2299,44284,2014-05-19,7736,61,"Photo-id (Pop Mon/Syn)","Photo-id (Pop Mon/Syn)","9:07","9:13",27.36555,-82.62894,"0","F241","Boats and lines-0, crab pots-1.",0,0,1,"0",9,"05"
"1383",2300,44285,2014-05-19,7736,62,"Photo-id (Pop Mon/Syn)","Photo-id (Pop Mon/Syn)","9:59","10:08",27.52084,-82.74115,"0","STE1,HBM3","Boats-4, Lines and crab pots-0. Frigate Bird Associated.",4,0,0,"0",9,"05"
"1384",2301,44286,2014-05-19,7736,63,"Photo-id (Pop Mon/Syn)","Photo-id (Pop Mon/Syn)","10:15","10:25",27.52632,-82.74619,"0","HSNS,HSN4","Poor photos of third dolphin. Boats-6, lines-5, crab pots-0.",6,5,0,"0",10,"05"
"1385",2302,44287,2014-05-19,7736,64,"Photo-id (Pop Mon/Syn)","Photo-id (Pop Mon/Syn)","11:08","11:18",27.54652,-82.63343,"0","PNBT,FRNG,UNDG,FRN3,PNB3,UND2","Two of the calves are socializing with the boat. Kerplunking. Boats-3, lines-4, crab pots-1.",3,4,1,"0",11,"05"
"1386",2303,44288,2014-05-19,7736,65,"Photo-id (Pop Mon/Syn)","Photo-id (Pop Mon/Syn)","11:38","11:45",27.56287,-82.57632,"0","CMRS,HITS,ZOEY,CL-5479","Boats,lines-0, crab pots-1.",0,0,1,"0",11,"05"
"1387",2305,44290,2014-05-19,7736,67,"Photo-id (Pop Mon/Syn)","Photo-id (Pop Mon/Syn)","14:36","14:42",27.39304,-82.63071,"0","F123,1231","Boats-1, lines-2, crab pots-0.",1,2,0,"0",14,"05"
"1388",2308,44293,2014-05-21,7737,21,"Photo-id (Pop Mon/Syn)","Photo-id (Pop Mon/Syn)","8:41","8:45",27.34774,-82.5535,"P","1316","Seen fish around crab pot. Boats-0, Lines-0, Crab pots-2.",0,0,2,"0",8,"05"
"1389",2309,44294,2014-05-21,7737,22,"Photo-id (Pop Mon/Syn)","Photo-id (Pop Mon/Syn)","8:52","9:02",27.35397,-82.55621,"0","VLKA,CLJP","Boats-0, Lines-0, Crab pots-3.",0,0,3,"0",8,"05"
"1390",2310,44295,2014-05-21,7737,23,"Photo-id (Pop Mon/Syn)","Photo-id (Pop Mon/Syn)","9:31","9:40",27.41681,-82.62409,"B,A","F164,F125,F242,1253","F242 scavenging on discarded redfish. All 4 dolphins patrolling near 3 fishing boats. Other=HI. Boats-3, Lines-10, Crab pots-999. AO=royal terns, laughing gulls, fregate bird.",3,10,0,"1",9,"05"
"1391",2311,44296,2014-05-21,7737,24,"Photo-id (Pop Mon/Syn)","Photo-id (Pop Mon/Syn)","9:51","10:04",27.41166,-82.64257,"0","F241","Riding stern wake of boat at beginning of sighting. Boats-4, Lines-0 and crab pots-0.",4,0,0,"0",9,"05"
"1392",2313,44298,2014-05-21,7737,26,"Photo-id (Pop Mon/Syn)","Photo-id (Pop Mon/Syn)","10:21","10:30",27.43319,-82.6438,"0","FB20,FB02,BOXR,F236,F258,F179","SG1: FB20, F258, F179. SG2: F236, FB02, BOXR. Boats-1, Lines-1, Crab pots-0.",1,1,0,"0",10,"05"
"1393",2315,44300,2014-05-21,7737,28,"Photo-id (Pop Mon/Syn)","Photo-id (Pop Mon/Syn)","11:00","11:02",27.44789,-82.67504,"0","F278","Boats-0, Lines-0, Crab pots-3.",0,0,3,"0",11,"05"
"1394",2317,44302,2014-05-21,7737,30,"Photo-id (Pop Mon/Syn)","Photo-id (Pop Mon/Syn)","11:43","11:52",27.47941,-82.67755,"0","FB65,C655,C656","C655 surfacing in calf position along with YOY. Boats-4, Lines-1, Crab pots-0.",4,1,0,"0",11,"05"
"1395",2318,44303,2014-05-21,7737,31,"Photo-id (Pop Mon/Syn)","Photo-id (Pop Mon/Syn)","12:00","12:03",27.47623,-82.66918,"0","FRNG,FRN3","Boats-1 (jet ski), Lines-0, Crab pots-0.",1,0,0,"1",12,"05"
"1396",2320,44305,2014-05-21,7737,33,"Photo-id (Pop Mon/Syn)","Photo-id (Pop Mon/Syn)","12:32","13:00",27.48801,-82.64701,"0","F148,F113,F151,F215,F222,1511,1134,2152,1135","SG1: F215 and 2152 SG2: F113, 1134, F222, F148, F151, 1511 and a YOY. YOY surfacing next to F113 most regularly. 2152 joined SG2. All dolphins joined and then split into new sub groups. SG1: F215, 2152, F151, 1511, F222, F148.  SG2: F113, 1134, YOY.  Grou",0,0,5,"0",12,"05"
"1397",2321,44306,2014-05-21,7737,34,"Photo-id (Pop Mon/Syn)","Photo-id (Pop Mon/Syn)","13:08","13:12",27.49772,-82.6539,"0","F215,2152","Boats-0, Lines-0, Crab pots-8.",0,0,8,"0",13,"05"
"1398",2324,44309,2014-05-21,7737,37,"Photo-id (Pop Mon/Syn)","Photo-id (Pop Mon/Syn)","14:48","14:50",27.4682,-82.69247,"0","FB90,F270","Boats-0, Lines-0, Crab pots-1.",0,0,1,"0",14,"05"
"1399",2331,44316,2014-05-21,7738,46,"Photo-id (Pop Mon/Syn)","Photo-id (Pop Mon/Syn)","10:41","10:44",27.16469,-82.49819,"0","F167,PRST,AMTS,1674","Boats-1, Lines-0, Crab pots-0.",1,0,0,"0",10,"05"
"1400",2332,44317,2014-05-21,7738,47,"Photo-id (Pop Mon/Syn)","Photo-id (Pop Mon/Syn)","11:01","11:05",27.10942,-82.47002,"0","CL-5476","Boats-0, Lines-0, Crab pots-3.",0,0,3,"0",11,"05"
"1401",2333,44318,2014-05-21,7738,48,"Photo-id (Pop Mon/Syn)","Photo-id (Pop Mon/Syn)","11:26","11:31",27.10123,-82.4645,"0","CL-5476","Resight from previous. Boats-0, Lines-0, Crab pots-2.",0,0,2,"0",11,"05"
"1402",2335,44320,2014-05-21,7738,50,"Photo-id (Pop Mon/Syn)","Photo-id (Pop Mon/Syn)","13:03","13:13",27.18043,-82.49431,"0","FB35","Boats-3, Lines-2, Crab pots-0. AO: manatee.",3,2,0,"0",13,"05"
"1403",2336,44321,2014-05-21,7738,51,"Photo-id (Pop Mon/Syn)","Photo-id (Pop Mon/Syn)","14:44","14:49",27.30394,-82.54581,"0","F264","SB Explorer boat trawling withing 25m, single surfacing fluke-out dives. Boats-4, Lines-0, Crab pots-0.",4,0,0,"1",14,"05"
"1404",2337,44322,2014-05-21,7738,52,"Photo-id (Pop Mon/Syn)","Photo-id (Pop Mon/Syn)","14:56","14:59",27.30515,-82.55271,"0","F199,1992","Boats-2, Lines-0, Crab pots-0.",2,0,0,"0",14,"05"
"1405",2339,44324,2014-05-21,7738,54,"Photo-id (Pop Mon/Syn)","Photo-id (Pop Mon/Syn)","15:11","15:31",27.30494,-82.5533,"0","FB25,F138,F238,F211,F262,F221,C258","SG1: F138 and F211 socializing. SG2: FB25, C258, F262, plus one other?.  FB25's YOY (C259) not present.  F211 left F138 to join SG1.  Boats-2, Lines-0, Crab pots-0.",2,0,0,"0",15,"05"
"1406",2340,44325,2014-05-21,7738,55,"Photo-id (Pop Mon/Syn)","Photo-id (Pop Mon/Syn)","15:47","15:53",27.31296,-82.5648,"0","BRD3,VCRO","Boats-1, Lines-0, Crab pots-1.",1,0,1,"0",15,"05"
"1407",2342,44328,2014-05-21,7739,62,"Photo-id (Pop Mon/Syn)","Photo-id (Pop Mon/Syn)","9:11","9:24",27.34126,-82.60644,"0","1673,HVTI,HVT1","Fluke out diving. Boats-2, Lines-0, Crab pots-6. AO: fregate bird.",2,0,6,"0",9,"05"
"1408",2343,44329,2014-05-21,7739,63,"Photo-id (Pop Mon/Syn)","Photo-id (Pop Mon/Syn)","10:09","10:24",27.50529,-82.72113,"0","HSNS,F109,F196,F268,1092,HSN4","Logging at surface. HSNS + HSN4 fluke out diving. F268 with plastic bag on dorsal temporarily. Boats-2, Lines-0, Crab pots-0.",2,0,0,"0",10,"05"
"1409",2344,44330,2014-05-21,7739,64,"Photo-id (Pop Mon/Syn)","Photo-id (Pop Mon/Syn)","11:03","11:14",27.54242,-82.65124,"0","LNCC,ULY2","Boats-1, Lines-0, Crab pots-0.",1,0,0,"0",11,"05"
"1410",2345,44331,2014-05-21,7739,65,"Photo-id (Pop Mon/Syn)","Photo-id (Pop Mon/Syn)","11:34","11:51",27.55667,-82.59117,"0","LNPF,LNPC,F225,2253,LNC2","SG1: F225, 2253. SG2: LNPF, LNPC, LNC2. Boats-1, Lines-1, Crab pots-0.",1,1,0,"0",11,"05"
"1411",2346,44332,2014-05-21,7739,66,"Photo-id (Pop Mon/Syn)","Photo-id (Pop Mon/Syn)","11:55","12:03",27.56102,-82.58549,"0","TDTC,C911","Boats-1, Lines-0, Crab pots-0.",1,0,0,"0",11,"05"
"1412",2347,44333,2014-05-21,7739,67,"Photo-id (Pop Mon/Syn)","Photo-id (Pop Mon/Syn)","12:18","12:25",27.53432,-82.60197,"0","HIQQ,F102,C991,C912","Boats-0, Lines-0, Crab pots-1.",0,0,1,"0",12,"05"
"1413",2348,44334,2014-05-21,7739,68,"Photo-id (Pop Mon/Syn)","Photo-id (Pop Mon/Syn)","13:16","13:29",27.52008,-82.61874,"0","HAIR,SIMP,TROY,HLP4,SIM2,HBPL","Large group of cownose rays present. SIMP chuffed. Boats-1, Lines-0, Crab pots-0.",1,0,0,"0",13,"05"
"1414",2349,44335,2014-05-21,7739,69,"Photo-id (Pop Mon/Syn)","Photo-id (Pop Mon/Syn)","13:43","14:01",27.53146,-82.66029,"0","F149,ULYS,HLPC,F224,RTM3,1494,ULY2,1496,ULY4","F224 logging and ULY4 surfacing with RTM3, but occassionally with ULYS. Boats-7, Lines-0, Crab pots-0.",7,0,0,"0",13,"05"
"1415",2350,44336,2014-05-21,7739,70,"Photo-id (Pop Mon/Syn)","Photo-id (Pop Mon/Syn)","14:31","14:45",27.53355,-82.7226,"0","FB10,F114,F165,F220","SG1: F220. SG2: F165, FB10, F114. Boats-1, Lines-0, Crab pots-0.",1,0,0,"0",14,"05"
"1416",2352,44338,2014-05-21,7739,72,"Photo-id (Pop Mon/Syn)","Photo-id (Pop Mon/Syn)","14:54","15:08",27.52921,-82.71694,"0","F155,F220,1556","SG1: F220 resps attempted, lost entering channel. SG2: F155, 1556 in Galatti's channel when looking for F220. F155 and 1556 followed by rec boat. Boats-9 (4 kayaks), Lines-0, Crab pots-2.",9,0,2,"1",14,"05"
"1417",2354,44340,2014-05-21,7739,74,"Photo-id (Pop Mon/Syn)","Photo-id (Pop Mon/Syn)","15:27","15:32",27.51589,-82.69385,"0","F146,F228,F137","Can hear vocalizing. F137 repeatedly belly up underneath F228. F137 logging at surface. Boats-1, Lines-0, Crab pots-0.",1,0,0,"0",15,"05"
"1418",2355,44341,2014-05-21,7739,75,"Photo-id (Pop Mon/Syn)","Photo-id (Pop Mon/Syn)","15:36","15:41",27.50409,-82.69084,"0","FB11,F133,F245,C114","Boats-1, Lines-0, Crab pots-0.",1,0,0,"0",15,"05"
"1419",2356,44342,2014-05-21,7739,76,"Photo-id (Pop Mon/Syn)","Photo-id (Pop Mon/Syn)","15:45","15:56",27.49712,-82.69362,"0","FB65,C655,C656","Boats-2, Lines-0, Crab pots-0.",2,0,0,"0",15,"05"
"1420",2357,44343,2014-05-22,7740,21,"Photo-id (Pop Mon/Syn)","Photo-id (Pop Mon/Syn)","10:18","10:28",27.47983,-82.67757,"0","FB28","Boats-2, Lines-0, Crab pots-0.",2,0,0,"0",10,"05"
"1421",2358,44344,2014-05-22,7740,22,"Photo-id (Pop Mon/Syn)","Photo-id (Pop Mon/Syn)","10:33","10:44",27.47907,-82.6759,"0","F272,F278,F280","Boats-3, Lines-1, Crab pots-0.",3,1,0,"0",10,"05"
"1422",2359,44345,2014-05-22,7740,23,"Photo-id (Pop Mon/Syn)","Photo-id (Pop Mon/Syn)","10:54","10:59",27.47298,-82.66525,"0","F241","Can hear whistling. Boats-0, Lines-0, Crab pots-1.",0,0,1,"0",10,"05"
"1423",2362,44348,2014-05-22,7740,26,"Photo-id (Pop Mon/Syn)","Photo-id (Pop Mon/Syn)","11:50","11:58",27.50167,-82.6502,"0","F215,2152","Surfing on boat wake. Boats-0, Lines-0, Crab pots-6.",0,0,6,"0",11,"05"
"1424",2363,44349,2014-05-22,7740,27,"Photo-id (Pop Mon/Syn)","Photo-id (Pop Mon/Syn)","12:17","12:26",27.48772,-82.66677,"0","F135","Boats-1, Lines-0, Crab pots-0.",1,0,0,"0",12,"05"
"1425",2364,44350,2014-05-22,7740,28,"Photo-id (Pop Mon/Syn)","Photo-id (Pop Mon/Syn)","12:37","12:45",27.47983,-82.6764,"0","FB54,C548","Fish whack. Boats-5, Lines-0, Crab pots-0.",5,0,0,"0",12,"05"
"1426",2366,44352,2014-05-22,7740,30,"Photo-id (Pop Mon/Syn)","Photo-id (Pop Mon/Syn)","13:09","13:15",27.47642,-82.69356,"0","F148,F151,F222,1511","Boats-1, Lines-0, Crab pots-1.",1,0,1,"0",13,"05"
"1427",2367,44353,2014-05-22,7740,31,"Photo-id (Pop Mon/Syn)","Photo-id (Pop Mon/Syn)","13:43","13:47",27.47216,-82.69272,"0","F148,F151,F222,1511","Boats-999, Lines-0, Crab pots-1.",0,0,1,"0",13,"05"
"1428",2368,44354,2014-05-22,7740,32,"Photo-id (Pop Mon/Syn)","Photo-id (Pop Mon/Syn)","13:56","14:02",27.4598,-82.68773,"0","F278","Boats-3, Lines-0, Crab pots-0.",3,0,0,"0",13,"05"
"1429",2369,44355,2014-05-22,7740,33,"Photo-id (Pop Mon/Syn)","Photo-id (Pop Mon/Syn)","14:07","14:09",27.45127,-82.68503,"0","F209,2091","Boats-1, Lines-0, Crab pots-0.",1,0,0,"0",14,"05"
"1430",2370,44356,2014-05-22,7740,34,"Photo-id (Pop Mon/Syn)","Photo-id (Pop Mon/Syn)","14:22","14:37",27.43883,-82.67844,"0","FB92,F128,F133,F272,F245","Animals widely dispersed at beginning. FB92, F128, F133 and F245 formed a close group at the end. Did not realize F272 was present until photos downloaded. Boats-1, Lines-0, Crab pots-0.",1,0,0,"0",14,"05"
"1431",2372,44358,2014-05-22,7741,42,"Photo-id (Pop Mon/Syn)","Photo-id (Pop Mon/Syn)","9:56","10:07",27.15344,-82.49075,"0","DADA,PFYT,DAD2,KOVU","Boats, lines-0. Crab pots-1.",0,0,1,"0",9,"05"
"1432",2373,44359,2014-05-22,7741,43,"Photo-id (Pop Mon/Syn)","Photo-id (Pop Mon/Syn)","10:10","10:21",27.15603,-82.49015,"0","PIHI,DADA,TNMY,PFYT,DAD2,KOVU,QFYC,CL-5481","Boats-1, lines-0, crab pots-2.",1,0,2,"0",10,"05"
"1433",2374,44360,2014-05-22,7741,44,"Photo-id (Pop Mon/Syn)","Photo-id (Pop Mon/Syn)","10:28","10:35",27.1509,-82.48611,"0","MUCH,MUC4","Calf is carrying fish. Boats-3, Lines-2, crab pots-999.",3,2,0,"0",10,"05"
"1434",2375,44361,2014-05-22,7741,45,"Photo-id (Pop Mon/Syn)","Photo-id (Pop Mon/Syn)","10:44","10:47",27.12905,-82.47466,"0","SCS1,ENM2","Fish tossing. Boats-0, Lines-0, Crab pots-2.",0,0,2,"0",10,"05"
"1435",2377,44363,2014-05-22,7741,47,"Photo-id (Pop Mon/Syn)","Photo-id (Pop Mon/Syn)","14:26","14:29",27.31257,-82.55587,"0","1753","Boats-1, Lines-3, Crab pots-0.",1,3,0,"0",14,"05"
"1436",2378,44364,2014-05-22,7741,48,"Photo-id (Pop Mon/Syn)","Photo-id (Pop Mon/Syn)","14:56","14:59",27.30498,-82.55534,"0","F256","Seawall feeding. Boats-3, Lines-0, Crab pots-0.",3,0,0,"0",14,"05"
"1437",2379,44365,2014-05-22,7742,61,"Photo-id (Pop Mon/Syn)","Photo-id (Pop Mon/Syn)","9:12","9:17",27.37415,-82.63496,"0","GPHK","Boats-1, Lines-0, Crab pots-0.",1,0,0,"0",9,"05"
"1438",2380,44366,2014-05-22,7742,62,"Photo-id (Pop Mon/Syn)","Photo-id (Pop Mon/Syn)","10:13","10:26",27.54773,-82.73824,"0","LBSL,RCNM,RTM2,LWHP,BASH,HMLC,JGLD,ATMM,RCN2,JGL2","Boats-2, Lines-1, Crab pots-0.",2,1,0,"0",10,"05"
"1439",2381,44367,2014-05-22,7742,63,"Photo-id (Pop Mon/Syn)","Photo-id (Pop Mon/Syn)","10:40","10:59",27.56148,-82.74651,"L","MTSS,MANT,DBBN,TTNS,Q5LA,UWHO,BSMN,CRBD,RVCL,SNAL,MEAD,HNB2,ATRD,CL-5482,CL-5483,CL-5484","Multiple SGs in area that split up. Couldn't follow all animals, incomplete photo coverage. L=tour boat and private rec boat following dolphins when we arrived. Boats-2, Lines-0, Crab pots-0.",2,0,0,"1",10,"05"
"1440",2384,44370,2014-05-22,7742,66,"Photo-id (Pop Mon/Syn)","Photo-id (Pop Mon/Syn)","11:53","12:05",27.54649,-82.63702,"0","CMRS,HITS,BOOT,LNPC,ZOEY,LDM3,UNDG,LNC2,BOO3,UND2,CL-5479","SG1: CMRS, HITS, LDM3, LNPC, LNC2, ZOEY+calf of Zoey (CL-5479). SG2: BOOT, BOO3, UNDG, UND2. SG1 passed by fishing boat with one line, no interactions. SG2 passed by fishing boat with two lines, no interactions. Boats-3, Lines-4, Crab pots-0.",3,3,0,"1",11,"05"
"1441",2385,44371,2014-05-22,7742,67,"Photo-id (Pop Mon/Syn)","Photo-id (Pop Mon/Syn)","12:23","12:30",27.56179,-82.57676,"0","F240,HOVC,LNCC","Bubbles. F240 logging at surface, right side up and slowly rotating upside down. Animals swimming and surfacing slowly like resting and rubbing and touching like socializing. Boats-1, Lines-0, Crab pots-0.",1,0,0,"0",12,"05"
"1442",2386,44372,2014-05-22,7742,68,"Photo-id (Pop Mon/Syn)","Photo-id (Pop Mon/Syn)","12:40","12:51",27.53341,-82.60062,"0","TDTC,F217,C911","Boats-0, Lines-0, Crab pots-1.",0,0,1,"0",12,"05"
"1443",2389,44375,2014-05-22,7742,71,"Photo-id (Pop Mon/Syn)","Photo-id (Pop Mon/Syn)","14:41","14:44",27.52044,-82.7008,"0","F276,F142","4-5 other animals sharked across shallows, not included in sighting. Boats-1, Lines-0, Crab pots-0.",1,0,0,"0",14,"05"
"1444",2390,44376,2014-05-22,7742,72,"Photo-id (Pop Mon/Syn)","Photo-id (Pop Mon/Syn)","15:59","16:10",27.35059,-82.58578,"0","IKN2,F246,HWK3","Boats, lines-0. Crab pots-1.",0,0,1,"0",15,"05"
"1445",2391,44377,2014-05-23,7743,21,"Photo-id (Pop Mon)","Photo-id (Pop Mon)","9:13","9:39",27.32816,-82.58216,"0","FB79,FB55,C555,C798","SG1: FB79, C798. SG2: FB55, C555. SGs joined at Ski-a-rees. Calf was fish tossing. During resps FB79 slow traveled while C798 fish tossed and prob fed. Boats-2, Lines-2, Crab pots-5.",2,2,5,"0",9,"05"
"1446",2392,44378,2014-05-23,7743,22,"Photo-id (Pop Mon)","Photo-id (Pop Mon)","10:14","10:39",27.30602,-82.55481,"0","F108,FB25,F262,F256,F221,C258","Took resps on FB25. Boats-5, Lines-1, Crab pots-0.",5,1,0,"0",10,"05"
"1447",2394,44380,2014-05-23,7743,24,"Photo-id (Pop Mon)","Photo-id (Pop Mon)","11:17","11:26",27.32432,-82.54601,"0","FB55,F211,F266,F256,1753,C555","Boats-1, Lines-0, Crab pots-0.",1,0,0,"0",11,"05"
"1448",2395,44381,2014-05-23,7743,25,"Photo-id (Pop Mon)","Photo-id (Pop Mon)","12:16","12:37",27.35628,-82.5743,"0","F246,BRN1,VLKA,CLJP","Boat-1, Lines-0, Crab pots-0.",1,0,0,"0",12,"05"
"1449",2396,44382,2014-05-23,7743,26,"Photo-id (Pop Mon)","Photo-id (Pop Mon)","13:31","13:36",27.47913,-82.68614,"X","","X=dolphins leaping in stern wake of cabin cruiser, which was plowing to induce wake riding. Boats-2, Lines-0, Crab pots-0.",2,0,0,"1",13,"05"
"1450",2397,44383,2014-05-23,7743,27,"Photo-id (Pop Mon)","Photo-id (Pop Mon)","13:49","13:54",27.47442,-82.69402,"0","F123,F228,1231","Boats-3, Lines-0, Crab pots-0.",3,0,0,"0",13,"05"
"1451",2398,44384,2014-05-23,7743,28,"Photo-id (Pop Mon)","Photo-id (Pop Mon)","14:05","14:09",27.4539,-82.68284,"0","F241,F272","Boats-3, Lines-0, Crab pots-0.",3,0,0,"0",14,"05"
"1452",2399,44386,2014-06-03,7744,21,"Photo-id (Pop Mon)","Photo-id (Pop Mon)","10:00","10:12",27.41157,-82.66229,"0","F109,F238,1092","F109 chuffed near manatees. Associated organism: manatees. 1 boat (anchored rec), 1 line, 1 crabpot.",1,1,1,"1",10,"06"
"1453",2400,44387,2014-06-03,7744,22,"Photo-id (Pop Mon)","Photo-id (Pop Mon)","10:46","10:52",27.45875,-82.69859,"0","NIP2,ZEDC","Associated organism: frigate bird. 1 boat, 1 line, 1 crabpot.",1,1,1,"0",10,"06"
"1454",2405,44392,2014-06-03,7744,27,"Photo-id (Pop Mon)","Photo-id (Pop Mon)","13:02","13:12",27.5171,-82.70295,"0","FB07,F149,F276,F142,1496","SG1: FB07, F142, F276. SG2: F149 and 1496. 3 boats, 0 lines, 0 crabpots.",3,0,0,"0",13,"06"
"1455",2406,44393,2014-06-03,7744,28,"Photo-id (Pop Mon)","Photo-id (Pop Mon)","13:45","13:53",27.50705,-82.68974,"0","FB10,FB55,F114,C555","0 boats, 0 lines, 2 crabpots.",0,0,2,"0",13,"06"
"1456",2407,44394,2014-06-03,7744,29,"Photo-id (Pop Mon)","Photo-id (Pop Mon)","13:59","14:05",27.5041,-82.69193,"0","F233","Associated organisms: frigate birds and brown pelican. 1 boat, 0 lines, 0 crabpots.",1,0,0,"0",13,"06"
"1457",2409,44396,2014-06-03,7744,31,"Photo-id (Pop Mon)","Photo-id (Pop Mon)","14:56","15:02",27.44042,-82.68063,"0","F133,F245","4 boats (2 jetskis), 3 lines, 0 crabpots.",4,3,0,"1",14,"06"
"1458",2410,44397,2014-06-03,7745,41,"Photo-id (Pop Mon)","Photo-id (Pop Mon)","9:14","9:16",27.33108,-82.57465,"0","F131,1317","Other = spyhop. 1 boat (FR), 0 lines, 0 crabpots.",1,0,0,"1",9,"06"
"1459",2411,44398,2014-06-03,7745,42,"Photo-id (Pop Mon)","Photo-id (Pop Mon)","10:12","10:25",27.24073,-82.54037,"0","TOTL,CL-5496","2 boats (paddleboards), 0 lines, 1 crabpot.",2,0,1,"1",10,"06"
"1460",2415,44402,2014-06-03,7745,46,"Photo-id (Pop Mon)","Photo-id (Pop Mon)","11:57","12:34",27.08288,-82.45708,"0","HMLA,UPMN,TRPD,RNMK,PIHI,TIGR,BUBB,TVIS,SUPN,BBB2","SG1: BUBB, BBB2, TRPD. SG2: PIHI, RNMK, SUPN. SG3: DUpossBRIE, DU2, DU3. SG4: HMLA, TIGR, UPMN. Associated organisms: frigatebirds. 1 boat (dive boat), 0 lines, 1 crabpot.",1,0,1,"1",11,"06"
"1461",2416,44403,2014-06-04,7746,21,"Photo-id (Pop Mon)","Photo-id (Pop Mon)","10:03","10:07",27.43726,-82.69177,"0","1673","1 boat, 0 lines, 0 crabpots.",1,0,0,"0",10,"06"
"1462",2421,44408,2014-06-04,7746,26,"Photo-id (Pop Mon)","Photo-id (Pop Mon)","11:46","11:51",27.54542,-82.61465,"0","CAM1","1 boat, 0 lines, 0 crabpots.",1,0,0,"0",11,"06"
"1463",2424,44411,2014-06-04,7746,29,"Photo-id (Pop Mon)","Photo-id (Pop Mon)","13:18","13:23",27.51983,-82.62277,"0","ORNG","2 boats, 0 lines, 0 crabpots.",2,0,0,"0",13,"06"
"1464",2425,44412,2014-06-04,7746,30,"Photo-id (Pop Mon)","Photo-id (Pop Mon)","13:31","13:40",27.52717,-82.64376,"L","HAIR,CMRS,HITS,LDM3,F240,ULY2,F223,ULY3,HLP4,2231","ULY2 babysitting 2231. 1 boat, 0 lines, 0 crabpots.",1,0,0,"0",13,"06"
"1465",2426,44413,2014-06-04,7746,31,"Photo-id (Pop Mon)","Photo-id (Pop Mon)","14:02","14:14",27.53137,-82.70384,"0","FB65,F149,F113,C655,1134,1496,C656,1135","Second yoy next to F113. 1134 and C655 swimming with each other. 6 boats, 0 lines, 0 crabpots.",6,0,0,"0",14,"06"
"1466",2427,44414,2014-06-04,7746,32,"Photo-id (Pop Mon)","Photo-id (Pop Mon)","14:42","14:44",27.44781,-82.68726,"0","F123,1231","1 boat, 1 line, 0 crabpots.",1,1,0,"0",14,"06"
"1467",2428,44415,2014-06-04,7746,33,"Photo-id (Pop Mon)","Photo-id (Pop Mon)","14:56","14:59",27.43865,-82.67898,"0","F209,2091","11 boats, 0 lines, 0 crabpots.",11,0,0,"0",14,"06"
"1468",2429,44416,2014-06-04,7747,41,"Photo-id (Pop Mon)","Photo-id (Pop Mon)","9:34","9:52",27.39626,-82.57334,"0","FB02,BOXR,F236","1 boat (anchored sailboat), 0 lines, 0 crabpots.",1,0,0,"1",9,"06"
"1469",2430,44417,2014-06-04,7747,42,"Photo-id (Pop Mon)","Photo-id (Pop Mon)","10:22","10:40",27.42952,-82.64168,"0","FB90,F178,F188,F133,F197,F270,F245,F243","SG1: F133, F245. SG2: FB90, F270. SG3: F178, F188, F197, F243 (lost roto tag). Sharking. 2 boats, 1 line, 2 crabpots.",2,1,2,"0",10,"06"
"1470",2431,44418,2014-06-04,7747,43,"Photo-id (Pop Mon)","Photo-id (Pop Mon)","10:50","10:59",27.4434,-82.66916,"0","FB92,F128,F179,F272","0 boats, 0 lines, 3 crabpots.",0,0,3,"0",10,"06"
"1471",2432,44419,2014-06-04,7747,44,"Photo-id (Pop Mon)","Photo-id (Pop Mon)","11:41","11:46",27.47944,-82.68466,"0","F148,F222","2 boats, 0 lines, 0 crabpots.",2,0,0,"0",11,"06"
"1472",2435,44422,2014-06-04,7747,47,"Photo-id (Pop Mon)","Photo-id (Pop Mon)","12:47","12:50",27.49354,-82.65269,"0","F215,2152","1 boat, 0 lines, 0 crabpots.",1,0,0,"0",12,"06"
"1473",2436,44423,2014-06-04,7747,48,"Photo-id (Pop Mon)","Photo-id (Pop Mon)","12:54","12:59",27.49396,-82.65693,"L","F164,C991,F242,C912","L = one rec boat plowed over and onto dolphins, and remained closer than 50 yards. 2 boats, 0 lines, 0 crabpots.",2,0,0,"1",12,"06"
"1474",2437,44424,2014-06-04,7747,49,"Photo-id (Pop Mon)","Photo-id (Pop Mon)","13:42","13:48",27.50527,-82.70375,"0","F159,F176,1593","1 boat, 0 lines, 0 crabpots.",1,0,0,"0",13,"06"
"1475",2438,44425,2014-06-04,7747,50,"Photo-id (Pop Mon)","Photo-id (Pop Mon)","13:53","14:01",27.51755,-82.70132,"X","FB10,F114,F159,F176,1593","FB10 and F114 rushed in and started heavily socializing with F159 and 1593. F176 following behind. X= One rec boat following and closely watching dolphins, but backed off quickly. 2 boats, 0 lines, 0 crabpots.",2,0,0,"1",13,"06"
"1476",2439,44426,2014-06-04,7747,51,"Photo-id (Pop Mon)","Photo-id (Pop Mon)","14:54","14:58",27.49781,-82.69958,"0","F135","0 boats, 0 lines, 2 crabpots.",0,0,2,"0",14,"06"
"1477",2440,44427,2014-06-04,7747,52,"Photo-id (Pop Mon)","Photo-id (Pop Mon)","15:05","15:10",27.48892,-82.69852,"0","FB10,F114","4 boats, 0 lines, 0 crabpots.",4,0,0,"0",15,"06"
"1478",2441,44428,2014-06-04,7747,53,"Photo-id (Pop Mon)","Photo-id (Pop Mon)","15:20","15:22",27.46849,-82.69095,"0","F241","5 boats, 0 lines, 0 crabpots.",5,0,0,"0",15,"06"
"1479",2443,44430,2014-06-04,7747,55,"Photo-id (Pop Mon)","Photo-id (Pop Mon)","16:31","16:45",27.34935,-82.59695,"0","F175,F247","10 minutes of resps on F175. F247 had fish in mouth. 1 boat, 0 lines, 0 crabpots.",1,0,0,"0",16,"06"
"1480",2445,44432,2014-06-05,7600,22,"Photo-id (Pop Mon)","Photo-id (Pop Mon)","9:50","9:56",27.31196,-82.58423,"0","NYDT","Boat-1, Lines-0, Crab pots-2.",1,0,2,"0",9,"06"
"1481",2446,44433,2014-06-05,7600,23,"Photo-id (Pop Mon)","Photo-id (Pop Mon)","10:25","10:30",27.23124,-82.52804,"0","LNL1","Boats-2, Lines-5. Crab pots-0.",2,5,0,"0",10,"06"
"1482",2447,44434,2014-06-05,7600,24,"Photo-id (Pop Mon)","Photo-id (Pop Mon)","10:39","11:02",27.22172,-82.52132,"0","FB78,FB25,RCNM,F138,GADG,FZJS,4NIC,C258,RCN2,COIN","Associated organisms = Frigate bird stealing fish from dolphin. Boats-2, Lines-1, Crab pots-0.",2,1,0,"0",10,"06"
"1483",2448,44435,2014-06-05,7600,25,"Photo-id (Pop Mon)","Photo-id (Pop Mon)","11:06","11:11",27.21658,-82.51896,"0","","Ended sighting due to deteriorating conditions. Boats-1, Lines-0, Crab pots-0.",1,0,0,"0",11,"06"
"1484",2449,44436,2014-06-05,7600,26,"Photo-id (Pop Mon)","Photo-id (Pop Mon)","12:17","12:24",27.12355,-82.46875,"0","F153,FB15,F193","Boats-4, Lines-0, Crab pots-1.",4,0,1,"0",12,"06"
"1485",2451,44438,2014-06-05,7600,28,"Photo-id (Pop Mon)","Photo-id (Pop Mon)","15:02","15:10",27.30426,-82.56103,"0","F211,F266,1753,C935","SG1: F266, C935, F211. SG2: 1753. Boats-2, Lines-0, Crab pots-0.",2,0,0,"0",15,"06"
"1486",2452,44439,2014-06-05,7600,29,"Photo-id (Pop Mon)","Photo-id (Pop Mon)","15:14","15:19",27.29846,-82.56219,"0","FB78,FB25,F138,F211,F266,1753,C935,C258","Dolphins from previous sighting joined group. C258 joined juvenile group. F138 and FB78 are flanking FB25. Boats-2, Lines-0, Crab pots-0.",2,0,0,"0",15,"06"
"1487",2454,44441,2014-06-05,7749,42,"Photo-id (Pop Mon)","Photo-id (Pop Mon)","9:50","10:05",27.35741,-82.62194,"0","NIP2,ZEDC,PRF2","SG1: ZEDC, SG2: NIP2 and PRF2 15-20m apart. Except SG1, infrequent surfacing. Boats-1, Lines-0, Crab pots-3.",1,0,3,"0",9,"06"
"1488",2455,44442,2014-06-05,7749,43,"Photo-id (Pop Mon)","Photo-id (Pop Mon)","11:21","11:40",27.55372,-82.68272,"0","MIDF,F180","Smaller clean animal=A looks calf-sized but not behaving like a calf. Boats-2, Lines-0, Crab pots-0.",2,0,0,"0",11,"06"
"1489",2457,44444,2014-06-05,7749,45,"Photo-id (Pop Mon)","Photo-id (Pop Mon)","12:55","13:14",27.50965,-82.58198,"X","1494,2151","X= could not determine if 2151 had a fixed gear interaction with a crab pot, repeatedly circled near. Boats-6, Lines-0, Crab pots-3.",6,0,3,"0",12,"06"
"1490",2458,44445,2014-06-05,7749,46,"Photo-id (Pop Mon)","Photo-id (Pop Mon)","13:45","14:00",27.53535,-82.67262,"0","F149,HAIR,HLPC,F224,HLP4,1496","Boats-6, Lines-0, Crab pots-0.",6,0,0,"0",13,"06"
"1491",2459,44446,2014-06-05,7749,47,"Photo-id (Pop Mon)","Photo-id (Pop Mon)","14:18","14:35",27.54147,-82.72025,"0","F220,1651","Resp rates for F220 taken, lost track of him half way through. Boats-6 (including 2 jet skis), Lines-0, Crab pots-0.",6,0,0,"1",14,"06"
"1492",2460,44447,2014-06-05,7749,48,"Photo-id (Pop Mon)","Photo-id (Pop Mon)","15:25","15:39",27.47163,-82.69337,"0","FB28","Resp rate for FB28. Boats-6 (1 jet ski), Lines-0, Crab pots-4.",6,0,4,"1",15,"06"
"1493",2461,44448,2014-06-05,7749,49,"Photo-id (Pop Mon)","Photo-id (Pop Mon)","15:52","16:05",27.43921,-82.67627,"L","FB90,FB92,F155,F128,F179,F270,F272,1556","1556 with boat. SG1: F272, FB90, FB92, F270, F128, F179. SG2: F155, 1556 milling and slow travel about 20-25m behind rest of group. 1 vessel approached dolphin group and drove right on top of them. Boats-6, Lines-2, Crab pots-0.",6,2,0,"0",15,"06"
"1494",2462,44450,2014-06-06,7750,21,"Photo-id (Pop Mon)","Photo-id (Pop Mon)","9:12","9:30",27.33161,-82.5751,"0","F123,F207,1231","SG1: F207. SG2: F123. SG3: 1231. All 3 SGs joined together to prob feed next to SOC. Boats-1, Lines-1, Crab pots-1.",1,1,1,"0",9,"06"
"1495",2463,44451,2014-06-06,7750,22,"Photo-id (Pop Mon)","Photo-id (Pop Mon)","9:51","10:04",27.30074,-82.56339,"0","F252","Slow travel north only, very infrequent breaths. Boats-1, Lines-3, Crab pots-0.",1,3,0,"0",9,"06"
"1496",2464,44452,2014-06-06,7750,23,"Photo-id (Pop Mon)","Photo-id (Pop Mon)","10:11","10:18",27.28258,-82.56769,"0","F153,FB15","Boats-3, Lines-0, Crab pots-0.",3,0,0,"0",10,"06"
"1497",2465,44453,2014-06-06,7750,24,"Photo-id (Pop Mon)","Photo-id (Pop Mon)","11:04","11:19",27.34764,-82.5831,"0","F246,F211,1315,F266,F256,HWK3,LIZ1","SG1: 4-6 clean, smaller animals socializing. SG2: 4-5 more distinct animals slowly travelling about 15m behind. Boats-1, Lines-0, Crab pots-0.",1,0,0,"0",11,"06"
"1498",2468,44456,2014-06-06,7750,27,"Photo-id (Pop Mon)","Photo-id (Pop Mon)","12:18","12:32",27.38502,-82.59811,"0","FB87,RY34,F237,MPTB,F239,C874","SG1: FB87, C874. SG2: F237, F239, RY34, MPTB. RY34 caught a fish. Boats-2, Lines-0, Crab pots-0.",2,0,0,"0",12,"06"
"1499",2469,44457,2014-06-06,7750,28,"Photo-id (Pop Mon)","Photo-id (Pop Mon)","12:56","13:06",27.39577,-82.62956,"0","F178,F188,F197,F243","Boats-1, Lines-1, Crab pots-0.",1,1,0,"0",12,"06"
"1500",2470,44458,2014-06-06,7750,29,"Photo-id (Pop Mon)","Photo-id (Pop Mon)","13:23","13:51",27.45747,-82.68587,"0","FB90,F227,F270","Boats-12, Lines-0 (1 cast netter within 50 yards), crab pots-1.",12,0,1,"1",13,"06"
"1501",2471,44459,2014-06-06,7750,30,"Photo-id (Pop Mon)","Photo-id (Pop Mon)","14:09","14:24",27.47896,-82.67433,"0","F113,1134,1135","Boats-2, Lines-0, Crab pots-0.",2,0,0,"0",14,"06"
"1502",2474,44462,2014-06-06,7750,33,"Photo-id (Pop Mon)","Photo-id (Pop Mon)","15:43","15:48",27.4771,-82.67157,"0","","Boats-1, Lines-0, Crab pots-0.",1,0,0,"0",15,"06"
"1503",2475,44463,2014-06-06,7750,34,"Photo-id (Pop Mon)","Photo-id (Pop Mon)","16:00","16:05",27.47931,-82.6806,"0","FB92,F128,BOOT,FRNG,UNDG,FRN3,BOO3,UND2","Boats-2, Lines-0, Crab pots-0.",2,0,0,"0",16,"06"
"1504",2476,44464,2014-06-06,7751,41,"Photo-id (Pop Mon)","Photo-id (Pop Mon)","10:01","10:08",27.51437,-82.69216,"0","F276","Boats-3 (boat trolling), Lines-2, Crab pots-0.",3,2,0,"0",10,"06"
"1505",2477,44465,2014-06-06,7751,42,"Photo-id (Pop Mon)","Photo-id (Pop Mon)","10:12","10:23",27.52696,-82.69981,"0","F149,1496","1496 has small healing wound above eye (see photo 40 on camera A). Boats-3, Lines-0, Crab pots-2.",3,0,2,"0",10,"06"
"1506",2479,44467,2014-06-06,7751,44,"Photo-id (Pop Mon)","Photo-id (Pop Mon)","10:35","10:40",27.53439,-82.70464,"0","HAIR,F276,HLP4","Animals together then split at end of sighting. F276 left HAIR and HLP4; F276 checked boat out briefly. Boats-2, Lines-0, Crab pots-0.",2,0,0,"0",10,"06"
"1507",2480,44468,2014-06-06,7751,45,"Photo-id (Pop Mon)","Photo-id (Pop Mon)","10:58","11:15",27.54755,-82.64766,"0","HIQQ,F102,CMRS,HITS,TDTL,LNPC,LDM3,RTM3,LNC2,LNC3","2 SGs rushing towards each other, then started prob feeding. Could not tell composition of SG's before they joined together, but TDTL seems most closely associated with F102 and HIQQ, and LDM3 most closely with CMRS and HITS. Boats-1, Lines-2, Crab pots-0",1,2,0,"0",10,"06"
"1508",2481,44469,2014-06-06,7751,46,"Photo-id (Pop Mon)","Photo-id (Pop Mon)","11:23","11:31",27.54761,-82.6294,"0","F137,F240","Boats-2, Lines-1, Crab pots-0.",2,1,0,"0",11,"06"
"1509",2482,44470,2014-06-06,7751,47,"Photo-id (Pop Mon)","Photo-id (Pop Mon)","11:52","11:57",27.54053,-82.59714,"0","F151,1511","Boats-1, Lines-0, Crab pots-0.",1,0,0,"0",11,"06"
"1510",2485,44473,2014-06-06,7751,50,"Photo-id (Pop Mon)","Photo-id (Pop Mon)","13:57","14:05",27.50208,-82.70251,"0","F135,F173","Boats-0, Lines-0, Crab pots-4.",0,0,4,"0",13,"06"
"1511",2487,44475,2014-06-06,7751,52,"Photo-id (Pop Mon)","Photo-id (Pop Mon)","14:24","14:28",27.48255,-82.69671,"0","F228,F241","Boats-1, Lines-0, Crab pots-2.",1,0,2,"0",14,"06"
"1512",2488,44476,2014-06-06,7751,53,"Photo-id (Pop Mon)","Photo-id (Pop Mon)","14:44","14:52",27.45255,-82.68486,"0","FB90,F155,F209,F270,2091,1556","SG1: F155, 1556. SG2: FB90, F270, F209, 2091. 2091 has black mark on right side of body. Boats-3, Lines-0, Crab pots-0.",3,0,0,"0",14,"06"
"1513",2489,44477,2014-06-06,7751,54,"Photo-id (Pop Mon)","Photo-id (Pop Mon)","15:41","15:48",27.41864,-82.65275,"0","F196,F125,F268,1253","1253 seawall feeding while F125 w/ F196 and F268. Boats-4, Lines-0, Crab pots-0.",4,0,0,"0",15,"06"
"1514",2490,44478,2014-06-06,7751,55,"Photo-id (Pop Mon)","Photo-id (Pop Mon)","16:30","16:36",27.36123,-82.58594,"0","","Lost dolphin during sighting. Boats-1, Lines-0, Crab pots-0.",1,0,0,"0",16,"06"
"1515",2492,44480,2014-06-10,7752,22,"Photo-id (Pop Mon)","Photo-id (Pop Mon)","9:36","9:53",27.33455,-82.57986,"0","","Boats-4, Lines-0, Crab pots-2.",4,0,2,"0",9,"06"
"1516",2493,44481,2014-06-10,7752,23,"Photo-id (Pop Mon)","Photo-id (Pop Mon)","10:20","10:50",27.24056,-82.53474,"0","RCNM,UNBT,GADG,RCN2,COIN,CL-5491","SG1: GADG/COIN and UNBT + calf. SG2: RCNM and RCN2 (frigate bird took fish from RCNM). Associated Organisms: Frigate birds. Boats-1, Lines-0, Crab pots-0.",1,0,0,"0",10,"06"
"1517",2494,44482,2014-06-10,7752,24,"Photo-id (Pop Mon)","Photo-id (Pop Mon)","10:53","11:06",27.23946,-82.535,"0","NYDT,JAMM,CL-5476","SG1: NYDT, JAMM. SG2: CL-5476. Boats-2, Lines-2, Crab pots-1. Associated Organisms: Frigate birds",2,2,1,"0",10,"06"
"1518",2496,44484,2014-06-10,7752,26,"Photo-id (Pop Mon)","Photo-id (Pop Mon)","12:13","12:19",27.07178,-82.45326,"0","SCS1","Went under sharkey's pier but didn't appear to be actively patrolling. Boats-3(1 kayak), Lines-9, Crab pots-0.",3,9,0,"1",12,"06"
"1519",2497,44485,2014-06-10,7752,27,"Photo-id (Pop Mon)","Photo-id (Pop Mon)","15:09","15:34",27.30316,-82.5452,"0","F153,FB15,F211,VCRO","SG1: F153, FB15, VCRO. SG2: F211. 10 min resp rate for F211. Boats-6, Lines-0, Crab pots-7.",6,0,7,"0",15,"06"
"1520",2498,44486,2014-06-10,7752,28,"Photo-id (Pop Mon)","Photo-id (Pop Mon)","15:47","16:05",27.30548,-82.55613,"0","FB78,FB79,F138,F125,F221,1253,C798","SG1: FB79, C798. SG2: F138, FB78, F125, 1253, F221. 1253 was making raspberry like sound and tailslapping. SG1 is sharking. SG2 is seawall feeding. A crew working on seawall near SG2. Boats-2 (1 anchored boat), Lines-0, Crab pots-0.",2,0,0,"0",15,"06"
"1521",2499,44487,2014-06-10,7752,29,"Photo-id (Pop Mon)","Photo-id (Pop Mon)","16:23","16:40",27.32936,-82.55227,"0","C935","Boats-1, Lines-0, Crab pots-0.",1,0,0,"0",16,"06"
"1522",2500,44488,2014-06-16,7753,41,"Photo-id (Pop Mon)","Photo-id (Pop Mon)","9:22","9:49",27.347,-82.55712,"0","FB27,FB87,F254,F248,C835,B053,DABL,F207,HWK3,C874,DAB2,B531","Initially DABL/DAB2 and B053/B531 were travelling S then joined with FB27. Groups began to mill and peduncle out diving. Some logging; calves became independent from moms/socializing within 5 m of boat. FB27 did not appear to have calf near her. At 9:37 t",1,1,0,"0",9,"06"
"1523",2503,44491,2014-06-16,7753,44,"Photo-id (Pop Mon)","Photo-id (Pop Mon)","11:02","11:26",27.40737,-82.63557,"L","F159,F196,F268,1593","Dolphins were travelling as group heading N. Large boat came within 5 yds of group at 11:05. Dolphin made partial leap with many 5-6in fish nearby. Kids had their hands and feet in the water; did not look like they were attempting to attract the dolphins.",10,0,0,"0",11,"06"
"1524",2504,44492,2014-06-16,7753,45,"Photo-id (Pop Mon)","Photo-id (Pop Mon)","11:42","11:47",27.44847,-82.68008,"0","FB11,C114","Pair initially separated W of ICW in shallows toward pass, moved into ICW and joined up. Synchornous travelling S. Dredging barge nearby but no interaction and over 100 m away. 5 boats, 0 lines, 0 crabpots.",5,0,0,"0",11,"06"
"1525",2505,44493,2014-06-16,7753,46,"Photo-id (Pop Mon)","Photo-id (Pop Mon)","11:54","12:04",27.46081,-82.68801,"0","F250,F278","Initially heading S in ICW then stopped and milled in ICW. 2 boats, 0 lines, 0 crabpots.",2,0,0,"0",11,"06"
"1526",2506,44494,2014-06-16,7753,47,"Photo-id (Pop Mon)","Photo-id (Pop Mon)","12:17","12:25",27.47448,-82.69376,"0","F131,1317","F131 and 1317 SW of entrance to PS channel. Fairly independent of each other and fluke out dives. 2 boats, 0 lines, 0 crabpots.",2,0,0,"0",12,"06"
"1527",2507,44495,2014-06-16,7753,48,"Photo-id (Pop Mon)","Photo-id (Pop Mon)","12:30","12:34",27.47933,-82.68777,"0","F146","Slow travel. 2 boats (1 jetski), 0 lines, 0 crabpots.",2,0,0,"1",12,"06"
"1528",2508,44496,2014-06-16,7753,49,"Photo-id (Pop Mon)","Photo-id (Pop Mon)","13:09","13:22",27.49302,-82.65237,"0","F164,F135,F151,F242,1511","SG1: 2 mom/calf pairs and 2 adults prob feeding. SG2: single animal travelling along seawall. Associated orgaism: frigatebird. 1 boat, 0 lines, 0 crabpots.",1,0,0,"0",13,"06"
"1529",2509,44497,2014-06-16,7753,50,"Photo-id (Pop Mon)","Photo-id (Pop Mon)","14:10","14:18",27.47955,-82.67604,"0","F228","Heading along San Remo channel. 2 boats, 0 lines, 0 crabpots.",2,0,0,"0",14,"06"
"1530",2510,44498,2014-06-16,7753,51,"Photo-id (Pop Mon)","Photo-id (Pop Mon)","14:27","14:36",27.47851,-82.68124,"0","F274","SG1: single dolphin travelling over shallow bar, S side of channel. SG2: single dolphin travelling NE in main channel, 1 single depth dive. May have missed one animal. 3 boats (jetskis), 0 lines, 0 crabpots.",3,0,0,"1",14,"06"
"1531",2511,44499,2014-06-16,7753,52,"Photo-id (Pop Mon)","Photo-id (Pop Mon)","14:42","15:14",27.47907,-82.68153,"L","PNBT,BOOT,F113,F146,F228,F137,F135,F222,UNDG,F213,PNB3,BOO3,UND2,1135","Dolphins are tight variable surfacing near entrance to PSB (synch swimming). SG1: BOOT, BOO3, PNBT, PNB3, UNDG, UND2, and F137. SG2: F113, 1135, F213. At 14:54 SG1 and SG2 joined. 2nd jetski joined first jetski. Boat 3 (FL 0893 AR ) is jetski. Jetski neve",4,0,0,"1",14,"06"
"1532",2512,44500,2014-06-16,7753,53,"Photo-id (Pop Mon)","Photo-id (Pop Mon)","15:24","15:32",27.47748,-82.69604,"0","FB65,F148,C655,C656","C655 with F148 and FB65 with C656, milling and travelling in ICW, generally travelling N. 1 boat, 0 lines, 0 crabpots.",1,0,0,"0",15,"06"
"1533",2513,44501,2014-06-16,7753,54,"Photo-id (Pop Mon)","Photo-id (Pop Mon)","16:21","16:34",27.38748,-82.63519,"0","F123,1231","At 16:31 F123 and 1231 joined; previously seperated by over 100 m. Headed S after joining. 4 boats (1 kayaker) (plus 3 kayaks close to docks), 0 lines, 0 crabpots.",4,0,0,"1",16,"06"
"1534",2514,44502,2014-06-17,7754,41,"Photo-id","Photo-id","10:06","10:21",27.28434,-82.54667,"0","F211,F264,C935","SG1: F211 and C935. SG2: F264 travelling along E  side of Robert's Bay. 2 boats, 0 lines, 6 crabpots.",2,0,6,"0",10,"06"
"1535",2515,44503,2014-06-17,7754,42,"Photo-id","Photo-id","10:40","10:41",27.32849,-82.55511,"0","VLKA,CLJP","Pinwheel. 1 boat, 0 lines, 0 crabpots.",1,0,0,"0",10,"06"
"1536",2516,44504,2014-06-17,7754,43,"Photo-id","Photo-id","11:09","11:24",27.35934,-82.56757,"0","B053,1315,F266,LIZ1,B531,WRTH","SG1: 1315, F266, LIZ1, WRTH (WRTH split off on it's own). SG2: B053 amd B531 (tailslapping and with boat). 2 boats, 0 lines, 0 crabpots.",2,0,0,"0",11,"06"
"1537",2519,44507,2014-06-17,7754,46,"Photo-id","Photo-id","12:19","12:30",27.45834,-82.68645,"L","F146,F197,F278,F243","SG1: F278, prob fed and milled on edge of ICW. SG2: F197, F243, and F146; travelled. Jetski harassing SG2. 9 boats (1 jetski), 0 lines, 1 crabpot.",9,0,1,"1",12,"06"
"1538",2521,44509,2014-06-17,7754,48,"Photo-id","Photo-id","12:51","13:01",27.4796,-82.6768,"L","PNBT,BOOT,FRNG,UNDG,FRN3,PNB3,BOO3,UND2","Kerplunking (once).  Jetski harassment. 6 boats (5 jetskis), 0 lines, 0 crabpots.",6,0,0,"1",12,"06"
"1539",2522,44510,2014-06-17,7754,49,"Photo-id","Photo-id","13:02","13:09",27.4817,-82.67396,"L","PNBT,BOOT,FRNG,UNDG,F282,F274,F280,FRN3,PNB3,BOO3,UND2","Loosely joined with group from previous sighting but remained own subgroup. Jetski harassment, same as previous sighting. KM did not take photos of animals from prev sighting. 3 boats (2 jetskis), 0 lines, 0 crabpots.",3,0,0,"1",13,"06"
"1540",2524,44512,2014-06-17,7754,51,"Photo-id","Photo-id","13:54","13:57",27.4793,-82.66164,"0","F282,F274,F280","1 boat, 0 lines, 0 crabpots.",1,0,0,"0",13,"06"
"1541",2525,44513,2014-06-17,7754,52,"Photo-id","Photo-id","14:12","14:19",27.47923,-82.68076,"0","FB90,F213,F270","SG1: F213. SG2: FB90 and F270. 4 boats (all jetskis), 0 lines, 0 crabpots.",4,0,0,"1",14,"06"
"1542",2526,44514,2014-06-17,7754,53,"Photo-id","Photo-id","14:21","14:34",27.47906,-82.68645,"0","FB90,F113,F228,F213,F270,1135","F113 only has 1135, no 1134. 9 boats (7 jetskis), 0 lines, 0 crabpots.",9,0,0,"1",14,"06"
"1543",2527,44515,2014-06-17,7754,54,"Photo-id","Photo-id","14:44","14:55",27.4743,-82.69339,"0","FB65,F131,F175,F137,C655,F247,1317,C656","Calves are social F175 doing fluke out dives in channel. F131 at least 100 m away from kid performing fluke out dives. 8 boats, 0 lines, 0 crabpots.",8,0,0,"0",14,"06"
"1544",2528,44516,2014-06-17,7754,55,"Photo-id","Photo-id","15:17","15:20",27.42717,-82.66348,"0","FB20,FB02,F236,F258,F199,F179,1992","2 boats, 0 lines, 0 crabpots.",2,0,0,"0",15,"06"
"1545",2530,44518,2014-06-17,7754,57,"Photo-id","Photo-id","16:10","16:12",27.33676,-82.57893,"0","F110","1 boat, 0 lines, 0 crabpots.",1,0,0,"0",16,"06"
"1546",2533,44521,2014-06-25,7755,43,"Photo-id","Photo-id","10:11","10:31",27.42944,-82.6416,"0","M145,FB20,F258,1457","Boats-1, Lines-2, Crab pots-0. Associated organisms: laughing gulls.",1,2,0,"0",10,"06"
"1547",2534,44522,2014-06-25,7755,44,"Photo-id","Photo-id","10:42","10:51",27.45829,-82.68502,"L","F207","Other= surfing a boat wake. L= vessel changed heading to approach animal within 20m. Boats-6, Lines-0, Crab pots-0.",6,0,0,"0",10,"06"
"1548",2535,44523,2014-06-25,7755,45,"Photo-id","Photo-id","11:05","11:16",27.47693,-82.69289,"L","F178,F188,F197,F213,F243","Other= fish whack (F197). L= Cannons rental approached within 20m (Captain Kim following dolphins within 15-20m for at least 5 mins). Boats-4, Lines-1, Crab pots-0.",4,1,0,"1",11,"06"
"1549",2540,44529,2014-06-25,7755,50,"Photo-id","Photo-id","13:21","13:25",27.47971,-82.65757,"0","F274","Boats-2 (2 jet skis), Lines-0, Crab pots-0.",2,0,0,"1",13,"06"
"1550",2542,44531,2014-06-25,7755,52,"Photo-id","Photo-id","13:45","13:59",27.4794,-82.6739,"0","PNBT,FRNG,FRN3,PNB3","1 windsurfer. 2nd mother-calf pair joined 1st pair as we ended sighting the first time. Pairs separated at second end of sighting. Boats-3, Lines-0, Crab pots-0.",3,0,0,"1",13,"06"
"1551",2543,44532,2014-06-25,7755,53,"Photo-id","Photo-id","14:03","14:31",27.47945,-82.67783,"0","F176,F228,F179,F227,F282,2271","SG1: F179, F228, SG2: F176, SG3: F282, F227, 2271. Boats-3 (1 jet ski), Lines-0, Crab pots-0.",3,0,0,"1",14,"06"
"1552",2544,44533,2014-06-25,7755,54,"Photo-id","Photo-id","14:40","14:45",27.47273,-82.6941,"0","F207","Lost in ICW traffic. Boats-5, Lines-0, Crab pots-4.",6,0,4,"0",14,"06"
"1553",2545,44534,2014-06-25,7755,55,"Photo-id","Photo-id","15:23","15:37",27.4197,-82.6534,"0","F246","Pilon drilling boat. Boats-1, Lines-0, Crab pots-0.",1,0,0,"1",15,"06"
"1554",2548,44537,2014-07-01,7756,23,"Photo-id (Pop Mon)","Photo-id (Pop Mon)","10:34","10:55",27.36913,-82.57755,"L","F110,SOLB,C834,B053,DABL,F211,DAB2,B531","Pontoon boat changed heading to pursue dolphins and obtain photos. Approached within 15 m of animals. 3 boat, 0 lines, 0 crabpots.",3,0,0,"1",10,"07"
"1555",2549,44538,2014-07-01,7756,24,"Photo-id (Pop Mon)","Photo-id (Pop Mon)","11:40","11:43",27.44287,-82.66845,"0","F254","0 boats, 0 lines, 1 crabpot.",0,0,1,"0",11,"07"
"1556",2552,44541,2014-07-01,7756,27,"Photo-id (Pop Mon)","Photo-id (Pop Mon)","12:31","12:35",27.47392,-82.69411,"L","F213","Tour SRQ boat was actively pursuing dolphin before sighting began and continued throughout sighting, was within 10-20 m at all times. Jetski tour passed through but did not stop or approach. 8 boats (5 jetskis), 0 lines, 0 crabpots.",8,0,0,"1",12,"07"
"1557",2553,44542,2014-07-01,7756,28,"Photo-id (Pop Mon)","Photo-id (Pop Mon)","12:42","12:52",27.47896,-82.67412,"0","F123,FRNG,1231,FRN3","SG1: F123 and 1231; sharking next to mangroves. SG2: FRNG and FRN3. FRNG chuffed. 1 boat, 0 lines, 0 crabpots.",1,0,0,"0",12,"07"
"1558",2556,44545,2014-07-01,7756,31,"Photo-id (Pop Mon)","Photo-id (Pop Mon)","14:06","14:22",27.47844,-82.672,"0","BOOT,UNDG,BOO3,UND2","3 boats, 0 lines, 0 crabpots.",3,0,0,"0",14,"07"
"1559",2558,44547,2014-07-01,7756,33,"Photo-id (Pop Mon)","Photo-id (Pop Mon)","14:46","15:07",27.47997,-82.67511,"0","BOOT,F146,F228,F137,F238,F179,UNDG,F274,BOO3,UND2","SG1: F179, F137, UNDG, UND2, BOOT, BOO3. SG2: F274; milling then travel. SG3: F238; initially alone, joined with SG1. SG4: F228 and F146; travelling out of PSB. SG1 through SG3 travelling and milling into PSB. 3 boats, 0 lines, 0 crabpots.",3,0,0,"0",14,"07"
"1560",2559,44548,2014-07-01,7756,34,"Photo-id (Pop Mon)","Photo-id (Pop Mon)","15:17","15:25",27.47754,-82.69378,"0","F246","3 boats (1 jetski), 0 lines, 0 crabpots.",3,0,0,"1",15,"07"
"1561",2561,44550,2014-07-01,7756,36,"Photo-id (Pop Mon)","Photo-id (Pop Mon)","15:45","15:59",27.46486,-82.69102,"0","","Single FB animal. Will not allow us to approach, poor photo coverage. 14 boats, 0 lines, 0 crabpots.",14,0,0,"0",15,"07"
"1562",2562,44551,2014-07-01,7756,37,"Photo-id (Pop Mon)","Photo-id (Pop Mon)","16:04","16:21",27.45516,-82.68435,"0","F175,F123,F207,1753,1231,F247","Dredge near sight, counted as boat. SG1: F175, 1753, F247, F207; travelling out. SG2: F123 and 1231; milling N of LBP, off Leffis Key. SG1 turned N and joined SG2 around Coquina Bayside S boat ramp. 11 boats, 4 lines, 1 crabpot.",11,4,1,"1",16,"07"
"1563",2565,44554,2014-07-02,7758,41,"Photo-id (Pop Mon)","Photo-id (Pop Mon)","9:29","9:39",27.29769,-82.57509,"0","HVMS,LLLN","0 boats, 0 lines, 2 crabpots.",0,0,2,"0",9,"07"
"1564",2566,44555,2014-07-02,7758,42,"Photo-id (Pop Mon)","Photo-id (Pop Mon)","10:00","10:13",27.22534,-82.52364,"0","ENM2,NYDT","0 boats, 0 lines, 1 crabpot.",0,0,1,"0",10,"07"
"1565",2567,44556,2014-07-02,7758,43,"Photo-id (Pop Mon)","Photo-id (Pop Mon)","10:28","10:40",27.15661,-82.48759,"0","LNLD,LNL1","LNLD carried large fish in mouth. MUC4? 0 boats. 0 lines, 2 crabpots.",0,0,2,"0",10,"07"
"1566",2569,44558,2014-07-02,7758,45,"Photo-id (Pop Mon)","Photo-id (Pop Mon)","12:01","12:07",27.16336,-82.48486,"0","F252,C935","3 boats, 0 lines, 0 crabpots.",3,0,0,"0",12,"07"
"1567",2573,44562,2014-07-09,7760,42,"Photo-id","Photo-id","10:26","10:33",27.42227,-82.65697,"0","F182,C834,F176,F207,F256,2071","Boat (1) ran directly over mom w/ yoy. F256 on the periphery. Started thundering again. Boats-2, crab pots-0, lines-0.",2,0,0,"0",10,"07"
"1568",2574,44564,2014-07-10,7761,41,"Photo-id (Pop Mon)","Photo-id (Pop Mon)","9:23","9:30",27.34559,-82.56397,"0","F110,SOLB,F211","Boats-4, Lines-3, Crab pots-999.",4,3,0,"0",9,"07"
"1569",2575,44565,2014-07-10,7761,42,"Photo-id (Pop Mon)","Photo-id (Pop Mon)","9:37","9:40",27.35591,-82.57371,"0","VLKA,CLJP","Boats-1, Lines-0, Crab pots-0.",1,0,0,"0",9,"07"
"1570",2576,44566,2014-07-10,7761,43,"Photo-id (Pop Mon)","Photo-id (Pop Mon)","9:52","10:03",27.38551,-82.58765,"0","FB44,F254,F248,C835,F171","Boats-2, Lines-0, Crab pots-0.",2,0,0,"0",9,"07"
"1571",2577,44567,2014-07-10,7761,44,"Photo-id (Pop Mon)","Photo-id (Pop Mon)","10:20","10:29",27.40521,-82.64065,"0","FB20,F258","Boats-0, Lines-0, Crab pots-1.",0,0,1,"0",10,"07"
"1572",2578,44568,2014-07-10,7761,45,"Photo-id (Pop Mon)","Photo-id (Pop Mon)","10:52","11:01",27.47045,-82.69193,"0","F266,F241,1753","Boats-8(2 jet skis), Lines-0, Pots-0.",8,0,0,"1",10,"07"
"1573",2579,44569,2014-07-10,7761,46,"Photo-id (Pop Mon)","Photo-id (Pop Mon)","11:18","11:25",27.46915,-82.69437,"L","F178,F188,F207,2071","Yellow boat drove over top of dolphins. Dolphins ride the stern wake. Ended sighting before photos were taken of F207 and 2071 to avoid thunderstorm. Boats-7, Pots-0, Lines-0.",7,0,0,"0",11,"07"
"1574",2580,44570,2014-07-10,7761,47,"Photo-id (Pop Mon)","Photo-id (Pop Mon)","11:39","11:48",27.45142,-82.68557,"0","IKN2","Dolphin swimming in shallows and suddenly reacted to perhaps a remora or a sting ray and repeatedly jumped and landed on his right side. Boats-5, Lines-6, Crab pots-0.",5,6,0,"0",11,"07"
"1575",2581,44571,2014-07-10,7761,48,"Photo-id (Pop Mon)","Photo-id (Pop Mon)","12:29","12:35",27.43297,-82.67137,"0","FB92,F109,1092","Boats-1, Lines-2, Pots-0.",1,2,0,"0",12,"07"
"1576",2582,44572,2014-07-10,7761,49,"Photo-id (Pop Mon)","Photo-id (Pop Mon)","12:42","12:44",27.44096,-82.68118,"L","","Dolphins harrassed by jet skis when we approached. Boats-10 (5 jet skis), Lines-0, Pots-0.",10,0,0,"1",12,"07"
"1577",2583,44573,2014-07-10,7761,50,"Photo-id (Pop Mon)","Photo-id (Pop Mon)","13:14","13:18",27.35255,-82.61749,"0","FB44,F254,F171","Boats-0, Lines-0, Pots-1.",0,0,1,"0",13,"07"
"1578",2584,44574,2014-07-10,7761,51,"Photo-id (Pop Mon)","Photo-id (Pop Mon)","13:29","13:32",27.31803,-82.59269,"0","FB87,C874","Boats-0, Lines-0, Pots-1.",0,0,1,"0",13,"07"
"1579",2585,44575,2014-07-10,7761,52,"Photo-id (Pop Mon)","Photo-id (Pop Mon)","13:53","14:01",27.29619,-82.56119,"0","C935","Boats-5 (3 jet skis), Lines-2, Pots-0.",5,2,0,"1",13,"07"
"1580",2586,44576,2014-07-11,7763,41,"Photo-id (Pop Mon)","Photo-id (Pop Mon)","10:12","10:23",27.52677,-82.742,"0","HSNS,HSN3,PSC6,HSN4,ABGL","SG1: HSNS+HSN4. SG2: ABGL, HSN3, PSC5. Boats-1, Lines-0, Pots-0.",1,0,0,"0",10,"07"
"1581",2587,44577,2014-07-11,7763,42,"Photo-id (Pop Mon)","Photo-id (Pop Mon)","11:16","11:23",27.54904,-82.58379,"0","F223,2231","Boats-1 (1 paddleboard), Lines-0, Pots-0.",1,0,0,"1",11,"07"
"1582",2592,44582,2014-07-11,7763,47,"Photo-id (Pop Mon)","Photo-id (Pop Mon)","13:27","13:35",27.50144,-82.69375,"0","PNBT,BOOT,FRNG,UNDG,FRN3,PNB3,BOO3,UND2","Calf social with boat. Other = Kerplunking-bubbles. Boats-3, lines-1, pots-0.",3,1,0,"0",13,"07"
"1583",2593,44583,2014-07-11,7763,48,"Photo-id (Pop Mon)","Photo-id (Pop Mon)","13:38","13:47",27.504,-82.69057,"0","F241,F213","Each animal is its own SG. F241 was milling, F213 was milling and then traveled. Boats-3, lines-0, pots-0.",3,0,0,"0",13,"07"
"1584",2595,44585,2014-07-11,7763,50,"Photo-id (Pop Mon)","Photo-id (Pop Mon)","14:13","14:23",27.50116,-82.70736,"L","F178,F188","L=pontoon boat approaching. Boats-2, Lines-0, Pots-0.",2,0,0,"1",14,"07"
"1585",2597,44587,2014-07-11,7763,52,"Photo-id (Pop Mon)","Photo-id (Pop Mon)","14:39","14:47",27.48739,-82.69855,"0","F278","Boats-0, Lines-0, Pots-1.",0,0,1,"0",14,"07"
"1586",2599,44589,2014-07-14,7764,22,"Photo-id (Pop Mon)","Photo-id (Pop Mon)","10:10","10:14",27.39657,-82.64981,"0","FB27,FB44,FB20,FB02,F276,F254,F142,F236,F258,F284","Boats-0, Lines-2 (fisherman standing in water), Pots-4.",0,2,4,"1",10,"07"
"1587",2600,44590,2014-07-14,7764,23,"Photo-id (Pop Mon)","Photo-id (Pop Mon)","11:09","11:18",27.4937,-82.71432,"0","PYGP","Boats-5 (including 5 jet skis), lines-0, pots-0.",5,0,0,"1",11,"07"
"1588",2601,44591,2014-07-14,7764,24,"Photo-id (Pop Mon)","Photo-id (Pop Mon)","11:37","11:43",27.54121,-82.74253,"0","QECD,WTKN","Fluke out diving. Boats-2,lines-4,pots-0.",2,4,0,"0",11,"07"
"1589",2602,44592,2014-07-14,7764,25,"Photo-id (Pop Mon)","Photo-id (Pop Mon)","12:20","12:44",27.5481,-82.63672,"0","HLPC,F224","Boats-3, lines-0, pots-0.",3,0,0,"0",12,"07"
"1590",2605,44595,2014-07-14,7764,28,"Photo-id (Pop Mon)","Photo-id (Pop Mon)","14:05","14:39",27.51918,-82.62078,"0","F126,LNPF,HAIR,CMRS,F162,HITS,SIMP,BOXR,TDTL,LNPC,F151,LDM3,LNCC,ULY2,F223,HLP4,1511,LNC2,SIM2,2231","LNPC no yoy. Widely scattered group, difficult to approach. Boats-3, Lines-0, Pots-0.",3,0,0,"0",14,"07"
"1591",2609,44599,2014-07-14,7764,32,"Photo-id (Pop Mon)","Photo-id (Pop Mon)","16:20","16:27",27.51149,-82.69054,"0","F278,F233","Boats-1, lines-0, pots-0.",1,0,0,"0",16,"07"
"1592",2610,44600,2014-07-14,7764,33,"Photo-id (Pop Mon)","Photo-id (Pop Mon)","16:34","16:47",27.49728,-82.69343,"0","FB28,F148","F148 traveled south through bridge. No photos or resps on FB28-lost him. Boats-1, lines-1, pots-0.",1,1,0,"0",16,"07"
"1593",2614,44604,2014-07-14,7765,44,"Photo-id (Pop Mon)","Photo-id (Pop Mon)","10:15","10:21",27.40737,-82.58419,"0","","Boats-1, lines and pots-0.",1,0,0,"0",10,"07"
"1594",2616,44606,2014-07-14,7765,46,"Photo-id (Pop Mon)","Photo-id (Pop Mon)","11:31","11:46",27.47786,-82.69313,"0","F197,F243","Boats-6, lines and pots-0.",6,0,0,"0",11,"07"
"1595",2617,44607,2014-07-14,7765,47,"Photo-id (Pop Mon)","Photo-id (Pop Mon)","11:50","11:58",27.47961,-82.68879,"0","F227,F282,F280,2271","Sharking over shallows. Boats-3, pots-0, lines-3.",3,3,0,"0",11,"07"
"1596",2618,44608,2014-07-14,7765,48,"Photo-id (Pop Mon)","Photo-id (Pop Mon)","12:12","12:30",27.47695,-82.66957,"0","FB07,FB92,PNBT,F128,F123,FRNG,UNDG,FRN3,PNB3,UND2","SG1: F128, FB92, UNDG, UND2, PNBT, PNB3. All others joined. Boats-6, lines and pots-0.",6,0,0,"0",12,"07"
"1597",2620,44610,2014-07-14,7765,50,"Photo-id (Pop Mon)","Photo-id (Pop Mon)","13:09","13:15",27.48496,-82.64793,"0","F131,1317","Boats-2, pots and lines-0.",2,0,0,"0",13,"07"
"1598",2621,44611,2014-07-14,7765,51,"Photo-id (Pop Mon)","Photo-id (Pop Mon)","13:26","13:34",27.50122,-82.64864,"0","C991,C912","Boat-1 (with water skier), lines and pots-0.",1,0,0,"1",13,"07"
"1599",2622,44612,2014-07-14,7765,52,"Photo-id (Pop Mon)","Photo-id (Pop Mon)","13:43","13:47",27.49733,-82.65284,"0","F229","Boats-2, lines-0, pots-0.",2,0,0,"0",13,"07"
"1600",2626,44616,2014-07-14,7765,56,"Photo-id (Pop Mon)","Photo-id (Pop Mon)","14:41","14:51",27.48153,-82.69469,"0","","Boats-2, lines and pots-0.",2,0,0,"0",14,"07"
"1601",2627,44617,2014-07-14,7765,57,"Photo-id (Pop Mon)","Photo-id (Pop Mon)","15:01","15:07",27.49026,-82.69589,"L","FB11,F176,C114","L= Two Hour Tours following dolphins; looked to be staying 50m away but made repeated diliberate heading changes in the direction of the animals. Boats-2, lines-999, pots-1.",2,0,1,"1",15,"07"
"1602",2628,44618,2014-07-14,7765,58,"Photo-id (Pop Mon)","Photo-id (Pop Mon)","15:29","15:34",27.44371,-82.68716,"L","F109,F196,1092","L=private rec boat pursuing and approaching dolphins within 50m. Boats-6 (3 boats anchored), lines-1, pots-0.",6,1,0,"1",15,"07"
"1603",2630,44621,2014-07-18,7767,21,"Photo-id (Pop Mon)","Photo-id (Pop Mon)","9:34","9:40",27.31368,-82.585,"0","FB87,F167,C874,AMTS,1674","Boats-1, lines-0, pots-2.",1,0,2,"0",9,"07"
"1604",2631,44622,2014-07-18,7767,22,"Photo-id (Pop Mon)","Photo-id (Pop Mon)","9:41","9:52",27.31072,-82.58598,"0","1315,F252,1673","SG1: 1673, SG2: F252+1316. Boats-0, pots-1, lines-0.",0,0,1,"0",9,"07"
"1605",2632,44623,2014-07-18,7767,23,"Photo-id (Pop Mon)","Photo-id (Pop Mon)","9:56","10:10",27.30414,-82.57924,"0","TKID,FZJS,4NIC,PRST,FZJ1,PFYT,QFYC","SG1:FZJ1 feeding, SG2: six dolphins including TKID, PRST, FZJS, 4NIC,PFYT and QFYC (resting). Boats,lines-0, Pots-5.",0,0,5,"0",9,"07"
"1606",2634,44625,2014-07-18,7767,25,"Photo-id (Pop Mon)","Photo-id (Pop Mon)","10:20","10:24",27.30346,-82.58359,"0","SCWL","Dolphin is very small, possibly calf-sized. Boats-0, pots-1, lines-0.",0,0,1,"0",10,"07"
"1607",2635,44626,2014-07-18,7767,26,"Photo-id (Pop Mon)","Photo-id (Pop Mon)","10:33","10:48",27.27907,-82.57893,"0","RY34,F110,SOLB,MPTB,LNLD,LNL1","SG1: LNL1, SG2: LNLD, RY34, MPTB, SG3:F110, SG4: SOLB. Boats-2, lines-2, pots-1.",2,2,1,"0",10,"07"
"1608",2636,44627,2014-07-18,7767,27,"Photo-id (Pop Mon)","Photo-id (Pop Mon)","10:53","10:59",27.27112,-82.57662,"0","F171,F262,F256","Boats-1, lines-0, pots-0.",1,0,0,"0",10,"07"
"1609",2637,44628,2014-07-18,7767,28,"Photo-id (Pop Mon)","Photo-id (Pop Mon)","11:11","11:19",27.24347,-82.53703,"0","CL-4942","Pinwheel. Boats-3, pots-1, lines-1.",3,1,1,"0",11,"07"
"1610",2638,44629,2014-07-18,7767,29,"Photo-id (Pop Mon)","Photo-id (Pop Mon)","11:22","11:26",27.24205,-82.54189,"0","JETY","Boats, lines-0, pots-1.",0,0,1,"0",11,"07"
"1611",2639,44630,2014-07-18,7767,30,"Photo-id (Pop Mon)","Photo-id (Pop Mon)","12:10","12:24",27.1061,-82.47581,"0","WLDC,RNMK,PIHI,TVIS,SUPN","SG1: TVIS, SG2: RNMK, PIHI, SUPN. SG3: WLDC. Boats-2, lines-0, pots-0.",2,0,0,"0",12,"07"
"1612",2640,44631,2014-07-18,7767,31,"Photo-id (Pop Mon)","Photo-id (Pop Mon)","12:42","12:54",27.10953,-82.4565,"I","ASPK,SSHK","I= tapping on side of boat. ASPK has fresh new mid notch. Boats-5, pots and lines-0.",5,0,0,"0",12,"07"
"1613",2641,44632,2014-07-18,7767,32,"Photo-id (Pop Mon)","Photo-id (Pop Mon)","13:47","13:49",27.16555,-82.48588,"0","F221","Boats-2, lines and pots-0.",2,0,0,"0",13,"07"
"1614",2642,44633,2014-07-18,7767,33,"Photo-id (Pop Mon)","Photo-id (Pop Mon)","15:41","15:47",27.30882,-82.55767,"0","FB20,F258","Boats-3, lines and pots-0.",3,0,0,"0",15,"07"
"1615",2643,44634,2014-07-18,7767,34,"Photo-id (Pop Mon)","Photo-id (Pop Mon)","15:56","15:58",27.30398,-82.54819,"0","F125,F238,1253","Boats-1, pots-0, lines-2 (from land).",1,2,0,"1",15,"07"
"1616",2644,44635,2014-07-21,7768,21,"Photo-id (Pop Mon)","Photo-id (Pop Mon)","9:29","9:41",27.33703,-82.60004,"0","FB25,FB79,F254,F199,C258,C798,1992","Animals all together, then split into 2 SGs. SG1: F254, F199, FB79, 1992, C798. SG2: FB25, C258. No sign of FB44. Boats-0, lines-0, pots-6.",0,0,6,"0",9,"07"
"1617",2647,44638,2014-07-21,7768,24,"Photo-id (Pop Mon)","Photo-id (Pop Mon)","10:44","11:00",27.46847,-82.70449,"L","BIKO,1753,HVT1,BIK2,PYGP,SNFG","Dolphins spread out over a large area. L=kayakers approaching dolphins closer than 50m. Boats-2 (kayaks), lines and pots-0.",2,0,0,"1",10,"07"
"1618",2649,44639,2014-07-21,7768,26,"Photo-id (Pop Mon)","Photo-id (Pop Mon)","11:40","11:47",27.531,-82.72213,"0","C555","Boats-1, lines-0, pots-1.",1,0,1,"0",11,"07"
"1619",2650,44640,2014-07-21,7768,27,"Photo-id (Pop Mon)","Photo-id (Pop Mon)","11:52","11:56",27.53032,-82.72002,"0","FB55,C555","Boats-1, lines and pots-0.",1,0,0,"0",11,"07"
"1620",2651,44641,2014-07-21,7768,28,"Photo-id (Pop Mon)","Photo-id (Pop Mon)","12:03","12:17",27.53928,-82.70065,"L","M145,TRIM,CTS4,HBM3,TRM1,1457","L = 1 rec boat following group. Another dolphin may have swam off and joined next sighting. Boats-1, lines-0, pots-0.",1,0,0,"1",12,"07"
"1621",2656,44646,2014-07-21,7768,33,"Photo-id (Pop Mon)","Opportunistic","15:19","15:22",27.46025,-82.6884,"L","F207,2071","L=Tour SRQ boat approached within 10m and stopped. Boats-10, lines and pots-0.",10,0,0,"1",15,"07"
"1622",2658,44649,2014-07-22,7769,22,"Photo-id (Pop Mon)","Photo-id (Pop Mon)","9:22","9:46",27.34477,-82.56099,"0","FB44,FB87,RY34,MPTB,F254,F167,LNLD,C874,LNL1,1674","SG1: MPTB, RY34, LNLD and LNL1. SG2: FB87, C874, F167, 1674, FB44 and F254. Boats-1, lines and pots-0.",1,0,0,"0",9,"07"
"1623",2663,44654,2014-07-22,7769,27,"Photo-id (Pop Mon)","Photo-id (Pop Mon)","11:26","11:31",27.4463,-82.67431,"0","F266","Boats,lines-0, pots-3.",0,0,3,"0",11,"07"
"1624",2664,44655,2014-07-22,7769,28,"Photo-id (Pop Mon)","Photo-id (Pop Mon)","11:50","11:54",27.4523,-82.68115,"0","F197,F243","Jet ski drove over them but left once sighting started. Boats-2, lines and pots-0.",2,0,0,"1",11,"07"
"1625",2666,44657,2014-07-22,7769,30,"Photo-id (Pop Mon)","Photo-id (Pop Mon)","12:20","12:25",27.47992,-82.67559,"0","F274","Boats-1, lines and pots-0.",1,0,0,"0",12,"07"
"1626",2671,44662,2014-07-22,7769,35,"Photo-id (Pop Mon)","Photo-id (Pop Mon)","14:04","14:10",27.48834,-82.69762,"0","F276,F179","Boats-3, lines-0, pots-1.",3,0,1,"0",14,"07"
"1627",2672,44663,2014-07-22,7769,36,"Photo-id (Pop Mon)","Photo-id (Pop Mon)","14:18","14:31",27.47606,-82.69679,"L","F227,2271","Dolphins 150m W of start point sharking. Yoy (2271) sharking! Fish whacking by F227. L= dolphins came out to ICW then 2 jet skis were immediately driving on top of them. Boats-5 (3 jetskis), lines and pots-0.",5,0,0,"1",14,"07"
"1628",2673,44664,2014-07-22,7769,37,"Photo-id (Pop Mon)","Photo-id (Pop Mon)","14:36","14:45",27.4669,-82.6917,"X","FB90,F142,F270","SG1: F142. SG2: FB90 + F270. YOLO tour boat came within 50m of SG1. Captain Kim came within 50m of SG2. Boats-3, lines and pots-0.",3,0,0,"1",14,"07"
"1629",2674,44665,2014-07-22,7769,38,"Photo-id (Pop Mon)","Photo-id (Pop Mon)","14:51","14:58",27.45592,-82.68435,"0","F278","Milling in boat wake where LBP meets ICW. Boats-6, lines-2, pots-1.",6,2,1,"0",14,"07"
"1630",2675,44666,2014-07-22,7769,39,"Photo-id (Pop Mon)","Photo-id (Pop Mon)","15:04","15:12",27.4427,-82.6867,"L","F109,1092","F109 kerplunk. L = Jet ski and rec boat were very close. 1092 not acting as a calf. Boats-6, lines and pots-0.",6,0,0,"1",15,"07"
"1631",2677,44668,2014-07-22,7770,42,"Photo-id (Pop Mon)","Photo-id (Pop Mon)","9:41","9:53",27.2692,-82.5699,"0","JETY,MLVN","Boats,lines-0, pots-1.",0,0,1,"0",9,"07"
"1632",2678,44669,2014-07-22,7770,43,"Photo-id (Pop Mon)","Photo-id (Pop Mon)","10:40","10:59",27.10621,-82.46621,"0","SCS1,SCS2,ENM2,GRGO,NYDT,JAMM","Other=bobbing/rolling slowly at surface. Boats-6 (2 paddleboards w/in 5m, 2 jet skis, 1 kayak, 1 motorboat),no HI, no lines, pots-1.",6,0,1,"1",10,"07"
"1633",2681,44672,2014-07-22,7770,46,"Photo-id (Pop Mon)","Photo-id (Pop Mon)","11:34","11:42",27.10074,-82.46375,"0","SCS2,ENM2,GRGO,NYDT","Other= slow bobbing/rolling at surfaces. Boats-1 (kayak), llines and pots-0.",1,0,0,"1",11,"07"
"1634",2682,44673,2014-07-22,7770,47,"Photo-id (Pop Mon)","Photo-id (Pop Mon)","12:02","12:14",27.11461,-82.46425,"0","GPHK","Boats-1, lines and pots-0.",1,0,0,"0",12,"07"
"1635",2683,44674,2014-07-22,7770,48,"Photo-id (Pop Mon)","Photo-id (Pop Mon)","13:03","13:13",27.20382,-82.50148,"L","BRD3,F211,VCRO","L= jet ski approaching <15m and repeatedly changing heading to pursue dolphins. Boats-3 (including 1 jet ski), lines-1, pots-2.",3,1,2,"1",13,"07"
"1636",2684,44675,2014-07-22,7770,49,"Photo-id (Pop Mon)","Photo-id (Pop Mon)","14:11","14:23",27.2795,-82.5444,"0","C935","Boats-3, lines-0, pots-1.",3,0,1,"0",14,"07"
"1637",2685,44676,2014-07-22,7770,50,"Photo-id (Pop Mon)","Photo-id (Pop Mon)","14:37","14:52",27.29895,-82.54507,"0","FB25,F199,F252,F256,C935,C258,1992","SG1: F199 +1992. SG2: F256+ C935 +F252 +C258. SG3: FB25. Boats-1 (Le Barge boat). Lines-0, pots-1.",1,0,1,"1",14,"07"
"1638",2686,44677,2014-07-22,7770,51,"Photo-id (Pop Mon)","Photo-id (Pop Mon)","15:05","15:25",27.3074,-82.55887,"0","FB44,FB87,RY34,F237,MPTB,F254,F167,LNLD,F239,C874,LNL1,1674","SG1: F237, F239, FB44, F254, F167, 1674. SG2: RY34, MPTB, FB87, LNLD, LNL1, C874, F167 and 1674 who left SG1. Boats-7 (2 kayaks, 1 jet ski, 4 motorboats), lines and pots-0.",7,0,0,"1",15,"07"
"1639",2687,44681,2014-08-01,7773,21,"Photo-id (Pop Mon/Syn)","Photo-id (Pop Mon/Syn)","8:40","9:17",27.34757,-82.55548,"L","RY34,F237,F110,SOLB,MPTB,F171,WENT,F239","SG1: MPTB, RY34, F171. SG2: SOLB, F110, F237, F239, WENT. Subgroups both started fast travel after school of fish and joined, feeding on fish. L = Seahunt boat approached closer than 50 m. 3 boat, 0 lines, 0 crabpots.",3,0,0,"1",8,"08"
"1640",2689,44683,2014-08-01,7773,23,"Photo-id (Pop Mon/Syn)","Photo-id (Pop Mon/Syn)","10:21","10:27",27.44576,-82.67161,"L","F213,F282,F272","F213, F282, and F272 socializing. Boat passed by dolphins, turned around and passed by dolphins within 10 m. 2 boats, 0 lines, 0 crabpots.",2,0,0,"0",10,"08"
"1641",2694,44688,2014-08-01,7773,28,"Photo-id (Pop Mon/Syn)","Photo-id (Pop Mon/Syn)","12:21","12:32",27.47926,-82.68723,"L,I","F131,F135,1317","FL Funboat (YOLO) driving to within 10 m of dlphins. TourSRQ boat also harassing dolphins. Person on jetski splashing water. Captain Patsy charter boat also harassing dolphins. Captian Kathe also harassing dolphins. 12 boats (7 jetskis, 4 tour boat), 0 li",12,0,0,"1",12,"08"
"1642",2695,44689,2014-08-01,7773,29,"Photo-id (Pop Mon/Syn)","Photo-id (Pop Mon/Syn)","12:43","13:03",27.47982,-82.69702,"L","F175,F247","YOLO harassing dolphins. F175 resps recorded. 11 boats (2 jetskis, 1 tour boat [YOLO]), 0 lines, 3 crabpots.",11,0,3,"1",12,"08"
"1643",2697,44691,2014-08-01,7773,31,"Photo-id (Pop Mon/Syn)","Photo-id (Pop Mon/Syn)","13:43","13:45",27.53776,-82.73618,"0","F232","3 boats, 0 lines, 0 crabpots.",3,0,0,"0",13,"08"
"1644",2698,44692,2014-08-01,7773,32,"Photo-id (Pop Mon/Syn)","Photo-id (Pop Mon/Syn)","14:04","14:05",27.51492,-82.70226,"0","F235","3 boats, 0 lines, 0 crabpots.",3,0,0,"0",14,"08"
"1645",2699,44693,2014-08-01,7773,33,"Photo-id (Pop Mon/Syn)","Photo-id (Pop Mon/Syn)","14:22","14:30",27.49059,-82.69803,"0","F131,F133,F245,1317","SG1: F133. SG2: F131. SG3: F245 and 1317 (socializing while travelling). 4 boats, 0 lines, 0 crabpots.",4,0,0,"0",14,"08"
"1646",2700,44694,2014-08-01,7773,34,"Photo-id (Pop Mon/Syn)","Photo-id (Pop Mon/Syn)","14:35","14:56",27.4857,-82.69796,"L","C991,BOXR,F148,F113,F146,F196,F228,F268,F179,F222,F227,F213,HWK3,F282,C912,1135,2271","3 jetskis harassing dolphins. 14 boats (3 jetskis), 0 lines, 0 crabpots.",14,0,0,"1",14,"08"
"1647",2701,44695,2014-08-01,7773,35,"Photo-id (Pop Mon/Syn)","Photo-id (Pop Mon/Syn)","15:06","15:08",27.4638,-82.68959,"0","F207,2071","3 boats, 0 lines, 0 crabpots.",3,0,0,"0",15,"08"
"1648",2702,44696,2014-08-01,7773,36,"Photo-id (Pop Mon/Syn)","Photo-id (Pop Mon/Syn)","15:23","15:28",27.4387,-82.67949,"L,I","F109,F123,F272,1092,1231","All boats harassing dolphins, man in boat had feet in water and was kicking and splashing but stayed on boat. SG1: F109 and F123 milling. SG2: 1092, 1231, F272 socializing. Harassment was focused on SG2. 3 boats (2 jetski, 1 boat), 0 lines, 0 crabpots.",3,0,0,"1",15,"08"
"1649",2704,44699,2014-08-01,7774,41,"Photo-id (Pop Mon/Syn)","Photo-id (Pop Mon/Syn)","8:53","9:01",27.24975,-82.5394,"0","F153,FB15","Animals about 100 m apart. 0 boats, 0 lines, 1 crabpot.",0,0,1,"0",8,"08"
"1650",2706,44701,2014-08-01,7774,43,"Photo-id (Pop Mon/Syn)","Photo-id (Pop Mon/Syn)","9:55","10:10",27.1194,-82.47483,"0","RNMK,PIHI,PFYT,QFYC","SG1: PFYT, PIHI, RNMK. SG2: QFYC. 1 boat, 0 lines, 1 crabpot.",1,0,1,"0",9,"08"
"1651",2707,44702,2014-08-01,7774,44,"Photo-id (Pop Mon/Syn)","Photo-id (Pop Mon/Syn)","10:12","10:13",27.11556,-82.47677,"0","SCS2","1 boat, 2 lines, 0 crabpots.",1,2,0,"0",10,"08"
"1652",2710,44705,2014-08-01,7774,47,"Photo-id (Pop Mon/Syn)","Photo-id (Pop Mon/Syn)","11:05","11:09",27.11233,-82.46984,"0","F193","3 boats, 4 lines, 0 crabpots.",3,4,0,"0",11,"08"
"1653",2711,44706,2014-08-01,7774,48,"Photo-id (Pop Mon/Syn)","Photo-id (Pop Mon/Syn)","14:17","14:28",27.30818,-82.55721,"L","FB78,F125,1253","L= two CB rental boats changing heading and pursuing dolphins within 50 m. Breifly informed them about laws and they backed off. 7 boats, 0 lines, 0 crabpots.",7,0,0,"1",14,"08"
"1654",2712,44707,2014-08-01,7774,49,"Photo-id (Pop Mon/Syn)","Photo-id (Pop Mon/Syn)","14:32","14:39",27.3055,-82.55833,"L","IKN2,F199,1992","L= parasail boat plowed over dolphins to induce wake riding. Fourth dolphin joined F199, 1992, and IKN2 as we began to end the sighting. Began riding wake of parasail boat and could not catch up. 11 boats (2 paddleboards, 1 jetski, 1 rental pontoon, 2 kay",11,0,0,"1",14,"08"
"1655",2713,44708,2014-08-01,7774,50,"Photo-id (Pop Mon/Syn)","Photo-id (Pop Mon/Syn)","14:45","14:55",27.30618,-82.55798,"0","F237,F110,SOLB,F171,WENT,F239","3 boats, 3 lines, 0 crabpots.",3,3,0,"0",14,"08"
"1656",2714,44709,2014-08-01,7774,51,"Photo-id (Pop Mon/Syn)","Photo-id (Pop Mon/Syn)","14:58","15:01",27.30622,-82.55943,"0","F237,F110,SOLB,F239","Partial resight of s50? Slightly different composition? 3 boats, 0 lines, 0 crabpots.",3,0,0,"0",14,"08"
"1657",2715,44710,2014-08-01,7774,52,"Photo-id (Pop Mon/Syn)","Photo-id (Pop Mon/Syn)","15:18","15:20",27.31436,-82.54736,"0","F252,C935","1 boat, 0 lines, 0 crabpots.",1,0,0,"0",15,"08"
"1658",2717,44712,2014-08-01,7775,62,"Photo-id (Pop Mon/Syn)","Photo-id (Pop Mon/Syn)","9:23","9:30",27.36593,-82.62902,"0","FB44,F254,F248,C835,LNLD,LNL1","C835 is chuffing. 0 boats, 0 lines, 1 crabpot.",0,0,1,"0",9,"08"
"1659",2718,44713,2014-08-01,7775,63,"Photo-id (Pop Mon/Syn)","Photo-id (Pop Mon/Syn)","9:33","9:36",27.36341,-82.62694,"0","IKN2,F125,1253","0 boats, 0 lines, 1 crabpot.",0,0,1,"0",9,"08"
"1660",2719,44714,2014-08-01,7775,64,"Photo-id (Pop Mon/Syn)","Photo-id (Pop Mon/Syn)","9:47","10:14",27.38243,-82.64086,"K,X","FB87,FB25,FB79,F167,C874,C258,C798,1674","C874 FIM. 10 minutes resps on FB79 and C798. C798 socializing with C874 and 1674. K = two people swam out to animals, got within 5 m of dolphins. Told them to stay away. X = two kayaks approached dolphins but did not pursue after first approach. 2 boats (",2,0,7,"1",9,"08"
"1661",2720,44715,2014-08-01,7775,65,"Photo-id (Pop Mon/Syn)","Photo-id (Pop Mon/Syn)","10:19","10:22",27.37161,-82.63332,"0","F199,1992","2 boats (2 kayaks), 0 lines, 1 crabpot.",2,0,1,"1",10,"08"
"1662",2721,44716,2014-08-01,7775,66,"Photo-id (Pop Mon/Syn)","Photo-id (Pop Mon/Syn)","10:30","10:35",27.39602,-82.65088,"L","FB27,F182,C834,F284","L = kayak approaching, pursuing, following dolphins really closely. 1 boat (1 kayak), 0 lines, 0 crabpots.",1,0,0,"1",10,"08"
"1663",2722,44717,2014-08-01,7775,67,"Photo-id (Pop Mon/Syn)","Photo-id (Pop Mon/Syn)","10:46","10:57",27.42274,-82.67951,"0","MCGE","Rapid travel offshore, fluke out diving. 1 boat, 2 lines, 1 crabpots.",1,2,1,"0",10,"08"
"1664",2723,44718,2014-08-01,7775,68,"Photo-id (Pop Mon/Syn)","Photo-id (Pop Mon/Syn)","11:15","11:20",27.44784,-82.69445,"0","F109,F238,1092","1092 is pinwheeling. One boat drove over top of dolphins. 1092 was inside the swim zone, then rejoined mom and surfacing in calf position. 3 boats (1 parasail ferry, 1 pontoon, 1 private), 0 lines, 0 crabpots.",3,0,0,"1",11,"08"
"1665",2724,44719,2014-08-01,7775,69,"Photo-id (Pop Mon/Syn)","Photo-id (Pop Mon/Syn)","11:41","11:47",27.51633,-82.73015,"0","FB10,FB07,F114","1 boat (1 jetski), 0 lines, 4 crabpots.",1,0,4,"1",11,"08"
"1666",2725,44720,2014-08-01,7775,70,"Photo-id (Pop Mon/Syn)","Photo-id (Pop Mon/Syn)","11:53","12:14",27.53559,-82.75484,"0","HBMB,CWM3,HMLT,BASH,ATMM,CW32,HBM4,HML2","SG1: BASH and ATMM. SG2: HBMB, HMLT, CWM3, HBM4, HML2, CW32. 5 boats, 6 lines, 0 crabpots.",5,6,0,"0",11,"08"
"1667",2732,44727,2014-08-01,7775,77,"Photo-id (Pop Mon/Syn)","Photo-id (Pop Mon/Syn)","15:15","15:24",27.52661,-82.70066,"0","FB65,C655,C656","1 boat, 0 lines, 0 crabpots.",1,0,0,"0",15,"08"
"1668",2733,44728,2014-08-01,7775,78,"Photo-id (Pop Mon/Syn)","Photo-id (Pop Mon/Syn)","15:31","15:39",27.51576,-82.69353,"0","F131,F176,B053,DABL,1317,DAB2,B531","F131 and 1317 stopped to feed outside of ICW channel. The rest of the group just continued. 5 boats, 0 lines, 0 crabpots.",5,0,0,"0",15,"08"
"1669",2734,44729,2014-08-01,7775,79,"Photo-id (Pop Mon/Syn)","Photo-id (Pop Mon/Syn)","15:48","15:52",27.50726,-82.68885,"0","F197,F243","2 boats, 1 line, 0 crabpots.",2,1,0,"0",15,"08"
"1670",2735,44730,2014-08-01,7775,80,"Photo-id (Pop Mon/Syn)","Photo-id (Pop Mon/Syn)","15:55","15:59",27.50653,-82.68997,"0","F133,F245","1 boat, 0 lines, 0 crabpots.",1,0,0,"0",15,"08"
"1671",2739,44734,2014-08-04,7777,41,"Photo-id (Pop Mon)","Photo-id (Pop Mon)","10:11","10:30",27.4526,-82.6814,"0","F178,F188,F278","SG1: F278 prob feed, very infrequent rapid surfacing, never maintain a heading. SG2: F178 and 188 travelling N in ICW. 11 boats (3 tour boats), 0 lines, 4 crabpots.",11,0,4,"1",10,"08"
"1672",2740,44735,2014-08-04,7777,42,"Photo-id (Pop Mon)","Photo-id (Pop Mon)","10:34","10:37",27.4616,-82.68877,"0","F207,2071","2 boats, 0 lines, 1 crabpot.",2,0,1,"0",10,"08"
"1673",2741,44736,2014-08-04,7777,43,"Photo-id (Pop Mon)","Photo-id (Pop Mon)","10:47","10:53",27.47699,-82.69382,"0","","2 boats, 0 lines, 0 crabpots.",2,0,0,"0",10,"08"
"1674",2746,44741,2014-08-04,7777,48,"Photo-id (Pop Mon)","Photo-id (Pop Mon)","11:55","12:04",27.48335,-82.65632,"0","C991,F196,F268,C912","1 boat, 0 lines, 0 crabpots.",1,0,0,"0",11,"08"
"1675",2747,44742,2014-08-04,7777,49,"Photo-id (Pop Mon)","Photo-id (Pop Mon)","12:26","12:35",27.47383,-82.64517,"0","F215,2152","0 boats, 0 lines, 1 crabpot.",0,0,1,"0",12,"08"
"1676",2749,44744,2014-08-04,7777,51,"Photo-id (Pop Mon)","Photo-id (Pop Mon)","13:51","14:03",27.44333,-82.68671,"0","F109,F272,1092","SG1: F109 and F272. SG2: 1092, prob feeding beneath LBP bridge, not acting like a calf. 5 boats, 0 lines, 4 crabpots.",5,0,4,"0",13,"08"
"1677",2750,44745,2014-08-04,7777,52,"Photo-id (Pop Mon)","Photo-id (Pop Mon)","14:15","14:19",27.42375,-82.65931,"0","FB90,FB92,F128,F246,F270","FB90 chuffing. F270 leaping. 1 boat (pontoon), 0 lines, 0 crabpots.",1,0,0,"1",14,"08"
"1678",2751,44746,2014-08-04,7777,53,"Photo-id (Pop Mon)","Photo-id (Pop Mon)","14:25","14:39",27.4203,-82.65439,"0","FB27,FB20,F182,C834,BOXR,F258,F284","All animals initially together. FB20, F258, and BOXR split up into separate group. 2 boats (pontoons), 0 lines, 0 crabpots.",2,0,0,"1",14,"08"
"1679",2753,44764,2014-08-06,7778,22,"Photo-id (Pop Mon/Syn)","Photo-id (Pop Mon/Syn)","11:00","11:29",27.10507,-82.46651,"0","WLDC,FB25,ANGL,SCSM,F199,GADG,F211,SCS2,F221,C258,NYDT,COIN,1992,JAMM,CL-5518,CL-5519","1 boat, 0 lines, 0 crabpots. Small falcate calf (CL-5518, calf of ANGL) might be a yoy.",1,0,0,"0",11,"08"
"1680",2755,44766,2014-08-06,7778,24,"Photo-id (Pop Mon/Syn)","Photo-id (Pop Mon/Syn)","12:17","12:21",27.11242,-82.45934,"0","F211,F221","1 boat (kayak), 1 line, 0 crabpots.",1,1,0,"1",12,"08"
"1681",2756,44767,2014-08-06,7778,25,"Photo-id (Pop Mon/Syn)","Photo-id (Pop Mon/Syn)","13:02","13:13",27.14745,-82.47471,"0","F252","3 boats, 0 lines, 0 crabpots.",3,0,0,"0",13,"08"
"1682",2757,44768,2014-08-06,7778,26,"Photo-id (Pop Mon/Syn)","Photo-id (Pop Mon/Syn)","14:04","14:08",27.25045,-82.52831,"0","F264","2 boats, 0 lines, 0 crabpots.",2,0,0,"0",14,"08"
"1683",2758,44769,2014-08-06,7778,27,"Photo-id (Pop Mon/Syn)","Photo-id (Pop Mon/Syn)","15:08","15:27",27.31108,-82.55485,"0","IKN2,F248,C835,F171,B053,DABL,F234,DAB2,B531","SG1: B053, B531, DABL. SG2: DAB2 100 m away from SG1. SG3: IKN2, F248, C835, F171, F234. At 15:27 SG1 and SG2 joined. 5 boats (1 sailboat and 4 rec boats), 2 lines (from rec boat), 0 crabpots.",5,2,0,"1",15,"08"
"1684",2759,44770,2014-08-06,7778,28,"Photo-id (Pop Mon/Syn)","Photo-id (Pop Mon/Syn)","15:35","15:39",27.30441,-82.54868,"0","FB78","4 boats, 0 lines, 0 crabpots.",4,0,0,"0",15,"08"
"1685",2760,44771,2014-08-06,7778,29,"Photo-id (Pop Mon/Syn)","Photo-id (Pop Mon/Syn)","15:43","15:51",27.30501,-82.55424,"0","F138,F125,F238,1253","Other = dolphin kerplunking (F138). F125 seawall feeding. Socializing by F238 and 1253. F138 staying a little further from the seawalls. F125 staying right next to seawall. F238 and 1253 alternating between socializing and seawall feeding. 2 boats, 0 line",2,0,0,"0",15,"08"
"1686",2761,44772,2014-08-06,7778,30,"Photo-id (Pop Mon/Syn)","Photo-id (Pop Mon/Syn)","16:23","16:30",27.33141,-82.57529,"0","1316","1 boat, 0 lines, 0 crabpots.",1,0,0,"0",16,"08"
"1687",2763,44775,2014-08-06,7779,141,"Photo-id (Pop Mon/Syn)","Photo-id (Pop Mon/Syn)","9:37","9:43",27.33215,-82.57347,"0","1316","1 boat (N'aia), 0 lines, 0 crabpots.",1,0,0,"1",9,"08"
"1688",2765,44777,2014-08-06,7779,143,"Photo-id (Pop Mon/Syn)","Photo-id (Pop Mon/Syn)","11:03","11:23",27.465,-82.69027,"0","F197,F209,F207,F213,HWK3,F243,2091,2071","SG1: F207, 2071, HWK3. SG2: F209, 2091. SG3: F243, F213, F197; feeding and sharking. 1 jetski ran over where dolphins first furcaed but were gone so just continued on its way. 6 boats (1 parasail ferry, 1 fishing boat, 2 jetskis), 0 lines, 3 crabpots.",6,0,3,"1",11,"08"
"1689",2766,44778,2014-08-06,7779,144,"Photo-id (Pop Mon/Syn)","Photo-id (Pop Mon/Syn)","11:39","11:43",27.46985,-82.69101,"0","F123,1231","People working on bridge. 1 boat, 0 lines, 4 crabpots.",1,0,4,"0",11,"08"
"1690",2770,44782,2014-08-06,7779,148,"Photo-id (Pop Mon/Syn)","Photo-id (Pop Mon/Syn)","12:48","12:55",27.50107,-82.65495,"0","FB55,C555","Seperated by 200 m. Calf is prob feeding. 1 boat (kayak), 0 lines, 0 crabpots.",1,0,0,"1",12,"08"
"1691",2772,44784,2014-08-06,7779,150,"Photo-id (Pop Mon/Syn)","Photo-id (Pop Mon/Syn)","13:30","13:38",27.47962,-82.68947,"0","FB33,F262,F256,C330","Calf social with juvenille males. 1 boat (jetski), 0 lines, 0 crabpots.",1,0,0,"1",13,"08"
"1692",2773,44785,2014-08-06,7779,151,"Photo-id (Pop Mon/Syn)","Photo-id (Pop Mon/Syn)","13:48","13:51",27.49293,-82.69595,"0","FB11,C114","0 boats, 0 lines, 1 crabpot.",0,0,1,"0",13,"08"
"1693",2774,44786,2014-08-06,7779,152,"Photo-id (Pop Mon/Syn)","Photo-id (Pop Mon/Syn)","14:00","14:06",27.49367,-82.69598,"0","","Surfacing very infrequently, no photos. 1 boat, 0 lines, 0 crabpots.",1,0,0,"0",14,"08"
"1694",2775,44787,2014-08-06,7779,153,"Photo-id (Pop Mon/Syn)","Photo-id (Pop Mon/Syn)","14:11","14:23",27.49857,-82.7002,"0","PNBT,BOOT,F176,F137,FRNG,FRN3,PNB3,BOO3","Kerplunking. BOO3 and PNB3 rode our bow. 0 boats. 0 lines, 2 crabpots.",0,0,2,"0",14,"08"
"1695",2776,44788,2014-08-06,7779,154,"Photo-id (Pop Mon/Syn)","Photo-id (Pop Mon/Syn)","14:40","14:45",27.52925,-82.71693,"0","F178,F188,F146,F228,1651,FRNZ","SG1: 1651. SG2: F188, F178, F146, F228, and FRNZ. 1 boat, 0 lines, 0 crabpots.",1,0,0,"0",14,"08"
"1696",2777,44789,2014-08-06,7779,155,"Photo-id (Pop Mon/Syn)","Photo-id (Pop Mon/Syn)","14:53","14:59",27.51544,-82.70255,"0","F137","Kerplunking. 1 boat, 1 line, 0 crabpots.",1,1,0,"0",14,"08"
"1697",2779,44791,2014-08-06,7779,157,"Photo-id (Pop Mon/Syn)","Photo-id (Pop Mon/Syn)","15:16","15:19",27.51916,-82.70135,"0","C655","1 boat, 1 line, 0 crabpots.",1,1,0,"0",15,"08"
"1698",2781,44793,2014-08-06,7779,159,"Photo-id (Pop Mon/Syn)","Photo-id (Pop Mon/Syn)","15:43","15:56",27.491,-82.6972,"0","FB33,FB11,F133,F207,F227,F245,C114,C330,2271,2071","Fishwhacking. 1 yoy socializing and surfacing with C330. SG1: F133, F245 travelling N. SG2: FB11, C114, FB33, C330, F207, 2071, F227, 2271; generally heading S while feeding and socializing. 0 boats, 0 lines, 1 crabpot.",0,0,1,"0",15,"08"
"1699",2782,44794,2014-08-06,7779,160,"Photo-id (Pop Mon/Syn)","Photo-id (Pop Mon/Syn)","16:06","16:13",27.46565,-82.69138,"0","PNBT,BOOT,FRNG,F173,HWK3,FRN3,PNB3,BOO3","Kerplunking. F173 and HWK3 chasing calves of Tampa transients. 0 boats, 0 lines, 2 crabpots.",0,0,2,"0",16,"08"
"1700",2783,44795,2014-08-06,7779,161,"Photo-id (Pop Mon/Syn)","Photo-id (Pop Mon/Syn)","17:41","17:53",27.32898,-82.57587,"0","FB79,C798","Sharking and fishwhacking. Resps taken on FB79 and C798. Heading towards fishing boat at end of sighting. 2 boats, 2 lines, 2 crabpots.",2,2,2,"1",17,"08"
"1701",2784,44796,2014-08-06,7780,61,"Photo-id (Pop Mon/Syn)","Photo-id (Pop Mon/Syn)","10:03","10:06",27.35294,-82.61652,"0","1673","0 boats, 0 lines, 3 crabpots.",0,0,3,"0",10,"08"
"1702",2785,44797,2014-08-06,7780,62,"Photo-id (Pop Mon/Syn)","Photo-id (Pop Mon/Syn)","10:14","10:19",27.36371,-82.62664,"0","FB79,C798","Animals swam under two paddleboarders with no interactions from either. Calf initially 100 yds from mom but moved closer. 3 boats (1 fishing, 2 paddleboards), 3 lines (from boat), 1 crabpot.",3,3,1,"1",10,"08"
"1703",2786,44798,2014-08-06,7780,63,"Photo-id (Pop Mon/Syn)","Photo-id (Pop Mon/Syn)","10:24","10:29",27.36609,-82.62859,"0","F175,F247","0 boats, 0 lines, 8 crabpots.",0,0,8,"0",10,"08"
"1704",2787,44799,2014-08-06,7780,64,"Photo-id (Pop Mon/Syn)","Photo-id (Pop Mon/Syn)","10:34","10:37",27.3643,-82.6271,"0","F138,F125,1253","1 boat, 0 lines, 8 crabpots.",1,0,8,"0",10,"08"
"1705",2788,44800,2014-08-06,7780,65,"Photo-id (Pop Mon/Syn)","Photo-id (Pop Mon/Syn)","10:49","10:59",27.39663,-82.65044,"X","1092","Dolphin ate fish in front of shore fishermen. Probably no interaction. 17 swimmers, three of which have fishing lines. Kayak is trying to catch up to dolphin. Dolphin swam in shore of large group of swimmers (see photos). Swimmers tried to swim towards do",2,3,3,"1",10,"08"
"1706",2789,44801,2014-08-06,7780,66,"Photo-id (Pop Mon/Syn)","Photo-id (Pop Mon/Syn)","11:09","11:13",27.4273,-82.68698,"0","FB44","1 boat, 0 lines, 0 crabpots.",1,0,0,"0",11,"08"
"1707",2790,44802,2014-08-06,7780,67,"Photo-id (Pop Mon/Syn)","Photo-id (Pop Mon/Syn)","11:17","11:21",27.42957,-82.68757,"0","F254","3 boats, 0 lines, 0 crabpots.",3,0,0,"0",11,"08"
"1708",2792,44804,2014-08-06,7780,69,"Photo-id (Pop Mon/Syn)","Photo-id (Pop Mon/Syn)","12:22","12:29",27.53235,-82.72461,"0","FB65,C656","1 boat, 0 lines, 0 crabpots.",1,0,0,"0",12,"08"
"1709",2793,44805,2014-08-06,7780,70,"Photo-id (Pop Mon/Syn)","Photo-id (Pop Mon/Syn)","12:30","12:37",27.53274,-82.72762,"0","C655","1 boat (anchored with 5 swimmers, no interaction), 0 lines, 0 crabpots.",1,0,0,"1",12,"08"
"1710",2794,44806,2014-08-06,7780,71,"Photo-id (Pop Mon/Syn)","Photo-id (Pop Mon/Syn)","12:45","12:49",27.53819,-82.7017,"0","ULY3","1 boat, 0 lines, 0 crabpots.",1,0,0,"0",12,"08"
"1711",2797,44810,2014-08-06,7780,74,"Photo-id (Pop Mon/Syn)","Photo-id (Pop Mon/Syn)","15:16","15:28",27.51905,-82.69778,"0","F223,F225,2253,2231","Avoiding boat. 2 boats, 0 lines, 0 crabpots.",2,0,0,"0",15,"08"
"1712",2798,44811,2014-08-06,7780,75,"Photo-id (Pop Mon/Syn)","Photo-id (Pop Mon/Syn)","15:56","16:09",27.44804,-82.68735,"0","F123,F266,F213,1231","2 commerical tour boats heading towards dolphins after we left. 1 boat, 3 lines, 0 crabpots.",1,3,0,"1",15,"08"
"1713",2799,44812,2014-08-06,7780,76,"Photo-id (Pop Mon/Syn)","Photo-id (Pop Mon/Syn)","16:20","16:39",27.43982,-82.68073,"L","FB90,FB92,F128,F109,F246,F250,F241,F282,F270,1092","SG1: FB90, FB92, F128, 1092, F109. SG2: F250, F282, F241, F270. SG3: F246. Small boat with ragtop and cabin cruisers approaching dolphins. At 16:30 another rental boat approached dolphins. 1092 fishwhacked. SG1 and SG2 joined and mixed up. 3 boats, 0 line",3,0,4,"1",16,"08"
"1714",2801,44814,2014-08-07,7781,21,"Photo-id (Pop Mon/Syn)","Photo-id (Pop Mon/Syn)","10:47","10:53",27.13493,-82.46969,"0","F221","Fish whack behind mangrove island; seawall feeding. 1 boat, 0 lines, 0 crabpots.",1,0,0,"0",10,"08"
"1715",2802,44815,2014-08-07,7781,22,"Photo-id (Pop Mon/Syn)","Photo-id (Pop Mon/Syn)","11:02","11:14",27.14372,-82.47237,"0","F193","SG1: F193 milling. SG2: two animals sharking off shallows, then we lost them. 2 boats, 0 lines, 2 crabpots.",2,0,2,"0",11,"08"
"1716",2803,44816,2014-08-07,7781,23,"Photo-id (Pop Mon/Syn)","Photo-id (Pop Mon/Syn)","13:34","14:11",27.30226,-82.56271,"L","FB87,F237,F110,SOLB,F248,C835,F167,F171,WENT,F239,C874,1674","SG1: F248 and C835. SG2: F171, F167, 1674, F237, F239, F110, SOLB, FB87, and more joined. SG1 was close to a larger group which became SG3 moving off at speed. L = rec boat following very closely, taking pictures. 15 boats, 1 line, 0 crabpots.",15,1,0,"1",13,"08"
"1717",2804,44817,2014-08-07,7781,24,"Photo-id (Pop Mon/Syn)","Photo-id (Pop Mon/Syn)","14:28","14:30",27.32366,-82.55577,"0","1315","1 boat, 0 lines, 0 crabpots.",1,0,0,"0",14,"08"
"1718",2805,44818,2014-08-07,7781,25,"Photo-id (Pop Mon/Syn)","Photo-id (Pop Mon/Syn)","14:40","14:45",27.31783,-82.54737,"0","F262,F252,C935","2 boats, 0 lines, 2 crabpots.",2,0,2,"0",14,"08"
"1719",2806,44819,2014-08-07,7782,141,"Photo-id (Pop Mon/Syn)","Photo-id (Pop Mon/Syn)","8:40","9:05",27.35559,-82.55559,"0","FB87,F167,C874,1674","SG1: F167 prob feeding near shore. SG2: mom calf pair last seen heading towards new pass. SG3: FB87 and C874 travelling S. 1 boat (sailboat), 0 lines, 3 crabpots.",1,0,3,"1",8,"08"
"1720",2809,44822,2014-08-07,7782,144,"Photo-id (Pop Mon/Syn)","Photo-id (Pop Mon/Syn)","9:26","9:34",27.36932,-82.57306,"0","F237,SOLB,F239","1 boat, 0 lines, 0 crabpots.",1,0,0,"0",9,"08"
"1721",2810,44823,2014-08-07,7782,145,"Photo-id (Pop Mon/Syn)","Photo-id (Pop Mon/Syn)","9:57","10:04",27.41036,-82.62859,"0","DAB1","Infrequent unpredictable surfacings. 1 boat, 0 lines, 0 crabpots.",1,0,0,"0",9,"08"
"1722",2812,44825,2014-08-07,7782,147,"Photo-id (Pop Mon/Syn)","Photo-id (Pop Mon/Syn)","10:26","10:41",27.43619,-82.6527,"0","B053,DABL,DAB2,B531","SG1: B053, B531, DABL. SG2: DAB2 alone. Seems that calf sized animal from SG1 split off and joined single calf sized animal from SG2. Difficult to photograph. 1 boat, 0 lines, 0 crabpots.",1,0,0,"0",10,"08"
"1723",2813,44826,2014-08-07,7782,148,"Photo-id (Pop Mon/Syn)","Photo-id (Pop Mon/Syn)","10:45","10:54",27.43984,-82.66425,"0","F266,HWK3","F264 prob feeding. F266 prob feeding? HWK3 slow travel to S. 1 boat, 1 line, 0 crabpots.",1,1,0,"0",10,"08"
"1724",2814,44827,2014-08-07,7782,149,"Photo-id (Pop Mon/Syn)","Photo-id (Pop Mon/Syn)","11:01","11:12",27.4524,-82.66194,"0","F188,F213,F282","No sign of F178. 1 boat, 0 lines, 0 crabpots.",1,0,0,"0",11,"08"
"1725",2815,44828,2014-08-07,7782,150,"Photo-id (Pop Mon/Syn)","Photo-id (Pop Mon/Syn)","11:17","11:22",27.44815,-82.67541,"0","F250","1 boat, 3 lines, 0 crabpots.",1,3,0,"0",11,"08"
"1726",2819,44832,2014-08-07,7782,154,"Photo-id (Pop Mon/Syn)","Photo-id (Pop Mon/Syn)","12:33","12:41",27.49559,-82.6526,"0","FB55,C555","1 boat, 0 lines, 0 crabpots.",1,0,0,"0",12,"08"
"1727",2820,44833,2014-08-07,7782,155,"Photo-id (Pop Mon/Syn)","Photo-id (Pop Mon/Syn)","12:58","13:06",27.48231,-82.67068,"0","","1 boat, 1 line, 0 crabpots.",1,1,0,"0",12,"08"
"1728",2821,44834,2014-08-07,7782,156,"Photo-id (Pop Mon/Syn)","Photo-id (Pop Mon/Syn)","13:08","13:14",27.48014,-82.67413,"0","F138,BOOT,F137,BOO3","4 boats, 0 lines, 0 crabpots.",4,0,0,"0",13,"08"
"1729",2822,44835,2014-08-07,7782,157,"Photo-id (Pop Mon/Syn)","Photo-id (Pop Mon/Syn)","13:18","13:28",27.47879,-82.69152,"0","F138,BOOT,F137,F282,BOO3","Sighting started with single animal headed into PSB, original animal lost. Thought we were pursuing first animal across main channel but was resight of previous animals, S#156. 2 boats (jetskis), 0 lines, 0 crabpots.",2,0,0,"1",13,"08"
"1730",2823,44836,2014-08-07,7782,158,"Photo-id (Pop Mon/Syn)","Photo-id (Pop Mon/Syn)","13:36","13:48",27.47954,-82.69621,"0","BOOT,F178,F137,F213,BOO3","Other = kerplunking. 3 boats, 0 lines, 2 crabpots.",3,0,2,"0",13,"08"
"1731",2825,44838,2014-08-07,7782,160,"Photo-id (Pop Mon/Syn)","Photo-id (Pop Mon/Syn)","14:32","14:40",27.5097,-82.68967,"0","F238","1 boat, 0 lines, 0 crabpots.",1,0,0,"0",14,"08"
"1732",2826,44839,2014-08-07,7782,161,"Photo-id (Pop Mon/Syn)","Photo-id (Pop Mon/Syn)","14:47","14:58",27.47879,-82.69639,"0","B053,DABL,F207,F241,F213,HWK3,DAB2,B531,2071","2 boats (1 jetski), 0 lines, 0 crabpots.",2,0,0,"1",14,"08"
"1733",2827,44840,2014-08-07,7783,61,"Photo-id (Pop Mon/Syn)","Photo-id (Pop Mon/Syn)","9:03","9:13",27.3317,-82.59737,"0","FB79,F175,1315,C798,F247","C798 catching pinfish. SG1: 1315, FB79, C798. SG2: F175 and F247. 1 boat (kayak), 1 line (from kayak), 0 crabpots.",1,1,0,"1",9,"08"
"1734",2829,44842,2014-08-07,7783,63,"Photo-id (Pop Mon/Syn)","Photo-id (Pop Mon/Syn)","9:44","9:52",27.41332,-82.66754,"0","FB27,F182,C834,F284","3 boats (2 paddleboards), 0 lines, 0 crabpots.",3,0,0,"1",9,"08"
"1735",2830,44843,2014-08-07,7783,64,"Photo-id (Pop Mon/Syn)","Photo-id (Pop Mon/Syn)","10:09","10:32",27.44658,-82.69381,"0","F114,F109,F232,1092","Repeated tailslaps! Leaps due to remora. SG1: F232 heading in leaping, tailslap. SG2: F109, 1092, F114. 6 boats, 9 lines, 0 crabpots.",6,9,0,"0",10,"08"
"1736",2831,44844,2014-08-07,7783,65,"Photo-id (Pop Mon/Syn)","Photo-id (Pop Mon/Syn)","10:34","10:54",27.46468,-82.70603,"0","SKIL,KOKO,SETE,TNBP,KRSN,SEE1,CL-5520,CL-5521,SCTL","1 boat, 0 lines, 0 crabpots.",1,0,0,"0",10,"08"
"1737",2835,44848,2014-08-07,7783,69,"Photo-id (Pop Mon/Syn)","Photo-id (Pop Mon/Syn)","13:45","14:01",27.53866,-82.7327,"L","PSDQ,M145,TSMV,HBMB,CWM3,F219,BASH,MAN1,NKSH,TRIM,ATMM,SGPP,CW32,TRM1,HBM4,2194,VCUM,PSC7,BNKP,1457,NKS1,CTS5","Many calves socializing, not with moms. 3 boats, 2 lines, 0 crabpots.",3,2,0,"0",13,"08"
"1738",2836,44849,2014-08-07,7783,70,"Photo-id (Pop Mon/Syn)","Photo-id (Pop Mon/Syn)","14:14","14:19",27.51549,-82.70885,"0","FB10,F228","Dolphin went under low bridge before photo obtained. 1 boats, 3 lines, 0 crabpots.",1,3,0,"0",14,"08"
"1739",2837,44850,2014-08-07,7783,71,"Photo-id (Pop Mon/Syn)","Photo-id (Pop Mon/Syn)","15:04","15:11",27.43986,-82.68058,"L","F123,F232,1231","TourSRQ boat harassing dolphins, manuvering erratically. 1231 and F232 socializing. 3 boats, 0 lines, 0 crabpots.",3,0,0,"1",15,"08"
"1740",2838,44874,2014-09-02,7787,41,"Photo-id (Pop Mon)","Photo-id (Pop Mon)","9:56","10:04",27.34031,-82.60408,"0","FB27,F284","F284 leaping repeatedly with remora on right side. 1 boat, 0 lines, 0 crabpots. Associated organisms: remora.",1,0,0,"0",9,"09"
"1741",2839,44875,2014-09-02,7787,42,"Photo-id (Pop Mon)","Photo-id (Pop Mon)","10:11","10:15",27.34653,-82.61066,"0","F182","0 boats, 1 line, 2 crabpots.",0,1,2,"0",10,"09"
"1742",2841,44877,2014-09-02,7787,44,"Photo-id (Pop Mon)","Photo-id (Pop Mon)","11:04","11:15",27.46764,-82.70229,"0","F207,F241,2071,PYGP","1 boat, 0 lines, 0 crabpots.",1,0,0,"0",11,"09"
"1743",2845,44881,2014-09-02,7787,48,"Photo-id (Pop Mon)","Opportunistic","13:23","13:37",27.52869,-82.60672,"0","F151,TDTC,F217,C911,1511","2 boats, 2 lines, 1 crabpot.",2,2,1,"0",13,"09"
"1744",2846,44882,2014-09-02,7787,49,"Photo-id (Pop Mon)","Photo-id (Pop Mon)","13:52","13:57",27.50483,-82.58292,"0","C991,C912","1 boat, 0 lines, 0 crabpots.",1,0,0,"0",13,"09"
"1745",2848,44884,2014-09-02,7787,51,"Photo-id (Pop Mon)","Photo-id (Pop Mon)","14:43","14:58",27.54021,-82.7375,"L","PSDQ,TSMV,HBMB,CWM3,F219,F176,HMLT,JGLD,CW32,HBM4,HML2,2194,PSC7,JGL2,CTS5","SG1: 7-10 animals including 3-4 very small calves (poss yoys). SG2: 3 animals, calves unknown. Poss SG3 of two animals, unsure if joined SG1. 4 boats, 0 lines, 0 crabpots.",4,0,0,"0",14,"09"
"1746",2851,44887,2014-09-02,7787,54,"Photo-id (Pop Mon)","Photo-id (Pop Mon)","15:34","15:40",27.46889,-82.69266,"0","DABL,DAB2","Fresh wound on leading edge of DAB2's dorsal fin. Animals actively avoiding our vessel. 1 boat, 0 lines, 0 crabpots.",1,0,0,"0",15,"09"
"1747",2853,44889,2014-09-02,7787,56,"Photo-id (Pop Mon)","Photo-id (Pop Mon)","15:50","16:01",27.45237,-82.68176,"0","F272,F278","3 boats, 0 lines, 1 crabpot.",3,0,1,"0",15,"09"
"1748",2855,44891,2014-09-02,7787,58,"Photo-id (Pop Mon)","Photo-id (Pop Mon)","16:34","16:41",27.43037,-82.66856,"0","FB20,F258","FB20 and F258 travelling N in ICW. Only observed twice before two large cabin cruisers headed S passed by. Lost animals while bow riding but relocated. 2 boats, 0 lines, 0 crabpots.",2,0,0,"1",16,"09"
"1749",2857,44855,2014-09-03,7788,41,"Photo-id (Pop Mon)","Photo-id (Pop Mon)","9:31","9:43",27.36861,-82.56447,"0","DAB1","1 boat, 0 lines, 0 crabpots.",1,0,0,"0",9,"09"
"1750",2858,44856,2014-09-03,7788,42,"Photo-id (Pop Mon)","Photo-id (Pop Mon)","9:51","10:02",27.38623,-82.5713,"0","F238,F234","1 boat, 3 lines, 0 crabpots.",1,3,0,"0",9,"09"
"1751",2861,44859,2014-09-03,7788,45,"Photo-id (Pop Mon)","Photo-id (Pop Mon)","11:20","11:29",27.44986,-82.67582,"0","F178,F188","Sharking. 0 boats, 0 lines, 1 crabpot.",0,0,1,"0",11,"09"
"1752",2865,44863,2014-09-03,7788,49,"Photo-id (Pop Mon)","Photo-id (Pop Mon)","13:41","13:44",27.48063,-82.69424,"0","F188,F282","1 boat, 0 lines, 0 crabpots.",1,0,0,"0",13,"09"
"1753",2866,44864,2014-09-03,7788,50,"Photo-id (Pop Mon)","Photo-id (Pop Mon)","13:46","13:52",27.47983,-82.69154,"X","FB92,F128","Rec boat did slow follow (30 m away) then moved off. 1 boat, 0 lines, 0 crabpot.",1,0,0,"1",13,"09"
"1754",2868,44866,2014-09-03,7788,52,"Photo-id (Pop Mon)","Photo-id (Pop Mon)","14:40","14:46",27.52123,-82.69793,"0","F233","Fluke out diving. 1 boat, 0 lines, 0 crabpots.",1,0,0,"0",14,"09"
"1755",2869,44867,2014-09-03,7788,53,"Photo-id (Pop Mon)","Photo-id (Pop Mon)","14:48","14:54",27.51791,-82.69615,"0","F113,1135","1 boat, 0 lines, 0 crabpots.",1,0,0,"0",14,"09"
"1756",2870,44868,2014-09-03,7788,54,"Photo-id (Pop Mon)","Photo-id (Pop Mon)","14:57","15:15",27.51869,-82.69614,"0","F141,F133,F241,F245,1415","F141 with very young calf, 1415. F245 with fresh wound, likely shark bite. 2 boats, 1 line, 0 crabpots.",2,1,0,"0",14,"09"
"1757",2872,44870,2014-09-03,7788,56,"Photo-id (Pop Mon)","Photo-id (Pop Mon)","15:45","16:06",27.47679,-82.69478,"L,P","F155,F173,F207,1316,1556,2071","1556 milling around a crabpot. Rec boat doing slow follow, taking photos. 1316 rapidly travelling N. 4 boats, 0 lines, 2 crabpots.",4,0,2,"1",15,"09"
"1758",2874,44872,2014-09-03,7788,58,"Photo-id (Pop Mon)","Photo-id (Pop Mon)","16:27","16:37",27.44751,-82.68678,"0","F123,F209,1231,2091","1231 is fluke out diving and rooting around in the bottom. 2091 was briefly riding Bob's stern wake. 2 boats (1 boat, 1 kayak), 0 lines, 0 crabpots.",2,0,0,"1",16,"09"
"1759",2875,44873,2014-09-03,7788,59,"Photo-id (Pop Mon)","Photo-id (Pop Mon)","16:46","16:49",27.43526,-82.67403,"0","F109,1092","1 boat (jetski), 0 lines, 0 crabpots.",1,0,0,"1",16,"09"
"1760",2877,44895,2014-09-05,7790,22,"Photo-id (Pop Mon)","Photo-id (Pop Mon)","10:33","10:39",27.44102,-82.69132,"0","F246,F207,2071","TourSRQ boat in area but did not approach us or dolphins. 1 boat, 0 lines, 0 crabpots.",1,0,0,"1",10,"09"
"1761",2878,44896,2014-09-05,7790,23,"Photo-id (Pop Mon)","Photo-id (Pop Mon)","11:17","11:28",27.55494,-82.73232,"0","PSC3,HMLT,BASH,ALH3,ATMM,HML2,CL-5530","SG1: ALH3, clean, DUpossP2C2. SG2: ATMM, BASH, HMLT, HML2, PSC2. 1 boat, 0 lines, 0 crabpots.",1,0,0,"0",11,"09"
"1762",2882,44900,2014-09-05,7790,27,"Photo-id (Pop Mon)","Photo-id (Pop Mon)","14:29","14:46",27.49712,-82.69418,"0","F159,F197,F243,1593","Initially three dolphins together, then split three different directions. F243 frequently 100 y+ away from F197. Associated organisms: frigatebird. 1 boat, 0 lines, 0 crabpots.",1,0,0,"0",14,"09"
"1763",2883,44901,2014-09-05,7790,28,"Photo-id (Pop Mon)","Photo-id (Pop Mon)","14:53","15:05",27.48645,-82.69795,"0","F237,F246,F207,HWK3,F272,F278,F239,2071","F239 social with 2071. 3 boats, 0 lines, 0 crabpots.",3,0,0,"0",14,"09"
"1764",2885,44903,2014-09-05,7791,41,"Photo-id (Pop Mon)","Photo-id (Pop Mon)","9:33","10:25",27.3123,-82.58321,"0","FB27,FB44,FB87,F182,C834,F254,GUPN,F252,C874,F284,NYDT,RPIA,GUP2,JAMM","Widely scattered group. Associated organsisms: royal terns. 1 boat, 0 lines, 2 crabpots.",1,0,2,"0",9,"09"
"1765",2887,44905,2014-09-05,7791,43,"Photo-id (Pop Mon)","Photo-id (Pop Mon)","11:54","12:07",27.10915,-82.46599,"X","BABN,SCS1,WLET,F221,ARYA,ARY1,CRWB,CL-5519","2 boats (jetskis within 10 m but left when we approached), 0 lines, 0 crabpots.",2,0,0,"1",11,"09"
"1766",2888,44906,2014-09-05,7791,44,"Photo-id (Pop Mon)","Photo-id (Pop Mon)","12:53","12:59",27.17262,-82.4901,"0","F153,FB15","Sharking. 1 boat, 0 lines, 0 crabpots.",1,0,0,"0",12,"09"
"1767",2890,44908,2014-09-05,7791,46,"Photo-id (Pop Mon)","Photo-id (Pop Mon)","14:21","14:26",27.28214,-82.54759,"0","F211","0 boats, 0 lines, 3 crabpots.",0,0,3,"0",14,"09"
"1768",2895,44913,2014-09-08,7792,21,"Photo-id (Pop Mon)","Photo-id (Pop Mon)","9:56","10:07",27.4199,-82.63248,"0","FB90,F133,F227,F266,F270,F245,2271","F245 has healing wounds on body and dorsal fin, prob shark. 2271 surfaced next to FB90 a few times. Dolphins spread out at beginning of sighting, may have missed some. 1 boat, 1 line, 0 crabpots.",1,1,0,"0",9,"09"
"1769",2899,44917,2014-09-08,7792,25,"Photo-id (Pop Mon)","Photo-id (Pop Mon)","11:48","11:59",27.47386,-82.64735,"0","F215,2151,C555,2152","SG1: 2151 socializing with 2152 and C555. SG2: F215. 2152 rejoined with mom. 0 boats, 0 lines, 1 crabpot.",0,0,1,"0",11,"09"
"1770",2900,44918,2014-09-08,7792,26,"Photo-id (Pop Mon)","Photo-id (Pop Mon)","12:22","12:25",27.47805,-82.66097,"0","","1 boat, 0 lines, 0 crabpots. F233?",1,0,0,"0",12,"09"
"1771",2903,44921,2014-09-08,7792,29,"Photo-id (Pop Mon)","Photo-id (Pop Mon)","13:18","13:24",27.48623,-82.6968,"0","F207,F278,2071","0 boats, 0 lines, 2 crabpots.",0,0,2,"0",13,"09"
"1772",2904,44922,2014-09-08,7792,30,"Photo-id (Pop Mon)","Photo-id (Pop Mon)","14:11","14:13",27.46517,-82.69138,"0","F213","0 boats, 0 lines, 1 crabpot.",0,0,1,"0",14,"09"
"1773",2906,44924,2014-09-08,7792,32,"Photo-id (Pop Mon)","Photo-id (Pop Mon)","14:22","14:26",27.46131,-82.68832,"0","F138,F137,F207,2071","SG1: F207, 2071. SG2: F137, F138. 0 boats, 0 lines, 1 crabpot.",0,0,1,"0",14,"09"
"1774",2907,44925,2014-09-08,7792,33,"Photo-id (Pop Mon)","Photo-id (Pop Mon)","14:48","14:53",27.4395,-82.67936,"0","FB92,F128,F109,1092","1 boat, 0 lines, 0 crabpot.",1,0,0,"0",14,"09"
"1775",2913,44931,2014-09-09,7793,24,"Photo-id (Pop Mon)","Photo-id (Pop Mon)","11:49","11:55",27.13074,-82.47002,"0","F221","Initially dolphin was over shallow shoal on west side of ICW. Travelled to north. Sharked into shallows, prob feed. 1 boat, 0 lines, 0 crabpots.",1,0,0,"0",11,"09"
"1776",2914,44932,2014-09-09,7793,25,"Photo-id (Pop Mon)","Photo-id (Pop Mon)","12:12","12:25",27.17448,-82.49158,"0","PNTB,VCRO,GPHK,NANA","Dolphins are prob feeding off of ICW marker pilings, surfacing very closely, about 1 ft. At 12:16 joined together as a group. Manatee just outside of channel marker 29a, 30 m from dolphins. Associated organism: manatee. 1 boat, 0 lines, 0 crabpots.",1,0,0,"0",12,"09"
"1777",2915,44933,2014-09-09,7793,26,"Photo-id (Pop Mon)","Photo-id (Pop Mon)","13:37","13:39",27.27854,-82.54473,"0","F264","Dolphin sharking on shallows. A large gar (prob feed) being chased by dolphin. Gar swam over to boat and off stern (see video). Dolphins travelled S in ICW. Associated organism: gar. 1 boat, 0 lines, 0 crabpots.",1,0,0,"0",13,"09"
"1778",2917,44935,2014-09-10,7794,21,"Photo-id (Pop Mon)","Photo-id (Pop Mon)","9:08","9:18",27.33148,-82.57218,"0","F125,1253","1 boat, 2 lines, 0 crabpots.",1,2,0,"0",9,"09"
"1779",2918,44936,2014-09-10,7794,22,"Photo-id (Pop Mon)","Photo-id (Pop Mon)","9:39","9:55",27.32278,-82.59423,"0","F167,1674","Associated organisms: royal terns. 2 boats (1 rec boat, 1 Mote Tremblay), 0 lines, 0 crabpots.",2,0,0,"1",9,"09"
"1780",2920,44938,2014-09-10,7794,24,"Photo-id (Pop Mon)","Photo-id (Pop Mon)","10:27","10:33",27.37584,-82.63623,"0","1673","0 boats, 0 lines, 1 crabpot.",0,0,1,"0",10,"09"
"1781",2922,44940,2014-09-10,7794,26,"Photo-id (Pop Mon)","Photo-id (Pop Mon)","11:22","11:27",27.45377,-82.69695,"L","FB27,F241,F284","Paddleboard approached F241. 1 boat (paddleboard), 0 lines, 0 crabpots.",1,0,0,"1",11,"09"
"1782",2927,44945,2014-09-10,7794,31,"Photo-id (Pop Mon)","Photo-id (Pop Mon)","14:09","14:16",27.47982,-82.67564,"0","F113,1135","1 boat, 0 lines, 0 crabpots.",1,0,0,"0",14,"09"
"1783",2928,44946,2014-09-10,7794,32,"Photo-id (Pop Mon)","Photo-id (Pop Mon)","15:07","15:15",27.42485,-82.66306,"L","FB90,FB92,F128,F213,F270,F272","Small rec boat approached dolphins and followed for entire sighting; continued after we left. 3 boats, 0 lines, 0 crabpots.",3,0,0,"1",15,"09"
"1784",2929,44947,2014-09-10,7794,33,"Photo-id (Pop Mon)","Photo-id (Pop Mon)","15:57","16:07",27.3302,-82.57779,"0","F238,F173","Fishwhacking mullet. 0 boats, 0 lines, 2 crabpots.",0,0,2,"0",15,"09"
"1785",2930,44948,2014-09-12,7795,21,"Photo-id (Pop Mon)","Photo-id (Pop Mon)","9:25","9:38",27.30996,-82.58022,"0","FB79,F125,F262,F256,1753,1253,C798","SG1: F125, 1253. SG2: 1753. SG3: FB79 and C798. 0 boats, 0 lines, 1 crabpot.",0,0,1,"0",9,"09"
"1786",2931,44949,2014-09-12,7795,22,"Photo-id (Pop Mon)","Photo-id (Pop Mon)","10:31","10:53",27.11174,-82.47046,"0","JETY,MLVN","Dolphins milling at mouth of the pass. High boat traffic making it difficult to approach them. Probably just two dolphins. MLVN has low lead that makes it look like LNLD. 9 boats, 0 lines, 0 crabpots.",9,0,0,"0",10,"09"
"1787",2932,44950,2014-09-12,7795,23,"Photo-id (Pop Mon)","Photo-id (Pop Mon)","11:17","11:19",27.11329,-82.46134,"0","WLET","3 boats, 0 lines, 0 crabpots.",3,0,0,"0",11,"09"
"1788",2933,44951,2014-09-15,7796,21,"Photo-id (Pop Mon)","Photo-id (Pop Mon)","10:18","10:44",27.45709,-82.68564,"L","F175,F197,F243,F247","TourSRQ boat rapidly approached dolphins within 10 m, pursued across channel and remained on top of animals for several minutes. F243's FB clearly seen. Third dolphin socializing with F243 briefly, left sighting and did not relocated third dolphin. 3 boat",3,0,2,"1",10,"09"
"1789",2934,44952,2014-09-15,7796,22,"Photo-id (Pop Mon)","Photo-id (Pop Mon)","10:52","11:08",27.47356,-82.6936,"L,I","F164,FB20,F258,F137,F242,WENT,VLKA,1373","Split into sgs. SG1: F137, 1373, F164, F242, WENT. SG2: FB20, F258, VLKA. One jetski rapidly approached dolphins within 1 m, woman banging on back of jetski to attract dolphins, repeatedly changed direction to follow. 6 boats (3 jetskis), 0 lines, 0 crabp",6,0,0,"1",10,"09"
"1790",2935,44953,2014-09-15,7796,23,"Photo-id (Pop Mon)","Photo-id (Pop Mon)","11:19","11:36",27.50413,-82.69109,"L","FB65,FB11,F138,C655,C114,C656","SG1: FB65, C656, C655; C655 seperated. SG2: FB11, C114, F138. Two jetskis approached animals and pursued. 3 boats (2 jetskis), 1 line, 0 crabpots.",3,1,0,"1",11,"09"
"1791",2936,44954,2014-09-15,7796,24,"Photo-id (Pop Mon)","Photo-id (Pop Mon)","11:39","11:48",27.51768,-82.69505,"0","F138,F135","F135 and other dolphin travelling N in ICW. F135 headed E over bulkhead, F138 from previous sighting traveled through. Second animal initially travelling with F135 was lost. 1 boat, 0 lines, 0 crabpots.",1,0,0,"0",11,"09"
"1792",2937,44955,2014-09-15,7796,25,"Photo-id (Pop Mon)","Photo-id (Pop Mon)","11:56","12:17",27.53393,-82.6944,"0","FB10,F149,ULYS,R27L,HLPC,F224,1496,ULY4","2 boats, 0 lines, 0 crabpots.",2,0,0,"0",11,"09"
"1793",2938,44956,2014-09-15,7796,26,"Photo-id (Pop Mon)","Photo-id (Pop Mon)","12:39","13:00",27.52686,-82.63929,"0","HIQQ,F102,F237,1494,HWK3,RTM4,F239,DAB1,LNC2","3 boats, 0 lines, 0 crabpots.",3,0,0,"0",12,"09"
"1794",2942,44960,2014-09-15,7796,30,"Photo-id (Pop Mon)","Photo-id (Pop Mon)","14:51","15:06",27.49303,-82.69704,"0","F197,F243","0 boats, 0 lines, 1 crabpot.",0,0,1,"0",14,"09"
"1795",2943,44961,2014-09-15,7796,31,"Photo-id (Pop Mon)","Photo-id (Pop Mon)","15:31","15:39",27.42691,-82.66325,"0","FB90,FB92,F128,F270","2 boats, 0 lines, 0 crabpots.",2,0,0,"0",15,"09"
"1796",2944,44962,2014-09-15,7796,32,"Photo-id (Pop Mon)","Photo-id (Pop Mon)","15:48","16:03",27.41845,-82.64791,"0","FB07,FB20,F182,C834,F276,F142,F165,F258,VLKA,CLJP","Fishwhack. SG1: FB20, F258, VLKA, CLJP. SG2: F182, C834, FB07. SG3: F165, F276, F142. 0 boats, 0 lines, 2 crabpots.",0,0,2,"0",15,"09"
"1797",2953,44971,2014-09-16,7797,29,"Photo-id (Pop Mon)","Photo-id (Pop Mon)","14:20","14:23",27.46742,-82.69102,"0","F207,2071","3 boats, 0 lines, 0 crabpots.",3,0,0,"0",14,"09"
"1798",2954,44972,2014-09-16,7797,30,"Photo-id (Pop Mon)","Photo-id (Pop Mon)","14:29","14:35",27.45874,-82.68578,"0","F123,1231","2 boats, 0 lines, 0 crabpots.",2,0,0,"0",14,"09"
"1799",2955,44973,2014-09-16,7797,31,"Photo-id (Pop Mon)","Photo-id (Pop Mon)","14:42","14:47",27.43308,-82.67157,"0","F238,F173","1 boat, 0 lines, 0 crabpots.",1,0,0,"0",14,"09"
"1800",2957,44975,2014-10-01,7798,21,"Photo-id (Pop Mon)","Photo-id (Pop Mon)","10:23","10:35",27.44236,-82.66848,"0","F207,1092,2071","0 boats, 0 lines, 6 crabpots.",0,0,6,"0",10,"10"
"1801",2960,44978,2014-10-01,7798,24,"Photo-id (Pop Mon)","Photo-id (Pop Mon)","11:55","12:05",27.48768,-82.64703,"0","F137,1373","Kerplunking. 0 boats, 0 lines, 1 crabpot.",0,0,1,"0",11,"10"
"1802",2961,44979,2014-10-01,7798,25,"Photo-id (Pop Mon)","Photo-id (Pop Mon)","12:40","12:55",27.48148,-82.65635,"0","F131,F159,F137,1317,1593,1373","Kerplunking (F137). 1373 leaping and social with 1317. 1317 and 1373 riding Fregata's bow. 1 boat, 0 lines, 0 crabpots.",1,0,0,"0",12,"10"
"1803",2962,44980,2014-10-01,7798,26,"Photo-id (Pop Mon)","Photo-id (Pop Mon)","13:24","13:36",27.49281,-82.69611,"0","FB33,F155,F176,C330,1556","SG1: FB33, C330, F176 (pinwheeling). SG2: F155 and 1556. Boat is chumming. Dolphins are generally headed towards the boat (but did not stop to patrol or scavenge). 1 boat, 3 lines, 0 crabpots.",1,3,0,"1",13,"10"
"1804",2964,44982,2014-10-01,7798,28,"Photo-id (Pop Mon)","Photo-id (Pop Mon)","14:15","14:31",27.53095,-82.721,"0","F220,F232,1651","F232 and F220 flanking 1651. Some active socializing. 0 boats, 0 lines, 1 crabpot.",0,0,1,"0",14,"10"
"1805",2966,44984,2014-10-01,7798,30,"Photo-id (Pop Mon)","Photo-id (Pop Mon)","15:15","15:21",27.47412,-82.69444,"0","F131,F146,F228,1317","SG1: F146 and F228 travelling S. SG2: F131 and 1317 milling near marker; no photos. 1 boat. 0 lines, 0 crabpots.",1,0,0,"0",15,"10"
"1806",2967,44985,2014-10-01,7798,31,"Photo-id (Pop Mon)","Photo-id (Pop Mon)","15:25","15:31",27.46813,-82.69154,"0","FB10,F114,1316","Part of this group joined with part of previous sighting at end of sighting. 3 boats, 0 lines, 0 crabpots.",3,0,0,"0",15,"10"
"1807",2968,44986,2014-10-02,7799,21,"Photo-id (Pop Mon)","Photo-id (Pop Mon)","10:00","10:31",27.42363,-82.68008,"A,E","FB27,F182,C834,F276,F109,F142,1092,F284","SG1: F142 feeding, not associating with fishing boat 300 yds away to N. SG2: F109 and F276 patrolling recreational fishing boat with three lines from 10:00 to 10:10; then travelled S. SG3: C834;  when we headed back N past same fishing boat, C834 was patr",1,3,1,"1",10,"10"
"1808",2977,44995,2014-10-02,7799,30,"Photo-id (Pop Mon)","Photo-id (Pop Mon)","15:28","15:33",27.48312,-82.69732,"0","F197,F243","Maybe dolphin from previous sighting. 0 boats, 0 lines, 1 crabpot.",0,0,1,"0",15,"10"
"1809",2980,44998,2014-10-02,7799,33,"Photo-id (Pop Mon)","Photo-id (Pop Mon)","16:05","16:13",27.43799,-82.67536,"0","FB20,F138,F109,F258,F272","SG1: F272 and F138 socializing. SG2: F258, FB20, and F109; all animals together at beginning of sighting then spllit. 2 boats, 0 lines, 0 crabpots.",2,0,0,"0",16,"10"
"1810",2982,45000,2014-10-02,7799,35,"Photo-id (Pop Mon)","Photo-id (Pop Mon)","16:27","16:34",27.42163,-82.65685,"0","F276,F142","Cabin cruiser following dolphins from good distance; no negative interactions. 1 boat, 0 lines, 1 crabpot.",1,0,1,"1",16,"10"
"1811",2983,45001,2014-10-02,7800,41,"Photo-id (Pop Mon)","Photo-id (Pop Mon)","9:30","9:57",27.31214,-82.58303,"0","FB25,FB79,F175,LIZD,MFLC,F125,BNDS,F262,F252,PMTI,J001,F266,1753,F264,F221,C935,C258,1253,C798,F247,AMTS","Fish tossing. Socializing. Chuff. Juvenilles and calves socializing. MFLC is male (frame 065ab). 1 boat, 0 lines, 1 crabpot.",1,0,1,"0",9,"10"
"1812",2984,45002,2014-10-02,7800,42,"Photo-id (Pop Mon)","Photo-id (Pop Mon)","10:16","10:49",27.26675,-82.57195,"0","FB44,F254,AMVM,FZJ1,TNMY,AMV1,LNL1,HVT1,CL-4942,TOTL,CL-5481","SG1: TNMYand CL-5481; pinwheeling at surface and catching fish. SG2: FZJ1, HVT1, LNL1, and TOTL; joined with SG1; appears to be juvenilles; also feeding and socializing; left SG1. SG3: FB44, AMVM, F254; possible AMV1 is with socialzing juvenilles but hard",1,0,1,"0",10,"10"
"1813",2987,45005,2014-10-02,7800,45,"Photo-id (Pop Mon)","Photo-id (Pop Mon)","11:31","11:40",27.17715,-82.4996,"0","NYDT","0 boats, 0 lines, 6 crabpots.",0,0,6,"0",11,"10"
"1814",2993,45011,2014-10-02,7800,51,"Photo-id (Pop Mon)","Photo-id (Pop Mon)","15:04","15:06",27.26784,-82.5409,"0","FB78","1 boat, 0 lines, 0 crabpots.",1,0,0,"0",15,"10"
"1815",2994,45012,2014-10-02,7800,52,"Photo-id (Pop Mon)","Photo-id (Pop Mon)","15:56","16:05",27.30165,-82.56266,"0","F252","Fast travel, repeated leaps. 0 bots, 0 lines, 3 crabpots.",0,0,3,"0",15,"10"
"1816",2995,45013,2014-10-02,7800,53,"Photo-id (Pop Mon)","Photo-id (Pop Mon)","16:06","16:13",27.30346,-82.56311,"0","FB25,1753,F264,F221,C258","1 boat, 0 lines, 0 crabpots.",1,0,0,"0",16,"10"
"1817",2996,45014,2014-10-03,7801,21,"Photo-id (Pop Mon)","Photo-id (Pop Mon)","10:05","10:17",27.44343,-82.66975,"0","F246","1 boat, 1 line, 1 crabpot.",1,1,1,"0",10,"10"
"1818",2999,45017,2014-10-03,7801,24,"Photo-id (Pop Mon)","Photo-id (Pop Mon)","10:56","11:04",27.44955,-82.68044,"0","F238,F173,F250,F266,F256,F278","Dolphins left sighting riding stern wake of cabin cruiser. 3 boats, 0 lines, 2 crabpots.",3,0,2,"1",10,"10"
"1819",3000,45018,2014-10-03,7801,25,"Photo-id (Pop Mon)","Photo-id (Pop Mon)","11:11","11:17",27.45248,-82.68162,"0","FB90,F270,F272","4 boats (2 jetskis), 0 lines, 16 crabpots.",4,0,16,"1",11,"10"
"1820",3002,45020,2014-10-03,7801,27,"Photo-id (Pop Mon)","Photo-id (Pop Mon)","11:47","12:03",27.47902,-82.67848,"0","FB33,FB07,F282,F280,C330","SG1: F280 and F282; dolphins are porpoising. SG2: FB33, C330, FB07. 2 boats, 0 lines, 0 crabpots.",2,0,0,"0",11,"10"
"1821",3008,45026,2014-10-03,7801,33,"Photo-id (Pop Mon)","Photo-id (Pop Mon)","13:45","13:46",27.47943,-82.67601,"0","FB07,FB92,F128,F179","2 boats, 0 lines, 0 crabpots.",2,0,0,"0",13,"10"
"1822",3011,45029,2014-10-03,7802,41,"Photo-id (Pop Mon)","Photo-id (Pop Mon)","9:34","9:52",27.33294,-82.58305,"0","FB25,FB79,F175,F125,C258,1253,C798,F247","Animal doing chin slaps and side breaches.Calves are socializing and leaping. Mom is slowly travelling. All the animals breifly prob feed. Chased fish near the bridge. Resps taken for FB25 and F175. 1 boat, 1 line, 0 crabpots.",1,1,0,"0",9,"10"
"1823",3014,45032,2014-10-03,7802,44,"Photo-id (Pop Mon)","Photo-id (Pop Mon)","10:39","10:49",27.36442,-82.62704,"0","FB44,F254,AMVM","0 boats, 0 lines, 1 crabpot.",0,0,1,"0",10,"10"
"1824",3015,45033,2014-10-03,7802,45,"Photo-id (Pop Mon)","Photo-id (Pop Mon)","11:11","11:22",27.44078,-82.69297,"X","FB20,F196,F258,F268,F227,F213,2271","Initially sighted very close to rec boat. A person was hanging over the side but could not tell what he was doing. FB20 was doing repeated peduncle out dive. One animal was shuffing as they left the boat. 2 boats, 1 line, 0 crabpots.",2,1,0,"1",11,"10"
"1825",3016,45034,2014-10-03,7802,46,"Photo-id (Pop Mon)","Photo-id (Pop Mon)","11:32","11:39",27.45089,-82.69767,"X","F276,F142","F276 milling near rec boat on approach but then left and joined F142. 1 boat, 1 lines, 0 crabpots.",1,1,0,"1",11,"10"
"1826",3018,45036,2014-10-03,7802,48,"Photo-id (Pop Mon)","Photo-id (Pop Mon)","11:59","12:05",27.45625,-82.69931,"0","BIK2,CL-5537","Fluke out diving, pinwheeling. Two small, clean animals. 1 boat, 0 lines, 0 crabpots.",1,0,0,"0",11,"10"
"1827",3019,45037,2014-10-03,7802,49,"Photo-id (Pop Mon)","Photo-id (Pop Mon)","13:20","13:47",27.54045,-82.5915,"0","F126,CMRS,F162,HITS,TDTL,LNPC,ORNG","4 boats (1 FWC fisheries Research), 0 lines (FWC boat was hauling in net), 1 crabpot.",4,1,1,"1",13,"10"
"1828",3022,45040,2014-10-03,7802,52,"Photo-id (Pop Mon)","Photo-id (Pop Mon)","15:17","15:30",27.53105,-82.65581,"0","F149,ULYS,1494,TDTC,C911,RTM4,1496,ULY4","ULY4, RTM4, and C911 social. 2 boats, 0 lines, 0 crabpots.",2,0,0,"0",15,"10"
"1829",3023,45041,2014-10-03,7802,53,"Photo-id (Pop Mon)","Photo-id (Pop Mon)","15:45","15:52",27.53102,-82.70226,"0","F148,F222","1 boat, 0 lines, 1 crabpot.",1,0,1,"0",15,"10"
"1830",3024,45042,2014-10-03,7802,54,"Photo-id (Pop Mon)","Photo-id (Pop Mon)","16:00","16:08",27.504,-82.69097,"0","FB11,F113,F133,F245,C114,1135","1 boat, 0 lines, 0 crabpots.",1,0,0,"0",16,"10"
"1831",3028,45046,2014-10-07,7803,22,"Photo-id (Pop Mon)","Photo-id (Pop Mon)","9:49","10:05",27.4017,-82.57753,"0","FB44,FB87,SOLB,C874","Lost fourth dolphin, prob F110. 1 boat, 0 lines, 0 crabpots.",1,0,0,"0",9,"10"
"1832",3029,45047,2014-10-07,7803,23,"Photo-id (Pop Mon)","Photo-id (Pop Mon)","11:28","11:41",27.49741,-82.69617,"0","F179","3 boats, 0 lines, 4 crabpots.",3,0,4,"0",11,"10"
"1833",3031,45049,2014-10-07,7803,25,"Photo-id (Pop Mon)","Photo-id (Pop Mon)","12:27","12:33",27.52685,-82.71522,"0","F133,F135,F245","1 boat, 0 lines, 0 crab pots.",1,0,0,"0",12,"10"
"1834",3032,45050,2014-10-07,7803,26,"Photo-id (Pop Mon)","Photo-id (Pop Mon)","13:00","13:04",27.49272,-82.69807,"0","","1 boat, 0 lines, 1 crab pot.",1,0,1,"0",13,"10"
"1835",3037,45055,2014-10-07,7803,31,"Photo-id (Pop Mon)","Photo-id (Pop Mon)","15:30","15:37",27.46363,-82.68971,"0","F207,F213,2071","4 boats (3 boats, 1 jetski), 0 lines, 4 crab pots.",4,0,4,"1",15,"10"
"1836",3039,45057,2014-10-07,7803,33,"Photo-id (Pop Mon)","Photo-id (Pop Mon)","16:27","16:33",27.42617,-82.66204,"0","F196,F268","1 anchored rec boat with two lines. 3 boats, 2 lines, 22 crab pots.",3,2,22,"1",16,"10"
"1837",3040,45058,2014-10-08,7804,21,"Photo-id (Pop Mon)","Photo-id (Pop Mon)","10:34","10:45",27.11856,-82.47229,"0","ENM2,GRGO,RPIA,JAMM","0 boats, 0 lines, 3 crab pots.",0,0,3,"0",10,"10"
"1838",3042,45060,2014-10-08,7804,23,"Photo-id (Pop Mon)","Photo-id (Pop Mon)","11:11","11:14",27.08012,-82.45557,"0","SCS1","Fluke out diving. 0 boats, 0 lines, 1 crab pot.",0,0,1,"0",11,"10"
"1839",3043,45061,2014-10-08,7804,24,"Photo-id (Pop Mon)","Photo-id (Pop Mon)","11:44","12:00",27.12151,-82.46835,"0","F108","Trying to ride bow/stern wake at idle speed. 0 boats, 0 lines, 4 crab pots.",0,0,4,"0",11,"10"
"1840",3044,45062,2014-10-08,7804,25,"Photo-id (Pop Mon)","Photo-id (Pop Mon)","12:49","12:55",27.18038,-82.49431,"0","FB25,C258","Swirling right next to a marker. 1 boat, 0 lines, 0 crab pots.",1,0,0,"0",12,"10"
"1841",3045,45063,2014-10-08,7804,26,"Photo-id (Pop Mon)","Photo-id (Pop Mon)","13:02","13:13",27.20198,-82.50108,"0","F262,PNTB,F221,NANA","F262 and F221 socializing with NANA. No obvious mom in sight. PNTB arrived at 13:12 to join group. 3 boats, 0 lines, 0 crab pots.",3,0,0,"0",13,"10"
"1842",3046,45064,2014-10-08,7804,27,"Photo-id (Pop Mon)","Photo-id (Pop Mon)","13:31","13:40",27.23845,-82.51723,"0","F211,F264","1 boat, 0 lines, 0 crab pots.",1,0,0,"0",13,"10"
"1843",3047,45065,2014-10-08,7804,28,"Photo-id (Pop Mon)","Photo-id (Pop Mon)","14:19","14:21",27.28979,-82.54828,"0","FB78","1 boat, 0 lines, 0 crab pots.",1,0,0,"0",14,"10"
"1844",3048,45066,2014-10-08,7804,29,"Photo-id (Pop Mon)","Photo-id (Pop Mon)","14:53","15:06",27.30807,-82.55945,"0","F252,C935","Fluke out diving. 3 boats (1 commerical crab boat), 0 lines, 9 crabpots.",3,0,9,"1",14,"10"
"1845",3049,45068,2014-10-08,7805,41,"Photo-id (Pop Mon)","Photo-id (Pop Mon)","9:45","9:55",27.31337,-82.58923,"0","FZJ1,HVT1","0 boats, 0 lines, 4 crab pots. Associated organisms: royal terns",0,0,4,"0",9,"10"
"1846",3050,45069,2014-10-08,7805,42,"Photo-id (Pop Mon)","Photo-id (Pop Mon)","10:07","10:10",27.35542,-82.61935,"0","","0 boats, 0 lines, 12 crab pots.",0,0,12,"0",10,"10"
"1847",3051,45070,2014-10-08,7805,43,"Photo-id (Pop Mon)","Photo-id (Pop Mon)","10:14","10:19",27.36253,-82.62581,"0","C874","0 boats, 0 lines, 13 crab pots.",0,0,13,"0",10,"10"
"1848",3052,45071,2014-10-08,7805,44,"Photo-id (Pop Mon)","Photo-id (Pop Mon)","10:36","10:38",27.42859,-82.6862,"0","FB10,F114,F109,1092","0 boats, 0 lines, 5 crab pots.",0,0,5,"0",10,"10"
"1849",3053,45072,2014-10-08,7805,45,"Photo-id (Pop Mon)","Photo-id (Pop Mon)","10:54","11:00",27.45784,-82.7034,"0","F236,NIP2,PRF2,PYGP","No sign of FB02. 0 boats, 0 lines, 3 crab pots. Associated organism: Royal Tern",0,0,3,"0",10,"10"
"1850",3054,45073,2014-10-08,7805,46,"Photo-id (Pop Mon)","Photo-id (Pop Mon)","11:14","11:49",27.51447,-82.7347,"0","MTWN,LONE,TAZD,KOKO,WINS,MTBG,FRWN,QATS,FCIA,GLMR,CL-5539,DOXY,CL-5548","Group was very spread out. 0 boats, 0 lines, 1 crab pot.",0,0,1,"0",11,"10"
"1851",3056,45075,2014-10-08,7805,48,"Photo-id (Pop Mon)","Photo-id (Pop Mon)","13:06","13:19",27.52122,-82.61269,"0","DABL,F223,DAB2","DAB2 is more closely associated with DABL. All dolphins sperated by at least 50 m most of the time. 2 boats, 0 lines, 0 crab pots.",2,0,0,"0",13,"10"
"1852",3057,45076,2014-10-08,7805,49,"Photo-id (Pop Mon)","Photo-id (Pop Mon)","13:49","13:58",27.52485,-82.63793,"L","CMRS,HITS","1 boat, 1 lines, 0 crab pots.",1,1,0,"0",13,"10"
"1853",3058,45077,2014-10-08,7805,50,"Photo-id (Pop Mon)","Photo-id (Pop Mon)","14:12","14:16",27.53322,-82.66833,"0","B053,B531","2 boats, 0 lines, 0 crab pots",2,0,0,"0",14,"10"
"1854",3059,45078,2014-10-08,7805,51,"Photo-id (Pop Mon)","Photo-id (Pop Mon)","14:33","14:39",27.50418,-82.69102,"0","F159,F146,1593","3 boats, 0 lines, 0 crab pots.",3,0,0,"0",14,"10"
"1855",3060,45079,2014-10-08,7805,52,"Photo-id (Pop Mon)","Photo-id (Pop Mon)","14:43","14:47",27.49435,-82.6964,"0","F241","0 boats, 0 lines, 4 crab pots.",0,0,4,"0",14,"10"
"1856",3061,45080,2014-10-08,7805,53,"Photo-id (Pop Mon)","Photo-id (Pop Mon)","14:51","14:58",27.48069,-82.69772,"0","F131,F148,F222,1317","Capt Kathie is following the group but staying over 50 yd away. SG1: F148, F222, 1317 are traveling and socializing. SG2: F131 traveling and prob feeding. 1 boat, 0 lines, 1 crab pot.",1,0,1,"1",14,"10"
"1857",3063,45082,2014-10-08,7805,55,"Photo-id (Pop Mon)","Photo-id (Pop Mon)","15:08","15:13",27.46769,-82.69261,"0","FB11,C114","1 boat, 0 lines, 6 crab pots.",1,0,6,"0",15,"10"
"1858",3064,45083,2014-10-09,7806,21,"Photo-id (Pop Mon)","Photo-id (Pop Mon)","9:32","9:41",27.33015,-82.58551,"A","FB79,1253,C798","FB79 and C798 milling near a fishing boat, patrolling. 1253 is seawall feeding. Other = patrolling. 2 boats, 2 lines, 0 crab pots.",2,2,0,"1",9,"10"
"1859",3065,45084,2014-10-09,7806,22,"Photo-id (Pop Mon)","Photo-id (Pop Mon)","10:03","10:08",27.26492,-82.55816,"0","JETY","0 boats, 0 lines, 3 crab pots.",0,0,3,"0",10,"10"
"1860",3066,45085,2014-10-09,7806,23,"Photo-id (Pop Mon)","Photo-id (Pop Mon)","10:46","10:48",27.12674,-82.47493,"0","SCSM","0 boats, 0 lines, 10 crab pots.",0,0,10,"0",10,"10"
"1861",3067,45086,2014-10-09,7806,24,"Photo-id (Pop Mon)","Photo-id (Pop Mon)","14:25","14:29",27.30628,-82.56278,"0","","3 boats, 6 lines, 0 crab pots.",3,6,0,"0",14,"10"
"1862",3068,45087,2014-10-09,7807,41,"Photo-id (Pop Mon)","Photo-id (Pop Mon)","9:35","9:42",27.27248,-82.57046,"0","FB87,C874","2 boats, 0 lines, 0 crab pots.",2,0,0,"0",9,"10"
"1863",3071,45090,2014-10-09,7807,44,"Photo-id (Pop Mon)","Photo-id (Pop Mon)","11:08","11:40",27.38765,-82.63529,"0","FB90,FB92,F128,F138,F270,F272,1316","3 animals joined previous sighting then split up. F272 seawall feeding. Other animals traveled down south branch of BWS. Kayak watching south dolphins but staying a good distance away. 1 boat, 0 lines, 0 crab pots.",1,0,0,"1",11,"10"
"1864",3072,45091,2014-10-09,7807,45,"Photo-id (Pop Mon)","Photo-id (Pop Mon)","12:51","13:19",27.48332,-82.69604,"0","FB33,FB07,F213,C330","Fishtoss and fishwhack SG1: F213. SG2: FB07, FB33, C330. Animals initially together then SG2 crossed ICW to the west, and traveled south along seagrass, fishwhacking and feeding. 3 boats, 0 lines, 0 crab pots. Associated organisms: Royal Tern",3,0,0,"0",12,"10"
"1865",3073,45092,2014-10-09,7807,46,"Photo-id (Pop Mon)","Photo-id (Pop Mon)","15:03","15:14",27.41977,-82.65324,"0","F227,F266,F282,2271","Rode bow of boat. Started with four dolphins, after boat passed through only three. 4 boats, 0 lines, 0 crab pots.",4,0,0,"0",15,"10"
"1866",3074,45094,2014-10-17,7810,21,"Photo-id","Photo-id","10:37","10:40",27.31457,-82.54739,"0","F110,SOLB","1 boat, 0 lines, 0 crab pots.",1,0,0,"0",10,"10"
"1867",3075,45095,2014-10-17,7810,22,"Photo-id","Photo-id","11:01","11:03",27.33665,-82.56819,"0","F125,F256,1253","F256 is socializing with 1253. 1 boat, 0 lines, 0 crab pots.",1,0,0,"0",11,"10"
"1868",3078,45098,2014-10-17,7810,25,"Photo-id","Photo-id","12:57","12:59",27.43146,-82.6705,"0","F272","1 boat, 0 lines, 0 crab pots.",1,0,0,"0",12,"10"
"1869",3079,45099,2014-10-17,7810,26,"Photo-id","Photo-id","13:03","13:04",27.43645,-82.676,"0","F272","1 boat, 0 lines, 3 crab pots.",1,0,3,"0",13,"10"
"1870",3081,45101,2014-10-17,7810,28,"Photo-id","Photo-id","13:26","13:27",27.46162,-82.69003,"0","F207,2071","5 boats, 0 lines, 4 crab pots.",5,0,4,"0",13,"10"
"1871",3082,45102,2014-10-17,7810,29,"Photo-id","Photo-id","13:31","13:33",27.46408,-82.69017,"L","FB11,F138,F213,C114","TourSRQ harassing dolphins until we approached then they left the area. 4 boats, 0 lines, 1 crab pot.",4,0,1,"1",13,"10"
"1872",3083,45103,2014-10-17,7810,30,"Photo-id","Photo-id","13:45","13:47",27.4767,-82.69669,"0","FB07,F188","No photos of F178. 5 boats, 0 lines, 1 crab pot.",5,0,1,"0",13,"10"
"1873",3084,45104,2014-10-17,7810,31,"Photo-id","Photo-id","13:53","14:02",27.4787,-82.68214,"0","FB33,FB65,FB55,C555,C655,C330,C656","SG1: FB55 and C555. SG2: C330 and FB33. SG3: FB65, C655, and C656. 1 boat, 0 lines, 0 crab pots.",1,0,0,"0",13,"10"
"1874",3087,45107,2014-10-17,7810,34,"Photo-id","Photo-id","14:50","14:53",27.49815,-82.65121,"0","C991,F215,C912,2152","1 boat, 0 lines, 0 crab pots.",1,0,0,"0",14,"10"
"1875",3091,45111,2014-10-17,7810,38,"Photo-id","Photo-id","15:31","15:36",27.47977,-82.6926,"L","FB33,FB65,FB07,FB11,F178,F188,F213,F272,F280,C655,C114,C330,C656","SG1: F178, F188, FB07, FB33, C330. SG2: FB65, C656, F213, F272, F280., C655, FB11, C114. C330 threw a seagrass leaf. All together at first, then split into subgroups. Cannons rental boat harassing dolphins as we left. 1 boat, 0 lines, 0 crab pots.",1,0,0,"1",15,"10"
"1876",3092,45112,2014-10-20,7811,21,"Photo-id","Photo-id","9:33","9:42",27.33037,-82.5699,"0","FB55,1316,C555","C555 goosed cormorant. 0 boats, 0 lines, 7 crab pots.",0,0,7,"0",9,"10"
"1877",3093,45113,2014-10-20,7811,22,"Photo-id","Photo-id","9:48","10:03",27.32914,-82.56747,"0","F175,F125,1753,1253,F247","Fluke out diving. 1 boat, 0 lines, 8 crab pots.",1,0,8,"0",9,"10"
"1878",3095,45115,2014-10-20,7811,24,"Photo-id","Photo-id","10:34","10:38",27.30436,-82.56359,"0","LNLD,LNL1","2 boats, 0 lines, 4 crab pots.",2,0,4,"0",10,"10"
"1879",3096,45116,2014-10-20,7811,25,"Photo-id","Photo-id","11:27","11:29",27.30745,-82.54508,"0","F110,SOLB","3 boats (2 paddleboards), 0 lines, 1 crab pot.",3,0,1,"1",11,"10"
"1880",3100,45120,2014-10-20,7811,29,"Photo-id","Photo-id","14:28","15:24",27.46885,-82.69112,"P","FB33,FB07,F123,F227,1231,C330,2271","SG1: F123 and 1231. SG2: FB07; never joined any of the other subgroups. SG3: FB33 and C330. SG4: F227 and 2271. 1231 prob feeding around crabpots. Pinwheeling. SG1 and SG3 joined at 15:07, SG4 joined SG's 1 and 3 at 15:10. 1231 does not appear to be entan",1,0,19,"0",14,"10"
"1881",3101,45121,2014-11-05,7812,21,"Photo-id (Pop Mon/Syn)","Photo-id (Pop Mon/Syn)","8:52","9:11",27.34089,-82.55476,"0","FB79,BKHO,F125,LIZ1,1316,1253,C798,SEE1,WRTH,BKH3","SG1: F125, 1253; no photos. SG2: 1316. SG3: BKHO and BKH3, FB79, C798, LIZ1, WRTH, SEE1. SGs all together and split in first minute of sighting, SG1 travelled south, SG2 headed towards shore and prob fed, SG3 travelled north. 2 boats, 0 lines, 18 crab pot",2,0,18,"0",8,"11"
"1882",3102,45122,2014-11-05,7812,22,"Photo-id (Pop Mon/Syn)","Photo-id (Pop Mon/Syn)","10:38","10:50",27.47705,-82.69366,"L","F227,F278,F280,2271","Captain Kathe saw us with dolphins from far away and came over and approached closer than 50 yards and even closer after we left. Associated organisms: gulls and royal tern. 5 boats, 0 lines, 2 crab pots.",5,0,2,"1",10,"11"
"1883",3106,45126,2014-11-05,7812,26,"Photo-id (Pop Mon/Syn)","Photo-id (Pop Mon/Syn)","12:47","13:03",27.47983,-82.68043,"0","F148,F123,F137,1231,1373","1231 slow fluke out dive two feet from boat, showing definitely no entanglement (see photos). F123 joined group at 12:58. Jet skis were led by tour company (see frame 261 and 263ah). 6 boats (4 jet skis), 1 line, 0 crab pots.",6,1,0,"1",12,"11"
"1884",3107,45127,2014-11-05,7812,27,"Photo-id (Pop Mon/Syn)","Photo-id (Pop Mon/Syn)","13:11","13:17",27.47977,-82.69743,"0","F131,1317","Associated organisms: royal terns. 3 boats, 0 lines, 0 crab pots.",3,0,1,"0",13,"11"
"1885",3108,45128,2014-11-05,7812,28,"Photo-id (Pop Mon/Syn)","Photo-id (Pop Mon/Syn)","13:21","13:24",27.48118,-82.69701,"L","F233,F280","Rental pontoon boat, full speed up to dolphins, then stopped within five meters. Left after two minutes. 1 boat, 0 lines, 0 crab pots.",1,0,0,"1",13,"11"
"1886",3109,45129,2014-11-05,7812,29,"Photo-id (Pop Mon/Syn)","Photo-id (Pop Mon/Syn)","13:27","13:35",27.48414,-82.69622,"0","F159,1593","1593 fish toss, 200 yards away from mom. 0 boats, 0 lines, 4 crab pots.",0,0,4,"0",13,"11"
"1887",3110,45130,2014-11-05,7812,30,"Photo-id (Pop Mon/Syn)","Photo-id (Pop Mon/Syn)","14:04","14:09",27.52413,-82.70847,"0","FB07,F196,1651","1651 split off at end of sighting. 0 boats, 2 lines, 0 crab pots.",0,2,0,"0",14,"11"
"1888",3111,45131,2014-11-05,7812,31,"Photo-id (Pop Mon/Syn)","Photo-id (Pop Mon/Syn)","14:57","15:20",27.47746,-82.69528,"L","FB27,FB33,FB65,FB11,F131,F276,F159,F142,F137,F173,F213,F233,F280,F284,C114,1317,1593,C330,C656,1373","Group spread out over large area. L = 4 boats and 1 jet ski approached within 5 meters. 7 boats (1 jet ski), 0 lines, 8 crab pots.",7,0,8,"1",14,"11"
"1889",3112,45132,2014-11-05,7812,32,"Photo-id (Pop Mon/Syn)","Photo-id (Pop Mon/Syn)","16:38","16:43",27.35304,-82.57314,"0","BKHO,LIZ1,WRTH,BKH3","0 boats, 0 lines, 3 crab pots.",0,0,3,"0",16,"11"
"1890",3113,45133,2014-11-05,7813,41,"Photo-id (Pop Mon/Syn)","Photo-id (Pop Mon/Syn)","9:20","9:38",27.26644,-82.57426,"0","","Fast unpredictable travel, probably chasing schools of fish. Associated organisms: frigatebird, gulls, terns. 1 boat, 0 lines, 12 crab pots.",1,0,12,"0",9,"11"
"1891",3114,45134,2014-11-05,7813,42,"Photo-id (Pop Mon/Syn)","Photo-id (Pop Mon/Syn)","10:23","10:34",27.12034,-82.47375,"0","FB87,C874","1 boats, 0 lines 30 crab pots.",1,0,30,"0",10,"11"
"1892",3115,45135,2014-11-05,7813,43,"Photo-id (Pop Mon/Syn)","Photo-id (Pop Mon/Syn)","10:57","11:25",27.1123,-82.47095,"0","FB44,FB87,F254,F167,F171,AMVM,LNLD,C874,AMV1,LNL1,1674","Fish whack, pinwheeling, feeding by LNLD. LNL1 not with mom, more close with AMVM and AMV1. 1674 has a remora. LNLD's calf joined at 11:24. L = red Sea-Doo boat driving erratically around dolphins. Resps for F167. Associated organism: laughing gull. 4 boa",4,0,138,"1",10,"11"
"1893",3116,45136,2014-11-05,7813,44,"Photo-id (Pop Mon/Syn)","Photo-id (Pop Mon/Syn)","12:48","12:52",27.18919,-82.49689,"0","FB25,C258","6 boats (5 kayaks, 1 rental boat), 4 lines, 0 crab pots.",6,4,0,"1",12,"11"
"1894",3117,45137,2014-11-05,7813,45,"Photo-id (Pop Mon/Syn)","Photo-id (Pop Mon/Syn)","14:00","14:03",27.27506,-82.54346,"0","F199,1992","1 boat, 0 lines, 1 crab pot.",1,0,1,"0",14,"11"
"1895",3118,45138,2014-11-05,7813,46,"Photo-id (Pop Mon/Syn)","Photo-id (Pop Mon/Syn)","14:44","14:48",27.32812,-82.55686,"0","F252","F252 carrying large fish, possibly a jack. 1 boat, 0 lines, 3 crab pots.",1,0,3,"0",14,"11"
"1896",3119,45139,2014-11-05,7814,61,"Photo-id (Pop Mon/Syn)","Photo-id (Pop Mon/Syn)","9:17","9:28",27.35573,-82.61951,"0","F128,F138,F109,1092","Socializing - F128 trying to copulate with F109 and F109 not receptive to it. F109 is tail slapping and leaping. F109 travelling and calmer with F138 but repeatedly tried to get away. 0 boats, 0 lines, 2 crab pots.",0,0,2,"0",9,"11"
"1897",3121,45141,2014-11-05,7814,63,"Photo-id (Pop Mon/Syn)","Photo-id (Pop Mon/Syn)","9:35","9:40",27.34921,-82.61676,"0","IKN2,F238","F238 FIM. Slowly heading offshore. 0 boats, 0 lines, 10 crab pots.",0,0,10,"0",9,"11"
"1898",3122,45142,2014-11-05,7814,64,"Photo-id (Pop Mon/Syn)","Photo-id (Pop Mon/Syn)","10:30","10:37",27.45689,-82.69924,"0","C655","Pinwheeling. Fresh rakes on dorsal fin. 0 boats, 0 lines, 20 crab pots.",0,0,20,"0",10,"11"
"1899",3123,45143,2014-11-05,7814,65,"Photo-id (Pop Mon/Syn)","Photo-id (Pop Mon/Syn)","11:02","11:13",27.54019,-82.74919,"0","F276,F142","4 boats, 8 lines (one boat has cast net, and 4 lines from the pier included in count), 7 crab pots.",4,8,7,"1",11,"11"
"1900",3124,45144,2014-11-05,7814,66,"Photo-id (Pop Mon/Syn)","Photo-id (Pop Mon/Syn)","11:36","11:55",27.5603,-82.72436,"0","PSDQ,M145,TSMV,HBMB,F219,HMLT,2193,HBM4,HML2,2194,PSC7,1457,CTS5","1456 may be in group. 0 boats, 0 lines, 3 crab pots.",0,0,3,"0",11,"11"
"1901",3125,45145,2014-11-05,7814,67,"Photo-id (Pop Mon/Syn)","Photo-id (Pop Mon/Syn)","12:30","12:37",27.54637,-82.61161,"0","LNPF,ULY2,RTM4","Lost LNPF and rest of the group pretty quickly, at least one mom and calf no photos. 1 boat (boat is also chumming), 2 lines, 0 crab pots.",1,2,0,"0",12,"11"
"1902",3126,45146,2014-11-05,7814,68,"Photo-id (Pop Mon/Syn)","Photo-id (Pop Mon/Syn)","14:42","14:58",27.4677,-82.69341,"0","F123,F215,F241,F213,1231,2152","With boat F123 and 1231. SG1: F215 and 2152. SG2: F241, F123, 1231. 7 boats (2 commercial fishing boats), 1 line, 14 crab pots.",7,1,14,"1",14,"11"
"1903",3127,45147,2014-11-05,7814,69,"Photo-id (Pop Mon/Syn)","Photo-id (Pop Mon/Syn)","15:23","15:43",27.42801,-82.66496,"0","FB20,FB02,F236,F258,F227,F250,F266,MAUD,2271","F250 and F266 are riding Nai'a's bow. 13 boats (2 jet skis), 0 lines, 15 crab pots.",13,0,15,"1",15,"11"
"1904",3128,45148,2014-11-05,7814,70,"Photo-id (Pop Mon/Syn)","Photo-id (Pop Mon/Syn)","15:53","16:04",27.41521,-82.65105,"0","F197,F243","1 boat, 0 lines, 6 crab pots.",1,0,6,"0",15,"11"
"1905",3129,45149,2014-11-06,7815,21,"Photo-id (Pop Mon/Syn)","Photo-id (Pop Mon/Syn)","9:13","9:20",27.35036,-82.61534,"0","FB92,F128,C655","FB92 and F128 travelling to the south trailing C655. 1 boat, 0 lines, 2 crab pots.",1,0,2,"0",9,"11"
"1906",3130,45150,2014-11-06,7815,22,"Photo-id (Pop Mon/Syn)","Photo-id (Pop Mon/Syn)","10:07","10:11",27.49211,-82.71275,"P","F284","Fish toss. Single dolphin initially seen, lots of splashing. Initially seen very close to crab trap pot floats. Possible encrusted low rototag. 0 boats, 0 lines, 7 crab pots.",0,0,7,"0",10,"11"
"1907",3131,45151,2014-11-06,7815,23,"Photo-id (Pop Mon/Syn)","Photo-id (Pop Mon/Syn)","10:16","10:32",27.49677,-82.71696,"L","FB27,F232,F284,RNCT,CL-5561","Initially group of three were doing a lot of splashing upon approach. One dolphin did a front breach a couple times, followed by tail slaps and chuffs. Dolphin from previous sighting (F284) joined this group. Initially two subgroups - one inshore and one ",1,0,16,"1",10,"11"
"1908",3135,45155,2014-11-06,7815,27,"Photo-id (Pop Mon/Syn)","Photo-id (Pop Mon/Syn)","13:50","13:55",27.53597,-82.73122,"0","F232","2 boats, 0 lines, 0 crab pots.",2,0,0,"0",13,"11"
"1909",3137,45157,2014-11-06,7815,29,"Photo-id (Pop Mon/Syn)","Photo-id (Pop Mon/Syn)","14:48","14:54",27.43724,-82.67594,"0","F154","Tail lob. 1 boat, 0 lines, 0 crab pots.",1,0,0,"0",14,"11"
"1910",3138,45158,2014-11-06,7815,30,"Photo-id (Pop Mon/Syn)","Photo-id (Pop Mon/Syn)","15:00","15:11",27.4221,-82.65681,"P","FB90,F246,F270,F272","Milling and a chuff right next to a crab trap float just on the edge of ICW south of marker 30. Other = logging. 2 boats, 0 lines, 3 crab pots.",2,0,3,"0",15,"11"
"1911",3139,45159,2014-11-06,7815,31,"Photo-id (Pop Mon/Syn)","Photo-id (Pop Mon/Syn)","15:45","15:50",27.33136,-82.57406,"0","1316","Dolphin did a fish toss 2x. 0 boats, 0 lines, 1 crab pot.",0,0,1,"0",15,"11"
"1912",3140,45160,2014-11-06,7816,41,"Photo-id (Pop Mon/Syn)","Photo-id (Pop Mon/Syn)","8:45","9:08",27.33527,-82.55912,"0","BKHO,LIZ1,WRTH,BKH3","Fish toss. SG1: LIZ1, BKHO and , WRTH. 3 boats, 0 lines, 9 crab pots.",3,0,9,"0",8,"11"
"1913",3141,45161,2014-11-06,7816,42,"Photo-id (Pop Mon/Syn)","Photo-id (Pop Mon/Syn)","10:02","10:07",27.44991,-82.67715,"0","F250,F266","1 boat, 0 lines, 4 crab pots.",1,0,4,"0",10,"11"
"1914",3144,45164,2014-11-06,7816,45,"Photo-id (Pop Mon/Syn)","Photo-id (Pop Mon/Syn)","10:50","11:02",27.47982,-82.67803,"0","F131,F137,F215,F227,F282,2152,2271,1373","2 boats, 0 lines, 0 crab pots.",2,0,0,"0",10,"11"
"1915",3149,45169,2014-11-06,7816,50,"Photo-id (Pop Mon/Syn)","Photo-id (Pop Mon/Syn)","12:42","12:46",27.47682,-82.6927,"0","F137,1373","0 boats, 0 lines, 2 crab pots.",0,0,2,"0",12,"11"
"1916",3150,45170,2014-11-06,7816,51,"Photo-id (Pop Mon/Syn)","Photo-id (Pop Mon/Syn)","13:27","13:42",27.49741,-82.69878,"I","FB28","Cast netters on the bridge. FB28 repeatedly passing beneath bridge. 10 minutes of resps taken. I = cast netter atop bridge banging on bridge piling while FB28 swam beneath. 1 boat, 1 line (cast net), 0 crab pots.",1,1,0,"1",13,"11"
"1917",3151,45171,2014-11-06,7816,52,"Photo-id (Pop Mon/Syn)","Photo-id (Pop Mon/Syn)","13:48","13:58",27.49329,-82.69735,"0","F113,F137,1135,1373","F113 chuffing. 3 boats (vessel stopped to observe dolphins and our survey activities; did not approach or interfere), 0 lines, 2 crab pots.",3,0,2,"0",13,"11"
"1918",3152,45172,2014-11-06,7816,53,"Photo-id (Pop Mon/Syn)","Photo-id (Pop Mon/Syn)","14:08","14:18",27.46709,-82.69157,"L","F207,F227,F282,2271,2071","SG1: single animal headed north beneath Cortez bridge (no photo). SG2: F207, 2071, F227, 2271, F282. L = TourSRQ approaching SG2 within 5-10 meters and pursued for several minutes. 9 boats, 0 lines, 6 crab pots.",9,0,6,"1",14,"11"
"1919",3153,45173,2014-11-06,7816,54,"Photo-id (Pop Mon/Syn)","Photo-id (Pop Mon/Syn)","14:29","14:38",27.45234,-82.68497,"L","FB11,F131,F133,F197,DABL,F245,F243,C114,1317,DAB2","Captain Kim and Captain Kathe pursuing within 10 meters for several minutes. 8 boats, 0 lines, 2 crab pots.",8,0,2,"1",14,"11"
"1920",3156,45176,2014-11-06,7817,62,"Photo-id (Pop Mon/Syn)","Photo-id (Pop Mon/Syn)","9:28","9:39",27.2919,-82.57089,"0","F276,F142","F276 chased and ate halfbeak. F142 also chased a halfbeak. 1 boat, 0 lines, 2 crab pots.",1,0,2,"0",9,"11"
"1921",3157,45177,2014-11-06,7817,63,"Photo-id (Pop Mon/Syn)","Photo-id (Pop Mon/Syn)","9:46","9:55",27.27593,-82.57758,"0","F171","0 boats, 0 lines, 2 crab pots.",0,0,2,"0",9,"11"
"1922",3158,45178,2014-11-06,7817,64,"Photo-id (Pop Mon/Syn)","Photo-id (Pop Mon/Syn)","10:40","10:56",27.11109,-82.46991,"0","F167,AMVM,LNLD,SCS1,PNTB,AMV1,LNL1,1674,NANA","Dolphins close to boats and kayaks but none approached the dolphins. 11 boats (6 kayaks), 0 lines, 0 crab pots.",11,0,0,"1",10,"11"
"1923",3159,45179,2014-11-06,7817,65,"Photo-id (Pop Mon/Syn)","Photo-id (Pop Mon/Syn)","12:46","12:55",27.21794,-82.50526,"0","F153,FB15","1 boat, 1 line, 0 crab pots.",1,1,0,"0",12,"11"
"1924",3160,45180,2014-11-06,7817,66,"Photo-id (Pop Mon/Syn)","Photo-id (Pop Mon/Syn)","13:46","13:51",27.27574,-82.54337,"0","FB25,F262,F221,C258","Animals seen socializing and leaping at start of slow speed zone, then rapidly travelled south. F221 broke away from group to feed along seawall just southwest of marker 73. 7 boats, 0 lines, 0 crab pots.",7,0,0,"0",13,"11"
"1925",3161,45181,2014-11-06,7817,67,"Photo-id (Pop Mon/Syn)","Photo-id (Pop Mon/Syn)","14:04","14:06",27.28341,-82.54464,"0","FB78","3 boats, 0 lines, 1 crab pot.",3,0,1,"0",14,"11"
"1926",3162,45182,2014-11-06,7817,68,"Photo-id (Pop Mon/Syn)","Photo-id (Pop Mon/Syn)","15:42","15:54",27.32528,-82.58035,"L","F175,F238,F256,F247","Recreational boat plowed over dolphins in no wake zone to induce wake riding. Animals rapidly travelled through no wake zone, we could not keep up. Went under Otter Key bridge and could not follow. 1 boat, 0 lines, 5 crab pots.",1,0,5,"1",15,"11"
"1927",3164,45184,2014-11-10,7819,21,"Photo-id","Photo-id","9:25","9:38",27.35457,-82.62214,"0","FB10,F114,C834","0 boats, 0 lines, 31 crab pots.",0,0,31,"0",9,"11"
"1928",3165,45185,2014-11-10,7820,41,"Photo-id","Photo-id","9:04","9:17",27.31263,-82.583,"0","FB25,FB79,F125,C258,1253,C798","SG1: FB79, C798, and 1-2 other (DUpossC935?). SG2: FB25. SG3: F125, 1253, C258. 4 boats (1 paddleboard), 0 lines, 0 crab pots.",4,0,0,"1",9,"11"
"1929",3166,45186,2014-11-10,7820,42,"Photo-id","Photo-id","9:21","9:32",27.31207,-82.58249,"0","F175,F199,F252,F247,1992","SG1: F175 and F247. SG2: F252. SG3: F199 and 1992. F199 with large permit or jack. 0 boats, 0 lines, 7 crab pots.",0,0,7,"0",9,"11"
"1930",3168,45188,2014-11-10,7820,44,"Photo-id","Photo-id","10:03","10:17",27.279,-82.57152,"0","","1 boat, 2 lines, 0 crab pots. Possibly F110.",1,2,0,"0",10,"11"
"1931",3169,45189,2014-11-13,7821,1,"Photo-id (Pop Mon/Syn)","Photo-id (Pop Mon/Syn)","8:33","8:42",27.33088,-82.57637,"0","1316","1 boat, 0 lines, 8 crab pots.",1,0,8,"0",8,"11"
"1932",3171,45191,2014-11-13,7821,3,"Photo-id (Pop Mon/Syn)","Photo-id (Pop Mon/Syn)","9:33","9:42",27.41337,-82.64053,"0","FB20,F258,MAUD","1 boat, 0 lines, 2 crab pots.",1,0,2,"0",9,"11"
"1933",3172,45192,2014-11-13,7821,4,"Photo-id (Pop Mon/Syn)","Photo-id (Pop Mon/Syn)","9:51","9:56",27.43357,-82.64754,"P","F246","P = F246 prob feeding around a crab pot. 0 boats, 0 lines, 2 crab pots.",0,0,2,"0",9,"11"
"1934",3173,45193,2014-11-13,7821,5,"Photo-id (Pop Mon/Syn)","Photo-id (Pop Mon/Syn)","10:13","10:22",27.44894,-82.67641,"P","F173,F197,F250,F243","SG1: F250 and F173. SG2: F197 and F243. F197 can be seen through clear water pointing rostrum at crab pot. F173 possibly crab pot interactions. 0 boats, 0 lines, 13 crab pots.",0,0,13,"0",10,"11"
"1935",3174,45194,2014-11-13,7821,6,"Photo-id (Pop Mon/Syn)","Photo-id (Pop Mon/Syn)","10:38","10:45",27.46903,-82.69126,"0","F215,2152","2 boats, 2 lines (both from the bridge), 4 crab pots.",2,2,4,"1",10,"11"
"1936",3175,45195,2014-11-13,7821,7,"Photo-id (Pop Mon/Syn)","Photo-id (Pop Mon/Syn)","10:47","11:14",27.47374,-82.69288,"0","F215,F209,F262,F282,F280,2091,2152","Dolphins from previous sighting (F215 and 2152) joined with other dolphins. 2 boats, 0 lines, 6 crab pots.",2,0,6,"0",10,"11"
"1937",3178,45198,2014-11-13,7821,10,"Photo-id (Pop Mon/Syn)","Photo-id (Pop Mon/Syn)","12:48","12:54",27.47828,-82.69447,"0","F241","Dolphin initially seen riding stern wake of a cabin cruiser. 2 boats (includes 1 kayak), 0 lines, 5 crab pots.",2,0,5,"1",12,"11"
"1938",3179,45199,2014-11-13,7821,11,"Photo-id (Pop Mon/Syn)","Photo-id (Pop Mon/Syn)","13:42","13:49",27.53779,-82.73602,"X","F146,F165,F228","X= F146 milling (prob feeding) in vicinity of crab traps. 2 boats, 0 lines, 5 crab pots.",2,0,5,"0",13,"11"
"1939",3180,45200,2014-11-13,7821,12,"Photo-id (Pop Mon/Syn)","Photo-id (Pop Mon/Syn)","14:25","14:27",27.47945,-82.69709,"0","F241","6 boats (includes 3 jet skis), 0 lines, 1 crab pot.",6,0,1,"1",14,"11"
"1940",3181,45201,2014-11-13,7821,13,"Photo-id (Pop Mon/Syn)","Photo-id (Pop Mon/Syn)","14:57","14:59",27.41876,-82.65241,"0","F246","3 boats, 0 lines, 0 crab pots.",3,0,0,"0",14,"11"
"1941",3184,45204,2014-11-13,7822,23,"Photo-id (Pop Mon/Syn)","Photo-id (Pop Mon/Syn)","9:25","9:35",27.3608,-82.62446,"0","FB44,F254","Chased and caught 24""+ fish. F254 surfaced several times with FIM. 1 boat (commercial style cast netting), 2 lines (from piers), 12 crab pots.",1,2,12,"1",9,"11"
"1942",3186,45206,2014-11-13,7822,25,"Photo-id (Pop Mon/Syn)","Photo-id (Pop Mon/Syn)","10:17","10:25",27.44524,-82.69286,"0","FB90,FB92,F128,F270","FB92 carrying large fish in mouth. SG1: FB92. SG2: F128, FB90, and F270. All subgroups joined at 10:21. 1 boat, 0 lines, 0 crab pots.",1,0,0,"0",10,"11"
"1943",3187,45207,2014-11-13,7822,26,"Photo-id (Pop Mon/Syn)","Photo-id (Pop Mon/Syn)","10:32","10:41",27.45508,-82.70388,"0","HVMS,LLLN","Swam very close to crab boat checking pots with zero interaction. 2 boats (1 crab boat checking pots), 0 lines, 28 crab pots.",2,0,28,"1",10,"11"
"1944",3188,45208,2014-11-13,7822,27,"Photo-id (Pop Mon/Syn)","Photo-id (Pop Mon/Syn)","10:49","10:52",27.45851,-82.69881,"0","FB90,F270","Milling inside swim zone. Couldn't get close. 0 boats, 1 line, 1 crab pot.",0,1,1,"0",10,"11"
"1945",3189,45209,2014-11-13,7822,28,"Photo-id (Pop Mon/Syn)","Photo-id (Pop Mon/Syn)","11:18","11:34",27.53185,-82.74578,"L","FB27,FB07,F146,F196,F165,F228,F268,F284","L = Kayak following dolphins. Fish toss (jack). F268 carrying large fish in mouth. At least 4 dolphins had large fish in mouth at one time. FB27 large fish in mouth. F146 with large fish in mouth. F228 with large Jack ripped in half. Every dolphin except ",1,0,0,"1",11,"11"
"1946",3190,45210,2014-11-13,7822,29,"Photo-id (Pop Mon/Syn)","Photo-id (Pop Mon/Syn)","11:47","11:57",27.54121,-82.74542,"0","PSDQ,M145,TSMV,HBMB,HMLT,HBM4,HML2,PSC7,1457,CTS5","Surfacing every approximately 1.5 minutes. Difficult to predict where they would be. 0 boats, 0 lines, 3 crab pots.",0,0,3,"0",11,"11"
"1947",3191,45211,2014-11-13,7822,30,"Photo-id (Pop Mon/Syn)","Photo-id (Pop Mon/Syn)","12:23","12:34",27.54572,-82.65257,"0","TDTC,ULY2,C911","Associated organism: royal tern. 0 boats, 0 lines, 3 crab pots.",0,0,3,"0",12,"11"
"1948",3193,45213,2014-11-13,7822,32,"Photo-id (Pop Mon/Syn)","Photo-id (Pop Mon/Syn)","13:19","13:25",27.52336,-82.61149,"0","F164,F242","2 boats, 0 lines, 0 crab pots.",2,0,0,"0",13,"11"
"1949",3195,45215,2014-11-13,7822,34,"Photo-id (Pop Mon/Syn)","Photo-id (Pop Mon/Syn)","14:20","15:08",27.52995,-82.68639,"A,C","FB65,1494,HWK3,C656","C656 in calf position with HWK3. Group steady travel past recently deployed purse net of probably legal length. Thought they would swim past but stopped to eat fish (FB65) that may have gotten out of net or may have just been there. Shortly after, group b",1,1,0,"1",14,"11"
"1950",3198,45218,2014-11-13,7823,42,"Photo-id (Pop Mon/Syn)","Photo-id (Pop Mon/Syn)","9:16","9:24",27.30432,-82.57572,"X","B053,DABL,DAB2,B531","HI = dolphins swam within 5 meters of a man wade fishing. Did not appear to interact, but not certain. 0 boats, 1 lines, 0 crab pots.",0,1,0,"1",9,"11"
"1951",3199,45219,2014-11-13,7823,43,"Photo-id (Pop Mon/Syn)","Photo-id (Pop Mon/Syn)","9:36","9:41",27.26799,-82.57428,"0","OIEA,NIP2","Fish whack. 1 boat, 0 lines, 2 crab pots.",1,0,2,"0",9,"11"
"1952",3200,45220,2014-11-13,7823,44,"Photo-id (Pop Mon/Syn)","Photo-id (Pop Mon/Syn)","9:51","9:52",27.25232,-82.54188,"0","1673","0 boats, 0 lines, 7 crab pots.",0,0,7,"0",9,"11"
"1953",3201,45221,2014-11-13,7823,45,"Photo-id (Pop Mon/Syn)","Photo-id (Pop Mon/Syn)","10:20","10:26",27.15094,-82.48564,"0","F167,1674","0 boats, 0 lines, 15 crab pots.",0,0,15,"0",10,"11"
"1954",3202,45222,2014-11-13,7823,46,"Photo-id (Pop Mon/Syn)","Photo-id (Pop Mon/Syn)","10:39","10:34",27.12346,-82.47489,"0","JETY","Dolphin prob feeding in vicinity of a single active fishing line, but did not give any indication of interaction. 1 boat, 1 line, 6 crab pots.",1,1,6,"0",10,"11"
"1955",3203,45223,2014-11-13,7823,47,"Photo-id (Pop Mon/Syn)","Photo-id (Pop Mon/Syn)","10:51","11:03",27.11149,-82.47091,"0","SCSM,LNLD,SCS1,WLET,LNL1,AMTS,JAMM","SG1: SCS1, WLET, AMTS, JAMM, LNL1. SG2: SCSM. SG3: LNLD. 2 boats, 1 line, 1 crab pots.",2,1,1,"0",10,"11"
"1956",3204,45224,2014-11-13,7823,48,"Photo-id (Pop Mon/Syn)","Photo-id (Pop Mon/Syn)","13:09","13:18",27.25226,-82.52977,"0","FB25,F221,C258","SG1: FB25 and C258. SG2: F221. C258 left FB25 and joined F221. Began seawall feeding. 1 boat, 0 lines, 0 crab pots.",1,0,0,"0",13,"11"
"1957",3205,45225,2014-11-13,7823,49,"Photo-id (Pop Mon/Syn)","Photo-id (Pop Mon/Syn)","13:28","13:36",27.26196,-82.5377,"0","F221","2 dolphins rapidly chasing a school of fish. F221 with a second dolphin, F221 headed south, could not relocate other animal. No photos of it. 4 boats, 0 lines, 0 crab pots.",4,0,0,"0",13,"11"
"1958",3206,45226,2014-11-13,7823,50,"Photo-id (Pop Mon/Syn)","Photo-id (Pop Mon/Syn)","14:17","14:27",27.30415,-82.5457,"0","F252","2 boats, 1 line, 14 crab pots.",2,1,14,"0",14,"11"
"1959",3207,45227,2014-11-13,7823,51,"Photo-id (Pop Mon/Syn)","Photo-id (Pop Mon/Syn)","14:30","14:33",27.29818,-82.55025,"0","BRD3,VCRO","1 boat (kayak), 0 lines, 0 crab pots.",1,0,0,"1",14,"11"
"1960",3208,45228,2014-11-13,7823,52,"Photo-id (Pop Mon/Syn)","Photo-id (Pop Mon/Syn)","14:48","15:08",27.3056,-82.55804,"0","F266,1753","2 boats, 1 line, 10 crab pots.",2,1,10,"0",14,"11"
"1961",3209,45229,2014-11-13,7823,53,"Photo-id (Pop Mon/Syn)","Photo-id (Pop Mon/Syn)","15:15","15:19",27.30371,-82.56214,"0","MPTB","3 boats, 1 line, 0 crab pots.",3,1,0,"0",15,"11"
"1962",3210,45230,2014-11-13,7823,54,"Photo-id (Pop Mon/Syn)","Photo-id (Pop Mon/Syn)","15:39","15:55",27.33128,-82.54839,"0","F199,1992","1 boat, 0 lines, 0 crab pots.",1,0,0,"0",15,"11"
"1963",3211,45231,2014-11-13,7823,55,"Photo-id (Pop Mon/Syn)","Photo-id (Pop Mon/Syn)","16:14","16:23",27.33181,-82.54817,"0","FB78,F125","2 animals with FB78, lost in crappy conditions. Prob no photos. 3 boats, 0 lines, 0 crab pots.",3,0,0,"0",16,"11"
"1964",3212,45233,2014-11-29,7830,21,"Photo-id (Pop Mon)","Photo-id (Pop Mon)","9:37","9:50",27.32981,-82.58654,"0","FB92,F128,F109,F266,1753,1092","Other = blowing bubbles. SG1: F266, 1753. F266 is logging at surface with 1092 underneath him. SG2: 1092; joined SG1 and socialized with F266 then joined SG3. SG3: FB92, F128, F109. 2 boats, 3 lines, 5 crab pots. SG's 1 and 3 never joined.",2,3,5,"0",9,"11"
"1965",3213,45234,2014-11-29,7830,22,"Photo-id (Pop Mon)","Photo-id (Pop Mon)","10:13","10:30",27.39045,-82.64822,"0","IKN2,F248,C835","SG1: C835 and F248. SG2: IKN2. 0 boats, 0 lines, 35 crab pots.",0,0,35,"0",10,"11"
"1966",3214,45235,2014-11-29,7830,23,"Photo-id (Pop Mon)","Photo-id (Pop Mon)","11:56","12:04",27.48743,-82.69782,"0","F250","6 boats, 0 lines, 2 crab pots.",6,0,2,"0",11,"11"
"1967",3215,45236,2014-11-29,7830,24,"Photo-id (Pop Mon)","Photo-id (Pop Mon)","13:24","13:31",27.41066,-82.64098,"0","F233","Fluke out diving and fish tossing. 1 boat, 0 lines, 0 crab pots.",1,0,0,"0",13,"11"
"1968",3216,45237,2014-11-29,7830,25,"Photo-id (Pop Mon)","Photo-id (Pop Mon)","13:50","14:04",27.37051,-82.5884,"0","LIZ1,TPOT,WRTH,NHNK","Missing top is prob calf of TPOT. 2 boats, 0 lines, 1 crab pot.",2,0,1,"0",13,"11"
"1969",3217,45238,2014-11-29,7830,26,"Photo-id (Pop Mon)","Photo-id (Pop Mon)","14:18","14:21",27.33687,-82.56687,"0","F125,1253","1 boat, 0 lines, 0 crab pots.",1,0,0,"0",14,"11"
"1970",3218,45239,2014-12-01,7831,21,"Photo-id (Pop Mon)","Photo-id (Pop Mon)","9:28","9:33",27.32841,-82.59135,"0","FB55,C555","0 boats, 0 lines, 2 crab pots.",0,0,2,"0",9,"12"
"1971",3219,45240,2014-12-01,7831,22,"Photo-id (Pop Mon)","Photo-id (Pop Mon)","9:35","9:48",27.33241,-82.59574,"0","FB55,F128,F138,F109,1092,C555","Fish toss - permit? 0 boats, 0 lines, 2 crab pots.",0,0,2,"0",9,"12"
"1972",3220,45241,2014-12-01,7831,23,"Photo-id (Pop Mon)","Photo-id (Pop Mon)","10:46","10:57",27.51012,-82.72327,"0","F146,F228","Acting like male pair. Travelling along beach inside swim zone. Could not approach closely. 0 boats, 3 lines, 0 crab pots.",0,3,0,"0",10,"12"
"1973",3223,45244,2014-12-01,7831,26,"Photo-id (Pop Mon)","Photo-id (Pop Mon)","15:56","16:03",27.36162,-82.58622,"0","F276,F142,F165","0 boats, 0 lines, 3 crab pots.",0,0,3,"0",15,"12"
"1974",3224,45245,2014-12-01,7831,27,"Photo-id (Pop Mon)","Photo-id (Pop Mon)","16:11","16:26",27.34355,-82.56676,"0","F182,C834,F196,F268","Rec boat stopped to watch dolphins but stayed far enough away. C834 social with F268 and F196 while F182 milled nearby. 2 boats, 0 lines, 0 crab pots.",2,0,0,"1",16,"12"
"1975",3225,45246,2014-12-01,7832,41,"Photo-id (Pop Mon)","Photo-id (Pop Mon)","9:14","9:49",27.33109,-82.57766,"0","FB79,F131,F155,F175,1753,C798,F247,1317,1556","Pinwheeling. 1 boat, 0 lines, 22 crab pots.",1,0,22,"0",9,"12"
"1976",3226,45247,2014-12-01,7832,42,"Photo-id (Pop Mon)","Photo-id (Pop Mon)","10:15","10:22",27.40814,-82.58488,"0","FB54,FB33,DABL,F227,F213,C548,DAB2,C330,2271","1 boat, 2 lines, 0 crab pots.",1,2,0,"0",10,"12"
"1977",3227,45248,2014-12-01,7832,43,"Photo-id (Pop Mon)","Photo-id (Pop Mon)","11:12","11:21",27.45214,-82.66529,"0","F229,F282","The animals are 200 meters away from start waypoint. Sharking. 1 boat, 0 lines, 0 crab pots.",1,0,0,"0",11,"12"
"1978",3229,45250,2014-12-01,7832,45,"Photo-id (Pop Mon)","Photo-id (Pop Mon)","11:54","12:00",27.47645,-82.67139,"0","F123,F274,1231","0 boats, 0 lines, 1 crab pot.",0,0,1,"0",11,"12"
"1979",3230,45251,2014-12-01,7832,46,"Photo-id (Pop Mon)","Photo-id (Pop Mon)","13:14","13:18",27.5127,-82.70408,"0","F250","1 boat (commercial mullet fishing boat), 0 lines, 0 crab pots.",1,0,0,"1",13,"12"
"1980",3231,45252,2014-12-01,7832,47,"Photo-id (Pop Mon)","Photo-id (Pop Mon)","14:07","14:24",27.44339,-82.68889,"0","FB28","Fluke out dive. Ten minutes of respirations taken on FB28. Boat going almost directly over dolphin two times (two separate boats.) 3 chuffs. 3 boats, 0 lines, 2 crab pots.",3,0,2,"0",14,"12"
"1981",3232,45253,2014-12-01,7832,48,"Photo-id (Pop Mon)","Photo-id (Pop Mon)","14:42","14:49",27.41585,-82.64867,"0","F159,1593","2 boats, 0 lines, 4 crab pots.",2,0,4,"0",14,"12"
"1982",3233,45254,2014-12-01,7832,49,"Photo-id (Pop Mon)","Photo-id (Pop Mon)","15:30","15:38",27.34721,-82.5862,"0","","Vanished. 1 boat, 0 lines, 5 crab pots.",1,0,5,"0",15,"12"
"1983",3234,45255,2014-12-02,7833,21,"Photo-id (Pop Mon)","Photo-id (Pop Mon)","9:16","9:20",27.3337,-82.57212,"0","FB79,C798","Animals milling near slow speed zone marker. 1 boat, 0 lines, 1 crab pot.",1,0,1,"0",9,"12"
"1984",3235,45256,2014-12-02,7833,22,"Photo-id (Pop Mon)","Photo-id (Pop Mon)","9:28","9:34",27.33784,-82.5785,"0","MPTB,F207,1753,2071","1 boat, 0 lines, 1 crab pot.",1,0,1,"0",9,"12"
"1985",3236,45257,2014-12-02,7833,23,"Photo-id (Pop Mon)","Photo-id (Pop Mon)","10:19","10:29",27.4428,-82.6896,"0","","3 boats, 3 lines, 2 crab pots.",3,3,2,"0",10,"12"
"1986",3237,45258,2014-12-02,7833,24,"Photo-id (Pop Mon)","Photo-id (Pop Mon)","13:48","13:58",27.44032,-82.67641,"0","FB07,F113,1135","1 boat, 0 lines, 0 crab pots.",1,0,0,"0",13,"12"
"1987",3238,45259,2014-12-02,7833,25,"Photo-id (Pop Mon)","Photo-id (Pop Mon)","14:07","14:24",27.42494,-82.66103,"0","F159,F268,F197,F243,1593","SG1: F197, F159, F243, 1593. SG2: F268. F197 and F243 briefly joined subgroup 2, lost subgroup 2 in Cannons canal. No sign of F196, but F268 lost us quickly. 5 boats, 0 lines, 5 crab pots.",5,0,5,"0",14,"12"
"1988",3239,45260,2014-12-02,7834,41,"Photo-id (Pop Mon)","Photo-id (Pop Mon)","10:25","10:28",27.18887,-82.50481,"0","1673","1673 very raked up dorsal fin and body. Associated organisms: gull and pelican, gull diving on top of dolphin swirls. 0 boats, 0 lines, 7 crab pots.",0,0,7,"0",10,"12"
"1989",3240,45261,2014-12-02,7834,42,"Photo-id (Pop Mon)","Photo-id (Pop Mon)","10:42","10:51",27.14211,-82.48151,"0","F110","Dolphin was doing fluke out dive. After fluke out dive travelled southeast. 0 boats, 0 lines, 15 crab pots.",0,0,15,"0",10,"12"
"1990",3241,45262,2014-12-02,7834,43,"Photo-id (Pop Mon)","Photo-id (Pop Mon)","12:29","13:05",27.18565,-82.49581,"L","F153,FB15,FB25,F262,F252,F221,C935,C258","Subadults initially socializing in ICW. Continued west/several leaps in white water. Dolphins were actively socializing and two boats stopped to photograph within 50 meters, but not harassing. However, one boat did continue to follow. Did a five minute re",3,0,1,"0",12,"12"
"1991",3242,45264,2014-12-03,7835,21,"Photo-id (Pop Mon)","Photo-id (Pop Mon)","10:44","10:52",27.47913,-82.68734,"0","F146,F228","1 boat, 0 lines, 5 crab pots.",1,0,5,"0",10,"12"
"1992",3244,45266,2014-12-03,7835,23,"Photo-id (Pop Mon)","Photo-id (Pop Mon)","12:54","12:58",27.44898,-82.68549,"0","F146,F228","One boat watching dolphins from okay distance. 3 boats (including one kayak), 3 lines, 1 crab pot.",3,3,1,"1",12,"12"
"1993",3245,45267,2014-12-03,7835,24,"Photo-id (Pop Mon)","Photo-id (Pop Mon)","13:20","13:27",27.42274,-82.66221,"0","F280","Travelled along seawall but did not chase fish, then out to ICW. 1 boat (commercial cast net boat), 0 lines, 0 crab pots.",1,0,0,"1",13,"12"
"1994",3246,45268,2014-12-03,7836,41,"Photo-id (Pop Mon)","Photo-id (Pop Mon)","9:32","9:37",27.3282,-82.58747,"0","F276,MPTB,F142","3 boats, 0 lines, 0 crab pots.",3,0,0,"0",9,"12"
"1995",3247,45269,2014-12-03,7836,42,"Photo-id (Pop Mon)","Photo-id (Pop Mon)","10:12","10:28",27.20229,-82.51482,"0","OCTV,SCTL","SG1: SCTL (possible calf) + 1; prob feeding. SG2: 2 animals travelling north about 20-40 meters apart. 0 boats, 0 lines, 9 crab pots.",0,0,9,"0",10,"12"
"1996",3248,45270,2014-12-03,7836,43,"Photo-id (Pop Mon)","Photo-id (Pop Mon)","10:33","10:43",27.20271,-82.5144,"0","OIEA,YOKE,B207","0 boats, 0 lines, 3 crab pots.",0,0,3,"0",10,"12"
"1997",3249,45271,2014-12-03,7836,44,"Photo-id (Pop Mon)","Photo-id (Pop Mon)","11:02","11:07",27.13329,-82.4765,"0","SCS1,JAMM","SCS1 leapt while chasing fish. Associated organism: tern; stole fish from JAMM. 0 boats, 0 lines, 3 crab pots.",0,0,3,"0",11,"12"
"1998",3250,45272,2014-12-03,7836,45,"Photo-id (Pop Mon)","Photo-id (Pop Mon)","11:45","11:53",27.11473,-82.46434,"L","BRD3,VCRO","L = CB rental pontoon pursuing animals for about one mile within 15-20 meters. 7 boats, 0 lines, 0 crab pots.",7,0,0,"1",11,"12"
"1999",3251,45273,2014-12-03,7836,46,"Photo-id (Pop Mon)","Photo-id (Pop Mon)","13:50","13:52",27.28477,-82.5472,"0","F108","1 boat, 0 lines, 0 crab pots.",1,0,0,"0",13,"12"
"2000",3252,45274,2014-12-03,7836,47,"Photo-id (Pop Mon)","Photo-id (Pop Mon)","14:01","14:04",27.30107,-82.54504,"0","F264","3 boats (2 kayaks), 1 line, 3 crab pots.",3,1,3,"1",14,"12"
"2001",3253,45275,2014-12-03,7836,48,"Photo-id (Pop Mon)","Photo-id (Pop Mon)","14:05","14:07",27.30045,-82.54645,"0","F109","2 boats, 0 lines, 0 crab pots.",2,0,0,"0",14,"12"
"2002",3255,45277,2014-12-03,7836,50,"Photo-id (Pop Mon)","Photo-id (Pop Mon)","14:50","15:10",27.30543,-82.55507,"L,I","F108,FB20,BKHO,F109,F258,F207,F262,F266,F256,1753,F264,F221,C935,1092,BKH3","L = private rec boat (FL 7719PK) approaching closer than 50 m. Boat paused and was with animals when sighting began; followed our boat and continued to pursue dolphins throughout sighting. SG1: FB20, F258, F262. SG2: BKHO, BKH3. SG3: 1092, F256. I = Capta",3,0,0,"1",14,"12"
"2003",3256,45278,2014-12-03,7836,51,"Photo-id (Pop Mon)","Photo-id (Pop Mon)","15:37","15:43",27.33615,-82.56652,"0","F159,1593","Animals lost in chop. 1 boat, 0 lines, 0 crab pots.",1,0,0,"0",15,"12"
"2004",3257,45279,2014-12-04,7837,21,"Photo-id (Pop Mon)","Photo-id (Pop Mon)","9:59","10:09",27.37944,-82.63953,"0","FB02","0 boats, 0 lines, 21 crab pots.",0,0,21,"0",9,"12"
"2005",3258,45280,2014-12-04,7837,22,"Photo-id (Pop Mon)","Photo-id (Pop Mon)","12:17","12:24",27.47946,-82.69732,"0","FB07,F135,F179","1 boat, 0 lines, 1 crab pot.",1,0,1,"0",12,"12"
"2006",3259,45281,2014-12-04,7837,23,"Photo-id (Pop Mon)","Photo-id (Pop Mon)","12:28","12:40",27.47165,-82.69331,"0","FB07,F133,F135,F215,F179,F222,F278,F245","SG1: F133, F215, F245, F222, F278. SG2: FB07, F179, F135. Did not see 2152, but F215 disappeared. Probably on a boat wake. F278 with F222, not behaving like a calf. 3 boats, 0 lines, 3 crab pots.",3,0,3,"0",12,"12"
"2007",3260,45282,2014-12-04,7837,24,"Photo-id (Pop Mon)","Photo-id (Pop Mon)","12:56","13:06",27.44283,-82.68958,"L","F146,F196,F165,F228,F268","F228 chuffing and tail slapping. L = Deck boat approaching dolphins. F228, F146 are behaving like a male alliance; flanking F165. SG1: F228, F146, F165. SG2: F196, F268. Subgroups joined. 4 boats, 2 lines, 2 crab pots.",4,2,2,"1",12,"12"
"2008",3261,45283,2014-12-04,7837,25,"Photo-id (Pop Mon)","Photo-id (Pop Mon)","13:15","13:17",27.44014,-82.68108,"0","F272,F280","4 boats, 0 lines, 8 crab pots.",4,0,8,"0",13,"12"
"2009",3264,45292,2014-12-04,7838,42,"Photo-id (Pop Mon)","Photo-id (Pop Mon)","10:19","10:27",27.39467,-82.62995,"0","FB11,F227,C114,2271","0 boats, 0 lines, 2 crab pots.",0,0,2,"0",10,"12"
"2010",3268,45296,2014-12-04,7838,46,"Photo-id (Pop Mon)","Photo-id (Pop Mon)","13:13","13:21",27.47961,-82.68752,"0","F148,F215,F222,2152","1 boat, 0 lines, 0 crab pots.",1,0,0,"0",13,"12"
"2011",3269,45297,2014-12-04,7838,47,"Photo-id (Pop Mon)","Photo-id (Pop Mon)","13:36","13:48",27.46645,-82.6918,"0","F197,F209,F243,2091","SG1: F209 and 2091. SG2: F197 and F243; F197 passed through sighting, did not see F243 for several minutes. 4 boats, 0 lines, 2 crab pots.",4,0,2,"0",13,"12"
"2012",3270,45298,2014-12-04,7838,48,"Photo-id (Pop Mon)","Photo-id (Pop Mon)","13:52","13:55",27.46634,-82.69126,"0","F178,F188,F146,F165,F228","2 boats, 0 lines, 1 crab pot.",2,0,1,"0",13,"12"
"2013",3271,45299,2014-12-04,7838,49,"Photo-id (Pop Mon)","Photo-id (Pop Mon)","14:00","14:06",27.45893,-82.68735,"0","F197,F209,F243,2091","2 boats (one is Captain Kathe), 0 lines, 5 crab pots.",2,0,5,"1",14,"12"
"2014",3272,45300,2014-12-04,7838,50,"Photo-id (Pop Mon)","Photo-id (Pop Mon)","14:19","14:26",27.41501,-82.64786,"0","F213","2 boats, 2 lines, 0 crab pots.",2,2,0,"0",14,"12"
"2015",3273,45301,2014-12-04,7838,51,"Photo-id (Pop Mon)","Photo-id (Pop Mon)","14:27","14:32",27.41705,-82.64993,"0","FB11,F123,F227,1231,C114,2271","1 boat, 0 lines, 0 crab pots.",1,0,0,"0",14,"12"
"2016",3274,45302,2014-12-04,7838,52,"Photo-id (Pop Mon)","Photo-id (Pop Mon)","14:38","14:48",27.41383,-82.64656,"0","F164,F242","2 boats, 0 lines, 2 crab pots.",2,0,2,"0",14,"12"
"2017",3275,45303,2014-12-05,7839,21,"Photo-id (Pop Mon)","Photo-id (Pop Mon)","9:05","9:19",27.33146,-82.57816,"0","FB25,F175,F109,F238,1753,1092,C258,F247","Fish toss. Dolphins feeding on mullet in the shallows. 1 boat, 0 lines, 5 crab pots.",1,0,5,"0",9,"12"
"2018",3276,45304,2014-12-05,7839,22,"Photo-id (Pop Mon)","Photo-id (Pop Mon)","9:39","9:46",27.31806,-82.56715,"0","F125,1253","2 boats (paddleboards), 0 lines, 13 crab pots.",2,0,13,"1",9,"12"
"2019",3277,45305,2014-12-05,7839,23,"Photo-id (Pop Mon)","Photo-id (Pop Mon)","10:21","10:31",27.33057,-82.55529,"0","F175,F247","1 boat, 0 lines, 0 crab pots.",1,0,0,"0",10,"12"
"2020",3278,45306,2014-12-05,7839,24,"Photo-id (Pop Mon)","Photo-id (Pop Mon)","10:43","10:48",27.30229,-82.54525,"0","FB78","3 boats, 0 lines, 4 crab pots.",3,0,4,"0",10,"12"
"2021",3279,45307,2014-12-05,7839,25,"Photo-id (Pop Mon)","Photo-id (Pop Mon)","11:39","11:42",27.25281,-82.53046,"0","F221","Briefly rode stern wake of large cabin cruiser. 1 boat, 0 lines, 0 crab pots.",1,0,0,"1",11,"12"
"2022",3280,45308,2014-12-05,7839,26,"Photo-id (Pop Mon)","Photo-id (Pop Mon)","12:18","12:23",27.20477,-82.50331,"0","F153,FB15","3 boats (2 paddleboards, 1 kayak), 0 lines, 0 crab pots.",3,0,0,"1",12,"12"
"2023",3281,45309,2014-12-05,7839,27,"Photo-id (Pop Mon)","Photo-id (Pop Mon)","13:56","14:19",27.11233,-82.47077,"X","F108,BRD3,AMVM,AMV1,VCRO","x = BRD3 rubbing underneath our bow. BRD3, AMVM, AMV1, VCRO with boat, bow riding. BRD3, AMVM, AMV1, VCRO bow riding Fregata while at idle speed. BRD3 repeatedly turned on his side and rubbed on Fregata's keel. AMV1 female. 16 boats (2 jet skis), 10 lines",16,10,10,"1",13,"12"
"2024",3282,45310,2014-12-05,7839,28,"Photo-id (Pop Mon)","Photo-id (Pop Mon)","14:43","14:49",27.11786,-82.4727,"0","F108,AMVM,AMV1","1 boat (Cool Breeze Rental), 2 lines, 7 crab pots.",1,2,7,"1",14,"12"
"2025",3283,45311,2014-12-05,7839,29,"Photo-id (Pop Mon)","Photo-id (Pop Mon)","15:49","16:03",27.33556,-82.57842,"0","F155,F138,F109,F125,F207,1092,1253,1556,2071","SG1: F207, 2071. SG2: F125, 1253 seawall feeding. SG3: F155, 1556, F109, 1092, F138. 1253 joined SG3 while F125 continued to seawall feed. SG2 and 3 all proceeded to seawall feed. 2 boats, 0 lines, 0 crab pots.",2,0,0,"0",15,"12"
"2026",3284,45312,2014-12-05,7839,30,"Photo-id (Pop Mon)","Photo-id (Pop Mon)","16:15","16:17",27.33849,-82.57413,"0","F207,2071","0 boats, 2 lines, 0 crab pots.",0,2,0,"0",16,"12"
"2027",3285,45313,2014-12-11,7840,21,"Photo-id (Pop Mon)","Photo-id (Pop Mon)","9:56","10:02",27.43019,-82.66756,"0","F232,F246","1 boat, 0 lines, 11 crab pots",1,0,11,"0",9,"12"
"2028",3286,45314,2014-12-11,7840,22,"Photo-id (Pop Mon)","Photo-id (Pop Mon)","10:54","11:31",27.52642,-82.6459,"0","HAIR,CMRS,HITS,BOXR,LNPC,ULYS,F176,HLP4,ULY4","HITS and CMRS aggressive towards F176. SG1: HLP4. SG2: HAIR, F176. SG3: HITS, CMRS.  SG4: ULYS, ULY4, BOXR, LNPC. All SG's joined at end, everybody was together except F176. 2 Boats, 0 lines, 0 crabpots.",2,0,0,"0",10,"12"
"2029",3288,45316,2014-12-11,7840,24,"Photo-id (Pop Mon)","Photo-id (Pop Mon)","14:41","14:55",27.46891,-82.69228,"0","F154","6 boats, 0 lines, 4 crab pots",6,0,4,"0",14,"12"
"2030",3289,45317,2014-12-11,7840,25,"Photo-id (Pop Mon)","Photo-id (Pop Mon)","15:03","15:15",27.44852,-82.68008,"0","FB33,F155,F196,F268,C330,1556","SG1: F155, 1556, FB33, C330. SG2: F196, F268. SG2 briefly rode wake of yacht. F196 = chuff. 5 boats, 2 lines, 3 crab pots.",5,2,3,"1",15,"12"
"2031",3290,45318,2014-12-11,7840,26,"Photo-id (Pop Mon)","Photo-id (Pop Mon)","15:49","16:14",27.42424,-82.65973,"0","FB90,FB11,F113,F196,F268,F135,F173,F197,F250,F270,F243,C114,1135","Sharking. Broke up into many subgroups. 2 boats, 0 lines, 16 crab pots.",2,0,16,"0",15,"12"
