"","trial","id","time","HAB","age_group"
"1",1,"1091",1,1,"unborn"
"2",1,"1091",2,1,"unborn"
"3",1,"1091",3,1,"unborn"
"4",1,"1091",4,1,"unborn"
"5",1,"1091",5,1,"unborn"
"6",1,"1091",6,1,"unborn"
"7",1,"1091",7,1,"unborn"
"8",1,"1091",8,1,"unborn"
"9",1,"1091",9,1,"unborn"
"10",1,"1091",10,1,"unborn"
"11",1,"1091",11,1,"unborn"
"12",1,"1091",12,1,"unborn"
"13",1,"1091",13,1,"unborn"
"14",1,"1091",14,1,"unborn"
"15",1,"1091",15,1,"unborn"
"16",1,"1091",16,1,"unborn"
"17",1,"1091",17,1,"unborn"
"18",1,"1091",18,1,"unborn"
"19",1,"1091",19,1,"unborn"
"20",1,"1091",20,1,"unborn"
"21",1,"1091",21,1,"calf"
"22",1,"1091",22,1,"calf"
"23",1,"1091",23,1,"calf"
"24",1,"1091",24,1,"calf"
"25",1,"1091",25,1,"calf"
"26",1,"1091",26,1,"calf"
"27",1,"1091",27,1,"calf"
"28",1,"1091",28,1,"calf"
"29",1,"1091",29,1,"calf"
"30",1,"1091",30,1,"juvenile"
"31",1,"1091",31,1,"juvenile"
"32",1,"1091",32,1,"juvenile"
"33",1,"1091",33,1,"juvenile"
"34",1,"1091",34,1,"juvenile"
"35",1,"1091",35,1,"juvenile"
"36",1,"1091",36,1,"juvenile"
"37",1,"1091",37,1,"juvenile"
"38",1,"1091",38,1,"juvenile"
"39",1,"1091",39,1,"juvenile"
"40",1,"1091",40,1,"juvenile"
"41",1,"1091",41,1,"juvenile"
"43",1,"1092",1,1,"unborn"
"44",1,"1092",2,1,"unborn"
"45",1,"1092",3,1,"unborn"
"46",1,"1092",4,1,"unborn"
"47",1,"1092",5,1,"unborn"
"48",1,"1092",6,1,"unborn"
"49",1,"1092",7,1,"unborn"
"50",1,"1092",8,1,"unborn"
"51",1,"1092",9,1,"unborn"
"52",1,"1092",10,1,"unborn"
"53",1,"1092",11,1,"unborn"
"54",1,"1092",12,1,"unborn"
"55",1,"1092",13,1,"unborn"
"56",1,"1092",14,1,"unborn"
"57",1,"1092",15,1,"unborn"
"58",1,"1092",16,1,"unborn"
"59",1,"1092",17,1,"unborn"
"60",1,"1092",18,1,"unborn"
"61",1,"1092",19,1,"unborn"
"62",1,"1092",20,1,"unborn"
"63",1,"1092",21,1,"unborn"
"64",1,"1092",22,1,"unborn"
"65",1,"1092",23,1,"unborn"
"66",1,"1092",24,1,"unborn"
"67",1,"1092",25,1,"unborn"
"68",1,"1092",26,1,"unborn"
"69",1,"1092",27,1,"unborn"
"70",1,"1092",28,1,"unborn"
"71",1,"1092",29,1,"unborn"
"72",1,"1092",30,1,"calf"
"73",1,"1092",31,1,"calf"
"74",1,"1092",32,1,"calf"
"75",1,"1092",33,1,"calf"
"76",1,"1092",34,1,"calf"
"77",1,"1092",35,1,"calf"
"78",1,"1092",36,1,"calf"
"79",1,"1092",37,1,"calf"
"80",1,"1092",38,1,"calf"
"81",1,"1092",39,1,"calf"
"82",1,"1092",40,1,"calf"
"83",1,"1092",41,1,"calf"
"85",1,"1134",1,1,"unborn"
"86",1,"1134",2,1,"unborn"
"87",1,"1134",3,1,"unborn"
"88",1,"1134",4,1,"unborn"
"89",1,"1134",5,1,"unborn"
"90",1,"1134",6,1,"unborn"
"91",1,"1134",7,1,"unborn"
"92",1,"1134",8,1,"unborn"
"93",1,"1134",9,1,"unborn"
"94",1,"1134",10,1,"unborn"
"95",1,"1134",11,1,"unborn"
"96",1,"1134",12,1,"unborn"
"97",1,"1134",13,1,"unborn"
"98",1,"1134",14,1,"unborn"
"99",1,"1134",15,1,"unborn"
"100",1,"1134",16,1,"unborn"
"101",1,"1134",17,1,"unborn"
"102",1,"1134",18,1,"unborn"
"103",1,"1134",19,1,"unborn"
"104",1,"1134",20,1,"unborn"
"105",1,"1134",21,1,"unborn"
"106",1,"1134",22,1,"unborn"
"107",1,"1134",23,1,"unborn"
"108",1,"1134",24,1,"unborn"
"109",1,"1134",25,1,"unborn"
"110",1,"1134",26,1,"unborn"
"111",1,"1134",27,1,"unborn"
"112",1,"1134",28,1,"unborn"
"113",1,"1134",29,1,"unborn"
"114",1,"1134",30,1,"unborn"
"115",1,"1134",31,1,"unborn"
"116",1,"1134",32,1,"unborn"
"117",1,"1134",33,1,"unborn"
"118",1,"1134",34,1,"unborn"
"119",1,"1134",35,1,"unborn"
"120",1,"1134",36,1,"unborn"
"121",1,"1134",37,1,"unborn"
"122",1,"1134",38,1,"unborn"
"123",1,"1134",39,1,"unborn"
"124",1,"1134",40,1,"unborn"
"125",1,"1134",41,1,"unborn"
"127",1,"1231",1,1,"unborn"
"128",1,"1231",2,1,"unborn"
"129",1,"1231",3,1,"unborn"
"130",1,"1231",4,1,"unborn"
"131",1,"1231",5,1,"unborn"
"132",1,"1231",6,1,"unborn"
"133",1,"1231",7,1,"unborn"
"134",1,"1231",8,1,"unborn"
"135",1,"1231",9,1,"unborn"
"136",1,"1231",10,1,"unborn"
"137",1,"1231",11,1,"unborn"
"138",1,"1231",12,1,"unborn"
"139",1,"1231",13,1,"unborn"
"140",1,"1231",14,1,"unborn"
"141",1,"1231",15,1,"unborn"
"142",1,"1231",16,1,"unborn"
"143",1,"1231",17,1,"unborn"
"144",1,"1231",18,1,"unborn"
"145",1,"1231",19,1,"unborn"
"146",1,"1231",20,1,"unborn"
"147",1,"1231",21,1,"unborn"
"148",1,"1231",22,1,"unborn"
"149",1,"1231",23,1,"unborn"
"150",1,"1231",24,1,"unborn"
"151",1,"1231",25,1,"unborn"
"152",1,"1231",26,1,"unborn"
"153",1,"1231",27,1,"unborn"
"154",1,"1231",28,1,"unborn"
"155",1,"1231",29,1,"unborn"
"156",1,"1231",30,1,"unborn"
"157",1,"1231",31,1,"unborn"
"158",1,"1231",32,1,"unborn"
"159",1,"1231",33,1,"unborn"
"160",1,"1231",34,1,"unborn"
"161",1,"1231",35,1,"unborn"
"162",1,"1231",36,1,"unborn"
"163",1,"1231",37,1,"calf"
"164",1,"1231",38,1,"calf"
"165",1,"1231",39,1,"calf"
"166",1,"1231",40,1,"calf"
"167",1,"1231",41,1,"calf"
"169",1,"1253",1,1,"unborn"
"170",1,"1253",2,1,"unborn"
"171",1,"1253",3,1,"unborn"
"172",1,"1253",4,1,"unborn"
"173",1,"1253",5,1,"unborn"
"174",1,"1253",6,1,"unborn"
"175",1,"1253",7,1,"unborn"
"176",1,"1253",8,1,"unborn"
"177",1,"1253",9,1,"unborn"
"178",1,"1253",10,1,"unborn"
"179",1,"1253",11,1,"unborn"
"180",1,"1253",12,1,"unborn"
"181",1,"1253",13,1,"unborn"
"182",1,"1253",14,1,"unborn"
"183",1,"1253",15,1,"unborn"
"184",1,"1253",16,1,"unborn"
"185",1,"1253",17,1,"unborn"
"186",1,"1253",18,1,"unborn"
"187",1,"1253",19,1,"unborn"
"188",1,"1253",20,1,"unborn"
"189",1,"1253",21,1,"unborn"
"190",1,"1253",22,1,"unborn"
"191",1,"1253",23,1,"unborn"
"192",1,"1253",24,1,"unborn"
"193",1,"1253",25,1,"unborn"
"194",1,"1253",26,1,"unborn"
"195",1,"1253",27,1,"unborn"
"196",1,"1253",28,1,"unborn"
"197",1,"1253",29,1,"unborn"
"198",1,"1253",30,1,"unborn"
"199",1,"1253",31,1,"unborn"
"200",1,"1253",32,1,"unborn"
"201",1,"1253",33,1,"unborn"
"202",1,"1253",34,1,"calf"
"203",1,"1253",35,1,"calf"
"204",1,"1253",36,1,"calf"
"205",1,"1253",37,1,"calf"
"206",1,"1253",38,1,"calf"
"207",1,"1253",39,1,"calf"
"208",1,"1253",40,1,"calf"
"209",1,"1253",41,1,"calf"
"211",1,"1315",1,1,"unborn"
"212",1,"1315",2,1,"unborn"
"213",1,"1315",3,1,"unborn"
"214",1,"1315",4,1,"unborn"
"215",1,"1315",5,1,"unborn"
"216",1,"1315",6,1,"unborn"
"217",1,"1315",7,1,"unborn"
"218",1,"1315",8,1,"unborn"
"219",1,"1315",9,1,"unborn"
"220",1,"1315",10,1,"unborn"
"221",1,"1315",11,1,"unborn"
"222",1,"1315",12,1,"unborn"
"223",1,"1315",13,1,"unborn"
"224",1,"1315",14,1,"unborn"
"225",1,"1315",15,1,"unborn"
"226",1,"1315",16,1,"unborn"
"227",1,"1315",17,1,"unborn"
"228",1,"1315",18,1,"unborn"
"229",1,"1315",19,1,"unborn"
"230",1,"1315",20,1,"unborn"
"231",1,"1315",21,1,"calf"
"232",1,"1315",22,1,"calf"
"233",1,"1315",23,1,"calf"
"234",1,"1315",24,1,"calf"
"235",1,"1315",25,1,"calf"
"236",1,"1315",26,1,"calf"
"237",1,"1315",27,1,"calf"
"238",1,"1315",28,1,"calf"
"239",1,"1315",29,1,"calf"
"240",1,"1315",30,1,"juvenile"
"241",1,"1315",31,1,"juvenile"
"242",1,"1315",32,1,"juvenile"
"243",1,"1315",33,1,"juvenile"
"244",1,"1315",34,1,"juvenile"
"245",1,"1315",35,1,"juvenile"
"246",1,"1315",36,1,"juvenile"
"247",1,"1315",37,1,"juvenile"
"248",1,"1315",38,1,"juvenile"
"249",1,"1315",39,1,"juvenile"
"250",1,"1315",40,1,"juvenile"
"251",1,"1315",41,1,"juvenile"
"253",1,"1316",1,1,"unborn"
"254",1,"1316",2,1,"unborn"
"255",1,"1316",3,1,"unborn"
"256",1,"1316",4,1,"unborn"
"257",1,"1316",5,1,"unborn"
"258",1,"1316",6,1,"unborn"
"259",1,"1316",7,1,"unborn"
"260",1,"1316",8,1,"unborn"
"261",1,"1316",9,1,"unborn"
"262",1,"1316",10,1,"unborn"
"263",1,"1316",11,1,"unborn"
"264",1,"1316",12,1,"unborn"
"265",1,"1316",13,1,"unborn"
"266",1,"1316",14,1,"unborn"
"267",1,"1316",15,1,"unborn"
"268",1,"1316",16,1,"unborn"
"269",1,"1316",17,1,"unborn"
"270",1,"1316",18,1,"unborn"
"271",1,"1316",19,1,"unborn"
"272",1,"1316",20,1,"unborn"
"273",1,"1316",21,1,"unborn"
"274",1,"1316",22,1,"unborn"
"275",1,"1316",23,1,"unborn"
"276",1,"1316",24,1,"unborn"
"277",1,"1316",25,1,"unborn"
"278",1,"1316",26,1,"unborn"
"279",1,"1316",27,1,"unborn"
"280",1,"1316",28,1,"unborn"
"281",1,"1316",29,1,"unborn"
"282",1,"1316",30,1,"calf"
"283",1,"1316",31,1,"calf"
"284",1,"1316",32,1,"calf"
"285",1,"1316",33,1,"calf"
"286",1,"1316",34,1,"calf"
"287",1,"1316",35,1,"calf"
"288",1,"1316",36,1,"calf"
"289",1,"1316",37,1,"calf"
"290",1,"1316",38,1,"calf"
"291",1,"1316",39,1,"calf"
"292",1,"1316",40,1,"calf"
"293",1,"1316",41,1,"calf"
"295",1,"1317",1,1,"unborn"
"296",1,"1317",2,1,"unborn"
"297",1,"1317",3,1,"unborn"
"298",1,"1317",4,1,"unborn"
"299",1,"1317",5,1,"unborn"
"300",1,"1317",6,1,"unborn"
"301",1,"1317",7,1,"unborn"
"302",1,"1317",8,1,"unborn"
"303",1,"1317",9,1,"unborn"
"304",1,"1317",10,1,"unborn"
"305",1,"1317",11,1,"unborn"
"306",1,"1317",12,1,"unborn"
"307",1,"1317",13,1,"unborn"
"308",1,"1317",14,1,"unborn"
"309",1,"1317",15,1,"unborn"
"310",1,"1317",16,1,"unborn"
"311",1,"1317",17,1,"unborn"
"312",1,"1317",18,1,"unborn"
"313",1,"1317",19,1,"unborn"
"314",1,"1317",20,1,"unborn"
"315",1,"1317",21,1,"unborn"
"316",1,"1317",22,1,"unborn"
"317",1,"1317",23,1,"unborn"
"318",1,"1317",24,1,"unborn"
"319",1,"1317",25,1,"unborn"
"320",1,"1317",26,1,"unborn"
"321",1,"1317",27,1,"unborn"
"322",1,"1317",28,1,"unborn"
"323",1,"1317",29,1,"unborn"
"324",1,"1317",30,1,"unborn"
"325",1,"1317",31,1,"unborn"
"326",1,"1317",32,1,"unborn"
"327",1,"1317",33,1,"unborn"
"328",1,"1317",34,1,"unborn"
"329",1,"1317",35,1,"unborn"
"330",1,"1317",36,1,"unborn"
"331",1,"1317",37,1,"unborn"
"332",1,"1317",38,1,"unborn"
"333",1,"1317",39,1,"unborn"
"334",1,"1317",40,1,"unborn"
"335",1,"1317",41,1,"unborn"
"337",1,"1351",1,1,"unborn"
"338",1,"1351",2,1,"unborn"
"339",1,"1351",3,1,"unborn"
"340",1,"1351",4,1,"unborn"
"341",1,"1351",5,1,"unborn"
"342",1,"1351",6,1,"unborn"
"343",1,"1351",7,1,"unborn"
"344",1,"1351",8,1,"unborn"
"345",1,"1351",9,1,"unborn"
"346",1,"1351",10,1,"unborn"
"347",1,"1351",11,1,"unborn"
"348",1,"1351",12,1,"unborn"
"349",1,"1351",13,1,"unborn"
"350",1,"1351",14,1,"unborn"
"351",1,"1351",15,1,"unborn"
"352",1,"1351",16,1,"unborn"
"353",1,"1351",17,1,"unborn"
"354",1,"1351",18,1,"unborn"
"355",1,"1351",19,1,"unborn"
"356",1,"1351",20,1,"unborn"
"357",1,"1351",21,1,"unborn"
"358",1,"1351",22,1,"unborn"
"359",1,"1351",23,1,"unborn"
"360",1,"1351",24,1,"unborn"
"361",1,"1351",25,1,"unborn"
"362",1,"1351",26,1,"unborn"
"363",1,"1351",27,1,"unborn"
"364",1,"1351",28,1,"unborn"
"365",1,"1351",29,1,"unborn"
"366",1,"1351",30,1,"calf"
"367",1,"1351",31,1,"calf"
"368",1,"1351",32,1,"calf"
"369",1,"1351",33,1,"calf"
"370",1,"1351",34,1,"calf"
"371",1,"1351",35,1,"calf"
"372",1,"1351",36,1,"calf"
"373",1,"1351",37,1,"calf"
"374",1,"1351",38,1,"calf"
"375",1,"1351",39,1,"calf"
"376",1,"1351",40,1,"calf"
"377",1,"1351",41,1,"calf"
"379",1,"1412",1,1,"unborn"
"380",1,"1412",2,1,"unborn"
"381",1,"1412",3,1,"unborn"
"382",1,"1412",4,1,"unborn"
"383",1,"1412",5,1,"unborn"
"384",1,"1412",6,1,"unborn"
"385",1,"1412",7,1,"unborn"
"386",1,"1412",8,1,"unborn"
"387",1,"1412",9,1,"unborn"
"388",1,"1412",10,1,"unborn"
"389",1,"1412",11,1,"unborn"
"390",1,"1412",12,1,"unborn"
"391",1,"1412",13,1,"unborn"
"392",1,"1412",14,1,"unborn"
"393",1,"1412",15,1,"unborn"
"394",1,"1412",16,1,"calf"
"395",1,"1412",17,1,"calf"
"396",1,"1412",18,1,"calf"
"397",1,"1412",19,1,"calf"
"398",1,"1412",20,1,"calf"
"399",1,"1412",21,1,"calf"
"400",1,"1412",22,1,"calf"
"401",1,"1412",23,1,"calf"
"402",1,"1412",24,1,"juvenile"
"403",1,"1412",25,1,"juvenile"
"404",1,"1412",26,1,"juvenile"
"405",1,"1412",27,1,"juvenile"
"406",1,"1412",28,1,"juvenile"
"407",1,"1412",29,1,"juvenile"
"408",1,"1412",30,1,"juvenile"
"409",1,"1412",31,1,"juvenile"
"410",1,"1412",32,1,"juvenile"
"411",1,"1412",33,1,"juvenile"
"412",1,"1412",34,1,"juvenile"
"413",1,"1412",35,1,"juvenile"
"414",1,"1412",36,1,"juvenile"
"415",1,"1412",37,1,"juvenile"
"416",1,"1412",38,1,"juvenile"
"417",1,"1412",39,1,"juvenile"
"418",1,"1412",40,1,"juvenile"
"419",1,"1412",41,1,"juvenile"
"421",1,"1414",1,1,"unborn"
"422",1,"1414",2,1,"unborn"
"423",1,"1414",3,1,"unborn"
"424",1,"1414",4,1,"unborn"
"425",1,"1414",5,1,"unborn"
"426",1,"1414",6,1,"unborn"
"427",1,"1414",7,1,"unborn"
"428",1,"1414",8,1,"unborn"
"429",1,"1414",9,1,"unborn"
"430",1,"1414",10,1,"unborn"
"431",1,"1414",11,1,"unborn"
"432",1,"1414",12,1,"unborn"
"433",1,"1414",13,1,"unborn"
"434",1,"1414",14,1,"unborn"
"435",1,"1414",15,1,"unborn"
"436",1,"1414",16,1,"unborn"
"437",1,"1414",17,1,"unborn"
"438",1,"1414",18,1,"unborn"
"439",1,"1414",19,1,"unborn"
"440",1,"1414",20,1,"unborn"
"441",1,"1414",21,1,"unborn"
"442",1,"1414",22,1,"unborn"
"443",1,"1414",23,1,"unborn"
"444",1,"1414",24,1,"unborn"
"445",1,"1414",25,1,"unborn"
"446",1,"1414",26,1,"unborn"
"447",1,"1414",27,1,"unborn"
"448",1,"1414",28,1,"unborn"
"449",1,"1414",29,1,"unborn"
"450",1,"1414",30,1,"unborn"
"451",1,"1414",31,1,"unborn"
"452",1,"1414",32,1,"unborn"
"453",1,"1414",33,1,"unborn"
"454",1,"1414",34,1,"calf"
"455",1,"1414",35,1,"calf"
"456",1,"1414",36,1,"calf"
"457",1,"1414",37,1,"calf"
"458",1,"1414",38,1,"calf"
"459",1,"1414",39,1,"calf"
"460",1,"1414",40,1,"calf"
"461",1,"1414",41,1,"calf"
"463",1,"1452",1,1,"adult"
"464",1,"1452",2,1,"adult"
"465",1,"1452",3,1,"adult"
"466",1,"1452",4,1,"adult"
"467",1,"1452",5,1,"adult"
"468",1,"1452",6,1,"adult"
"469",1,"1452",7,1,"adult"
"470",1,"1452",8,1,"adult"
"471",1,"1452",9,1,"adult"
"472",1,"1452",10,1,"adult"
"473",1,"1452",11,1,"adult"
"474",1,"1452",12,1,"adult"
"475",1,"1452",13,1,"adult"
"476",1,"1452",14,1,"adult"
"477",1,"1452",15,1,"adult"
"478",1,"1452",16,1,"adult"
"479",1,"1452",17,1,"adult"
"480",1,"1452",18,1,"adult"
"481",1,"1452",19,1,"adult"
"482",1,"1452",20,1,"adult"
"483",1,"1452",21,1,"adult"
"484",1,"1452",22,1,"adult"
"485",1,"1452",23,1,"adult"
"486",1,"1452",24,1,"adult"
"487",1,"1452",25,1,"adult"
"488",1,"1452",26,1,"adult"
"489",1,"1452",27,1,"adult"
"490",1,"1452",28,1,"adult"
"491",1,"1452",29,1,"adult"
"492",1,"1452",30,1,"adult"
"493",1,"1452",31,1,"adult"
"494",1,"1452",32,1,"adult"
"495",1,"1452",33,1,"adult"
"496",1,"1452",34,1,"adult"
"497",1,"1452",35,1,"adult"
"498",1,"1452",36,1,"adult"
"499",1,"1452",37,1,"adult"
"500",1,"1452",38,1,"adult"
"501",1,"1452",39,1,"adult"
"502",1,"1452",40,1,"adult"
"503",1,"1452",41,1,"adult"
"505",1,"1454",1,1,"adult"
"506",1,"1454",2,1,"adult"
"507",1,"1454",3,1,"adult"
"508",1,"1454",4,1,"adult"
"509",1,"1454",5,1,"adult"
"510",1,"1454",6,1,"adult"
"511",1,"1454",7,1,"adult"
"512",1,"1454",8,1,"adult"
"513",1,"1454",9,1,"adult"
"514",1,"1454",10,1,"adult"
"515",1,"1454",11,1,"adult"
"516",1,"1454",12,1,"adult"
"517",1,"1454",13,1,"adult"
"518",1,"1454",14,1,"adult"
"519",1,"1454",15,1,"adult"
"520",1,"1454",16,1,"adult"
"521",1,"1454",17,1,"adult"
"522",1,"1454",18,1,"adult"
"523",1,"1454",19,1,"adult"
"524",1,"1454",20,1,"adult"
"525",1,"1454",21,1,"adult"
"526",1,"1454",22,1,"adult"
"527",1,"1454",23,1,"adult"
"528",1,"1454",24,1,"adult"
"529",1,"1454",25,1,"adult"
"530",1,"1454",26,1,"adult"
"531",1,"1454",27,1,"adult"
"532",1,"1454",28,1,"adult"
"533",1,"1454",29,1,"adult"
"534",1,"1454",30,1,"adult"
"535",1,"1454",31,1,"adult"
"536",1,"1454",32,1,"adult"
"537",1,"1454",33,1,"adult"
"538",1,"1454",34,1,"adult"
"539",1,"1454",35,1,"adult"
"540",1,"1454",36,1,"adult"
"541",1,"1454",37,1,"adult"
"542",1,"1454",38,1,"adult"
"543",1,"1454",39,1,"adult"
"544",1,"1454",40,1,"adult"
"545",1,"1454",41,1,"adult"
"547",1,"1455",1,1,"unborn"
"548",1,"1455",2,1,"unborn"
"549",1,"1455",3,1,"unborn"
"550",1,"1455",4,1,"unborn"
"551",1,"1455",5,1,"unborn"
"552",1,"1455",6,1,"unborn"
"553",1,"1455",7,1,"unborn"
"554",1,"1455",8,1,"unborn"
"555",1,"1455",9,1,"unborn"
"556",1,"1455",10,1,"unborn"
"557",1,"1455",11,1,"unborn"
"558",1,"1455",12,1,"unborn"
"559",1,"1455",13,1,"unborn"
"560",1,"1455",14,1,"unborn"
"561",1,"1455",15,1,"unborn"
"562",1,"1455",16,1,"unborn"
"563",1,"1455",17,1,"unborn"
"564",1,"1455",18,1,"unborn"
"565",1,"1455",19,1,"unborn"
"566",1,"1455",20,1,"unborn"
"567",1,"1455",21,1,"unborn"
"568",1,"1455",22,1,"unborn"
"569",1,"1455",23,1,"unborn"
"570",1,"1455",24,1,"calf"
"571",1,"1455",25,1,"calf"
"572",1,"1455",26,1,"calf"
"573",1,"1455",27,1,"calf"
"574",1,"1455",28,1,"calf"
"575",1,"1455",29,1,"calf"
"576",1,"1455",30,1,"calf"
"577",1,"1455",31,1,"calf"
"578",1,"1455",32,1,"calf"
"579",1,"1455",33,1,"calf"
"580",1,"1455",34,1,"calf"
"581",1,"1455",35,1,"calf"
"582",1,"1455",36,1,"calf"
"583",1,"1455",37,1,"juvenile"
"584",1,"1455",38,1,"juvenile"
"585",1,"1455",39,1,"juvenile"
"586",1,"1455",40,1,"juvenile"
"587",1,"1455",41,1,"juvenile"
"589",1,"1494",1,1,"unborn"
"590",1,"1494",2,1,"unborn"
"591",1,"1494",3,1,"unborn"
"592",1,"1494",4,1,"unborn"
"593",1,"1494",5,1,"unborn"
"594",1,"1494",6,1,"unborn"
"595",1,"1494",7,1,"unborn"
"596",1,"1494",8,1,"unborn"
"597",1,"1494",9,1,"unborn"
"598",1,"1494",10,1,"unborn"
"599",1,"1494",11,1,"unborn"
"600",1,"1494",12,1,"unborn"
"601",1,"1494",13,1,"unborn"
"602",1,"1494",14,1,"unborn"
"603",1,"1494",15,1,"unborn"
"604",1,"1494",16,1,"unborn"
"605",1,"1494",17,1,"unborn"
"606",1,"1494",18,1,"unborn"
"607",1,"1494",19,1,"calf"
"608",1,"1494",20,1,"calf"
"609",1,"1494",21,1,"calf"
"610",1,"1494",22,1,"calf"
"611",1,"1494",23,1,"calf"
"612",1,"1494",24,1,"calf"
"613",1,"1494",25,1,"calf"
"614",1,"1494",26,1,"juvenile"
"615",1,"1494",27,1,"juvenile"
"616",1,"1494",28,1,"juvenile"
"617",1,"1494",29,1,"juvenile"
"618",1,"1494",30,1,"juvenile"
"619",1,"1494",31,1,"juvenile"
"620",1,"1494",32,1,"juvenile"
"621",1,"1494",33,1,"juvenile"
"622",1,"1494",34,1,"juvenile"
"623",1,"1494",35,1,"juvenile"
"624",1,"1494",36,1,"juvenile"
"625",1,"1494",37,1,"juvenile"
"626",1,"1494",38,1,"juvenile"
"627",1,"1494",39,1,"juvenile"
"628",1,"1494",40,1,"juvenile"
"629",1,"1494",41,1,"juvenile"
"631",1,"1495",1,1,"unborn"
"632",1,"1495",2,1,"unborn"
"633",1,"1495",3,1,"unborn"
"634",1,"1495",4,1,"unborn"
"635",1,"1495",5,1,"unborn"
"636",1,"1495",6,1,"unborn"
"637",1,"1495",7,1,"unborn"
"638",1,"1495",8,1,"unborn"
"639",1,"1495",9,1,"unborn"
"640",1,"1495",10,1,"unborn"
"641",1,"1495",11,1,"unborn"
"642",1,"1495",12,1,"unborn"
"643",1,"1495",13,1,"unborn"
"644",1,"1495",14,1,"unborn"
"645",1,"1495",15,1,"unborn"
"646",1,"1495",16,1,"unborn"
"647",1,"1495",17,1,"unborn"
"648",1,"1495",18,1,"unborn"
"649",1,"1495",19,1,"unborn"
"650",1,"1495",20,1,"unborn"
"651",1,"1495",21,1,"unborn"
"652",1,"1495",22,1,"unborn"
"653",1,"1495",23,1,"unborn"
"654",1,"1495",24,1,"unborn"
"655",1,"1495",25,1,"unborn"
"656",1,"1495",26,1,"unborn"
"657",1,"1495",27,1,"unborn"
"658",1,"1495",28,1,"unborn"
"659",1,"1495",29,1,"unborn"
"660",1,"1495",30,1,"calf"
"661",1,"1495",31,1,"calf"
"662",1,"1495",32,1,"calf"
"663",1,"1495",33,1,"calf"
"664",1,"1495",34,1,"calf"
"665",1,"1495",35,1,"calf"
"666",1,"1495",36,1,"calf"
"667",1,"1495",37,1,"calf"
"668",1,"1495",38,1,"calf"
"669",1,"1495",39,1,"calf"
"670",1,"1495",40,1,"calf"
"671",1,"1495",41,1,"calf"
"673",1,"1496",1,1,"unborn"
"674",1,"1496",2,1,"unborn"
"675",1,"1496",3,1,"unborn"
"676",1,"1496",4,1,"unborn"
"677",1,"1496",5,1,"unborn"
"678",1,"1496",6,1,"unborn"
"679",1,"1496",7,1,"unborn"
"680",1,"1496",8,1,"unborn"
"681",1,"1496",9,1,"unborn"
"682",1,"1496",10,1,"unborn"
"683",1,"1496",11,1,"unborn"
"684",1,"1496",12,1,"unborn"
"685",1,"1496",13,1,"unborn"
"686",1,"1496",14,1,"unborn"
"687",1,"1496",15,1,"unborn"
"688",1,"1496",16,1,"unborn"
"689",1,"1496",17,1,"unborn"
"690",1,"1496",18,1,"unborn"
"691",1,"1496",19,1,"unborn"
"692",1,"1496",20,1,"unborn"
"693",1,"1496",21,1,"unborn"
"694",1,"1496",22,1,"unborn"
"695",1,"1496",23,1,"unborn"
"696",1,"1496",24,1,"unborn"
"697",1,"1496",25,1,"unborn"
"698",1,"1496",26,1,"unborn"
"699",1,"1496",27,1,"unborn"
"700",1,"1496",28,1,"unborn"
"701",1,"1496",29,1,"unborn"
"702",1,"1496",30,1,"unborn"
"703",1,"1496",31,1,"unborn"
"704",1,"1496",32,1,"unborn"
"705",1,"1496",33,1,"unborn"
"706",1,"1496",34,1,"unborn"
"707",1,"1496",35,1,"unborn"
"708",1,"1496",36,1,"unborn"
"709",1,"1496",37,1,"unborn"
"710",1,"1496",38,1,"unborn"
"711",1,"1496",39,1,"unborn"
"712",1,"1496",40,1,"unborn"
"713",1,"1496",41,1,"unborn"
"715",1,"1511",1,1,"unborn"
"716",1,"1511",2,1,"unborn"
"717",1,"1511",3,1,"unborn"
"718",1,"1511",4,1,"unborn"
"719",1,"1511",5,1,"unborn"
"720",1,"1511",6,1,"unborn"
"721",1,"1511",7,1,"unborn"
"722",1,"1511",8,1,"unborn"
"723",1,"1511",9,1,"unborn"
"724",1,"1511",10,1,"unborn"
"725",1,"1511",11,1,"unborn"
"726",1,"1511",12,1,"unborn"
"727",1,"1511",13,1,"unborn"
"728",1,"1511",14,1,"unborn"
"729",1,"1511",15,1,"unborn"
"730",1,"1511",16,1,"unborn"
"731",1,"1511",17,1,"unborn"
"732",1,"1511",18,1,"unborn"
"733",1,"1511",19,1,"unborn"
"734",1,"1511",20,1,"unborn"
"735",1,"1511",21,1,"unborn"
"736",1,"1511",22,1,"unborn"
"737",1,"1511",23,1,"unborn"
"738",1,"1511",24,1,"unborn"
"739",1,"1511",25,1,"unborn"
"740",1,"1511",26,1,"unborn"
"741",1,"1511",27,1,"unborn"
"742",1,"1511",28,1,"unborn"
"743",1,"1511",29,1,"unborn"
"744",1,"1511",30,1,"unborn"
"745",1,"1511",31,1,"unborn"
"746",1,"1511",32,1,"unborn"
"747",1,"1511",33,1,"unborn"
"748",1,"1511",34,1,"calf"
"749",1,"1511",35,1,"calf"
"750",1,"1511",36,1,"calf"
"751",1,"1511",37,1,"calf"
"752",1,"1511",38,1,"calf"
"753",1,"1511",39,1,"calf"
"754",1,"1511",40,1,"calf"
"755",1,"1511",41,1,"calf"
"757",1,"1535",1,0,"unborn"
"758",1,"1535",2,0,"unborn"
"759",1,"1535",3,0,"unborn"
"760",1,"1535",4,0,"unborn"
"761",1,"1535",5,0,"calf"
"762",1,"1535",6,0,"calf"
"763",1,"1535",7,0,"calf"
"764",1,"1535",8,0,"calf"
"765",1,"1535",9,0,"calf"
"766",1,"1535",10,0,"calf"
"767",1,"1535",11,0,"calf"
"768",1,"1535",12,0,"juvenile"
"769",1,"1535",13,0,"juvenile"
"770",1,"1535",14,0,"juvenile"
"771",1,"1535",15,0,"juvenile"
"772",1,"1535",16,0,"adult"
"773",1,"1535",17,0,"adult"
"774",1,"1535",18,0,"adult"
"775",1,"1535",19,0,"adult"
"776",1,"1535",20,0,"adult"
"777",1,"1535",21,0,"adult"
"778",1,"1535",22,0,"adult"
"779",1,"1535",23,0,"adult"
"780",1,"1535",24,0,"adult"
"781",1,"1535",25,0,"adult"
"782",1,"1535",26,0,"adult"
"783",1,"1535",27,0,"adult"
"784",1,"1535",28,0,"adult"
"785",1,"1535",29,0,"adult"
"786",1,"1535",30,0,"adult"
"787",1,"1535",31,0,"adult"
"788",1,"1535",32,0,"adult"
"789",1,"1535",33,0,"adult"
"790",1,"1535",34,0,"adult"
"791",1,"1535",35,0,"adult"
"792",1,"1535",36,0,"adult"
"793",1,"1535",37,0,"adult"
"794",1,"1535",38,0,"adult"
"795",1,"1535",39,0,"adult"
"796",1,"1535",40,0,"adult"
"797",1,"1535",41,0,"adult"
"799",1,"1536",1,1,"unborn"
"800",1,"1536",2,1,"unborn"
"801",1,"1536",3,1,"unborn"
"802",1,"1536",4,1,"unborn"
"803",1,"1536",5,1,"unborn"
"804",1,"1536",6,1,"unborn"
"805",1,"1536",7,1,"unborn"
"806",1,"1536",8,1,"unborn"
"807",1,"1536",9,1,"unborn"
"808",1,"1536",10,1,"unborn"
"809",1,"1536",11,1,"unborn"
"810",1,"1536",12,1,"calf"
"811",1,"1536",13,1,"calf"
"812",1,"1536",14,1,"calf"
"813",1,"1536",15,1,"juvenile"
"814",1,"1536",16,1,"juvenile"
"815",1,"1536",17,1,"juvenile"
"816",1,"1536",18,1,"juvenile"
"817",1,"1536",19,1,"juvenile"
"818",1,"1536",20,1,"juvenile"
"819",1,"1536",21,1,"juvenile"
"820",1,"1536",22,1,"juvenile"
"821",1,"1536",23,1,"juvenile"
"822",1,"1536",24,1,"adult"
"823",1,"1536",25,1,"adult"
"824",1,"1536",26,1,"adult"
"825",1,"1536",27,1,"adult"
"826",1,"1536",28,1,"adult"
"827",1,"1536",29,1,"adult"
"828",1,"1536",30,1,"adult"
"829",1,"1536",31,1,"adult"
"830",1,"1536",32,1,"adult"
"831",1,"1536",33,1,"adult"
"832",1,"1536",34,1,"adult"
"833",1,"1536",35,1,"adult"
"834",1,"1536",36,1,"adult"
"835",1,"1536",37,1,"adult"
"836",1,"1536",38,1,"adult"
"837",1,"1536",39,1,"adult"
"838",1,"1536",40,1,"adult"
"839",1,"1536",41,1,"adult"
"841",1,"1556",1,1,"unborn"
"842",1,"1556",2,1,"unborn"
"843",1,"1556",3,1,"unborn"
"844",1,"1556",4,1,"unborn"
"845",1,"1556",5,1,"unborn"
"846",1,"1556",6,1,"unborn"
"847",1,"1556",7,1,"unborn"
"848",1,"1556",8,1,"unborn"
"849",1,"1556",9,1,"unborn"
"850",1,"1556",10,1,"unborn"
"851",1,"1556",11,1,"unborn"
"852",1,"1556",12,1,"unborn"
"853",1,"1556",13,1,"unborn"
"854",1,"1556",14,1,"unborn"
"855",1,"1556",15,1,"unborn"
"856",1,"1556",16,1,"unborn"
"857",1,"1556",17,1,"unborn"
"858",1,"1556",18,1,"unborn"
"859",1,"1556",19,1,"unborn"
"860",1,"1556",20,1,"unborn"
"861",1,"1556",21,1,"unborn"
"862",1,"1556",22,1,"unborn"
"863",1,"1556",23,1,"unborn"
"864",1,"1556",24,1,"unborn"
"865",1,"1556",25,1,"unborn"
"866",1,"1556",26,1,"unborn"
"867",1,"1556",27,1,"unborn"
"868",1,"1556",28,1,"unborn"
"869",1,"1556",29,1,"unborn"
"870",1,"1556",30,1,"unborn"
"871",1,"1556",31,1,"unborn"
"872",1,"1556",32,1,"unborn"
"873",1,"1556",33,1,"unborn"
"874",1,"1556",34,1,"unborn"
"875",1,"1556",35,1,"unborn"
"876",1,"1556",36,1,"unborn"
"877",1,"1556",37,1,"unborn"
"878",1,"1556",38,1,"unborn"
"879",1,"1556",39,1,"unborn"
"880",1,"1556",40,1,"unborn"
"881",1,"1556",41,1,"unborn"
"883",1,"1593",1,1,"unborn"
"884",1,"1593",2,1,"unborn"
"885",1,"1593",3,1,"unborn"
"886",1,"1593",4,1,"unborn"
"887",1,"1593",5,1,"unborn"
"888",1,"1593",6,1,"unborn"
"889",1,"1593",7,1,"unborn"
"890",1,"1593",8,1,"unborn"
"891",1,"1593",9,1,"unborn"
"892",1,"1593",10,1,"unborn"
"893",1,"1593",11,1,"unborn"
"894",1,"1593",12,1,"unborn"
"895",1,"1593",13,1,"unborn"
"896",1,"1593",14,1,"unborn"
"897",1,"1593",15,1,"unborn"
"898",1,"1593",16,1,"unborn"
"899",1,"1593",17,1,"unborn"
"900",1,"1593",18,1,"unborn"
"901",1,"1593",19,1,"unborn"
"902",1,"1593",20,1,"unborn"
"903",1,"1593",21,1,"unborn"
"904",1,"1593",22,1,"unborn"
"905",1,"1593",23,1,"unborn"
"906",1,"1593",24,1,"unborn"
"907",1,"1593",25,1,"unborn"
"908",1,"1593",26,1,"unborn"
"909",1,"1593",27,1,"unborn"
"910",1,"1593",28,1,"unborn"
"911",1,"1593",29,1,"unborn"
"912",1,"1593",30,1,"unborn"
"913",1,"1593",31,1,"unborn"
"914",1,"1593",32,1,"unborn"
"915",1,"1593",33,1,"unborn"
"916",1,"1593",34,1,"unborn"
"917",1,"1593",35,1,"unborn"
"918",1,"1593",36,1,"unborn"
"919",1,"1593",37,1,"unborn"
"920",1,"1593",38,1,"unborn"
"921",1,"1593",39,1,"unborn"
"922",1,"1593",40,1,"unborn"
"923",1,"1593",41,1,"unborn"
"925",1,"1651",1,1,"unborn"
"926",1,"1651",2,1,"unborn"
"927",1,"1651",3,1,"unborn"
"928",1,"1651",4,1,"unborn"
"929",1,"1651",5,1,"unborn"
"930",1,"1651",6,1,"unborn"
"931",1,"1651",7,1,"unborn"
"932",1,"1651",8,1,"unborn"
"933",1,"1651",9,1,"unborn"
"934",1,"1651",10,1,"unborn"
"935",1,"1651",11,1,"unborn"
"936",1,"1651",12,1,"unborn"
"937",1,"1651",13,1,"unborn"
"938",1,"1651",14,1,"unborn"
"939",1,"1651",15,1,"unborn"
"940",1,"1651",16,1,"unborn"
"941",1,"1651",17,1,"unborn"
"942",1,"1651",18,1,"unborn"
"943",1,"1651",19,1,"unborn"
"944",1,"1651",20,1,"unborn"
"945",1,"1651",21,1,"unborn"
"946",1,"1651",22,1,"unborn"
"947",1,"1651",23,1,"unborn"
"948",1,"1651",24,1,"unborn"
"949",1,"1651",25,1,"unborn"
"950",1,"1651",26,1,"unborn"
"951",1,"1651",27,1,"unborn"
"952",1,"1651",28,1,"unborn"
"953",1,"1651",29,1,"unborn"
"954",1,"1651",30,1,"unborn"
"955",1,"1651",31,1,"unborn"
"956",1,"1651",32,1,"unborn"
"957",1,"1651",33,1,"unborn"
"958",1,"1651",34,1,"calf"
"959",1,"1651",35,1,"calf"
"960",1,"1651",36,1,"calf"
"961",1,"1651",37,1,"calf"
"962",1,"1651",38,1,"calf"
"963",1,"1651",39,1,"calf"
"964",1,"1651",40,1,"calf"
"965",1,"1651",41,1,"calf"
"967",1,"1672",1,1,"unborn"
"968",1,"1672",2,1,"unborn"
"969",1,"1672",3,1,"unborn"
"970",1,"1672",4,1,"unborn"
"971",1,"1672",5,1,"unborn"
"972",1,"1672",6,1,"unborn"
"973",1,"1672",7,1,"unborn"
"974",1,"1672",8,1,"unborn"
"975",1,"1672",9,1,"unborn"
"976",1,"1672",10,1,"unborn"
"977",1,"1672",11,1,"unborn"
"978",1,"1672",12,1,"unborn"
"979",1,"1672",13,1,"unborn"
"980",1,"1672",14,1,"unborn"
"981",1,"1672",15,1,"unborn"
"982",1,"1672",16,1,"unborn"
"983",1,"1672",17,1,"unborn"
"984",1,"1672",18,1,"unborn"
"985",1,"1672",19,1,"calf"
"986",1,"1672",20,1,"calf"
"987",1,"1672",21,1,"calf"
"988",1,"1672",22,1,"calf"
"989",1,"1672",23,1,"calf"
"990",1,"1672",24,1,"calf"
"991",1,"1672",25,1,"calf"
"992",1,"1672",26,1,"juvenile"
"993",1,"1672",27,1,"juvenile"
"994",1,"1672",28,1,"juvenile"
"995",1,"1672",29,1,"juvenile"
"996",1,"1672",30,1,"juvenile"
"997",1,"1672",31,1,"juvenile"
"998",1,"1672",32,1,"juvenile"
"999",1,"1672",33,1,"juvenile"
"1000",1,"1672",34,1,"juvenile"
"1001",1,"1672",35,1,"juvenile"
"1002",1,"1672",36,1,"juvenile"
"1003",1,"1672",37,1,"juvenile"
"1004",1,"1672",38,1,"juvenile"
"1005",1,"1672",39,1,"juvenile"
"1006",1,"1672",40,1,"juvenile"
"1007",1,"1672",41,1,"juvenile"
"1009",1,"1673",1,1,"unborn"
"1010",1,"1673",2,1,"unborn"
"1011",1,"1673",3,1,"unborn"
"1012",1,"1673",4,1,"unborn"
"1013",1,"1673",5,1,"unborn"
"1014",1,"1673",6,1,"unborn"
"1015",1,"1673",7,1,"unborn"
"1016",1,"1673",8,1,"unborn"
"1017",1,"1673",9,1,"unborn"
"1018",1,"1673",10,1,"unborn"
"1019",1,"1673",11,1,"unborn"
"1020",1,"1673",12,1,"unborn"
"1021",1,"1673",13,1,"unborn"
"1022",1,"1673",14,1,"unborn"
"1023",1,"1673",15,1,"unborn"
"1024",1,"1673",16,1,"unborn"
"1025",1,"1673",17,1,"unborn"
"1026",1,"1673",18,1,"unborn"
"1027",1,"1673",19,1,"unborn"
"1028",1,"1673",20,1,"unborn"
"1029",1,"1673",21,1,"unborn"
"1030",1,"1673",22,1,"unborn"
"1031",1,"1673",23,1,"unborn"
"1032",1,"1673",24,1,"unborn"
"1033",1,"1673",25,1,"unborn"
"1034",1,"1673",26,1,"unborn"
"1035",1,"1673",27,1,"unborn"
"1036",1,"1673",28,1,"unborn"
"1037",1,"1673",29,1,"unborn"
"1038",1,"1673",30,1,"calf"
"1039",1,"1673",31,1,"calf"
"1040",1,"1673",32,1,"calf"
"1041",1,"1673",33,1,"calf"
"1042",1,"1673",34,1,"calf"
"1043",1,"1673",35,1,"calf"
"1044",1,"1673",36,1,"calf"
"1045",1,"1673",37,1,"calf"
"1046",1,"1673",38,1,"calf"
"1047",1,"1673",39,1,"calf"
"1048",1,"1673",40,1,"calf"
"1049",1,"1673",41,1,"calf"
"1051",1,"1674",1,1,"unborn"
"1052",1,"1674",2,1,"unborn"
"1053",1,"1674",3,1,"unborn"
"1054",1,"1674",4,1,"unborn"
"1055",1,"1674",5,1,"unborn"
"1056",1,"1674",6,1,"unborn"
"1057",1,"1674",7,1,"unborn"
"1058",1,"1674",8,1,"unborn"
"1059",1,"1674",9,1,"unborn"
"1060",1,"1674",10,1,"unborn"
"1061",1,"1674",11,1,"unborn"
"1062",1,"1674",12,1,"unborn"
"1063",1,"1674",13,1,"unborn"
"1064",1,"1674",14,1,"unborn"
"1065",1,"1674",15,1,"unborn"
"1066",1,"1674",16,1,"unborn"
"1067",1,"1674",17,1,"unborn"
"1068",1,"1674",18,1,"unborn"
"1069",1,"1674",19,1,"unborn"
"1070",1,"1674",20,1,"unborn"
"1071",1,"1674",21,1,"unborn"
"1072",1,"1674",22,1,"unborn"
"1073",1,"1674",23,1,"unborn"
"1074",1,"1674",24,1,"unborn"
"1075",1,"1674",25,1,"unborn"
"1076",1,"1674",26,1,"unborn"
"1077",1,"1674",27,1,"unborn"
"1078",1,"1674",28,1,"unborn"
"1079",1,"1674",29,1,"unborn"
"1080",1,"1674",30,1,"unborn"
"1081",1,"1674",31,1,"unborn"
"1082",1,"1674",32,1,"unborn"
"1083",1,"1674",33,1,"unborn"
"1084",1,"1674",34,1,"unborn"
"1085",1,"1674",35,1,"unborn"
"1086",1,"1674",36,1,"unborn"
"1087",1,"1674",37,1,"unborn"
"1088",1,"1674",38,1,"unborn"
"1089",1,"1674",39,1,"unborn"
"1090",1,"1674",40,1,"unborn"
"1091",1,"1674",41,1,"unborn"
"1093",1,"1711",1,1,"unborn"
"1094",1,"1711",2,1,"unborn"
"1095",1,"1711",3,1,"unborn"
"1096",1,"1711",4,1,"unborn"
"1097",1,"1711",5,1,"unborn"
"1098",1,"1711",6,1,"unborn"
"1099",1,"1711",7,1,"unborn"
"1100",1,"1711",8,1,"unborn"
"1101",1,"1711",9,1,"unborn"
"1102",1,"1711",10,1,"unborn"
"1103",1,"1711",11,1,"unborn"
"1104",1,"1711",12,1,"unborn"
"1105",1,"1711",13,1,"unborn"
"1106",1,"1711",14,1,"unborn"
"1107",1,"1711",15,1,"unborn"
"1108",1,"1711",16,1,"unborn"
"1109",1,"1711",17,1,"unborn"
"1110",1,"1711",18,1,"unborn"
"1111",1,"1711",19,1,"unborn"
"1112",1,"1711",20,1,"unborn"
"1113",1,"1711",21,1,"unborn"
"1114",1,"1711",22,1,"unborn"
"1115",1,"1711",23,1,"unborn"
"1116",1,"1711",24,1,"unborn"
"1117",1,"1711",25,1,"unborn"
"1118",1,"1711",26,1,"unborn"
"1119",1,"1711",27,1,"unborn"
"1120",1,"1711",28,1,"unborn"
"1121",1,"1711",29,1,"unborn"
"1122",1,"1711",30,1,"unborn"
"1123",1,"1711",31,1,"unborn"
"1124",1,"1711",32,1,"unborn"
"1125",1,"1711",33,1,"unborn"
"1126",1,"1711",34,1,"unborn"
"1127",1,"1711",35,1,"unborn"
"1128",1,"1711",36,1,"unborn"
"1129",1,"1711",37,1,"calf"
"1130",1,"1711",38,1,"calf"
"1131",1,"1711",39,1,"calf"
"1132",1,"1711",40,1,"calf"
"1133",1,"1711",41,1,"calf"
"1135",1,"1753",1,1,"unborn"
"1136",1,"1753",2,1,"unborn"
"1137",1,"1753",3,1,"unborn"
"1138",1,"1753",4,1,"unborn"
"1139",1,"1753",5,1,"unborn"
"1140",1,"1753",6,1,"unborn"
"1141",1,"1753",7,1,"unborn"
"1142",1,"1753",8,1,"unborn"
"1143",1,"1753",9,1,"unborn"
"1144",1,"1753",10,1,"unborn"
"1145",1,"1753",11,1,"unborn"
"1146",1,"1753",12,1,"unborn"
"1147",1,"1753",13,1,"unborn"
"1148",1,"1753",14,1,"unborn"
"1149",1,"1753",15,1,"unborn"
"1150",1,"1753",16,1,"unborn"
"1151",1,"1753",17,1,"unborn"
"1152",1,"1753",18,1,"unborn"
"1153",1,"1753",19,1,"unborn"
"1154",1,"1753",20,1,"unborn"
"1155",1,"1753",21,1,"unborn"
"1156",1,"1753",22,1,"unborn"
"1157",1,"1753",23,1,"unborn"
"1158",1,"1753",24,1,"calf"
"1159",1,"1753",25,1,"calf"
"1160",1,"1753",26,1,"calf"
"1161",1,"1753",27,1,"calf"
"1162",1,"1753",28,1,"calf"
"1163",1,"1753",29,1,"calf"
"1164",1,"1753",30,1,"calf"
"1165",1,"1753",31,1,"calf"
"1166",1,"1753",32,1,"calf"
"1167",1,"1753",33,1,"calf"
"1168",1,"1753",34,1,"calf"
"1169",1,"1753",35,1,"calf"
"1170",1,"1753",36,1,"calf"
"1171",1,"1753",37,1,"juvenile"
"1172",1,"1753",38,1,"juvenile"
"1173",1,"1753",39,1,"juvenile"
"1174",1,"1753",40,1,"juvenile"
"1175",1,"1753",41,1,"juvenile"
"1177",1,"1832",1,0,"calf"
"1178",1,"1832",2,0,"calf"
"1179",1,"1832",3,0,"calf"
"1180",1,"1832",4,0,"calf"
"1181",1,"1832",5,0,"calf"
"1182",1,"1832",6,0,"calf"
"1183",1,"1832",7,0,"calf"
"1184",1,"1832",8,0,"calf"
"1185",1,"1832",9,0,"juvenile"
"1186",1,"1832",10,0,"juvenile"
"1187",1,"1832",11,0,"juvenile"
"1188",1,"1832",12,0,"juvenile"
"1189",1,"1832",13,0,"juvenile"
"1190",1,"1832",14,0,"adult"
"1191",1,"1832",15,0,"adult"
"1192",1,"1832",16,0,"adult"
"1193",1,"1832",17,0,"adult"
"1194",1,"1832",18,0,"adult"
"1195",1,"1832",19,0,"adult"
"1196",1,"1832",20,0,"adult"
"1197",1,"1832",21,0,"adult"
"1198",1,"1832",22,0,"adult"
"1199",1,"1832",23,0,"adult"
"1200",1,"1832",24,0,"adult"
"1201",1,"1832",25,0,"adult"
"1202",1,"1832",26,0,"adult"
"1203",1,"1832",27,0,"adult"
"1204",1,"1832",28,0,"adult"
"1205",1,"1832",29,0,"adult"
"1206",1,"1832",30,0,"adult"
"1207",1,"1832",31,0,"adult"
"1208",1,"1832",32,0,"adult"
"1209",1,"1832",33,0,"adult"
"1210",1,"1832",34,0,"adult"
"1211",1,"1832",35,0,"adult"
"1212",1,"1832",36,0,"adult"
"1213",1,"1832",37,0,"adult"
"1214",1,"1832",38,0,"adult"
"1215",1,"1832",39,0,"adult"
"1216",1,"1832",40,0,"adult"
"1217",1,"1832",41,0,"adult"
"1219",1,"1833",1,1,"unborn"
"1220",1,"1833",2,1,"unborn"
"1221",1,"1833",3,1,"unborn"
"1222",1,"1833",4,1,"unborn"
"1223",1,"1833",5,1,"unborn"
"1224",1,"1833",6,1,"unborn"
"1225",1,"1833",7,1,"unborn"
"1226",1,"1833",8,1,"unborn"
"1227",1,"1833",9,1,"unborn"
"1228",1,"1833",10,1,"unborn"
"1229",1,"1833",11,1,"calf"
"1230",1,"1833",12,1,"calf"
"1231",1,"1833",13,1,"calf"
"1232",1,"1833",14,1,"juvenile"
"1233",1,"1833",15,1,"juvenile"
"1234",1,"1833",16,1,"juvenile"
"1235",1,"1833",17,1,"juvenile"
"1236",1,"1833",18,1,"juvenile"
"1237",1,"1833",19,1,"juvenile"
"1238",1,"1833",20,1,"juvenile"
"1239",1,"1833",21,1,"juvenile"
"1240",1,"1833",22,1,"juvenile"
"1241",1,"1833",23,1,"adult"
"1242",1,"1833",24,1,"adult"
"1243",1,"1833",25,1,"adult"
"1244",1,"1833",26,1,"adult"
"1245",1,"1833",27,1,"adult"
"1246",1,"1833",28,1,"adult"
"1247",1,"1833",29,1,"adult"
"1248",1,"1833",30,1,"adult"
"1249",1,"1833",31,1,"adult"
"1250",1,"1833",32,1,"adult"
"1251",1,"1833",33,1,"adult"
"1252",1,"1833",34,1,"adult"
"1253",1,"1833",35,1,"adult"
"1254",1,"1833",36,1,"adult"
"1255",1,"1833",37,1,"adult"
"1256",1,"1833",38,1,"adult"
"1257",1,"1833",39,1,"adult"
"1258",1,"1833",40,1,"adult"
"1259",1,"1833",41,1,"adult"
"1261",1,"1992",1,1,"unborn"
"1262",1,"1992",2,1,"unborn"
"1263",1,"1992",3,1,"unborn"
"1264",1,"1992",4,1,"unborn"
"1265",1,"1992",5,1,"unborn"
"1266",1,"1992",6,1,"unborn"
"1267",1,"1992",7,1,"unborn"
"1268",1,"1992",8,1,"unborn"
"1269",1,"1992",9,1,"unborn"
"1270",1,"1992",10,1,"unborn"
"1271",1,"1992",11,1,"unborn"
"1272",1,"1992",12,1,"unborn"
"1273",1,"1992",13,1,"unborn"
"1274",1,"1992",14,1,"unborn"
"1275",1,"1992",15,1,"unborn"
"1276",1,"1992",16,1,"unborn"
"1277",1,"1992",17,1,"unborn"
"1278",1,"1992",18,1,"unborn"
"1279",1,"1992",19,1,"unborn"
"1280",1,"1992",20,1,"unborn"
"1281",1,"1992",21,1,"unborn"
"1282",1,"1992",22,1,"unborn"
"1283",1,"1992",23,1,"unborn"
"1284",1,"1992",24,1,"unborn"
"1285",1,"1992",25,1,"unborn"
"1286",1,"1992",26,1,"unborn"
"1287",1,"1992",27,1,"unborn"
"1288",1,"1992",28,1,"unborn"
"1289",1,"1992",29,1,"unborn"
"1290",1,"1992",30,1,"unborn"
"1291",1,"1992",31,1,"unborn"
"1292",1,"1992",32,1,"unborn"
"1293",1,"1992",33,1,"unborn"
"1294",1,"1992",34,1,"unborn"
"1295",1,"1992",35,1,"unborn"
"1296",1,"1992",36,1,"unborn"
"1297",1,"1992",37,1,"unborn"
"1298",1,"1992",38,1,"unborn"
"1299",1,"1992",39,1,"unborn"
"1300",1,"1992",40,1,"unborn"
"1301",1,"1992",41,1,"unborn"
"1303",1,"2091",1,1,"unborn"
"1304",1,"2091",2,1,"unborn"
"1305",1,"2091",3,1,"unborn"
"1306",1,"2091",4,1,"unborn"
"1307",1,"2091",5,1,"unborn"
"1308",1,"2091",6,1,"unborn"
"1309",1,"2091",7,1,"unborn"
"1310",1,"2091",8,1,"unborn"
"1311",1,"2091",9,1,"unborn"
"1312",1,"2091",10,1,"unborn"
"1313",1,"2091",11,1,"unborn"
"1314",1,"2091",12,1,"unborn"
"1315",1,"2091",13,1,"unborn"
"1316",1,"2091",14,1,"unborn"
"1317",1,"2091",15,1,"unborn"
"1318",1,"2091",16,1,"unborn"
"1319",1,"2091",17,1,"unborn"
"1320",1,"2091",18,1,"unborn"
"1321",1,"2091",19,1,"unborn"
"1322",1,"2091",20,1,"unborn"
"1323",1,"2091",21,1,"unborn"
"1324",1,"2091",22,1,"unborn"
"1325",1,"2091",23,1,"unborn"
"1326",1,"2091",24,1,"unborn"
"1327",1,"2091",25,1,"unborn"
"1328",1,"2091",26,1,"unborn"
"1329",1,"2091",27,1,"unborn"
"1330",1,"2091",28,1,"unborn"
"1331",1,"2091",29,1,"unborn"
"1332",1,"2091",30,1,"unborn"
"1333",1,"2091",31,1,"unborn"
"1334",1,"2091",32,1,"unborn"
"1335",1,"2091",33,1,"unborn"
"1336",1,"2091",34,1,"unborn"
"1337",1,"2091",35,1,"unborn"
"1338",1,"2091",36,1,"unborn"
"1339",1,"2091",37,1,"unborn"
"1340",1,"2091",38,1,"unborn"
"1341",1,"2091",39,1,"unborn"
"1342",1,"2091",40,1,"unborn"
"1343",1,"2091",41,1,"unborn"
"1345",1,"2151",1,1,"unborn"
"1346",1,"2151",2,1,"unborn"
"1347",1,"2151",3,1,"unborn"
"1348",1,"2151",4,1,"unborn"
"1349",1,"2151",5,1,"unborn"
"1350",1,"2151",6,1,"unborn"
"1351",1,"2151",7,1,"unborn"
"1352",1,"2151",8,1,"unborn"
"1353",1,"2151",9,1,"unborn"
"1354",1,"2151",10,1,"unborn"
"1355",1,"2151",11,1,"unborn"
"1356",1,"2151",12,1,"unborn"
"1357",1,"2151",13,1,"unborn"
"1358",1,"2151",14,1,"unborn"
"1359",1,"2151",15,1,"unborn"
"1360",1,"2151",16,1,"unborn"
"1361",1,"2151",17,1,"unborn"
"1362",1,"2151",18,1,"unborn"
"1363",1,"2151",19,1,"unborn"
"1364",1,"2151",20,1,"unborn"
"1365",1,"2151",21,1,"unborn"
"1366",1,"2151",22,1,"unborn"
"1367",1,"2151",23,1,"unborn"
"1368",1,"2151",24,1,"unborn"
"1369",1,"2151",25,1,"unborn"
"1370",1,"2151",26,1,"calf"
"1371",1,"2151",27,1,"calf"
"1372",1,"2151",28,1,"calf"
"1373",1,"2151",29,1,"calf"
"1374",1,"2151",30,1,"calf"
"1375",1,"2151",31,1,"calf"
"1376",1,"2151",32,1,"calf"
"1377",1,"2151",33,1,"calf"
"1378",1,"2151",34,1,"calf"
"1379",1,"2151",35,1,"calf"
"1380",1,"2151",36,1,"calf"
"1381",1,"2151",37,1,"calf"
"1382",1,"2151",38,1,"calf"
"1383",1,"2151",39,1,"calf"
"1384",1,"2151",40,1,"calf"
"1385",1,"2151",41,1,"calf"
"1387",1,"2152",1,1,"unborn"
"1388",1,"2152",2,1,"unborn"
"1389",1,"2152",3,1,"unborn"
"1390",1,"2152",4,1,"unborn"
"1391",1,"2152",5,1,"unborn"
"1392",1,"2152",6,1,"unborn"
"1393",1,"2152",7,1,"unborn"
"1394",1,"2152",8,1,"unborn"
"1395",1,"2152",9,1,"unborn"
"1396",1,"2152",10,1,"unborn"
"1397",1,"2152",11,1,"unborn"
"1398",1,"2152",12,1,"unborn"
"1399",1,"2152",13,1,"unborn"
"1400",1,"2152",14,1,"unborn"
"1401",1,"2152",15,1,"unborn"
"1402",1,"2152",16,1,"unborn"
"1403",1,"2152",17,1,"unborn"
"1404",1,"2152",18,1,"unborn"
"1405",1,"2152",19,1,"unborn"
"1406",1,"2152",20,1,"unborn"
"1407",1,"2152",21,1,"unborn"
"1408",1,"2152",22,1,"unborn"
"1409",1,"2152",23,1,"unborn"
"1410",1,"2152",24,1,"unborn"
"1411",1,"2152",25,1,"unborn"
"1412",1,"2152",26,1,"unborn"
"1413",1,"2152",27,1,"unborn"
"1414",1,"2152",28,1,"unborn"
"1415",1,"2152",29,1,"unborn"
"1416",1,"2152",30,1,"unborn"
"1417",1,"2152",31,1,"unborn"
"1418",1,"2152",32,1,"unborn"
"1419",1,"2152",33,1,"unborn"
"1420",1,"2152",34,1,"unborn"
"1421",1,"2152",35,1,"unborn"
"1422",1,"2152",36,1,"unborn"
"1423",1,"2152",37,1,"unborn"
"1424",1,"2152",38,1,"unborn"
"1425",1,"2152",39,1,"unborn"
"1426",1,"2152",40,1,"unborn"
"1427",1,"2152",41,1,"unborn"
"1429",1,"2193",1,1,"unborn"
"1430",1,"2193",2,1,"unborn"
"1431",1,"2193",3,1,"unborn"
"1432",1,"2193",4,1,"unborn"
"1433",1,"2193",5,1,"unborn"
"1434",1,"2193",6,1,"unborn"
"1435",1,"2193",7,1,"unborn"
"1436",1,"2193",8,1,"unborn"
"1437",1,"2193",9,1,"unborn"
"1438",1,"2193",10,1,"unborn"
"1439",1,"2193",11,1,"unborn"
"1440",1,"2193",12,1,"unborn"
"1441",1,"2193",13,1,"unborn"
"1442",1,"2193",14,1,"unborn"
"1443",1,"2193",15,1,"unborn"
"1444",1,"2193",16,1,"unborn"
"1445",1,"2193",17,1,"unborn"
"1446",1,"2193",18,1,"unborn"
"1447",1,"2193",19,1,"unborn"
"1448",1,"2193",20,1,"unborn"
"1449",1,"2193",21,1,"unborn"
"1450",1,"2193",22,1,"unborn"
"1451",1,"2193",23,1,"unborn"
"1452",1,"2193",24,1,"unborn"
"1453",1,"2193",25,1,"unborn"
"1454",1,"2193",26,1,"unborn"
"1455",1,"2193",27,1,"unborn"
"1456",1,"2193",28,1,"unborn"
"1457",1,"2193",29,1,"unborn"
"1458",1,"2193",30,1,"calf"
"1459",1,"2193",31,1,"calf"
"1460",1,"2193",32,1,"calf"
"1461",1,"2193",33,1,"calf"
"1462",1,"2193",34,1,"calf"
"1463",1,"2193",35,1,"calf"
"1464",1,"2193",36,1,"calf"
"1465",1,"2193",37,1,"calf"
"1466",1,"2193",38,1,"calf"
"1467",1,"2193",39,1,"calf"
"1468",1,"2193",40,1,"calf"
"1469",1,"2193",41,1,"calf"
"1471",1,"2194",1,1,"unborn"
"1472",1,"2194",2,1,"unborn"
"1473",1,"2194",3,1,"unborn"
"1474",1,"2194",4,1,"unborn"
"1475",1,"2194",5,1,"unborn"
"1476",1,"2194",6,1,"unborn"
"1477",1,"2194",7,1,"unborn"
"1478",1,"2194",8,1,"unborn"
"1479",1,"2194",9,1,"unborn"
"1480",1,"2194",10,1,"unborn"
"1481",1,"2194",11,1,"unborn"
"1482",1,"2194",12,1,"unborn"
"1483",1,"2194",13,1,"unborn"
"1484",1,"2194",14,1,"unborn"
"1485",1,"2194",15,1,"unborn"
"1486",1,"2194",16,1,"unborn"
"1487",1,"2194",17,1,"unborn"
"1488",1,"2194",18,1,"unborn"
"1489",1,"2194",19,1,"unborn"
"1490",1,"2194",20,1,"unborn"
"1491",1,"2194",21,1,"unborn"
"1492",1,"2194",22,1,"unborn"
"1493",1,"2194",23,1,"unborn"
"1494",1,"2194",24,1,"unborn"
"1495",1,"2194",25,1,"unborn"
"1496",1,"2194",26,1,"unborn"
"1497",1,"2194",27,1,"unborn"
"1498",1,"2194",28,1,"unborn"
"1499",1,"2194",29,1,"unborn"
"1500",1,"2194",30,1,"unborn"
"1501",1,"2194",31,1,"unborn"
"1502",1,"2194",32,1,"unborn"
"1503",1,"2194",33,1,"unborn"
"1504",1,"2194",34,1,"unborn"
"1505",1,"2194",35,1,"unborn"
"1506",1,"2194",36,1,"unborn"
"1507",1,"2194",37,1,"unborn"
"1508",1,"2194",38,1,"unborn"
"1509",1,"2194",39,1,"unborn"
"1510",1,"2194",40,1,"unborn"
"1511",1,"2194",41,1,"unborn"
"1513",1,"2231",1,1,"unborn"
"1514",1,"2231",2,1,"unborn"
"1515",1,"2231",3,1,"unborn"
"1516",1,"2231",4,1,"unborn"
"1517",1,"2231",5,1,"unborn"
"1518",1,"2231",6,1,"unborn"
"1519",1,"2231",7,1,"unborn"
"1520",1,"2231",8,1,"unborn"
"1521",1,"2231",9,1,"unborn"
"1522",1,"2231",10,1,"unborn"
"1523",1,"2231",11,1,"unborn"
"1524",1,"2231",12,1,"unborn"
"1525",1,"2231",13,1,"unborn"
"1526",1,"2231",14,1,"unborn"
"1527",1,"2231",15,1,"unborn"
"1528",1,"2231",16,1,"unborn"
"1529",1,"2231",17,1,"unborn"
"1530",1,"2231",18,1,"unborn"
"1531",1,"2231",19,1,"unborn"
"1532",1,"2231",20,1,"unborn"
"1533",1,"2231",21,1,"unborn"
"1534",1,"2231",22,1,"unborn"
"1535",1,"2231",23,1,"unborn"
"1536",1,"2231",24,1,"unborn"
"1537",1,"2231",25,1,"unborn"
"1538",1,"2231",26,1,"unborn"
"1539",1,"2231",27,1,"unborn"
"1540",1,"2231",28,1,"unborn"
"1541",1,"2231",29,1,"unborn"
"1542",1,"2231",30,1,"unborn"
"1543",1,"2231",31,1,"unborn"
"1544",1,"2231",32,1,"unborn"
"1545",1,"2231",33,1,"unborn"
"1546",1,"2231",34,1,"unborn"
"1547",1,"2231",35,1,"unborn"
"1548",1,"2231",36,1,"unborn"
"1549",1,"2231",37,1,"unborn"
"1550",1,"2231",38,1,"unborn"
"1551",1,"2231",39,1,"unborn"
"1552",1,"2231",40,1,"unborn"
"1553",1,"2231",41,1,"unborn"
"1555",1,"2252",1,1,"adult"
"1556",1,"2252",2,1,"adult"
"1557",1,"2252",3,1,"adult"
"1558",1,"2252",4,1,"adult"
"1559",1,"2252",5,1,"adult"
"1560",1,"2252",6,1,"adult"
"1561",1,"2252",7,1,"adult"
"1562",1,"2252",8,1,"adult"
"1563",1,"2252",9,1,"adult"
"1564",1,"2252",10,1,"adult"
"1565",1,"2252",11,1,"adult"
"1566",1,"2252",12,1,"adult"
"1567",1,"2252",13,1,"adult"
"1568",1,"2252",14,1,"adult"
"1569",1,"2252",15,1,"adult"
"1570",1,"2252",16,1,"adult"
"1571",1,"2252",17,1,"adult"
"1572",1,"2252",18,1,"adult"
"1573",1,"2252",19,1,"adult"
"1574",1,"2252",20,1,"adult"
"1575",1,"2252",21,1,"adult"
"1576",1,"2252",22,1,"adult"
"1577",1,"2252",23,1,"adult"
"1578",1,"2252",24,1,"adult"
"1579",1,"2252",25,1,"adult"
"1580",1,"2252",26,1,"adult"
"1581",1,"2252",27,1,"adult"
"1582",1,"2252",28,1,"adult"
"1583",1,"2252",29,1,"adult"
"1584",1,"2252",30,1,"adult"
"1585",1,"2252",31,1,"adult"
"1586",1,"2252",32,1,"adult"
"1587",1,"2252",33,1,"adult"
"1588",1,"2252",34,1,"adult"
"1589",1,"2252",35,1,"adult"
"1590",1,"2252",36,1,"adult"
"1591",1,"2252",37,1,"adult"
"1592",1,"2252",38,1,"adult"
"1593",1,"2252",39,1,"adult"
"1594",1,"2252",40,1,"adult"
"1595",1,"2252",41,1,"adult"
"1597",1,"2253",1,1,"unborn"
"1598",1,"2253",2,1,"unborn"
"1599",1,"2253",3,1,"unborn"
"1600",1,"2253",4,1,"unborn"
"1601",1,"2253",5,1,"unborn"
"1602",1,"2253",6,1,"unborn"
"1603",1,"2253",7,1,"unborn"
"1604",1,"2253",8,1,"unborn"
"1605",1,"2253",9,1,"unborn"
"1606",1,"2253",10,1,"unborn"
"1607",1,"2253",11,1,"unborn"
"1608",1,"2253",12,1,"unborn"
"1609",1,"2253",13,1,"unborn"
"1610",1,"2253",14,1,"unborn"
"1611",1,"2253",15,1,"unborn"
"1612",1,"2253",16,1,"unborn"
"1613",1,"2253",17,1,"unborn"
"1614",1,"2253",18,1,"unborn"
"1615",1,"2253",19,1,"unborn"
"1616",1,"2253",20,1,"unborn"
"1617",1,"2253",21,1,"unborn"
"1618",1,"2253",22,1,"unborn"
"1619",1,"2253",23,1,"unborn"
"1620",1,"2253",24,1,"unborn"
"1621",1,"2253",25,1,"unborn"
"1622",1,"2253",26,1,"unborn"
"1623",1,"2253",27,1,"unborn"
"1624",1,"2253",28,1,"unborn"
"1625",1,"2253",29,1,"unborn"
"1626",1,"2253",30,1,"unborn"
"1627",1,"2253",31,1,"unborn"
"1628",1,"2253",32,1,"unborn"
"1629",1,"2253",33,1,"unborn"
"1630",1,"2253",34,1,"calf"
"1631",1,"2253",35,1,"calf"
"1632",1,"2253",36,1,"calf"
"1633",1,"2253",37,1,"calf"
"1634",1,"2253",38,1,"calf"
"1635",1,"2253",39,1,"calf"
"1636",1,"2253",40,1,"calf"
"1637",1,"2253",41,1,"calf"
"1639",1,"226C",1,1,"unborn"
"1640",1,"226C",2,1,"unborn"
"1641",1,"226C",3,1,"unborn"
"1642",1,"226C",4,1,"unborn"
"1643",1,"226C",5,1,"unborn"
"1644",1,"226C",6,1,"unborn"
"1645",1,"226C",7,1,"unborn"
"1646",1,"226C",8,1,"unborn"
"1647",1,"226C",9,1,"unborn"
"1648",1,"226C",10,1,"unborn"
"1649",1,"226C",11,1,"unborn"
"1650",1,"226C",12,1,"unborn"
"1651",1,"226C",13,1,"unborn"
"1652",1,"226C",14,1,"unborn"
"1653",1,"226C",15,1,"unborn"
"1654",1,"226C",16,1,"unborn"
"1655",1,"226C",17,1,"unborn"
"1656",1,"226C",18,1,"unborn"
"1657",1,"226C",19,1,"unborn"
"1658",1,"226C",20,1,"unborn"
"1659",1,"226C",21,1,"unborn"
"1660",1,"226C",22,1,"unborn"
"1661",1,"226C",23,1,"calf"
"1662",1,"226C",24,1,"calf"
"1663",1,"226C",25,1,"calf"
"1664",1,"226C",26,1,"calf"
"1665",1,"226C",27,1,"calf"
"1666",1,"226C",28,1,"calf"
"1667",1,"226C",29,1,"calf"
"1668",1,"226C",30,1,"calf"
"1669",1,"226C",31,1,"calf"
"1670",1,"226C",32,1,"calf"
"1671",1,"226C",33,1,"calf"
"1672",1,"226C",34,1,"juvenile"
"1673",1,"226C",35,1,"juvenile"
"1674",1,"226C",36,1,"juvenile"
"1675",1,"226C",37,1,"juvenile"
"1676",1,"226C",38,1,"juvenile"
"1677",1,"226C",39,1,"juvenile"
"1678",1,"226C",40,1,"juvenile"
"1679",1,"226C",41,1,"juvenile"
"1681",1,"49LA",1,1,"adult"
"1682",1,"49LA",2,1,"adult"
"1683",1,"49LA",3,1,"adult"
"1684",1,"49LA",4,1,"adult"
"1685",1,"49LA",5,1,"adult"
"1686",1,"49LA",6,1,"adult"
"1687",1,"49LA",7,1,"adult"
"1688",1,"49LA",8,1,"adult"
"1689",1,"49LA",9,1,"adult"
"1690",1,"49LA",10,1,"adult"
"1691",1,"49LA",11,1,"adult"
"1692",1,"49LA",12,1,"adult"
"1693",1,"49LA",13,1,"adult"
"1694",1,"49LA",14,1,"adult"
"1695",1,"49LA",15,1,"adult"
"1696",1,"49LA",16,1,"adult"
"1697",1,"49LA",17,1,"adult"
"1698",1,"49LA",18,1,"adult"
"1699",1,"49LA",19,1,"adult"
"1700",1,"49LA",20,1,"adult"
"1701",1,"49LA",21,1,"adult"
"1702",1,"49LA",22,1,"adult"
"1703",1,"49LA",23,1,"adult"
"1704",1,"49LA",24,1,"adult"
"1705",1,"49LA",25,1,"adult"
"1706",1,"49LA",26,1,"adult"
"1707",1,"49LA",27,1,"adult"
"1708",1,"49LA",28,1,"adult"
"1709",1,"49LA",29,1,"adult"
"1710",1,"49LA",30,1,"adult"
"1711",1,"49LA",31,1,"adult"
"1712",1,"49LA",32,1,"adult"
"1713",1,"49LA",33,1,"adult"
"1714",1,"49LA",34,1,"adult"
"1715",1,"49LA",35,1,"adult"
"1716",1,"49LA",36,1,"adult"
"1717",1,"49LA",37,1,"adult"
"1718",1,"49LA",38,1,"adult"
"1719",1,"49LA",39,1,"adult"
"1720",1,"49LA",40,1,"adult"
"1721",1,"49LA",41,1,"adult"
"1723",1,"4C4C",1,1,"unborn"
"1724",1,"4C4C",2,1,"unborn"
"1725",1,"4C4C",3,1,"unborn"
"1726",1,"4C4C",4,1,"unborn"
"1727",1,"4C4C",5,1,"unborn"
"1728",1,"4C4C",6,1,"unborn"
"1729",1,"4C4C",7,1,"unborn"
"1730",1,"4C4C",8,1,"unborn"
"1731",1,"4C4C",9,1,"unborn"
"1732",1,"4C4C",10,1,"unborn"
"1733",1,"4C4C",11,1,"unborn"
"1734",1,"4C4C",12,1,"unborn"
"1735",1,"4C4C",13,1,"unborn"
"1736",1,"4C4C",14,1,"unborn"
"1737",1,"4C4C",15,1,"calf"
"1738",1,"4C4C",16,1,"calf"
"1739",1,"4C4C",17,1,"calf"
"1740",1,"4C4C",18,1,"calf"
"1741",1,"4C4C",19,1,"calf"
"1742",1,"4C4C",20,1,"calf"
"1743",1,"4C4C",21,1,"calf"
"1744",1,"4C4C",22,1,"calf"
"1745",1,"4C4C",23,1,"juvenile"
"1746",1,"4C4C",24,1,"juvenile"
"1747",1,"4C4C",25,1,"juvenile"
"1748",1,"4C4C",26,1,"juvenile"
"1749",1,"4C4C",27,1,"juvenile"
"1750",1,"4C4C",28,1,"juvenile"
"1751",1,"4C4C",29,1,"juvenile"
"1752",1,"4C4C",30,1,"juvenile"
"1753",1,"4C4C",31,1,"juvenile"
"1754",1,"4C4C",32,1,"juvenile"
"1755",1,"4C4C",33,1,"juvenile"
"1756",1,"4C4C",34,1,"juvenile"
"1757",1,"4C4C",35,1,"juvenile"
"1758",1,"4C4C",36,1,"juvenile"
"1759",1,"4C4C",37,1,"adult"
"1760",1,"4C4C",38,1,"adult"
"1761",1,"4C4C",39,1,"adult"
"1762",1,"4C4C",40,1,"adult"
"1763",1,"4C4C",41,1,"adult"
"1765",1,"AMV1",1,1,"unborn"
"1766",1,"AMV1",2,1,"unborn"
"1767",1,"AMV1",3,1,"unborn"
"1768",1,"AMV1",4,1,"unborn"
"1769",1,"AMV1",5,1,"unborn"
"1770",1,"AMV1",6,1,"unborn"
"1771",1,"AMV1",7,1,"unborn"
"1772",1,"AMV1",8,1,"unborn"
"1773",1,"AMV1",9,1,"unborn"
"1774",1,"AMV1",10,1,"unborn"
"1775",1,"AMV1",11,1,"unborn"
"1776",1,"AMV1",12,1,"unborn"
"1777",1,"AMV1",13,1,"unborn"
"1778",1,"AMV1",14,1,"unborn"
"1779",1,"AMV1",15,1,"unborn"
"1780",1,"AMV1",16,1,"unborn"
"1781",1,"AMV1",17,1,"unborn"
"1782",1,"AMV1",18,1,"unborn"
"1783",1,"AMV1",19,1,"unborn"
"1784",1,"AMV1",20,1,"unborn"
"1785",1,"AMV1",21,1,"unborn"
"1786",1,"AMV1",22,1,"unborn"
"1787",1,"AMV1",23,1,"unborn"
"1788",1,"AMV1",24,1,"unborn"
"1789",1,"AMV1",25,1,"unborn"
"1790",1,"AMV1",26,1,"unborn"
"1791",1,"AMV1",27,1,"unborn"
"1792",1,"AMV1",28,1,"unborn"
"1793",1,"AMV1",29,1,"unborn"
"1794",1,"AMV1",30,1,"unborn"
"1795",1,"AMV1",31,1,"unborn"
"1796",1,"AMV1",32,1,"unborn"
"1797",1,"AMV1",33,1,"unborn"
"1798",1,"AMV1",34,1,"calf"
"1799",1,"AMV1",35,1,"calf"
"1800",1,"AMV1",36,1,"calf"
"1801",1,"AMV1",37,1,"calf"
"1802",1,"AMV1",38,1,"calf"
"1803",1,"AMV1",39,1,"calf"
"1804",1,"AMV1",40,1,"calf"
"1805",1,"AMV1",41,1,"calf"
"1807",1,"AMVM",1,1,"adult"
"1808",1,"AMVM",2,1,"adult"
"1809",1,"AMVM",3,1,"adult"
"1810",1,"AMVM",4,1,"adult"
"1811",1,"AMVM",5,1,"adult"
"1812",1,"AMVM",6,1,"adult"
"1813",1,"AMVM",7,1,"adult"
"1814",1,"AMVM",8,1,"adult"
"1815",1,"AMVM",9,1,"adult"
"1816",1,"AMVM",10,1,"adult"
"1817",1,"AMVM",11,1,"adult"
"1818",1,"AMVM",12,1,"adult"
"1819",1,"AMVM",13,1,"adult"
"1820",1,"AMVM",14,1,"adult"
"1821",1,"AMVM",15,1,"adult"
"1822",1,"AMVM",16,1,"adult"
"1823",1,"AMVM",17,1,"adult"
"1824",1,"AMVM",18,1,"adult"
"1825",1,"AMVM",19,1,"adult"
"1826",1,"AMVM",20,1,"adult"
"1827",1,"AMVM",21,1,"adult"
"1828",1,"AMVM",22,1,"adult"
"1829",1,"AMVM",23,1,"adult"
"1830",1,"AMVM",24,1,"adult"
"1831",1,"AMVM",25,1,"adult"
"1832",1,"AMVM",26,1,"adult"
"1833",1,"AMVM",27,1,"adult"
"1834",1,"AMVM",28,1,"adult"
"1835",1,"AMVM",29,1,"adult"
"1836",1,"AMVM",30,1,"adult"
"1837",1,"AMVM",31,1,"adult"
"1838",1,"AMVM",32,1,"adult"
"1839",1,"AMVM",33,1,"adult"
"1840",1,"AMVM",34,1,"adult"
"1841",1,"AMVM",35,1,"adult"
"1842",1,"AMVM",36,1,"adult"
"1843",1,"AMVM",37,1,"adult"
"1844",1,"AMVM",38,1,"adult"
"1845",1,"AMVM",39,1,"adult"
"1846",1,"AMVM",40,1,"adult"
"1847",1,"AMVM",41,1,"adult"
"1849",1,"ATMM",1,1,"unborn"
"1850",1,"ATMM",2,1,"unborn"
"1851",1,"ATMM",3,1,"unborn"
"1852",1,"ATMM",4,1,"unborn"
"1853",1,"ATMM",5,1,"unborn"
"1854",1,"ATMM",6,1,"unborn"
"1855",1,"ATMM",7,1,"unborn"
"1856",1,"ATMM",8,1,"unborn"
"1857",1,"ATMM",9,1,"calf"
"1858",1,"ATMM",10,1,"calf"
"1859",1,"ATMM",11,1,"calf"
"1860",1,"ATMM",12,1,"calf"
"1861",1,"ATMM",13,1,"calf"
"1862",1,"ATMM",14,1,"juvenile"
"1863",1,"ATMM",15,1,"juvenile"
"1864",1,"ATMM",16,1,"juvenile"
"1865",1,"ATMM",17,1,"juvenile"
"1866",1,"ATMM",18,1,"juvenile"
"1867",1,"ATMM",19,1,"juvenile"
"1868",1,"ATMM",20,1,"juvenile"
"1869",1,"ATMM",21,1,"adult"
"1870",1,"ATMM",22,1,"adult"
"1871",1,"ATMM",23,1,"adult"
"1872",1,"ATMM",24,1,"adult"
"1873",1,"ATMM",25,1,"adult"
"1874",1,"ATMM",26,1,"adult"
"1875",1,"ATMM",27,1,"adult"
"1876",1,"ATMM",28,1,"adult"
"1877",1,"ATMM",29,1,"adult"
"1878",1,"ATMM",30,1,"adult"
"1879",1,"ATMM",31,1,"adult"
"1880",1,"ATMM",32,1,"adult"
"1881",1,"ATMM",33,1,"adult"
"1882",1,"ATMM",34,1,"adult"
"1883",1,"ATMM",35,1,"adult"
"1884",1,"ATMM",36,1,"adult"
"1885",1,"ATMM",37,1,"adult"
"1886",1,"ATMM",38,1,"adult"
"1887",1,"ATMM",39,1,"adult"
"1888",1,"ATMM",40,1,"adult"
"1889",1,"ATMM",41,1,"adult"
"1891",1,"B053",1,1,"adult"
"1892",1,"B053",2,1,"adult"
"1893",1,"B053",3,1,"adult"
"1894",1,"B053",4,1,"adult"
"1895",1,"B053",5,1,"adult"
"1896",1,"B053",6,1,"adult"
"1897",1,"B053",7,1,"adult"
"1898",1,"B053",8,1,"adult"
"1899",1,"B053",9,1,"adult"
"1900",1,"B053",10,1,"adult"
"1901",1,"B053",11,1,"adult"
"1902",1,"B053",12,1,"adult"
"1903",1,"B053",13,1,"adult"
"1904",1,"B053",14,1,"adult"
"1905",1,"B053",15,1,"adult"
"1906",1,"B053",16,1,"adult"
"1907",1,"B053",17,1,"adult"
"1908",1,"B053",18,1,"adult"
"1909",1,"B053",19,1,"adult"
"1910",1,"B053",20,1,"adult"
"1911",1,"B053",21,1,"adult"
"1912",1,"B053",22,1,"adult"
"1913",1,"B053",23,1,"adult"
"1914",1,"B053",24,1,"adult"
"1915",1,"B053",25,1,"adult"
"1916",1,"B053",26,1,"adult"
"1917",1,"B053",27,1,"adult"
"1918",1,"B053",28,1,"adult"
"1919",1,"B053",29,1,"adult"
"1920",1,"B053",30,1,"adult"
"1921",1,"B053",31,1,"adult"
"1922",1,"B053",32,1,"adult"
"1923",1,"B053",33,1,"adult"
"1924",1,"B053",34,1,"adult"
"1925",1,"B053",35,1,"adult"
"1926",1,"B053",36,1,"adult"
"1927",1,"B053",37,1,"adult"
"1928",1,"B053",38,1,"adult"
"1929",1,"B053",39,1,"adult"
"1930",1,"B053",40,1,"adult"
"1931",1,"B053",41,1,"adult"
"1933",1,"B207",1,1,"adult"
"1934",1,"B207",2,1,"adult"
"1935",1,"B207",3,1,"adult"
"1936",1,"B207",4,1,"adult"
"1937",1,"B207",5,1,"adult"
"1938",1,"B207",6,1,"adult"
"1939",1,"B207",7,1,"adult"
"1940",1,"B207",8,1,"adult"
"1941",1,"B207",9,1,"adult"
"1942",1,"B207",10,1,"adult"
"1943",1,"B207",11,1,"adult"
"1944",1,"B207",12,1,"adult"
"1945",1,"B207",13,1,"adult"
"1946",1,"B207",14,1,"adult"
"1947",1,"B207",15,1,"adult"
"1948",1,"B207",16,1,"adult"
"1949",1,"B207",17,1,"adult"
"1950",1,"B207",18,1,"adult"
"1951",1,"B207",19,1,"adult"
"1952",1,"B207",20,1,"adult"
"1953",1,"B207",21,1,"adult"
"1954",1,"B207",22,1,"adult"
"1955",1,"B207",23,1,"adult"
"1956",1,"B207",24,1,"adult"
"1957",1,"B207",25,1,"adult"
"1958",1,"B207",26,1,"adult"
"1959",1,"B207",27,1,"adult"
"1960",1,"B207",28,1,"adult"
"1961",1,"B207",29,1,"adult"
"1962",1,"B207",30,1,"adult"
"1963",1,"B207",31,1,"adult"
"1964",1,"B207",32,1,"adult"
"1965",1,"B207",33,1,"adult"
"1966",1,"B207",34,1,"adult"
"1967",1,"B207",35,1,"adult"
"1968",1,"B207",36,1,"adult"
"1969",1,"B207",37,1,"adult"
"1970",1,"B207",38,1,"adult"
"1971",1,"B207",39,1,"adult"
"1972",1,"B207",40,1,"adult"
"1973",1,"B207",41,1,"adult"
"1975",1,"B226",1,1,"adult"
"1976",1,"B226",2,1,"adult"
"1977",1,"B226",3,1,"adult"
"1978",1,"B226",4,1,"adult"
"1979",1,"B226",5,1,"adult"
"1980",1,"B226",6,1,"adult"
"1981",1,"B226",7,1,"adult"
"1982",1,"B226",8,1,"adult"
"1983",1,"B226",9,1,"adult"
"1984",1,"B226",10,1,"adult"
"1985",1,"B226",11,1,"adult"
"1986",1,"B226",12,1,"adult"
"1987",1,"B226",13,1,"adult"
"1988",1,"B226",14,1,"adult"
"1989",1,"B226",15,1,"adult"
"1990",1,"B226",16,1,"adult"
"1991",1,"B226",17,1,"adult"
"1992",1,"B226",18,1,"adult"
"1993",1,"B226",19,1,"adult"
"1994",1,"B226",20,1,"adult"
"1995",1,"B226",21,1,"adult"
"1996",1,"B226",22,1,"adult"
"1997",1,"B226",23,1,"adult"
"1998",1,"B226",24,1,"adult"
"1999",1,"B226",25,1,"adult"
"2000",1,"B226",26,1,"adult"
"2001",1,"B226",27,1,"adult"
"2002",1,"B226",28,1,"adult"
"2003",1,"B226",29,1,"adult"
"2004",1,"B226",30,1,"adult"
"2005",1,"B226",31,1,"adult"
"2006",1,"B226",32,1,"adult"
"2007",1,"B226",33,1,"adult"
"2008",1,"B226",34,1,"adult"
"2009",1,"B226",35,1,"adult"
"2010",1,"B226",36,1,"adult"
"2011",1,"B226",37,1,"adult"
"2012",1,"B226",38,1,"adult"
"2013",1,"B226",39,1,"adult"
"2014",1,"B226",40,1,"adult"
"2015",1,"B226",41,1,"adult"
"2017",1,"B531",1,1,"unborn"
"2018",1,"B531",2,1,"unborn"
"2019",1,"B531",3,1,"unborn"
"2020",1,"B531",4,1,"unborn"
"2021",1,"B531",5,1,"unborn"
"2022",1,"B531",6,1,"unborn"
"2023",1,"B531",7,1,"unborn"
"2024",1,"B531",8,1,"unborn"
"2025",1,"B531",9,1,"unborn"
"2026",1,"B531",10,1,"unborn"
"2027",1,"B531",11,1,"unborn"
"2028",1,"B531",12,1,"unborn"
"2029",1,"B531",13,1,"unborn"
"2030",1,"B531",14,1,"unborn"
"2031",1,"B531",15,1,"unborn"
"2032",1,"B531",16,1,"unborn"
"2033",1,"B531",17,1,"unborn"
"2034",1,"B531",18,1,"unborn"
"2035",1,"B531",19,1,"unborn"
"2036",1,"B531",20,1,"unborn"
"2037",1,"B531",21,1,"unborn"
"2038",1,"B531",22,1,"unborn"
"2039",1,"B531",23,1,"unborn"
"2040",1,"B531",24,1,"unborn"
"2041",1,"B531",25,1,"unborn"
"2042",1,"B531",26,1,"unborn"
"2043",1,"B531",27,1,"unborn"
"2044",1,"B531",28,1,"unborn"
"2045",1,"B531",29,1,"unborn"
"2046",1,"B531",30,1,"unborn"
"2047",1,"B531",31,1,"unborn"
"2048",1,"B531",32,1,"unborn"
"2049",1,"B531",33,1,"unborn"
"2050",1,"B531",34,1,"unborn"
"2051",1,"B531",35,1,"unborn"
"2052",1,"B531",36,1,"unborn"
"2053",1,"B531",37,1,"unborn"
"2054",1,"B531",38,1,"unborn"
"2055",1,"B531",39,1,"unborn"
"2056",1,"B531",40,1,"unborn"
"2057",1,"B531",41,1,"unborn"
"2059",1,"BASH",1,1,"adult"
"2060",1,"BASH",2,1,"adult"
"2061",1,"BASH",3,1,"adult"
"2062",1,"BASH",4,1,"adult"
"2063",1,"BASH",5,1,"adult"
"2064",1,"BASH",6,1,"adult"
"2065",1,"BASH",7,1,"adult"
"2066",1,"BASH",8,1,"adult"
"2067",1,"BASH",9,1,"adult"
"2068",1,"BASH",10,1,"adult"
"2069",1,"BASH",11,1,"adult"
"2070",1,"BASH",12,1,"adult"
"2071",1,"BASH",13,1,"adult"
"2072",1,"BASH",14,1,"adult"
"2073",1,"BASH",15,1,"adult"
"2074",1,"BASH",16,1,"adult"
"2075",1,"BASH",17,1,"adult"
"2076",1,"BASH",18,1,"adult"
"2077",1,"BASH",19,1,"adult"
"2078",1,"BASH",20,1,"adult"
"2079",1,"BASH",21,1,"adult"
"2080",1,"BASH",22,1,"adult"
"2081",1,"BASH",23,1,"adult"
"2082",1,"BASH",24,1,"adult"
"2083",1,"BASH",25,1,"adult"
"2084",1,"BASH",26,1,"adult"
"2085",1,"BASH",27,1,"adult"
"2086",1,"BASH",28,1,"adult"
"2087",1,"BASH",29,1,"adult"
"2088",1,"BASH",30,1,"adult"
"2089",1,"BASH",31,1,"adult"
"2090",1,"BASH",32,1,"adult"
"2091",1,"BASH",33,1,"adult"
"2092",1,"BASH",34,1,"adult"
"2093",1,"BASH",35,1,"adult"
"2094",1,"BASH",36,1,"adult"
"2095",1,"BASH",37,1,"adult"
"2096",1,"BASH",38,1,"adult"
"2097",1,"BASH",39,1,"adult"
"2098",1,"BASH",40,1,"adult"
"2099",1,"BASH",41,1,"adult"
"2101",1,"BEGR",1,1,"adult"
"2102",1,"BEGR",2,1,"adult"
"2103",1,"BEGR",3,1,"adult"
"2104",1,"BEGR",4,1,"adult"
"2105",1,"BEGR",5,1,"adult"
"2106",1,"BEGR",6,1,"adult"
"2107",1,"BEGR",7,1,"adult"
"2108",1,"BEGR",8,1,"adult"
"2109",1,"BEGR",9,1,"adult"
"2110",1,"BEGR",10,1,"adult"
"2111",1,"BEGR",11,1,"adult"
"2112",1,"BEGR",12,1,"adult"
"2113",1,"BEGR",13,1,"adult"
"2114",1,"BEGR",14,1,"adult"
"2115",1,"BEGR",15,1,"adult"
"2116",1,"BEGR",16,1,"adult"
"2117",1,"BEGR",17,1,"adult"
"2118",1,"BEGR",18,1,"adult"
"2119",1,"BEGR",19,1,"adult"
"2120",1,"BEGR",20,1,"adult"
"2121",1,"BEGR",21,1,"adult"
"2122",1,"BEGR",22,1,"adult"
"2123",1,"BEGR",23,1,"adult"
"2124",1,"BEGR",24,1,"adult"
"2125",1,"BEGR",25,1,"adult"
"2126",1,"BEGR",26,1,"adult"
"2127",1,"BEGR",27,1,"adult"
"2128",1,"BEGR",28,1,"adult"
"2129",1,"BEGR",29,1,"adult"
"2130",1,"BEGR",30,1,"adult"
"2131",1,"BEGR",31,1,"adult"
"2132",1,"BEGR",32,1,"adult"
"2133",1,"BEGR",33,1,"adult"
"2134",1,"BEGR",34,1,"adult"
"2135",1,"BEGR",35,1,"adult"
"2136",1,"BEGR",36,1,"adult"
"2137",1,"BEGR",37,1,"adult"
"2138",1,"BEGR",38,1,"adult"
"2139",1,"BEGR",39,1,"adult"
"2140",1,"BEGR",40,1,"adult"
"2141",1,"BEGR",41,1,"adult"
"2143",1,"BIK2",1,1,"unborn"
"2144",1,"BIK2",2,1,"unborn"
"2145",1,"BIK2",3,1,"unborn"
"2146",1,"BIK2",4,1,"unborn"
"2147",1,"BIK2",5,1,"unborn"
"2148",1,"BIK2",6,1,"unborn"
"2149",1,"BIK2",7,1,"unborn"
"2150",1,"BIK2",8,1,"unborn"
"2151",1,"BIK2",9,1,"unborn"
"2152",1,"BIK2",10,1,"unborn"
"2153",1,"BIK2",11,1,"unborn"
"2154",1,"BIK2",12,1,"unborn"
"2155",1,"BIK2",13,1,"unborn"
"2156",1,"BIK2",14,1,"unborn"
"2157",1,"BIK2",15,1,"unborn"
"2158",1,"BIK2",16,1,"unborn"
"2159",1,"BIK2",17,1,"unborn"
"2160",1,"BIK2",18,1,"unborn"
"2161",1,"BIK2",19,1,"unborn"
"2162",1,"BIK2",20,1,"unborn"
"2163",1,"BIK2",21,1,"unborn"
"2164",1,"BIK2",22,1,"unborn"
"2165",1,"BIK2",23,1,"unborn"
"2166",1,"BIK2",24,1,"unborn"
"2167",1,"BIK2",25,1,"unborn"
"2168",1,"BIK2",26,1,"unborn"
"2169",1,"BIK2",27,1,"unborn"
"2170",1,"BIK2",28,1,"unborn"
"2171",1,"BIK2",29,1,"unborn"
"2172",1,"BIK2",30,1,"calf"
"2173",1,"BIK2",31,1,"calf"
"2174",1,"BIK2",32,1,"calf"
"2175",1,"BIK2",33,1,"calf"
"2176",1,"BIK2",34,1,"calf"
"2177",1,"BIK2",35,1,"calf"
"2178",1,"BIK2",36,1,"calf"
"2179",1,"BIK2",37,1,"calf"
"2180",1,"BIK2",38,1,"calf"
"2181",1,"BIK2",39,1,"calf"
"2182",1,"BIK2",40,1,"calf"
"2183",1,"BIK2",41,1,"calf"
"2185",1,"BIKO",1,1,"adult"
"2186",1,"BIKO",2,1,"adult"
"2187",1,"BIKO",3,1,"adult"
"2188",1,"BIKO",4,1,"adult"
"2189",1,"BIKO",5,1,"adult"
"2190",1,"BIKO",6,1,"adult"
"2191",1,"BIKO",7,1,"adult"
"2192",1,"BIKO",8,1,"adult"
"2193",1,"BIKO",9,1,"adult"
"2194",1,"BIKO",10,1,"adult"
"2195",1,"BIKO",11,1,"adult"
"2196",1,"BIKO",12,1,"adult"
"2197",1,"BIKO",13,1,"adult"
"2198",1,"BIKO",14,1,"adult"
"2199",1,"BIKO",15,1,"adult"
"2200",1,"BIKO",16,1,"adult"
"2201",1,"BIKO",17,1,"adult"
"2202",1,"BIKO",18,1,"adult"
"2203",1,"BIKO",19,1,"adult"
"2204",1,"BIKO",20,1,"adult"
"2205",1,"BIKO",21,1,"adult"
"2206",1,"BIKO",22,1,"adult"
"2207",1,"BIKO",23,1,"adult"
"2208",1,"BIKO",24,1,"adult"
"2209",1,"BIKO",25,1,"adult"
"2210",1,"BIKO",26,1,"adult"
"2211",1,"BIKO",27,1,"adult"
"2212",1,"BIKO",28,1,"adult"
"2213",1,"BIKO",29,1,"adult"
"2214",1,"BIKO",30,1,"adult"
"2215",1,"BIKO",31,1,"adult"
"2216",1,"BIKO",32,1,"adult"
"2217",1,"BIKO",33,1,"adult"
"2218",1,"BIKO",34,1,"adult"
"2219",1,"BIKO",35,1,"adult"
"2220",1,"BIKO",36,1,"adult"
"2221",1,"BIKO",37,1,"adult"
"2222",1,"BIKO",38,1,"adult"
"2223",1,"BIKO",39,1,"adult"
"2224",1,"BIKO",40,1,"adult"
"2225",1,"BIKO",41,1,"adult"
"2227",1,"BKHO",1,1,"adult"
"2228",1,"BKHO",2,1,"adult"
"2229",1,"BKHO",3,1,"adult"
"2230",1,"BKHO",4,1,"adult"
"2231",1,"BKHO",5,1,"adult"
"2232",1,"BKHO",6,1,"adult"
"2233",1,"BKHO",7,1,"adult"
"2234",1,"BKHO",8,1,"adult"
"2235",1,"BKHO",9,1,"adult"
"2236",1,"BKHO",10,1,"adult"
"2237",1,"BKHO",11,1,"adult"
"2238",1,"BKHO",12,1,"adult"
"2239",1,"BKHO",13,1,"adult"
"2240",1,"BKHO",14,1,"adult"
"2241",1,"BKHO",15,1,"adult"
"2242",1,"BKHO",16,1,"adult"
"2243",1,"BKHO",17,1,"adult"
"2244",1,"BKHO",18,1,"adult"
"2245",1,"BKHO",19,1,"adult"
"2246",1,"BKHO",20,1,"adult"
"2247",1,"BKHO",21,1,"adult"
"2248",1,"BKHO",22,1,"adult"
"2249",1,"BKHO",23,1,"adult"
"2250",1,"BKHO",24,1,"adult"
"2251",1,"BKHO",25,1,"adult"
"2252",1,"BKHO",26,1,"adult"
"2253",1,"BKHO",27,1,"adult"
"2254",1,"BKHO",28,1,"adult"
"2255",1,"BKHO",29,1,"adult"
"2256",1,"BKHO",30,1,"adult"
"2257",1,"BKHO",31,1,"adult"
"2258",1,"BKHO",32,1,"adult"
"2259",1,"BKHO",33,1,"adult"
"2260",1,"BKHO",34,1,"adult"
"2261",1,"BKHO",35,1,"adult"
"2262",1,"BKHO",36,1,"adult"
"2263",1,"BKHO",37,1,"adult"
"2264",1,"BKHO",38,1,"adult"
"2265",1,"BKHO",39,1,"adult"
"2266",1,"BKHO",40,1,"adult"
"2267",1,"BKHO",41,1,"adult"
"2269",1,"BOOT",1,1,"adult"
"2270",1,"BOOT",2,1,"adult"
"2271",1,"BOOT",3,1,"adult"
"2272",1,"BOOT",4,1,"adult"
"2273",1,"BOOT",5,1,"adult"
"2274",1,"BOOT",6,1,"adult"
"2275",1,"BOOT",7,1,"adult"
"2276",1,"BOOT",8,1,"adult"
"2277",1,"BOOT",9,1,"adult"
"2278",1,"BOOT",10,1,"adult"
"2279",1,"BOOT",11,1,"adult"
"2280",1,"BOOT",12,1,"adult"
"2281",1,"BOOT",13,1,"adult"
"2282",1,"BOOT",14,1,"adult"
"2283",1,"BOOT",15,1,"adult"
"2284",1,"BOOT",16,1,"adult"
"2285",1,"BOOT",17,1,"adult"
"2286",1,"BOOT",18,1,"adult"
"2287",1,"BOOT",19,1,"adult"
"2288",1,"BOOT",20,1,"adult"
"2289",1,"BOOT",21,1,"adult"
"2290",1,"BOOT",22,1,"adult"
"2291",1,"BOOT",23,1,"adult"
"2292",1,"BOOT",24,1,"adult"
"2293",1,"BOOT",25,1,"adult"
"2294",1,"BOOT",26,1,"adult"
"2295",1,"BOOT",27,1,"adult"
"2296",1,"BOOT",28,1,"adult"
"2297",1,"BOOT",29,1,"adult"
"2298",1,"BOOT",30,1,"adult"
"2299",1,"BOOT",31,1,"adult"
"2300",1,"BOOT",32,1,"adult"
"2301",1,"BOOT",33,1,"adult"
"2302",1,"BOOT",34,1,"adult"
"2303",1,"BOOT",35,1,"adult"
"2304",1,"BOOT",36,1,"adult"
"2305",1,"BOOT",37,1,"adult"
"2306",1,"BOOT",38,1,"adult"
"2307",1,"BOOT",39,1,"adult"
"2308",1,"BOOT",40,1,"adult"
"2309",1,"BOOT",41,1,"adult"
"2311",1,"BOX1",1,1,"unborn"
"2312",1,"BOX1",2,1,"unborn"
"2313",1,"BOX1",3,1,"unborn"
"2314",1,"BOX1",4,1,"unborn"
"2315",1,"BOX1",5,1,"unborn"
"2316",1,"BOX1",6,1,"unborn"
"2317",1,"BOX1",7,1,"unborn"
"2318",1,"BOX1",8,1,"unborn"
"2319",1,"BOX1",9,1,"unborn"
"2320",1,"BOX1",10,1,"unborn"
"2321",1,"BOX1",11,1,"unborn"
"2322",1,"BOX1",12,1,"unborn"
"2323",1,"BOX1",13,1,"unborn"
"2324",1,"BOX1",14,1,"unborn"
"2325",1,"BOX1",15,1,"unborn"
"2326",1,"BOX1",16,1,"unborn"
"2327",1,"BOX1",17,1,"unborn"
"2328",1,"BOX1",18,1,"unborn"
"2329",1,"BOX1",19,1,"unborn"
"2330",1,"BOX1",20,1,"unborn"
"2331",1,"BOX1",21,1,"calf"
"2332",1,"BOX1",22,1,"calf"
"2333",1,"BOX1",23,1,"calf"
"2334",1,"BOX1",24,1,"calf"
"2335",1,"BOX1",25,1,"calf"
"2336",1,"BOX1",26,1,"calf"
"2337",1,"BOX1",27,1,"calf"
"2338",1,"BOX1",28,1,"calf"
"2339",1,"BOX1",29,1,"calf"
"2340",1,"BOX1",30,1,"juvenile"
"2341",1,"BOX1",31,1,"juvenile"
"2342",1,"BOX1",32,1,"juvenile"
"2343",1,"BOX1",33,1,"juvenile"
"2344",1,"BOX1",34,1,"juvenile"
"2345",1,"BOX1",35,1,"juvenile"
"2346",1,"BOX1",36,1,"juvenile"
"2347",1,"BOX1",37,1,"juvenile"
"2348",1,"BOX1",38,1,"juvenile"
"2349",1,"BOX1",39,1,"juvenile"
"2350",1,"BOX1",40,1,"juvenile"
"2351",1,"BOX1",41,1,"juvenile"
"2353",1,"BOXR",1,1,"adult"
"2354",1,"BOXR",2,1,"adult"
"2355",1,"BOXR",3,1,"adult"
"2356",1,"BOXR",4,1,"adult"
"2357",1,"BOXR",5,1,"adult"
"2358",1,"BOXR",6,1,"adult"
"2359",1,"BOXR",7,1,"adult"
"2360",1,"BOXR",8,1,"adult"
"2361",1,"BOXR",9,1,"adult"
"2362",1,"BOXR",10,1,"adult"
"2363",1,"BOXR",11,1,"adult"
"2364",1,"BOXR",12,1,"adult"
"2365",1,"BOXR",13,1,"adult"
"2366",1,"BOXR",14,1,"adult"
"2367",1,"BOXR",15,1,"adult"
"2368",1,"BOXR",16,1,"adult"
"2369",1,"BOXR",17,1,"adult"
"2370",1,"BOXR",18,1,"adult"
"2371",1,"BOXR",19,1,"adult"
"2372",1,"BOXR",20,1,"adult"
"2373",1,"BOXR",21,1,"adult"
"2374",1,"BOXR",22,1,"adult"
"2375",1,"BOXR",23,1,"adult"
"2376",1,"BOXR",24,1,"adult"
"2377",1,"BOXR",25,1,"adult"
"2378",1,"BOXR",26,1,"adult"
"2379",1,"BOXR",27,1,"adult"
"2380",1,"BOXR",28,1,"adult"
"2381",1,"BOXR",29,1,"adult"
"2382",1,"BOXR",30,1,"adult"
"2383",1,"BOXR",31,1,"adult"
"2384",1,"BOXR",32,1,"adult"
"2385",1,"BOXR",33,1,"adult"
"2386",1,"BOXR",34,1,"adult"
"2387",1,"BOXR",35,1,"adult"
"2388",1,"BOXR",36,1,"adult"
"2389",1,"BOXR",37,1,"adult"
"2390",1,"BOXR",38,1,"adult"
"2391",1,"BOXR",39,1,"adult"
"2392",1,"BOXR",40,1,"adult"
"2393",1,"BOXR",41,1,"adult"
"2395",1,"BRAC",1,1,"adult"
"2396",1,"BRAC",2,1,"adult"
"2397",1,"BRAC",3,1,"adult"
"2398",1,"BRAC",4,1,"adult"
"2399",1,"BRAC",5,1,"adult"
"2400",1,"BRAC",6,1,"adult"
"2401",1,"BRAC",7,1,"adult"
"2402",1,"BRAC",8,1,"adult"
"2403",1,"BRAC",9,1,"adult"
"2404",1,"BRAC",10,1,"adult"
"2405",1,"BRAC",11,1,"adult"
"2406",1,"BRAC",12,1,"adult"
"2407",1,"BRAC",13,1,"adult"
"2408",1,"BRAC",14,1,"adult"
"2409",1,"BRAC",15,1,"adult"
"2410",1,"BRAC",16,1,"adult"
"2411",1,"BRAC",17,1,"adult"
"2412",1,"BRAC",18,1,"adult"
"2413",1,"BRAC",19,1,"adult"
"2414",1,"BRAC",20,1,"adult"
"2415",1,"BRAC",21,1,"adult"
"2416",1,"BRAC",22,1,"adult"
"2417",1,"BRAC",23,1,"adult"
"2418",1,"BRAC",24,1,"adult"
"2419",1,"BRAC",25,1,"adult"
"2420",1,"BRAC",26,1,"adult"
"2421",1,"BRAC",27,1,"adult"
"2422",1,"BRAC",28,1,"adult"
"2423",1,"BRAC",29,1,"adult"
"2424",1,"BRAC",30,1,"adult"
"2425",1,"BRAC",31,1,"adult"
"2426",1,"BRAC",32,1,"adult"
"2427",1,"BRAC",33,1,"adult"
"2428",1,"BRAC",34,1,"adult"
"2429",1,"BRAC",35,1,"adult"
"2430",1,"BRAC",36,1,"adult"
"2431",1,"BRAC",37,1,"adult"
"2432",1,"BRAC",38,1,"adult"
"2433",1,"BRAC",39,1,"adult"
"2434",1,"BRAC",40,1,"adult"
"2435",1,"BRAC",41,1,"adult"
"2437",1,"BRAN",1,1,"adult"
"2438",1,"BRAN",2,1,"adult"
"2439",1,"BRAN",3,1,"adult"
"2440",1,"BRAN",4,1,"adult"
"2441",1,"BRAN",5,1,"adult"
"2442",1,"BRAN",6,1,"adult"
"2443",1,"BRAN",7,1,"adult"
"2444",1,"BRAN",8,1,"adult"
"2445",1,"BRAN",9,1,"adult"
"2446",1,"BRAN",10,1,"adult"
"2447",1,"BRAN",11,1,"adult"
"2448",1,"BRAN",12,1,"adult"
"2449",1,"BRAN",13,1,"adult"
"2450",1,"BRAN",14,1,"adult"
"2451",1,"BRAN",15,1,"adult"
"2452",1,"BRAN",16,1,"adult"
"2453",1,"BRAN",17,1,"adult"
"2454",1,"BRAN",18,1,"adult"
"2455",1,"BRAN",19,1,"adult"
"2456",1,"BRAN",20,1,"adult"
"2457",1,"BRAN",21,1,"adult"
"2458",1,"BRAN",22,1,"adult"
"2459",1,"BRAN",23,1,"adult"
"2460",1,"BRAN",24,1,"adult"
"2461",1,"BRAN",25,1,"adult"
"2462",1,"BRAN",26,1,"adult"
"2463",1,"BRAN",27,1,"adult"
"2464",1,"BRAN",28,1,"adult"
"2465",1,"BRAN",29,1,"adult"
"2466",1,"BRAN",30,1,"adult"
"2467",1,"BRAN",31,1,"adult"
"2468",1,"BRAN",32,1,"adult"
"2469",1,"BRAN",33,1,"adult"
"2470",1,"BRAN",34,1,"adult"
"2471",1,"BRAN",35,1,"adult"
"2472",1,"BRAN",36,1,"adult"
"2473",1,"BRAN",37,1,"adult"
"2474",1,"BRAN",38,1,"adult"
"2475",1,"BRAN",39,1,"adult"
"2476",1,"BRAN",40,1,"adult"
"2477",1,"BRAN",41,1,"adult"
"2479",1,"BRC4",1,1,"adult"
"2480",1,"BRC4",2,1,"adult"
"2481",1,"BRC4",3,1,"adult"
"2482",1,"BRC4",4,1,"adult"
"2483",1,"BRC4",5,1,"adult"
"2484",1,"BRC4",6,1,"adult"
"2485",1,"BRC4",7,1,"adult"
"2486",1,"BRC4",8,1,"adult"
"2487",1,"BRC4",9,1,"adult"
"2488",1,"BRC4",10,1,"adult"
"2489",1,"BRC4",11,1,"adult"
"2490",1,"BRC4",12,1,"adult"
"2491",1,"BRC4",13,1,"adult"
"2492",1,"BRC4",14,1,"adult"
"2493",1,"BRC4",15,1,"adult"
"2494",1,"BRC4",16,1,"adult"
"2495",1,"BRC4",17,1,"adult"
"2496",1,"BRC4",18,1,"adult"
"2497",1,"BRC4",19,1,"adult"
"2498",1,"BRC4",20,1,"adult"
"2499",1,"BRC4",21,1,"adult"
"2500",1,"BRC4",22,1,"adult"
"2501",1,"BRC4",23,1,"adult"
"2502",1,"BRC4",24,1,"adult"
"2503",1,"BRC4",25,1,"adult"
"2504",1,"BRC4",26,1,"adult"
"2505",1,"BRC4",27,1,"adult"
"2506",1,"BRC4",28,1,"adult"
"2507",1,"BRC4",29,1,"adult"
"2508",1,"BRC4",30,1,"adult"
"2509",1,"BRC4",31,1,"adult"
"2510",1,"BRC4",32,1,"adult"
"2511",1,"BRC4",33,1,"adult"
"2512",1,"BRC4",34,1,"adult"
"2513",1,"BRC4",35,1,"adult"
"2514",1,"BRC4",36,1,"adult"
"2515",1,"BRC4",37,1,"adult"
"2516",1,"BRC4",38,1,"adult"
"2517",1,"BRC4",39,1,"adult"
"2518",1,"BRC4",40,1,"adult"
"2519",1,"BRC4",41,1,"adult"
"2521",1,"BRD2",1,1,"unborn"
"2522",1,"BRD2",2,1,"unborn"
"2523",1,"BRD2",3,1,"unborn"
"2524",1,"BRD2",4,1,"unborn"
"2525",1,"BRD2",5,1,"unborn"
"2526",1,"BRD2",6,1,"unborn"
"2527",1,"BRD2",7,1,"calf"
"2528",1,"BRD2",8,1,"calf"
"2529",1,"BRD2",9,1,"calf"
"2530",1,"BRD2",10,1,"calf"
"2531",1,"BRD2",11,1,"calf"
"2532",1,"BRD2",12,1,"juvenile"
"2533",1,"BRD2",13,1,"juvenile"
"2534",1,"BRD2",14,1,"juvenile"
"2535",1,"BRD2",15,1,"juvenile"
"2536",1,"BRD2",16,1,"juvenile"
"2537",1,"BRD2",17,1,"juvenile"
"2538",1,"BRD2",18,1,"juvenile"
"2539",1,"BRD2",19,1,"adult"
"2540",1,"BRD2",20,1,"adult"
"2541",1,"BRD2",21,1,"adult"
"2542",1,"BRD2",22,1,"adult"
"2543",1,"BRD2",23,1,"adult"
"2544",1,"BRD2",24,1,"adult"
"2545",1,"BRD2",25,1,"adult"
"2546",1,"BRD2",26,1,"adult"
"2547",1,"BRD2",27,1,"adult"
"2548",1,"BRD2",28,1,"adult"
"2549",1,"BRD2",29,1,"adult"
"2550",1,"BRD2",30,1,"adult"
"2551",1,"BRD2",31,1,"adult"
"2552",1,"BRD2",32,1,"adult"
"2553",1,"BRD2",33,1,"adult"
"2554",1,"BRD2",34,1,"adult"
"2555",1,"BRD2",35,1,"adult"
"2556",1,"BRD2",36,1,"adult"
"2557",1,"BRD2",37,1,"adult"
"2558",1,"BRD2",38,1,"adult"
"2559",1,"BRD2",39,1,"adult"
"2560",1,"BRD2",40,1,"adult"
"2561",1,"BRD2",41,1,"adult"
"2563",1,"BRD3",1,1,"unborn"
"2564",1,"BRD3",2,1,"unborn"
"2565",1,"BRD3",3,1,"unborn"
"2566",1,"BRD3",4,1,"unborn"
"2567",1,"BRD3",5,1,"unborn"
"2568",1,"BRD3",6,1,"unborn"
"2569",1,"BRD3",7,1,"unborn"
"2570",1,"BRD3",8,1,"unborn"
"2571",1,"BRD3",9,1,"unborn"
"2572",1,"BRD3",10,1,"unborn"
"2573",1,"BRD3",11,1,"unborn"
"2574",1,"BRD3",12,1,"unborn"
"2575",1,"BRD3",13,1,"unborn"
"2576",1,"BRD3",14,1,"calf"
"2577",1,"BRD3",15,1,"calf"
"2578",1,"BRD3",16,1,"calf"
"2579",1,"BRD3",17,1,"calf"
"2580",1,"BRD3",18,1,"calf"
"2581",1,"BRD3",19,1,"juvenile"
"2582",1,"BRD3",20,1,"juvenile"
"2583",1,"BRD3",21,1,"juvenile"
"2584",1,"BRD3",22,1,"juvenile"
"2585",1,"BRD3",23,1,"juvenile"
"2586",1,"BRD3",24,1,"juvenile"
"2587",1,"BRD3",25,1,"juvenile"
"2588",1,"BRD3",26,1,"juvenile"
"2589",1,"BRD3",27,1,"juvenile"
"2590",1,"BRD3",28,1,"juvenile"
"2591",1,"BRD3",29,1,"juvenile"
"2592",1,"BRD3",30,1,"adult"
"2593",1,"BRD3",31,1,"adult"
"2594",1,"BRD3",32,1,"adult"
"2595",1,"BRD3",33,1,"adult"
"2596",1,"BRD3",34,1,"adult"
"2597",1,"BRD3",35,1,"adult"
"2598",1,"BRD3",36,1,"adult"
"2599",1,"BRD3",37,1,"adult"
"2600",1,"BRD3",38,1,"adult"
"2601",1,"BRD3",39,1,"adult"
"2602",1,"BRD3",40,1,"adult"
"2603",1,"BRD3",41,1,"adult"
"2605",1,"BRDO",1,1,"adult"
"2606",1,"BRDO",2,1,"adult"
"2607",1,"BRDO",3,1,"adult"
"2608",1,"BRDO",4,1,"adult"
"2609",1,"BRDO",5,1,"adult"
"2610",1,"BRDO",6,1,"adult"
"2611",1,"BRDO",7,1,"adult"
"2612",1,"BRDO",8,1,"adult"
"2613",1,"BRDO",9,1,"adult"
"2614",1,"BRDO",10,1,"adult"
"2615",1,"BRDO",11,1,"adult"
"2616",1,"BRDO",12,1,"adult"
"2617",1,"BRDO",13,1,"adult"
"2618",1,"BRDO",14,1,"adult"
"2619",1,"BRDO",15,1,"adult"
"2620",1,"BRDO",16,1,"adult"
"2621",1,"BRDO",17,1,"adult"
"2622",1,"BRDO",18,1,"adult"
"2623",1,"BRDO",19,1,"adult"
"2624",1,"BRDO",20,1,"adult"
"2625",1,"BRDO",21,1,"adult"
"2626",1,"BRDO",22,1,"adult"
"2627",1,"BRDO",23,1,"adult"
"2628",1,"BRDO",24,1,"adult"
"2629",1,"BRDO",25,1,"adult"
"2630",1,"BRDO",26,1,"adult"
"2631",1,"BRDO",27,1,"adult"
"2632",1,"BRDO",28,1,"adult"
"2633",1,"BRDO",29,1,"adult"
"2634",1,"BRDO",30,1,"adult"
"2635",1,"BRDO",31,1,"adult"
"2636",1,"BRDO",32,1,"adult"
"2637",1,"BRDO",33,1,"adult"
"2638",1,"BRDO",34,1,"adult"
"2639",1,"BRDO",35,1,"adult"
"2640",1,"BRDO",36,1,"adult"
"2641",1,"BRDO",37,1,"adult"
"2642",1,"BRDO",38,1,"adult"
"2643",1,"BRDO",39,1,"adult"
"2644",1,"BRDO",40,1,"adult"
"2645",1,"BRDO",41,1,"adult"
"2647",1,"BRN1",1,1,"adult"
"2648",1,"BRN1",2,1,"adult"
"2649",1,"BRN1",3,1,"adult"
"2650",1,"BRN1",4,1,"adult"
"2651",1,"BRN1",5,1,"adult"
"2652",1,"BRN1",6,1,"adult"
"2653",1,"BRN1",7,1,"adult"
"2654",1,"BRN1",8,1,"adult"
"2655",1,"BRN1",9,1,"adult"
"2656",1,"BRN1",10,1,"adult"
"2657",1,"BRN1",11,1,"adult"
"2658",1,"BRN1",12,1,"adult"
"2659",1,"BRN1",13,1,"adult"
"2660",1,"BRN1",14,1,"adult"
"2661",1,"BRN1",15,1,"adult"
"2662",1,"BRN1",16,1,"adult"
"2663",1,"BRN1",17,1,"adult"
"2664",1,"BRN1",18,1,"adult"
"2665",1,"BRN1",19,1,"adult"
"2666",1,"BRN1",20,1,"adult"
"2667",1,"BRN1",21,1,"adult"
"2668",1,"BRN1",22,1,"adult"
"2669",1,"BRN1",23,1,"adult"
"2670",1,"BRN1",24,1,"adult"
"2671",1,"BRN1",25,1,"adult"
"2672",1,"BRN1",26,1,"adult"
"2673",1,"BRN1",27,1,"adult"
"2674",1,"BRN1",28,1,"adult"
"2675",1,"BRN1",29,1,"adult"
"2676",1,"BRN1",30,1,"adult"
"2677",1,"BRN1",31,1,"adult"
"2678",1,"BRN1",32,1,"adult"
"2679",1,"BRN1",33,1,"adult"
"2680",1,"BRN1",34,1,"adult"
"2681",1,"BRN1",35,1,"adult"
"2682",1,"BRN1",36,1,"adult"
"2683",1,"BRN1",37,1,"adult"
"2684",1,"BRN1",38,1,"adult"
"2685",1,"BRN1",39,1,"adult"
"2686",1,"BRN1",40,1,"adult"
"2687",1,"BRN1",41,1,"adult"
"2689",1,"BTTV",1,1,"adult"
"2690",1,"BTTV",2,1,"adult"
"2691",1,"BTTV",3,1,"adult"
"2692",1,"BTTV",4,1,"adult"
"2693",1,"BTTV",5,1,"adult"
"2694",1,"BTTV",6,1,"adult"
"2695",1,"BTTV",7,1,"adult"
"2696",1,"BTTV",8,1,"adult"
"2697",1,"BTTV",9,1,"adult"
"2698",1,"BTTV",10,1,"adult"
"2699",1,"BTTV",11,1,"adult"
"2700",1,"BTTV",12,1,"adult"
"2701",1,"BTTV",13,1,"adult"
"2702",1,"BTTV",14,1,"adult"
"2703",1,"BTTV",15,1,"adult"
"2704",1,"BTTV",16,1,"adult"
"2705",1,"BTTV",17,1,"adult"
"2706",1,"BTTV",18,1,"adult"
"2707",1,"BTTV",19,1,"adult"
"2708",1,"BTTV",20,1,"adult"
"2709",1,"BTTV",21,1,"adult"
"2710",1,"BTTV",22,1,"adult"
"2711",1,"BTTV",23,1,"adult"
"2712",1,"BTTV",24,1,"adult"
"2713",1,"BTTV",25,1,"adult"
"2714",1,"BTTV",26,1,"adult"
"2715",1,"BTTV",27,1,"adult"
"2716",1,"BTTV",28,1,"adult"
"2717",1,"BTTV",29,1,"adult"
"2718",1,"BTTV",30,1,"adult"
"2719",1,"BTTV",31,1,"adult"
"2720",1,"BTTV",32,1,"adult"
"2721",1,"BTTV",33,1,"adult"
"2722",1,"BTTV",34,1,"adult"
"2723",1,"BTTV",35,1,"adult"
"2724",1,"BTTV",36,1,"adult"
"2725",1,"BTTV",37,1,"adult"
"2726",1,"BTTV",38,1,"adult"
"2727",1,"BTTV",39,1,"adult"
"2728",1,"BTTV",40,1,"adult"
"2729",1,"BTTV",41,1,"adult"
"2731",1,"C076",1,1,"unborn"
"2732",1,"C076",2,1,"unborn"
"2733",1,"C076",3,1,"unborn"
"2734",1,"C076",4,1,"unborn"
"2735",1,"C076",5,1,"unborn"
"2736",1,"C076",6,1,"unborn"
"2737",1,"C076",7,1,"unborn"
"2738",1,"C076",8,1,"unborn"
"2739",1,"C076",9,1,"unborn"
"2740",1,"C076",10,1,"unborn"
"2741",1,"C076",11,1,"unborn"
"2742",1,"C076",12,1,"unborn"
"2743",1,"C076",13,1,"unborn"
"2744",1,"C076",14,1,"unborn"
"2745",1,"C076",15,1,"unborn"
"2746",1,"C076",16,1,"unborn"
"2747",1,"C076",17,1,"unborn"
"2748",1,"C076",18,1,"unborn"
"2749",1,"C076",19,1,"calf"
"2750",1,"C076",20,1,"calf"
"2751",1,"C076",21,1,"calf"
"2752",1,"C076",22,1,"calf"
"2753",1,"C076",23,1,"calf"
"2754",1,"C076",24,1,"calf"
"2755",1,"C076",25,1,"calf"
"2756",1,"C076",26,1,"juvenile"
"2757",1,"C076",27,1,"juvenile"
"2758",1,"C076",28,1,"juvenile"
"2759",1,"C076",29,1,"juvenile"
"2760",1,"C076",30,1,"juvenile"
"2761",1,"C076",31,1,"juvenile"
"2762",1,"C076",32,1,"juvenile"
"2763",1,"C076",33,1,"juvenile"
"2764",1,"C076",34,1,"juvenile"
"2765",1,"C076",35,1,"juvenile"
"2766",1,"C076",36,1,"juvenile"
"2767",1,"C076",37,1,"juvenile"
"2768",1,"C076",38,1,"juvenile"
"2769",1,"C076",39,1,"juvenile"
"2770",1,"C076",40,1,"juvenile"
"2771",1,"C076",41,1,"juvenile"
"2773",1,"C114",1,1,"unborn"
"2774",1,"C114",2,1,"unborn"
"2775",1,"C114",3,1,"unborn"
"2776",1,"C114",4,1,"unborn"
"2777",1,"C114",5,1,"unborn"
"2778",1,"C114",6,1,"unborn"
"2779",1,"C114",7,1,"unborn"
"2780",1,"C114",8,1,"unborn"
"2781",1,"C114",9,1,"unborn"
"2782",1,"C114",10,1,"unborn"
"2783",1,"C114",11,1,"unborn"
"2784",1,"C114",12,1,"unborn"
"2785",1,"C114",13,1,"unborn"
"2786",1,"C114",14,1,"unborn"
"2787",1,"C114",15,1,"unborn"
"2788",1,"C114",16,1,"unborn"
"2789",1,"C114",17,1,"unborn"
"2790",1,"C114",18,1,"unborn"
"2791",1,"C114",19,1,"unborn"
"2792",1,"C114",20,1,"unborn"
"2793",1,"C114",21,1,"unborn"
"2794",1,"C114",22,1,"unborn"
"2795",1,"C114",23,1,"unborn"
"2796",1,"C114",24,1,"unborn"
"2797",1,"C114",25,1,"unborn"
"2798",1,"C114",26,1,"unborn"
"2799",1,"C114",27,1,"unborn"
"2800",1,"C114",28,1,"unborn"
"2801",1,"C114",29,1,"unborn"
"2802",1,"C114",30,1,"unborn"
"2803",1,"C114",31,1,"unborn"
"2804",1,"C114",32,1,"unborn"
"2805",1,"C114",33,1,"unborn"
"2806",1,"C114",34,1,"unborn"
"2807",1,"C114",35,1,"unborn"
"2808",1,"C114",36,1,"unborn"
"2809",1,"C114",37,1,"calf"
"2810",1,"C114",38,1,"calf"
"2811",1,"C114",39,1,"calf"
"2812",1,"C114",40,1,"calf"
"2813",1,"C114",41,1,"calf"
"2815",1,"C255",1,1,"unborn"
"2816",1,"C255",2,1,"unborn"
"2817",1,"C255",3,1,"unborn"
"2818",1,"C255",4,1,"unborn"
"2819",1,"C255",5,1,"unborn"
"2820",1,"C255",6,1,"unborn"
"2821",1,"C255",7,1,"unborn"
"2822",1,"C255",8,1,"unborn"
"2823",1,"C255",9,1,"unborn"
"2824",1,"C255",10,1,"unborn"
"2825",1,"C255",11,1,"unborn"
"2826",1,"C255",12,1,"unborn"
"2827",1,"C255",13,1,"unborn"
"2828",1,"C255",14,1,"calf"
"2829",1,"C255",15,1,"calf"
"2830",1,"C255",16,1,"calf"
"2831",1,"C255",17,1,"calf"
"2832",1,"C255",18,1,"calf"
"2833",1,"C255",19,1,"calf"
"2834",1,"C255",20,1,"calf"
"2835",1,"C255",21,1,"juvenile"
"2836",1,"C255",22,1,"juvenile"
"2837",1,"C255",23,1,"juvenile"
"2838",1,"C255",24,1,"juvenile"
"2839",1,"C255",25,1,"juvenile"
"2840",1,"C255",26,1,"juvenile"
"2841",1,"C255",27,1,"juvenile"
"2842",1,"C255",28,1,"juvenile"
"2843",1,"C255",29,1,"juvenile"
"2844",1,"C255",30,1,"juvenile"
"2845",1,"C255",31,1,"juvenile"
"2846",1,"C255",32,1,"juvenile"
"2847",1,"C255",33,1,"juvenile"
"2848",1,"C255",34,1,"adult"
"2849",1,"C255",35,1,"adult"
"2850",1,"C255",36,1,"adult"
"2851",1,"C255",37,1,"adult"
"2852",1,"C255",38,1,"adult"
"2853",1,"C255",39,1,"adult"
"2854",1,"C255",40,1,"adult"
"2855",1,"C255",41,1,"adult"
"2857",1,"C258",1,1,"unborn"
"2858",1,"C258",2,1,"unborn"
"2859",1,"C258",3,1,"unborn"
"2860",1,"C258",4,1,"unborn"
"2861",1,"C258",5,1,"unborn"
"2862",1,"C258",6,1,"unborn"
"2863",1,"C258",7,1,"unborn"
"2864",1,"C258",8,1,"unborn"
"2865",1,"C258",9,1,"unborn"
"2866",1,"C258",10,1,"unborn"
"2867",1,"C258",11,1,"unborn"
"2868",1,"C258",12,1,"unborn"
"2869",1,"C258",13,1,"unborn"
"2870",1,"C258",14,1,"unborn"
"2871",1,"C258",15,1,"unborn"
"2872",1,"C258",16,1,"unborn"
"2873",1,"C258",17,1,"unborn"
"2874",1,"C258",18,1,"unborn"
"2875",1,"C258",19,1,"unborn"
"2876",1,"C258",20,1,"unborn"
"2877",1,"C258",21,1,"unborn"
"2878",1,"C258",22,1,"unborn"
"2879",1,"C258",23,1,"unborn"
"2880",1,"C258",24,1,"unborn"
"2881",1,"C258",25,1,"unborn"
"2882",1,"C258",26,1,"unborn"
"2883",1,"C258",27,1,"unborn"
"2884",1,"C258",28,1,"unborn"
"2885",1,"C258",29,1,"unborn"
"2886",1,"C258",30,1,"unborn"
"2887",1,"C258",31,1,"unborn"
"2888",1,"C258",32,1,"unborn"
"2889",1,"C258",33,1,"unborn"
"2890",1,"C258",34,1,"calf"
"2891",1,"C258",35,1,"calf"
"2892",1,"C258",36,1,"calf"
"2893",1,"C258",37,1,"calf"
"2894",1,"C258",38,1,"calf"
"2895",1,"C258",39,1,"calf"
"2896",1,"C258",40,1,"calf"
"2897",1,"C258",41,1,"calf"
"2899",1,"C273",1,1,"unborn"
"2900",1,"C273",2,1,"unborn"
"2901",1,"C273",3,1,"unborn"
"2902",1,"C273",4,1,"unborn"
"2903",1,"C273",5,1,"unborn"
"2904",1,"C273",6,1,"unborn"
"2905",1,"C273",7,1,"unborn"
"2906",1,"C273",8,1,"unborn"
"2907",1,"C273",9,1,"unborn"
"2908",1,"C273",10,1,"unborn"
"2909",1,"C273",11,1,"unborn"
"2910",1,"C273",12,1,"calf"
"2911",1,"C273",13,1,"calf"
"2912",1,"C273",14,1,"calf"
"2913",1,"C273",15,1,"juvenile"
"2914",1,"C273",16,1,"juvenile"
"2915",1,"C273",17,1,"juvenile"
"2916",1,"C273",18,1,"juvenile"
"2917",1,"C273",19,1,"juvenile"
"2918",1,"C273",20,1,"juvenile"
"2919",1,"C273",21,1,"juvenile"
"2920",1,"C273",22,1,"juvenile"
"2921",1,"C273",23,1,"juvenile"
"2922",1,"C273",24,1,"adult"
"2923",1,"C273",25,1,"adult"
"2924",1,"C273",26,1,"adult"
"2925",1,"C273",27,1,"adult"
"2926",1,"C273",28,1,"adult"
"2927",1,"C273",29,1,"adult"
"2928",1,"C273",30,1,"adult"
"2929",1,"C273",31,1,"adult"
"2930",1,"C273",32,1,"adult"
"2931",1,"C273",33,1,"adult"
"2932",1,"C273",34,1,"adult"
"2933",1,"C273",35,1,"adult"
"2934",1,"C273",36,1,"adult"
"2935",1,"C273",37,1,"adult"
"2936",1,"C273",38,1,"adult"
"2937",1,"C273",39,1,"adult"
"2938",1,"C273",40,1,"adult"
"2939",1,"C273",41,1,"adult"
"2941",1,"C275",1,1,"unborn"
"2942",1,"C275",2,1,"unborn"
"2943",1,"C275",3,1,"unborn"
"2944",1,"C275",4,1,"unborn"
"2945",1,"C275",5,1,"unborn"
"2946",1,"C275",6,1,"unborn"
"2947",1,"C275",7,1,"unborn"
"2948",1,"C275",8,1,"unborn"
"2949",1,"C275",9,1,"unborn"
"2950",1,"C275",10,1,"unborn"
"2951",1,"C275",11,1,"unborn"
"2952",1,"C275",12,1,"unborn"
"2953",1,"C275",13,1,"unborn"
"2954",1,"C275",14,1,"unborn"
"2955",1,"C275",15,1,"unborn"
"2956",1,"C275",16,1,"unborn"
"2957",1,"C275",17,1,"unborn"
"2958",1,"C275",18,1,"unborn"
"2959",1,"C275",19,1,"calf"
"2960",1,"C275",20,1,"calf"
"2961",1,"C275",21,1,"calf"
"2962",1,"C275",22,1,"calf"
"2963",1,"C275",23,1,"calf"
"2964",1,"C275",24,1,"calf"
"2965",1,"C275",25,1,"calf"
"2966",1,"C275",26,1,"juvenile"
"2967",1,"C275",27,1,"juvenile"
"2968",1,"C275",28,1,"juvenile"
"2969",1,"C275",29,1,"juvenile"
"2970",1,"C275",30,1,"juvenile"
"2971",1,"C275",31,1,"juvenile"
"2972",1,"C275",32,1,"juvenile"
"2973",1,"C275",33,1,"juvenile"
"2974",1,"C275",34,1,"juvenile"
"2975",1,"C275",35,1,"juvenile"
"2976",1,"C275",36,1,"juvenile"
"2977",1,"C275",37,1,"juvenile"
"2978",1,"C275",38,1,"juvenile"
"2979",1,"C275",39,1,"juvenile"
"2980",1,"C275",40,1,"juvenile"
"2981",1,"C275",41,1,"juvenile"
"2983",1,"C276",1,1,"unborn"
"2984",1,"C276",2,1,"unborn"
"2985",1,"C276",3,1,"unborn"
"2986",1,"C276",4,1,"unborn"
"2987",1,"C276",5,1,"unborn"
"2988",1,"C276",6,1,"unborn"
"2989",1,"C276",7,1,"unborn"
"2990",1,"C276",8,1,"unborn"
"2991",1,"C276",9,1,"unborn"
"2992",1,"C276",10,1,"unborn"
"2993",1,"C276",11,1,"unborn"
"2994",1,"C276",12,1,"unborn"
"2995",1,"C276",13,1,"unborn"
"2996",1,"C276",14,1,"unborn"
"2997",1,"C276",15,1,"unborn"
"2998",1,"C276",16,1,"unborn"
"2999",1,"C276",17,1,"unborn"
"3000",1,"C276",18,1,"unborn"
"3001",1,"C276",19,1,"unborn"
"3002",1,"C276",20,1,"unborn"
"3003",1,"C276",21,1,"unborn"
"3004",1,"C276",22,1,"unborn"
"3005",1,"C276",23,1,"unborn"
"3006",1,"C276",24,1,"calf"
"3007",1,"C276",25,1,"calf"
"3008",1,"C276",26,1,"calf"
"3009",1,"C276",27,1,"calf"
"3010",1,"C276",28,1,"calf"
"3011",1,"C276",29,1,"calf"
"3012",1,"C276",30,1,"calf"
"3013",1,"C276",31,1,"calf"
"3014",1,"C276",32,1,"calf"
"3015",1,"C276",33,1,"calf"
"3016",1,"C276",34,1,"calf"
"3017",1,"C276",35,1,"calf"
"3018",1,"C276",36,1,"calf"
"3019",1,"C276",37,1,"juvenile"
"3020",1,"C276",38,1,"juvenile"
"3021",1,"C276",39,1,"juvenile"
"3022",1,"C276",40,1,"juvenile"
"3023",1,"C276",41,1,"juvenile"
"3025",1,"C330",1,1,"unborn"
"3026",1,"C330",2,1,"unborn"
"3027",1,"C330",3,1,"unborn"
"3028",1,"C330",4,1,"unborn"
"3029",1,"C330",5,1,"unborn"
"3030",1,"C330",6,1,"unborn"
"3031",1,"C330",7,1,"unborn"
"3032",1,"C330",8,1,"unborn"
"3033",1,"C330",9,1,"unborn"
"3034",1,"C330",10,1,"unborn"
"3035",1,"C330",11,1,"unborn"
"3036",1,"C330",12,1,"unborn"
"3037",1,"C330",13,1,"unborn"
"3038",1,"C330",14,1,"unborn"
"3039",1,"C330",15,1,"unborn"
"3040",1,"C330",16,1,"unborn"
"3041",1,"C330",17,1,"unborn"
"3042",1,"C330",18,1,"unborn"
"3043",1,"C330",19,1,"unborn"
"3044",1,"C330",20,1,"unborn"
"3045",1,"C330",21,1,"unborn"
"3046",1,"C330",22,1,"unborn"
"3047",1,"C330",23,1,"unborn"
"3048",1,"C330",24,1,"unborn"
"3049",1,"C330",25,1,"unborn"
"3050",1,"C330",26,1,"unborn"
"3051",1,"C330",27,1,"unborn"
"3052",1,"C330",28,1,"unborn"
"3053",1,"C330",29,1,"unborn"
"3054",1,"C330",30,1,"unborn"
"3055",1,"C330",31,1,"unborn"
"3056",1,"C330",32,1,"unborn"
"3057",1,"C330",33,1,"unborn"
"3058",1,"C330",34,1,"unborn"
"3059",1,"C330",35,1,"unborn"
"3060",1,"C330",36,1,"unborn"
"3061",1,"C330",37,1,"unborn"
"3062",1,"C330",38,1,"unborn"
"3063",1,"C330",39,1,"unborn"
"3064",1,"C330",40,1,"unborn"
"3065",1,"C330",41,1,"unborn"
"3067",1,"C391",1,1,"calf"
"3068",1,"C391",2,1,"calf"
"3069",1,"C391",3,1,"calf"
"3070",1,"C391",4,1,"calf"
"3071",1,"C391",5,1,"calf"
"3072",1,"C391",6,1,"calf"
"3073",1,"C391",7,1,"calf"
"3074",1,"C391",8,1,"calf"
"3075",1,"C391",9,1,"calf"
"3076",1,"C391",10,1,"calf"
"3077",1,"C391",11,1,"juvenile"
"3078",1,"C391",12,1,"juvenile"
"3079",1,"C391",13,1,"juvenile"
"3080",1,"C391",14,1,"juvenile"
"3081",1,"C391",15,1,"adult"
"3082",1,"C391",16,1,"adult"
"3083",1,"C391",17,1,"adult"
"3084",1,"C391",18,1,"adult"
"3085",1,"C391",19,1,"adult"
"3086",1,"C391",20,1,"adult"
"3087",1,"C391",21,1,"adult"
"3088",1,"C391",22,1,"adult"
"3089",1,"C391",23,1,"adult"
"3090",1,"C391",24,1,"adult"
"3091",1,"C391",25,1,"adult"
"3092",1,"C391",26,1,"adult"
"3093",1,"C391",27,1,"adult"
"3094",1,"C391",28,1,"adult"
"3095",1,"C391",29,1,"adult"
"3096",1,"C391",30,1,"adult"
"3097",1,"C391",31,1,"adult"
"3098",1,"C391",32,1,"adult"
"3099",1,"C391",33,1,"adult"
"3100",1,"C391",34,1,"adult"
"3101",1,"C391",35,1,"adult"
"3102",1,"C391",36,1,"adult"
"3103",1,"C391",37,1,"adult"
"3104",1,"C391",38,1,"adult"
"3105",1,"C391",39,1,"adult"
"3106",1,"C391",40,1,"adult"
"3107",1,"C391",41,1,"adult"
"3109",1,"C548",1,1,"unborn"
"3110",1,"C548",2,1,"unborn"
"3111",1,"C548",3,1,"unborn"
"3112",1,"C548",4,1,"unborn"
"3113",1,"C548",5,1,"unborn"
"3114",1,"C548",6,1,"unborn"
"3115",1,"C548",7,1,"unborn"
"3116",1,"C548",8,1,"unborn"
"3117",1,"C548",9,1,"unborn"
"3118",1,"C548",10,1,"unborn"
"3119",1,"C548",11,1,"unborn"
"3120",1,"C548",12,1,"unborn"
"3121",1,"C548",13,1,"unborn"
"3122",1,"C548",14,1,"unborn"
"3123",1,"C548",15,1,"unborn"
"3124",1,"C548",16,1,"unborn"
"3125",1,"C548",17,1,"unborn"
"3126",1,"C548",18,1,"unborn"
"3127",1,"C548",19,1,"unborn"
"3128",1,"C548",20,1,"unborn"
"3129",1,"C548",21,1,"unborn"
"3130",1,"C548",22,1,"unborn"
"3131",1,"C548",23,1,"unborn"
"3132",1,"C548",24,1,"unborn"
"3133",1,"C548",25,1,"unborn"
"3134",1,"C548",26,1,"unborn"
"3135",1,"C548",27,1,"unborn"
"3136",1,"C548",28,1,"unborn"
"3137",1,"C548",29,1,"unborn"
"3138",1,"C548",30,1,"unborn"
"3139",1,"C548",31,1,"unborn"
"3140",1,"C548",32,1,"unborn"
"3141",1,"C548",33,1,"unborn"
"3142",1,"C548",34,1,"unborn"
"3143",1,"C548",35,1,"unborn"
"3144",1,"C548",36,1,"unborn"
"3145",1,"C548",37,1,"calf"
"3146",1,"C548",38,1,"calf"
"3147",1,"C548",39,1,"calf"
"3148",1,"C548",40,1,"calf"
"3149",1,"C548",41,1,"calf"
"3151",1,"C554",1,1,"unborn"
"3152",1,"C554",2,1,"unborn"
"3153",1,"C554",3,1,"unborn"
"3154",1,"C554",4,1,"unborn"
"3155",1,"C554",5,1,"unborn"
"3156",1,"C554",6,1,"unborn"
"3157",1,"C554",7,1,"unborn"
"3158",1,"C554",8,1,"unborn"
"3159",1,"C554",9,1,"unborn"
"3160",1,"C554",10,1,"unborn"
"3161",1,"C554",11,1,"unborn"
"3162",1,"C554",12,1,"unborn"
"3163",1,"C554",13,1,"unborn"
"3164",1,"C554",14,1,"unborn"
"3165",1,"C554",15,1,"unborn"
"3166",1,"C554",16,1,"unborn"
"3167",1,"C554",17,1,"unborn"
"3168",1,"C554",18,1,"unborn"
"3169",1,"C554",19,1,"unborn"
"3170",1,"C554",20,1,"unborn"
"3171",1,"C554",21,1,"unborn"
"3172",1,"C554",22,1,"unborn"
"3173",1,"C554",23,1,"unborn"
"3174",1,"C554",24,1,"unborn"
"3175",1,"C554",25,1,"unborn"
"3176",1,"C554",26,1,"unborn"
"3177",1,"C554",27,1,"unborn"
"3178",1,"C554",28,1,"unborn"
"3179",1,"C554",29,1,"unborn"
"3180",1,"C554",30,1,"calf"
"3181",1,"C554",31,1,"calf"
"3182",1,"C554",32,1,"calf"
"3183",1,"C554",33,1,"calf"
"3184",1,"C554",34,1,"calf"
"3185",1,"C554",35,1,"calf"
"3186",1,"C554",36,1,"calf"
"3187",1,"C554",37,1,"calf"
"3188",1,"C554",38,1,"calf"
"3189",1,"C554",39,1,"calf"
"3190",1,"C554",40,1,"calf"
"3191",1,"C554",41,1,"calf"
"3193",1,"C555",1,1,"unborn"
"3194",1,"C555",2,1,"unborn"
"3195",1,"C555",3,1,"unborn"
"3196",1,"C555",4,1,"unborn"
"3197",1,"C555",5,1,"unborn"
"3198",1,"C555",6,1,"unborn"
"3199",1,"C555",7,1,"unborn"
"3200",1,"C555",8,1,"unborn"
"3201",1,"C555",9,1,"unborn"
"3202",1,"C555",10,1,"unborn"
"3203",1,"C555",11,1,"unborn"
"3204",1,"C555",12,1,"unborn"
"3205",1,"C555",13,1,"unborn"
"3206",1,"C555",14,1,"unborn"
"3207",1,"C555",15,1,"unborn"
"3208",1,"C555",16,1,"unborn"
"3209",1,"C555",17,1,"unborn"
"3210",1,"C555",18,1,"unborn"
"3211",1,"C555",19,1,"unborn"
"3212",1,"C555",20,1,"unborn"
"3213",1,"C555",21,1,"unborn"
"3214",1,"C555",22,1,"unborn"
"3215",1,"C555",23,1,"unborn"
"3216",1,"C555",24,1,"unborn"
"3217",1,"C555",25,1,"unborn"
"3218",1,"C555",26,1,"unborn"
"3219",1,"C555",27,1,"unborn"
"3220",1,"C555",28,1,"unborn"
"3221",1,"C555",29,1,"unborn"
"3222",1,"C555",30,1,"unborn"
"3223",1,"C555",31,1,"unborn"
"3224",1,"C555",32,1,"unborn"
"3225",1,"C555",33,1,"unborn"
"3226",1,"C555",34,1,"unborn"
"3227",1,"C555",35,1,"unborn"
"3228",1,"C555",36,1,"unborn"
"3229",1,"C555",37,1,"calf"
"3230",1,"C555",38,1,"calf"
"3231",1,"C555",39,1,"calf"
"3232",1,"C555",40,1,"calf"
"3233",1,"C555",41,1,"calf"
"3235",1,"C595",1,1,"calf"
"3236",1,"C595",2,1,"calf"
"3237",1,"C595",3,1,"calf"
"3238",1,"C595",4,1,"calf"
"3239",1,"C595",5,1,"calf"
"3240",1,"C595",6,1,"calf"
"3241",1,"C595",7,1,"calf"
"3242",1,"C595",8,1,"calf"
"3243",1,"C595",9,1,"calf"
"3244",1,"C595",10,1,"calf"
"3245",1,"C595",11,1,"juvenile"
"3246",1,"C595",12,1,"juvenile"
"3247",1,"C595",13,1,"juvenile"
"3248",1,"C595",14,1,"juvenile"
"3249",1,"C595",15,1,"adult"
"3250",1,"C595",16,1,"adult"
"3251",1,"C595",17,1,"adult"
"3252",1,"C595",18,1,"adult"
"3253",1,"C595",19,1,"adult"
"3254",1,"C595",20,1,"adult"
"3255",1,"C595",21,1,"adult"
"3256",1,"C595",22,1,"adult"
"3257",1,"C595",23,1,"adult"
"3258",1,"C595",24,1,"adult"
"3259",1,"C595",25,1,"adult"
"3260",1,"C595",26,1,"adult"
"3261",1,"C595",27,1,"adult"
"3262",1,"C595",28,1,"adult"
"3263",1,"C595",29,1,"adult"
"3264",1,"C595",30,1,"adult"
"3265",1,"C595",31,1,"adult"
"3266",1,"C595",32,1,"adult"
"3267",1,"C595",33,1,"adult"
"3268",1,"C595",34,1,"adult"
"3269",1,"C595",35,1,"adult"
"3270",1,"C595",36,1,"adult"
"3271",1,"C595",37,1,"adult"
"3272",1,"C595",38,1,"adult"
"3273",1,"C595",39,1,"adult"
"3274",1,"C595",40,1,"adult"
"3275",1,"C595",41,1,"adult"
"3277",1,"C596",1,1,"unborn"
"3278",1,"C596",2,1,"unborn"
"3279",1,"C596",3,1,"unborn"
"3280",1,"C596",4,1,"unborn"
"3281",1,"C596",5,1,"unborn"
"3282",1,"C596",6,1,"unborn"
"3283",1,"C596",7,1,"unborn"
"3284",1,"C596",8,1,"unborn"
"3285",1,"C596",9,1,"unborn"
"3286",1,"C596",10,1,"unborn"
"3287",1,"C596",11,1,"calf"
"3288",1,"C596",12,1,"calf"
"3289",1,"C596",13,1,"calf"
"3290",1,"C596",14,1,"juvenile"
"3291",1,"C596",15,1,"juvenile"
"3292",1,"C596",16,1,"juvenile"
"3293",1,"C596",17,1,"juvenile"
"3294",1,"C596",18,1,"juvenile"
"3295",1,"C596",19,1,"juvenile"
"3296",1,"C596",20,1,"juvenile"
"3297",1,"C596",21,1,"juvenile"
"3298",1,"C596",22,1,"juvenile"
"3299",1,"C596",23,1,"adult"
"3300",1,"C596",24,1,"adult"
"3301",1,"C596",25,1,"adult"
"3302",1,"C596",26,1,"adult"
"3303",1,"C596",27,1,"adult"
"3304",1,"C596",28,1,"adult"
"3305",1,"C596",29,1,"adult"
"3306",1,"C596",30,1,"adult"
"3307",1,"C596",31,1,"adult"
"3308",1,"C596",32,1,"adult"
"3309",1,"C596",33,1,"adult"
"3310",1,"C596",34,1,"adult"
"3311",1,"C596",35,1,"adult"
"3312",1,"C596",36,1,"adult"
"3313",1,"C596",37,1,"adult"
"3314",1,"C596",38,1,"adult"
"3315",1,"C596",39,1,"adult"
"3316",1,"C596",40,1,"adult"
"3317",1,"C596",41,1,"adult"
"3319",1,"C652",1,1,"calf"
"3320",1,"C652",2,1,"calf"
"3321",1,"C652",3,1,"calf"
"3322",1,"C652",4,1,"calf"
"3323",1,"C652",5,1,"calf"
"3324",1,"C652",6,1,"calf"
"3325",1,"C652",7,1,"calf"
"3326",1,"C652",8,1,"calf"
"3327",1,"C652",9,1,"calf"
"3328",1,"C652",10,1,"calf"
"3329",1,"C652",11,1,"juvenile"
"3330",1,"C652",12,1,"juvenile"
"3331",1,"C652",13,1,"juvenile"
"3332",1,"C652",14,1,"juvenile"
"3333",1,"C652",15,1,"adult"
"3334",1,"C652",16,1,"adult"
"3335",1,"C652",17,1,"adult"
"3336",1,"C652",18,1,"adult"
"3337",1,"C652",19,1,"adult"
"3338",1,"C652",20,1,"adult"
"3339",1,"C652",21,1,"adult"
"3340",1,"C652",22,1,"adult"
"3341",1,"C652",23,1,"adult"
"3342",1,"C652",24,1,"adult"
"3343",1,"C652",25,1,"adult"
"3344",1,"C652",26,1,"adult"
"3345",1,"C652",27,1,"adult"
"3346",1,"C652",28,1,"adult"
"3347",1,"C652",29,1,"adult"
"3348",1,"C652",30,1,"adult"
"3349",1,"C652",31,1,"adult"
"3350",1,"C652",32,1,"adult"
"3351",1,"C652",33,1,"adult"
"3352",1,"C652",34,1,"adult"
"3353",1,"C652",35,1,"adult"
"3354",1,"C652",36,1,"adult"
"3355",1,"C652",37,1,"adult"
"3356",1,"C652",38,1,"adult"
"3357",1,"C652",39,1,"adult"
"3358",1,"C652",40,1,"adult"
"3359",1,"C652",41,1,"adult"
"3361",1,"C655",1,1,"unborn"
"3362",1,"C655",2,1,"unborn"
"3363",1,"C655",3,1,"unborn"
"3364",1,"C655",4,1,"unborn"
"3365",1,"C655",5,1,"unborn"
"3366",1,"C655",6,1,"unborn"
"3367",1,"C655",7,1,"unborn"
"3368",1,"C655",8,1,"unborn"
"3369",1,"C655",9,1,"unborn"
"3370",1,"C655",10,1,"unborn"
"3371",1,"C655",11,1,"unborn"
"3372",1,"C655",12,1,"unborn"
"3373",1,"C655",13,1,"unborn"
"3374",1,"C655",14,1,"unborn"
"3375",1,"C655",15,1,"unborn"
"3376",1,"C655",16,1,"unborn"
"3377",1,"C655",17,1,"unborn"
"3378",1,"C655",18,1,"unborn"
"3379",1,"C655",19,1,"unborn"
"3380",1,"C655",20,1,"unborn"
"3381",1,"C655",21,1,"unborn"
"3382",1,"C655",22,1,"unborn"
"3383",1,"C655",23,1,"unborn"
"3384",1,"C655",24,1,"unborn"
"3385",1,"C655",25,1,"unborn"
"3386",1,"C655",26,1,"unborn"
"3387",1,"C655",27,1,"unborn"
"3388",1,"C655",28,1,"unborn"
"3389",1,"C655",29,1,"unborn"
"3390",1,"C655",30,1,"unborn"
"3391",1,"C655",31,1,"unborn"
"3392",1,"C655",32,1,"unborn"
"3393",1,"C655",33,1,"unborn"
"3394",1,"C655",34,1,"calf"
"3395",1,"C655",35,1,"calf"
"3396",1,"C655",36,1,"calf"
"3397",1,"C655",37,1,"calf"
"3398",1,"C655",38,1,"calf"
"3399",1,"C655",39,1,"calf"
"3400",1,"C655",40,1,"calf"
"3401",1,"C655",41,1,"calf"
"3403",1,"C795",1,1,"unborn"
"3404",1,"C795",2,1,"unborn"
"3405",1,"C795",3,1,"unborn"
"3406",1,"C795",4,1,"unborn"
"3407",1,"C795",5,1,"unborn"
"3408",1,"C795",6,1,"unborn"
"3409",1,"C795",7,1,"unborn"
"3410",1,"C795",8,1,"unborn"
"3411",1,"C795",9,1,"unborn"
"3412",1,"C795",10,1,"unborn"
"3413",1,"C795",11,1,"unborn"
"3414",1,"C795",12,1,"unborn"
"3415",1,"C795",13,1,"unborn"
"3416",1,"C795",14,1,"unborn"
"3417",1,"C795",15,1,"unborn"
"3418",1,"C795",16,1,"calf"
"3419",1,"C795",17,1,"calf"
"3420",1,"C795",18,1,"calf"
"3421",1,"C795",19,1,"calf"
"3422",1,"C795",20,1,"calf"
"3423",1,"C795",21,1,"calf"
"3424",1,"C795",22,1,"calf"
"3425",1,"C795",23,1,"calf"
"3426",1,"C795",24,1,"juvenile"
"3427",1,"C795",25,1,"juvenile"
"3428",1,"C795",26,1,"juvenile"
"3429",1,"C795",27,1,"juvenile"
"3430",1,"C795",28,1,"juvenile"
"3431",1,"C795",29,1,"juvenile"
"3432",1,"C795",30,1,"juvenile"
"3433",1,"C795",31,1,"juvenile"
"3434",1,"C795",32,1,"juvenile"
"3435",1,"C795",33,1,"juvenile"
"3436",1,"C795",34,1,"juvenile"
"3437",1,"C795",35,1,"juvenile"
"3438",1,"C795",36,1,"juvenile"
"3439",1,"C795",37,1,"juvenile"
"3440",1,"C795",38,1,"juvenile"
"3441",1,"C795",39,1,"juvenile"
"3442",1,"C795",40,1,"juvenile"
"3443",1,"C795",41,1,"juvenile"
"3445",1,"C797",1,1,"unborn"
"3446",1,"C797",2,1,"unborn"
"3447",1,"C797",3,1,"unborn"
"3448",1,"C797",4,1,"unborn"
"3449",1,"C797",5,1,"unborn"
"3450",1,"C797",6,1,"unborn"
"3451",1,"C797",7,1,"unborn"
"3452",1,"C797",8,1,"unborn"
"3453",1,"C797",9,1,"unborn"
"3454",1,"C797",10,1,"unborn"
"3455",1,"C797",11,1,"unborn"
"3456",1,"C797",12,1,"unborn"
"3457",1,"C797",13,1,"unborn"
"3458",1,"C797",14,1,"unborn"
"3459",1,"C797",15,1,"unborn"
"3460",1,"C797",16,1,"unborn"
"3461",1,"C797",17,1,"unborn"
"3462",1,"C797",18,1,"unborn"
"3463",1,"C797",19,1,"unborn"
"3464",1,"C797",20,1,"unborn"
"3465",1,"C797",21,1,"unborn"
"3466",1,"C797",22,1,"unborn"
"3467",1,"C797",23,1,"unborn"
"3468",1,"C797",24,1,"unborn"
"3469",1,"C797",25,1,"unborn"
"3470",1,"C797",26,1,"unborn"
"3471",1,"C797",27,1,"unborn"
"3472",1,"C797",28,1,"unborn"
"3473",1,"C797",29,1,"unborn"
"3474",1,"C797",30,1,"calf"
"3475",1,"C797",31,1,"calf"
"3476",1,"C797",32,1,"calf"
"3477",1,"C797",33,1,"calf"
"3478",1,"C797",34,1,"calf"
"3479",1,"C797",35,1,"calf"
"3480",1,"C797",36,1,"calf"
"3481",1,"C797",37,1,"calf"
"3482",1,"C797",38,1,"calf"
"3483",1,"C797",39,1,"calf"
"3484",1,"C797",40,1,"calf"
"3485",1,"C797",41,1,"calf"
"3487",1,"C798",1,1,"unborn"
"3488",1,"C798",2,1,"unborn"
"3489",1,"C798",3,1,"unborn"
"3490",1,"C798",4,1,"unborn"
"3491",1,"C798",5,1,"unborn"
"3492",1,"C798",6,1,"unborn"
"3493",1,"C798",7,1,"unborn"
"3494",1,"C798",8,1,"unborn"
"3495",1,"C798",9,1,"unborn"
"3496",1,"C798",10,1,"unborn"
"3497",1,"C798",11,1,"unborn"
"3498",1,"C798",12,1,"unborn"
"3499",1,"C798",13,1,"unborn"
"3500",1,"C798",14,1,"unborn"
"3501",1,"C798",15,1,"unborn"
"3502",1,"C798",16,1,"unborn"
"3503",1,"C798",17,1,"unborn"
"3504",1,"C798",18,1,"unborn"
"3505",1,"C798",19,1,"unborn"
"3506",1,"C798",20,1,"unborn"
"3507",1,"C798",21,1,"unborn"
"3508",1,"C798",22,1,"unborn"
"3509",1,"C798",23,1,"unborn"
"3510",1,"C798",24,1,"unborn"
"3511",1,"C798",25,1,"unborn"
"3512",1,"C798",26,1,"unborn"
"3513",1,"C798",27,1,"unborn"
"3514",1,"C798",28,1,"unborn"
"3515",1,"C798",29,1,"unborn"
"3516",1,"C798",30,1,"unborn"
"3517",1,"C798",31,1,"unborn"
"3518",1,"C798",32,1,"unborn"
"3519",1,"C798",33,1,"unborn"
"3520",1,"C798",34,1,"unborn"
"3521",1,"C798",35,1,"unborn"
"3522",1,"C798",36,1,"unborn"
"3523",1,"C798",37,1,"calf"
"3524",1,"C798",38,1,"calf"
"3525",1,"C798",39,1,"calf"
"3526",1,"C798",40,1,"calf"
"3527",1,"C798",41,1,"calf"
"3529",1,"C834",1,1,"calf"
"3530",1,"C834",2,1,"calf"
"3531",1,"C834",3,1,"calf"
"3532",1,"C834",4,1,"calf"
"3533",1,"C834",5,1,"calf"
"3534",1,"C834",6,1,"calf"
"3535",1,"C834",7,1,"juvenile"
"3536",1,"C834",8,1,"juvenile"
"3537",1,"C834",9,1,"juvenile"
"3538",1,"C834",10,1,"juvenile"
"3539",1,"C834",11,1,"juvenile"
"3540",1,"C834",12,1,"juvenile"
"3541",1,"C834",13,1,"juvenile"
"3542",1,"C834",14,1,"adult"
"3543",1,"C834",15,1,"adult"
"3544",1,"C834",16,1,"adult"
"3545",1,"C834",17,1,"adult"
"3546",1,"C834",18,1,"adult"
"3547",1,"C834",19,1,"adult"
"3548",1,"C834",20,1,"adult"
"3549",1,"C834",21,1,"adult"
"3550",1,"C834",22,1,"adult"
"3551",1,"C834",23,1,"adult"
"3552",1,"C834",24,1,"adult"
"3553",1,"C834",25,1,"adult"
"3554",1,"C834",26,1,"adult"
"3555",1,"C834",27,1,"adult"
"3556",1,"C834",28,1,"adult"
"3557",1,"C834",29,1,"adult"
"3558",1,"C834",30,1,"adult"
"3559",1,"C834",31,1,"adult"
"3560",1,"C834",32,1,"adult"
"3561",1,"C834",33,1,"adult"
"3562",1,"C834",34,1,"adult"
"3563",1,"C834",35,1,"adult"
"3564",1,"C834",36,1,"adult"
"3565",1,"C834",37,1,"adult"
"3566",1,"C834",38,1,"adult"
"3567",1,"C834",39,1,"adult"
"3568",1,"C834",40,1,"adult"
"3569",1,"C834",41,1,"adult"
"3571",1,"C835",1,1,"unborn"
"3572",1,"C835",2,1,"unborn"
"3573",1,"C835",3,1,"unborn"
"3574",1,"C835",4,1,"unborn"
"3575",1,"C835",5,1,"unborn"
"3576",1,"C835",6,1,"unborn"
"3577",1,"C835",7,1,"unborn"
"3578",1,"C835",8,1,"unborn"
"3579",1,"C835",9,1,"unborn"
"3580",1,"C835",10,1,"unborn"
"3581",1,"C835",11,1,"calf"
"3582",1,"C835",12,1,"calf"
"3583",1,"C835",13,1,"calf"
"3584",1,"C835",14,1,"juvenile"
"3585",1,"C835",15,1,"juvenile"
"3586",1,"C835",16,1,"juvenile"
"3587",1,"C835",17,1,"juvenile"
"3588",1,"C835",18,1,"juvenile"
"3589",1,"C835",19,1,"juvenile"
"3590",1,"C835",20,1,"juvenile"
"3591",1,"C835",21,1,"juvenile"
"3592",1,"C835",22,1,"juvenile"
"3593",1,"C835",23,1,"adult"
"3594",1,"C835",24,1,"adult"
"3595",1,"C835",25,1,"adult"
"3596",1,"C835",26,1,"adult"
"3597",1,"C835",27,1,"adult"
"3598",1,"C835",28,1,"adult"
"3599",1,"C835",29,1,"adult"
"3600",1,"C835",30,1,"adult"
"3601",1,"C835",31,1,"adult"
"3602",1,"C835",32,1,"adult"
"3603",1,"C835",33,1,"adult"
"3604",1,"C835",34,1,"adult"
"3605",1,"C835",35,1,"adult"
"3606",1,"C835",36,1,"adult"
"3607",1,"C835",37,1,"adult"
"3608",1,"C835",38,1,"adult"
"3609",1,"C835",39,1,"adult"
"3610",1,"C835",40,1,"adult"
"3611",1,"C835",41,1,"adult"
"3613",1,"C871",1,1,"unborn"
"3614",1,"C871",2,1,"unborn"
"3615",1,"C871",3,1,"unborn"
"3616",1,"C871",4,1,"unborn"
"3617",1,"C871",5,1,"unborn"
"3618",1,"C871",6,1,"unborn"
"3619",1,"C871",7,1,"calf"
"3620",1,"C871",8,1,"calf"
"3621",1,"C871",9,1,"calf"
"3622",1,"C871",10,1,"calf"
"3623",1,"C871",11,1,"calf"
"3624",1,"C871",12,1,"juvenile"
"3625",1,"C871",13,1,"juvenile"
"3626",1,"C871",14,1,"juvenile"
"3627",1,"C871",15,1,"juvenile"
"3628",1,"C871",16,1,"juvenile"
"3629",1,"C871",17,1,"juvenile"
"3630",1,"C871",18,1,"juvenile"
"3631",1,"C871",19,1,"adult"
"3632",1,"C871",20,1,"adult"
"3633",1,"C871",21,1,"adult"
"3634",1,"C871",22,1,"adult"
"3635",1,"C871",23,1,"adult"
"3636",1,"C871",24,1,"adult"
"3637",1,"C871",25,1,"adult"
"3638",1,"C871",26,1,"adult"
"3639",1,"C871",27,1,"adult"
"3640",1,"C871",28,1,"adult"
"3641",1,"C871",29,1,"adult"
"3642",1,"C871",30,1,"adult"
"3643",1,"C871",31,1,"adult"
"3644",1,"C871",32,1,"adult"
"3645",1,"C871",33,1,"adult"
"3646",1,"C871",34,1,"adult"
"3647",1,"C871",35,1,"adult"
"3648",1,"C871",36,1,"adult"
"3649",1,"C871",37,1,"adult"
"3650",1,"C871",38,1,"adult"
"3651",1,"C871",39,1,"adult"
"3652",1,"C871",40,1,"adult"
"3653",1,"C871",41,1,"adult"
"3655",1,"C874",1,1,"unborn"
"3656",1,"C874",2,1,"unborn"
"3657",1,"C874",3,1,"unborn"
"3658",1,"C874",4,1,"unborn"
"3659",1,"C874",5,1,"unborn"
"3660",1,"C874",6,1,"unborn"
"3661",1,"C874",7,1,"unborn"
"3662",1,"C874",8,1,"unborn"
"3663",1,"C874",9,1,"unborn"
"3664",1,"C874",10,1,"unborn"
"3665",1,"C874",11,1,"unborn"
"3666",1,"C874",12,1,"unborn"
"3667",1,"C874",13,1,"unborn"
"3668",1,"C874",14,1,"unborn"
"3669",1,"C874",15,1,"unborn"
"3670",1,"C874",16,1,"unborn"
"3671",1,"C874",17,1,"unborn"
"3672",1,"C874",18,1,"unborn"
"3673",1,"C874",19,1,"unborn"
"3674",1,"C874",20,1,"unborn"
"3675",1,"C874",21,1,"unborn"
"3676",1,"C874",22,1,"unborn"
"3677",1,"C874",23,1,"unborn"
"3678",1,"C874",24,1,"unborn"
"3679",1,"C874",25,1,"unborn"
"3680",1,"C874",26,1,"unborn"
"3681",1,"C874",27,1,"unborn"
"3682",1,"C874",28,1,"unborn"
"3683",1,"C874",29,1,"unborn"
"3684",1,"C874",30,1,"calf"
"3685",1,"C874",31,1,"calf"
"3686",1,"C874",32,1,"calf"
"3687",1,"C874",33,1,"calf"
"3688",1,"C874",34,1,"calf"
"3689",1,"C874",35,1,"calf"
"3690",1,"C874",36,1,"calf"
"3691",1,"C874",37,1,"calf"
"3692",1,"C874",38,1,"calf"
"3693",1,"C874",39,1,"calf"
"3694",1,"C874",40,1,"calf"
"3695",1,"C874",41,1,"calf"
"3697",1,"C911",1,1,"unborn"
"3698",1,"C911",2,1,"unborn"
"3699",1,"C911",3,1,"unborn"
"3700",1,"C911",4,1,"unborn"
"3701",1,"C911",5,1,"unborn"
"3702",1,"C911",6,1,"unborn"
"3703",1,"C911",7,1,"unborn"
"3704",1,"C911",8,1,"unborn"
"3705",1,"C911",9,1,"unborn"
"3706",1,"C911",10,1,"unborn"
"3707",1,"C911",11,1,"unborn"
"3708",1,"C911",12,1,"unborn"
"3709",1,"C911",13,1,"unborn"
"3710",1,"C911",14,1,"unborn"
"3711",1,"C911",15,1,"unborn"
"3712",1,"C911",16,1,"unborn"
"3713",1,"C911",17,1,"unborn"
"3714",1,"C911",18,1,"unborn"
"3715",1,"C911",19,1,"unborn"
"3716",1,"C911",20,1,"unborn"
"3717",1,"C911",21,1,"unborn"
"3718",1,"C911",22,1,"unborn"
"3719",1,"C911",23,1,"calf"
"3720",1,"C911",24,1,"calf"
"3721",1,"C911",25,1,"calf"
"3722",1,"C911",26,1,"calf"
"3723",1,"C911",27,1,"calf"
"3724",1,"C911",28,1,"calf"
"3725",1,"C911",29,1,"calf"
"3726",1,"C911",30,1,"calf"
"3727",1,"C911",31,1,"calf"
"3728",1,"C911",32,1,"calf"
"3729",1,"C911",33,1,"calf"
"3730",1,"C911",34,1,"juvenile"
"3731",1,"C911",35,1,"juvenile"
"3732",1,"C911",36,1,"juvenile"
"3733",1,"C911",37,1,"juvenile"
"3734",1,"C911",38,1,"juvenile"
"3735",1,"C911",39,1,"juvenile"
"3736",1,"C911",40,1,"juvenile"
"3737",1,"C911",41,1,"juvenile"
"3739",1,"C912",1,1,"unborn"
"3740",1,"C912",2,1,"unborn"
"3741",1,"C912",3,1,"unborn"
"3742",1,"C912",4,1,"unborn"
"3743",1,"C912",5,1,"unborn"
"3744",1,"C912",6,1,"unborn"
"3745",1,"C912",7,1,"unborn"
"3746",1,"C912",8,1,"unborn"
"3747",1,"C912",9,1,"unborn"
"3748",1,"C912",10,1,"unborn"
"3749",1,"C912",11,1,"unborn"
"3750",1,"C912",12,1,"unborn"
"3751",1,"C912",13,1,"unborn"
"3752",1,"C912",14,1,"unborn"
"3753",1,"C912",15,1,"unborn"
"3754",1,"C912",16,1,"unborn"
"3755",1,"C912",17,1,"unborn"
"3756",1,"C912",18,1,"unborn"
"3757",1,"C912",19,1,"unborn"
"3758",1,"C912",20,1,"unborn"
"3759",1,"C912",21,1,"unborn"
"3760",1,"C912",22,1,"unborn"
"3761",1,"C912",23,1,"unborn"
"3762",1,"C912",24,1,"unborn"
"3763",1,"C912",25,1,"unborn"
"3764",1,"C912",26,1,"unborn"
"3765",1,"C912",27,1,"unborn"
"3766",1,"C912",28,1,"unborn"
"3767",1,"C912",29,1,"unborn"
"3768",1,"C912",30,1,"unborn"
"3769",1,"C912",31,1,"unborn"
"3770",1,"C912",32,1,"unborn"
"3771",1,"C912",33,1,"unborn"
"3772",1,"C912",34,1,"calf"
"3773",1,"C912",35,1,"calf"
"3774",1,"C912",36,1,"calf"
"3775",1,"C912",37,1,"calf"
"3776",1,"C912",38,1,"calf"
"3777",1,"C912",39,1,"calf"
"3778",1,"C912",40,1,"calf"
"3779",1,"C912",41,1,"calf"
"3781",1,"C932",1,1,"unborn"
"3782",1,"C932",2,1,"unborn"
"3783",1,"C932",3,1,"unborn"
"3784",1,"C932",4,1,"unborn"
"3785",1,"C932",5,1,"unborn"
"3786",1,"C932",6,1,"unborn"
"3787",1,"C932",7,1,"unborn"
"3788",1,"C932",8,1,"unborn"
"3789",1,"C932",9,1,"unborn"
"3790",1,"C932",10,1,"unborn"
"3791",1,"C932",11,1,"unborn"
"3792",1,"C932",12,1,"calf"
"3793",1,"C932",13,1,"calf"
"3794",1,"C932",14,1,"calf"
"3795",1,"C932",15,1,"calf"
"3796",1,"C932",16,1,"juvenile"
"3797",1,"C932",17,1,"juvenile"
"3798",1,"C932",18,1,"juvenile"
"3799",1,"C932",19,1,"juvenile"
"3800",1,"C932",20,1,"juvenile"
"3801",1,"C932",21,1,"juvenile"
"3802",1,"C932",22,1,"juvenile"
"3803",1,"C932",23,1,"juvenile"
"3804",1,"C932",24,1,"juvenile"
"3805",1,"C932",25,1,"juvenile"
"3806",1,"C932",26,1,"adult"
"3807",1,"C932",27,1,"adult"
"3808",1,"C932",28,1,"adult"
"3809",1,"C932",29,1,"adult"
"3810",1,"C932",30,1,"adult"
"3811",1,"C932",31,1,"adult"
"3812",1,"C932",32,1,"adult"
"3813",1,"C932",33,1,"adult"
"3814",1,"C932",34,1,"adult"
"3815",1,"C932",35,1,"adult"
"3816",1,"C932",36,1,"adult"
"3817",1,"C932",37,1,"adult"
"3818",1,"C932",38,1,"adult"
"3819",1,"C932",39,1,"adult"
"3820",1,"C932",40,1,"adult"
"3821",1,"C932",41,1,"adult"
"3823",1,"C933",1,1,"unborn"
"3824",1,"C933",2,1,"unborn"
"3825",1,"C933",3,1,"unborn"
"3826",1,"C933",4,1,"unborn"
"3827",1,"C933",5,1,"unborn"
"3828",1,"C933",6,1,"unborn"
"3829",1,"C933",7,1,"unborn"
"3830",1,"C933",8,1,"unborn"
"3831",1,"C933",9,1,"unborn"
"3832",1,"C933",10,1,"unborn"
"3833",1,"C933",11,1,"unborn"
"3834",1,"C933",12,1,"unborn"
"3835",1,"C933",13,1,"unborn"
"3836",1,"C933",14,1,"unborn"
"3837",1,"C933",15,1,"unborn"
"3838",1,"C933",16,1,"calf"
"3839",1,"C933",17,1,"calf"
"3840",1,"C933",18,1,"calf"
"3841",1,"C933",19,1,"calf"
"3842",1,"C933",20,1,"calf"
"3843",1,"C933",21,1,"calf"
"3844",1,"C933",22,1,"calf"
"3845",1,"C933",23,1,"calf"
"3846",1,"C933",24,1,"juvenile"
"3847",1,"C933",25,1,"juvenile"
"3848",1,"C933",26,1,"juvenile"
"3849",1,"C933",27,1,"juvenile"
"3850",1,"C933",28,1,"juvenile"
"3851",1,"C933",29,1,"juvenile"
"3852",1,"C933",30,1,"juvenile"
"3853",1,"C933",31,1,"juvenile"
"3854",1,"C933",32,1,"juvenile"
"3855",1,"C933",33,1,"juvenile"
"3856",1,"C933",34,1,"juvenile"
"3857",1,"C933",35,1,"juvenile"
"3858",1,"C933",36,1,"juvenile"
"3859",1,"C933",37,1,"juvenile"
"3860",1,"C933",38,1,"juvenile"
"3861",1,"C933",39,1,"juvenile"
"3862",1,"C933",40,1,"juvenile"
"3863",1,"C933",41,1,"juvenile"
"3865",1,"C935",1,1,"unborn"
"3866",1,"C935",2,1,"unborn"
"3867",1,"C935",3,1,"unborn"
"3868",1,"C935",4,1,"unborn"
"3869",1,"C935",5,1,"unborn"
"3870",1,"C935",6,1,"unborn"
"3871",1,"C935",7,1,"unborn"
"3872",1,"C935",8,1,"unborn"
"3873",1,"C935",9,1,"unborn"
"3874",1,"C935",10,1,"unborn"
"3875",1,"C935",11,1,"unborn"
"3876",1,"C935",12,1,"unborn"
"3877",1,"C935",13,1,"unborn"
"3878",1,"C935",14,1,"unborn"
"3879",1,"C935",15,1,"unborn"
"3880",1,"C935",16,1,"unborn"
"3881",1,"C935",17,1,"unborn"
"3882",1,"C935",18,1,"unborn"
"3883",1,"C935",19,1,"unborn"
"3884",1,"C935",20,1,"unborn"
"3885",1,"C935",21,1,"unborn"
"3886",1,"C935",22,1,"unborn"
"3887",1,"C935",23,1,"unborn"
"3888",1,"C935",24,1,"unborn"
"3889",1,"C935",25,1,"unborn"
"3890",1,"C935",26,1,"calf"
"3891",1,"C935",27,1,"calf"
"3892",1,"C935",28,1,"calf"
"3893",1,"C935",29,1,"calf"
"3894",1,"C935",30,1,"calf"
"3895",1,"C935",31,1,"calf"
"3896",1,"C935",32,1,"calf"
"3897",1,"C935",33,1,"calf"
"3898",1,"C935",34,1,"calf"
"3899",1,"C935",35,1,"calf"
"3900",1,"C935",36,1,"calf"
"3901",1,"C935",37,1,"calf"
"3902",1,"C935",38,1,"calf"
"3903",1,"C935",39,1,"calf"
"3904",1,"C935",40,1,"calf"
"3905",1,"C935",41,1,"calf"
"3907",1,"C991",1,1,"calf"
"3908",1,"C991",2,1,"calf"
"3909",1,"C991",3,1,"calf"
"3910",1,"C991",4,1,"calf"
"3911",1,"C991",5,1,"calf"
"3912",1,"C991",6,1,"calf"
"3913",1,"C991",7,1,"calf"
"3914",1,"C991",8,1,"calf"
"3915",1,"C991",9,1,"calf"
"3916",1,"C991",10,1,"calf"
"3917",1,"C991",11,1,"juvenile"
"3918",1,"C991",12,1,"juvenile"
"3919",1,"C991",13,1,"juvenile"
"3920",1,"C991",14,1,"juvenile"
"3921",1,"C991",15,1,"adult"
"3922",1,"C991",16,1,"adult"
"3923",1,"C991",17,1,"adult"
"3924",1,"C991",18,1,"adult"
"3925",1,"C991",19,1,"adult"
"3926",1,"C991",20,1,"adult"
"3927",1,"C991",21,1,"adult"
"3928",1,"C991",22,1,"adult"
"3929",1,"C991",23,1,"adult"
"3930",1,"C991",24,1,"adult"
"3931",1,"C991",25,1,"adult"
"3932",1,"C991",26,1,"adult"
"3933",1,"C991",27,1,"adult"
"3934",1,"C991",28,1,"adult"
"3935",1,"C991",29,1,"adult"
"3936",1,"C991",30,1,"adult"
"3937",1,"C991",31,1,"adult"
"3938",1,"C991",32,1,"adult"
"3939",1,"C991",33,1,"adult"
"3940",1,"C991",34,1,"adult"
"3941",1,"C991",35,1,"adult"
"3942",1,"C991",36,1,"adult"
"3943",1,"C991",37,1,"adult"
"3944",1,"C991",38,1,"adult"
"3945",1,"C991",39,1,"adult"
"3946",1,"C991",40,1,"adult"
"3947",1,"C991",41,1,"adult"
"3949",1,"CAM1",1,1,"adult"
"3950",1,"CAM1",2,1,"adult"
"3951",1,"CAM1",3,1,"adult"
"3952",1,"CAM1",4,1,"adult"
"3953",1,"CAM1",5,1,"adult"
"3954",1,"CAM1",6,1,"adult"
"3955",1,"CAM1",7,1,"adult"
"3956",1,"CAM1",8,1,"adult"
"3957",1,"CAM1",9,1,"adult"
"3958",1,"CAM1",10,1,"adult"
"3959",1,"CAM1",11,1,"adult"
"3960",1,"CAM1",12,1,"adult"
"3961",1,"CAM1",13,1,"adult"
"3962",1,"CAM1",14,1,"adult"
"3963",1,"CAM1",15,1,"adult"
"3964",1,"CAM1",16,1,"adult"
"3965",1,"CAM1",17,1,"adult"
"3966",1,"CAM1",18,1,"adult"
"3967",1,"CAM1",19,1,"adult"
"3968",1,"CAM1",20,1,"adult"
"3969",1,"CAM1",21,1,"adult"
"3970",1,"CAM1",22,1,"adult"
"3971",1,"CAM1",23,1,"adult"
"3972",1,"CAM1",24,1,"adult"
"3973",1,"CAM1",25,1,"adult"
"3974",1,"CAM1",26,1,"adult"
"3975",1,"CAM1",27,1,"adult"
"3976",1,"CAM1",28,1,"adult"
"3977",1,"CAM1",29,1,"adult"
"3978",1,"CAM1",30,1,"adult"
"3979",1,"CAM1",31,1,"adult"
"3980",1,"CAM1",32,1,"adult"
"3981",1,"CAM1",33,1,"adult"
"3982",1,"CAM1",34,1,"adult"
"3983",1,"CAM1",35,1,"adult"
"3984",1,"CAM1",36,1,"adult"
"3985",1,"CAM1",37,1,"adult"
"3986",1,"CAM1",38,1,"adult"
"3987",1,"CAM1",39,1,"adult"
"3988",1,"CAM1",40,1,"adult"
"3989",1,"CAM1",41,1,"adult"
"3991",1,"CATW",1,1,"adult"
"3992",1,"CATW",2,1,"adult"
"3993",1,"CATW",3,1,"adult"
"3994",1,"CATW",4,1,"adult"
"3995",1,"CATW",5,1,"adult"
"3996",1,"CATW",6,1,"adult"
"3997",1,"CATW",7,1,"adult"
"3998",1,"CATW",8,1,"adult"
"3999",1,"CATW",9,1,"adult"
"4000",1,"CATW",10,1,"adult"
"4001",1,"CATW",11,1,"adult"
"4002",1,"CATW",12,1,"adult"
"4003",1,"CATW",13,1,"adult"
"4004",1,"CATW",14,1,"adult"
"4005",1,"CATW",15,1,"adult"
"4006",1,"CATW",16,1,"adult"
"4007",1,"CATW",17,1,"adult"
"4008",1,"CATW",18,1,"adult"
"4009",1,"CATW",19,1,"adult"
"4010",1,"CATW",20,1,"adult"
"4011",1,"CATW",21,1,"adult"
"4012",1,"CATW",22,1,"adult"
"4013",1,"CATW",23,1,"adult"
"4014",1,"CATW",24,1,"adult"
"4015",1,"CATW",25,1,"adult"
"4016",1,"CATW",26,1,"adult"
"4017",1,"CATW",27,1,"adult"
"4018",1,"CATW",28,1,"adult"
"4019",1,"CATW",29,1,"adult"
"4020",1,"CATW",30,1,"adult"
"4021",1,"CATW",31,1,"adult"
"4022",1,"CATW",32,1,"adult"
"4023",1,"CATW",33,1,"adult"
"4024",1,"CATW",34,1,"adult"
"4025",1,"CATW",35,1,"adult"
"4026",1,"CATW",36,1,"adult"
"4027",1,"CATW",37,1,"adult"
"4028",1,"CATW",38,1,"adult"
"4029",1,"CATW",39,1,"adult"
"4030",1,"CATW",40,1,"adult"
"4031",1,"CATW",41,1,"adult"
"4033",1,"CCL6",1,1,"unborn"
"4034",1,"CCL6",2,1,"unborn"
"4035",1,"CCL6",3,1,"unborn"
"4036",1,"CCL6",4,1,"unborn"
"4037",1,"CCL6",5,1,"unborn"
"4038",1,"CCL6",6,1,"unborn"
"4039",1,"CCL6",7,1,"unborn"
"4040",1,"CCL6",8,1,"unborn"
"4041",1,"CCL6",9,1,"unborn"
"4042",1,"CCL6",10,1,"unborn"
"4043",1,"CCL6",11,1,"unborn"
"4044",1,"CCL6",12,1,"calf"
"4045",1,"CCL6",13,1,"calf"
"4046",1,"CCL6",14,1,"calf"
"4047",1,"CCL6",15,1,"juvenile"
"4048",1,"CCL6",16,1,"juvenile"
"4049",1,"CCL6",17,1,"juvenile"
"4050",1,"CCL6",18,1,"juvenile"
"4051",1,"CCL6",19,1,"juvenile"
"4052",1,"CCL6",20,1,"juvenile"
"4053",1,"CCL6",21,1,"juvenile"
"4054",1,"CCL6",22,1,"juvenile"
"4055",1,"CCL6",23,1,"juvenile"
"4056",1,"CCL6",24,1,"adult"
"4057",1,"CCL6",25,1,"adult"
"4058",1,"CCL6",26,1,"adult"
"4059",1,"CCL6",27,1,"adult"
"4060",1,"CCL6",28,1,"adult"
"4061",1,"CCL6",29,1,"adult"
"4062",1,"CCL6",30,1,"adult"
"4063",1,"CCL6",31,1,"adult"
"4064",1,"CCL6",32,1,"adult"
"4065",1,"CCL6",33,1,"adult"
"4066",1,"CCL6",34,1,"adult"
"4067",1,"CCL6",35,1,"adult"
"4068",1,"CCL6",36,1,"adult"
"4069",1,"CCL6",37,1,"adult"
"4070",1,"CCL6",38,1,"adult"
"4071",1,"CCL6",39,1,"adult"
"4072",1,"CCL6",40,1,"adult"
"4073",1,"CCL6",41,1,"adult"
"4075",1,"CENT",1,1,"adult"
"4076",1,"CENT",2,1,"adult"
"4077",1,"CENT",3,1,"adult"
"4078",1,"CENT",4,1,"adult"
"4079",1,"CENT",5,1,"adult"
"4080",1,"CENT",6,1,"adult"
"4081",1,"CENT",7,1,"adult"
"4082",1,"CENT",8,1,"adult"
"4083",1,"CENT",9,1,"adult"
"4084",1,"CENT",10,1,"adult"
"4085",1,"CENT",11,1,"adult"
"4086",1,"CENT",12,1,"adult"
"4087",1,"CENT",13,1,"adult"
"4088",1,"CENT",14,1,"adult"
"4089",1,"CENT",15,1,"adult"
"4090",1,"CENT",16,1,"adult"
"4091",1,"CENT",17,1,"adult"
"4092",1,"CENT",18,1,"adult"
"4093",1,"CENT",19,1,"adult"
"4094",1,"CENT",20,1,"adult"
"4095",1,"CENT",21,1,"adult"
"4096",1,"CENT",22,1,"adult"
"4097",1,"CENT",23,1,"adult"
"4098",1,"CENT",24,1,"adult"
"4099",1,"CENT",25,1,"adult"
"4100",1,"CENT",26,1,"adult"
"4101",1,"CENT",27,1,"adult"
"4102",1,"CENT",28,1,"adult"
"4103",1,"CENT",29,1,"adult"
"4104",1,"CENT",30,1,"adult"
"4105",1,"CENT",31,1,"adult"
"4106",1,"CENT",32,1,"adult"
"4107",1,"CENT",33,1,"adult"
"4108",1,"CENT",34,1,"adult"
"4109",1,"CENT",35,1,"adult"
"4110",1,"CENT",36,1,"adult"
"4111",1,"CENT",37,1,"adult"
"4112",1,"CENT",38,1,"adult"
"4113",1,"CENT",39,1,"adult"
"4114",1,"CENT",40,1,"adult"
"4115",1,"CENT",41,1,"adult"
"4117",1,"CMRS",1,1,"adult"
"4118",1,"CMRS",2,1,"adult"
"4119",1,"CMRS",3,1,"adult"
"4120",1,"CMRS",4,1,"adult"
"4121",1,"CMRS",5,1,"adult"
"4122",1,"CMRS",6,1,"adult"
"4123",1,"CMRS",7,1,"adult"
"4124",1,"CMRS",8,1,"adult"
"4125",1,"CMRS",9,1,"adult"
"4126",1,"CMRS",10,1,"adult"
"4127",1,"CMRS",11,1,"adult"
"4128",1,"CMRS",12,1,"adult"
"4129",1,"CMRS",13,1,"adult"
"4130",1,"CMRS",14,1,"adult"
"4131",1,"CMRS",15,1,"adult"
"4132",1,"CMRS",16,1,"adult"
"4133",1,"CMRS",17,1,"adult"
"4134",1,"CMRS",18,1,"adult"
"4135",1,"CMRS",19,1,"adult"
"4136",1,"CMRS",20,1,"adult"
"4137",1,"CMRS",21,1,"adult"
"4138",1,"CMRS",22,1,"adult"
"4139",1,"CMRS",23,1,"adult"
"4140",1,"CMRS",24,1,"adult"
"4141",1,"CMRS",25,1,"adult"
"4142",1,"CMRS",26,1,"adult"
"4143",1,"CMRS",27,1,"adult"
"4144",1,"CMRS",28,1,"adult"
"4145",1,"CMRS",29,1,"adult"
"4146",1,"CMRS",30,1,"adult"
"4147",1,"CMRS",31,1,"adult"
"4148",1,"CMRS",32,1,"adult"
"4149",1,"CMRS",33,1,"adult"
"4150",1,"CMRS",34,1,"adult"
"4151",1,"CMRS",35,1,"adult"
"4152",1,"CMRS",36,1,"adult"
"4153",1,"CMRS",37,1,"adult"
"4154",1,"CMRS",38,1,"adult"
"4155",1,"CMRS",39,1,"adult"
"4156",1,"CMRS",40,1,"adult"
"4157",1,"CMRS",41,1,"adult"
"4159",1,"CSH3",1,1,"unborn"
"4160",1,"CSH3",2,1,"unborn"
"4161",1,"CSH3",3,1,"unborn"
"4162",1,"CSH3",4,1,"unborn"
"4163",1,"CSH3",5,1,"unborn"
"4164",1,"CSH3",6,1,"unborn"
"4165",1,"CSH3",7,1,"unborn"
"4166",1,"CSH3",8,1,"unborn"
"4167",1,"CSH3",9,1,"unborn"
"4168",1,"CSH3",10,1,"unborn"
"4169",1,"CSH3",11,1,"unborn"
"4170",1,"CSH3",12,1,"calf"
"4171",1,"CSH3",13,1,"calf"
"4172",1,"CSH3",14,1,"calf"
"4173",1,"CSH3",15,1,"calf"
"4174",1,"CSH3",16,1,"juvenile"
"4175",1,"CSH3",17,1,"juvenile"
"4176",1,"CSH3",18,1,"juvenile"
"4177",1,"CSH3",19,1,"juvenile"
"4178",1,"CSH3",20,1,"juvenile"
"4179",1,"CSH3",21,1,"juvenile"
"4180",1,"CSH3",22,1,"juvenile"
"4181",1,"CSH3",23,1,"juvenile"
"4182",1,"CSH3",24,1,"juvenile"
"4183",1,"CSH3",25,1,"juvenile"
"4184",1,"CSH3",26,1,"adult"
"4185",1,"CSH3",27,1,"adult"
"4186",1,"CSH3",28,1,"adult"
"4187",1,"CSH3",29,1,"adult"
"4188",1,"CSH3",30,1,"adult"
"4189",1,"CSH3",31,1,"adult"
"4190",1,"CSH3",32,1,"adult"
"4191",1,"CSH3",33,1,"adult"
"4192",1,"CSH3",34,1,"adult"
"4193",1,"CSH3",35,1,"adult"
"4194",1,"CSH3",36,1,"adult"
"4195",1,"CSH3",37,1,"adult"
"4196",1,"CSH3",38,1,"adult"
"4197",1,"CSH3",39,1,"adult"
"4198",1,"CSH3",40,1,"adult"
"4199",1,"CSH3",41,1,"adult"
"4201",1,"CTS4",1,1,"unborn"
"4202",1,"CTS4",2,1,"unborn"
"4203",1,"CTS4",3,1,"unborn"
"4204",1,"CTS4",4,1,"unborn"
"4205",1,"CTS4",5,1,"unborn"
"4206",1,"CTS4",6,1,"unborn"
"4207",1,"CTS4",7,1,"unborn"
"4208",1,"CTS4",8,1,"unborn"
"4209",1,"CTS4",9,1,"unborn"
"4210",1,"CTS4",10,1,"unborn"
"4211",1,"CTS4",11,1,"unborn"
"4212",1,"CTS4",12,1,"unborn"
"4213",1,"CTS4",13,1,"unborn"
"4214",1,"CTS4",14,1,"unborn"
"4215",1,"CTS4",15,1,"unborn"
"4216",1,"CTS4",16,1,"unborn"
"4217",1,"CTS4",17,1,"unborn"
"4218",1,"CTS4",18,1,"unborn"
"4219",1,"CTS4",19,1,"unborn"
"4220",1,"CTS4",20,1,"unborn"
"4221",1,"CTS4",21,1,"unborn"
"4222",1,"CTS4",22,1,"unborn"
"4223",1,"CTS4",23,1,"unborn"
"4224",1,"CTS4",24,1,"calf"
"4225",1,"CTS4",25,1,"calf"
"4226",1,"CTS4",26,1,"calf"
"4227",1,"CTS4",27,1,"calf"
"4228",1,"CTS4",28,1,"calf"
"4229",1,"CTS4",29,1,"calf"
"4230",1,"CTS4",30,1,"calf"
"4231",1,"CTS4",31,1,"calf"
"4232",1,"CTS4",32,1,"calf"
"4233",1,"CTS4",33,1,"calf"
"4234",1,"CTS4",34,1,"calf"
"4235",1,"CTS4",35,1,"calf"
"4236",1,"CTS4",36,1,"calf"
"4237",1,"CTS4",37,1,"juvenile"
"4238",1,"CTS4",38,1,"juvenile"
"4239",1,"CTS4",39,1,"juvenile"
"4240",1,"CTS4",40,1,"juvenile"
"4241",1,"CTS4",41,1,"juvenile"
"4243",1,"CW32",1,1,"unborn"
"4244",1,"CW32",2,1,"unborn"
"4245",1,"CW32",3,1,"unborn"
"4246",1,"CW32",4,1,"unborn"
"4247",1,"CW32",5,1,"unborn"
"4248",1,"CW32",6,1,"unborn"
"4249",1,"CW32",7,1,"unborn"
"4250",1,"CW32",8,1,"unborn"
"4251",1,"CW32",9,1,"unborn"
"4252",1,"CW32",10,1,"unborn"
"4253",1,"CW32",11,1,"unborn"
"4254",1,"CW32",12,1,"unborn"
"4255",1,"CW32",13,1,"unborn"
"4256",1,"CW32",14,1,"unborn"
"4257",1,"CW32",15,1,"unborn"
"4258",1,"CW32",16,1,"unborn"
"4259",1,"CW32",17,1,"unborn"
"4260",1,"CW32",18,1,"unborn"
"4261",1,"CW32",19,1,"unborn"
"4262",1,"CW32",20,1,"unborn"
"4263",1,"CW32",21,1,"unborn"
"4264",1,"CW32",22,1,"unborn"
"4265",1,"CW32",23,1,"unborn"
"4266",1,"CW32",24,1,"unborn"
"4267",1,"CW32",25,1,"unborn"
"4268",1,"CW32",26,1,"unborn"
"4269",1,"CW32",27,1,"unborn"
"4270",1,"CW32",28,1,"unborn"
"4271",1,"CW32",29,1,"unborn"
"4272",1,"CW32",30,1,"unborn"
"4273",1,"CW32",31,1,"unborn"
"4274",1,"CW32",32,1,"unborn"
"4275",1,"CW32",33,1,"unborn"
"4276",1,"CW32",34,1,"unborn"
"4277",1,"CW32",35,1,"unborn"
"4278",1,"CW32",36,1,"unborn"
"4279",1,"CW32",37,1,"calf"
"4280",1,"CW32",38,1,"calf"
"4281",1,"CW32",39,1,"calf"
"4282",1,"CW32",40,1,"calf"
"4283",1,"CW32",41,1,"calf"
"4285",1,"CW3C",1,1,"unborn"
"4286",1,"CW3C",2,1,"unborn"
"4287",1,"CW3C",3,1,"unborn"
"4288",1,"CW3C",4,1,"unborn"
"4289",1,"CW3C",5,1,"unborn"
"4290",1,"CW3C",6,1,"unborn"
"4291",1,"CW3C",7,1,"unborn"
"4292",1,"CW3C",8,1,"unborn"
"4293",1,"CW3C",9,1,"unborn"
"4294",1,"CW3C",10,1,"unborn"
"4295",1,"CW3C",11,1,"unborn"
"4296",1,"CW3C",12,1,"unborn"
"4297",1,"CW3C",13,1,"unborn"
"4298",1,"CW3C",14,1,"unborn"
"4299",1,"CW3C",15,1,"unborn"
"4300",1,"CW3C",16,1,"unborn"
"4301",1,"CW3C",17,1,"unborn"
"4302",1,"CW3C",18,1,"unborn"
"4303",1,"CW3C",19,1,"unborn"
"4304",1,"CW3C",20,1,"unborn"
"4305",1,"CW3C",21,1,"calf"
"4306",1,"CW3C",22,1,"calf"
"4307",1,"CW3C",23,1,"calf"
"4308",1,"CW3C",24,1,"calf"
"4309",1,"CW3C",25,1,"calf"
"4310",1,"CW3C",26,1,"calf"
"4311",1,"CW3C",27,1,"calf"
"4312",1,"CW3C",28,1,"calf"
"4313",1,"CW3C",29,1,"calf"
"4314",1,"CW3C",30,1,"juvenile"
"4315",1,"CW3C",31,1,"juvenile"
"4316",1,"CW3C",32,1,"juvenile"
"4317",1,"CW3C",33,1,"juvenile"
"4318",1,"CW3C",34,1,"juvenile"
"4319",1,"CW3C",35,1,"juvenile"
"4320",1,"CW3C",36,1,"juvenile"
"4321",1,"CW3C",37,1,"juvenile"
"4322",1,"CW3C",38,1,"juvenile"
"4323",1,"CW3C",39,1,"juvenile"
"4324",1,"CW3C",40,1,"juvenile"
"4325",1,"CW3C",41,1,"juvenile"
"4327",1,"CWM3",1,1,"calf"
"4328",1,"CWM3",2,1,"calf"
"4329",1,"CWM3",3,1,"calf"
"4330",1,"CWM3",4,1,"calf"
"4331",1,"CWM3",5,1,"juvenile"
"4332",1,"CWM3",6,1,"juvenile"
"4333",1,"CWM3",7,1,"juvenile"
"4334",1,"CWM3",8,1,"juvenile"
"4335",1,"CWM3",9,1,"juvenile"
"4336",1,"CWM3",10,1,"juvenile"
"4337",1,"CWM3",11,1,"juvenile"
"4338",1,"CWM3",12,1,"adult"
"4339",1,"CWM3",13,1,"adult"
"4340",1,"CWM3",14,1,"adult"
"4341",1,"CWM3",15,1,"adult"
"4342",1,"CWM3",16,1,"adult"
"4343",1,"CWM3",17,1,"adult"
"4344",1,"CWM3",18,1,"adult"
"4345",1,"CWM3",19,1,"adult"
"4346",1,"CWM3",20,1,"adult"
"4347",1,"CWM3",21,1,"adult"
"4348",1,"CWM3",22,1,"adult"
"4349",1,"CWM3",23,1,"adult"
"4350",1,"CWM3",24,1,"adult"
"4351",1,"CWM3",25,1,"adult"
"4352",1,"CWM3",26,1,"adult"
"4353",1,"CWM3",27,1,"adult"
"4354",1,"CWM3",28,1,"adult"
"4355",1,"CWM3",29,1,"adult"
"4356",1,"CWM3",30,1,"adult"
"4357",1,"CWM3",31,1,"adult"
"4358",1,"CWM3",32,1,"adult"
"4359",1,"CWM3",33,1,"adult"
"4360",1,"CWM3",34,1,"adult"
"4361",1,"CWM3",35,1,"adult"
"4362",1,"CWM3",36,1,"adult"
"4363",1,"CWM3",37,1,"adult"
"4364",1,"CWM3",38,1,"adult"
"4365",1,"CWM3",39,1,"adult"
"4366",1,"CWM3",40,1,"adult"
"4367",1,"CWM3",41,1,"adult"
"4369",1,"DAB1",1,1,"unborn"
"4370",1,"DAB1",2,1,"unborn"
"4371",1,"DAB1",3,1,"unborn"
"4372",1,"DAB1",4,1,"unborn"
"4373",1,"DAB1",5,1,"unborn"
"4374",1,"DAB1",6,1,"unborn"
"4375",1,"DAB1",7,1,"unborn"
"4376",1,"DAB1",8,1,"unborn"
"4377",1,"DAB1",9,1,"unborn"
"4378",1,"DAB1",10,1,"unborn"
"4379",1,"DAB1",11,1,"unborn"
"4380",1,"DAB1",12,1,"unborn"
"4381",1,"DAB1",13,1,"unborn"
"4382",1,"DAB1",14,1,"unborn"
"4383",1,"DAB1",15,1,"unborn"
"4384",1,"DAB1",16,1,"unborn"
"4385",1,"DAB1",17,1,"unborn"
"4386",1,"DAB1",18,1,"unborn"
"4387",1,"DAB1",19,1,"unborn"
"4388",1,"DAB1",20,1,"unborn"
"4389",1,"DAB1",21,1,"unborn"
"4390",1,"DAB1",22,1,"unborn"
"4391",1,"DAB1",23,1,"unborn"
"4392",1,"DAB1",24,1,"unborn"
"4393",1,"DAB1",25,1,"unborn"
"4394",1,"DAB1",26,1,"unborn"
"4395",1,"DAB1",27,1,"unborn"
"4396",1,"DAB1",28,1,"unborn"
"4397",1,"DAB1",29,1,"unborn"
"4398",1,"DAB1",30,1,"calf"
"4399",1,"DAB1",31,1,"calf"
"4400",1,"DAB1",32,1,"calf"
"4401",1,"DAB1",33,1,"calf"
"4402",1,"DAB1",34,1,"calf"
"4403",1,"DAB1",35,1,"calf"
"4404",1,"DAB1",36,1,"calf"
"4405",1,"DAB1",37,1,"calf"
"4406",1,"DAB1",38,1,"calf"
"4407",1,"DAB1",39,1,"calf"
"4408",1,"DAB1",40,1,"calf"
"4409",1,"DAB1",41,1,"calf"
"4411",1,"DAB2",1,1,"unborn"
"4412",1,"DAB2",2,1,"unborn"
"4413",1,"DAB2",3,1,"unborn"
"4414",1,"DAB2",4,1,"unborn"
"4415",1,"DAB2",5,1,"unborn"
"4416",1,"DAB2",6,1,"unborn"
"4417",1,"DAB2",7,1,"unborn"
"4418",1,"DAB2",8,1,"unborn"
"4419",1,"DAB2",9,1,"unborn"
"4420",1,"DAB2",10,1,"unborn"
"4421",1,"DAB2",11,1,"unborn"
"4422",1,"DAB2",12,1,"unborn"
"4423",1,"DAB2",13,1,"unborn"
"4424",1,"DAB2",14,1,"unborn"
"4425",1,"DAB2",15,1,"unborn"
"4426",1,"DAB2",16,1,"unborn"
"4427",1,"DAB2",17,1,"unborn"
"4428",1,"DAB2",18,1,"unborn"
"4429",1,"DAB2",19,1,"unborn"
"4430",1,"DAB2",20,1,"unborn"
"4431",1,"DAB2",21,1,"unborn"
"4432",1,"DAB2",22,1,"unborn"
"4433",1,"DAB2",23,1,"unborn"
"4434",1,"DAB2",24,1,"unborn"
"4435",1,"DAB2",25,1,"unborn"
"4436",1,"DAB2",26,1,"unborn"
"4437",1,"DAB2",27,1,"unborn"
"4438",1,"DAB2",28,1,"unborn"
"4439",1,"DAB2",29,1,"unborn"
"4440",1,"DAB2",30,1,"unborn"
"4441",1,"DAB2",31,1,"unborn"
"4442",1,"DAB2",32,1,"unborn"
"4443",1,"DAB2",33,1,"unborn"
"4444",1,"DAB2",34,1,"unborn"
"4445",1,"DAB2",35,1,"unborn"
"4446",1,"DAB2",36,1,"unborn"
"4447",1,"DAB2",37,1,"unborn"
"4448",1,"DAB2",38,1,"unborn"
"4449",1,"DAB2",39,1,"unborn"
"4450",1,"DAB2",40,1,"unborn"
"4451",1,"DAB2",41,1,"unborn"
"4453",1,"DABL",1,1,"adult"
"4454",1,"DABL",2,1,"adult"
"4455",1,"DABL",3,1,"adult"
"4456",1,"DABL",4,1,"adult"
"4457",1,"DABL",5,1,"adult"
"4458",1,"DABL",6,1,"adult"
"4459",1,"DABL",7,1,"adult"
"4460",1,"DABL",8,1,"adult"
"4461",1,"DABL",9,1,"adult"
"4462",1,"DABL",10,1,"adult"
"4463",1,"DABL",11,1,"adult"
"4464",1,"DABL",12,1,"adult"
"4465",1,"DABL",13,1,"adult"
"4466",1,"DABL",14,1,"adult"
"4467",1,"DABL",15,1,"adult"
"4468",1,"DABL",16,1,"adult"
"4469",1,"DABL",17,1,"adult"
"4470",1,"DABL",18,1,"adult"
"4471",1,"DABL",19,1,"adult"
"4472",1,"DABL",20,1,"adult"
"4473",1,"DABL",21,1,"adult"
"4474",1,"DABL",22,1,"adult"
"4475",1,"DABL",23,1,"adult"
"4476",1,"DABL",24,1,"adult"
"4477",1,"DABL",25,1,"adult"
"4478",1,"DABL",26,1,"adult"
"4479",1,"DABL",27,1,"adult"
"4480",1,"DABL",28,1,"adult"
"4481",1,"DABL",29,1,"adult"
"4482",1,"DABL",30,1,"adult"
"4483",1,"DABL",31,1,"adult"
"4484",1,"DABL",32,1,"adult"
"4485",1,"DABL",33,1,"adult"
"4486",1,"DABL",34,1,"adult"
"4487",1,"DABL",35,1,"adult"
"4488",1,"DABL",36,1,"adult"
"4489",1,"DABL",37,1,"adult"
"4490",1,"DABL",38,1,"adult"
"4491",1,"DABL",39,1,"adult"
"4492",1,"DABL",40,1,"adult"
"4493",1,"DABL",41,1,"adult"
"4495",1,"DAFT",1,1,"adult"
"4496",1,"DAFT",2,1,"adult"
"4497",1,"DAFT",3,1,"adult"
"4498",1,"DAFT",4,1,"adult"
"4499",1,"DAFT",5,1,"adult"
"4500",1,"DAFT",6,1,"adult"
"4501",1,"DAFT",7,1,"adult"
"4502",1,"DAFT",8,1,"adult"
"4503",1,"DAFT",9,1,"adult"
"4504",1,"DAFT",10,1,"adult"
"4505",1,"DAFT",11,1,"adult"
"4506",1,"DAFT",12,1,"adult"
"4507",1,"DAFT",13,1,"adult"
"4508",1,"DAFT",14,1,"adult"
"4509",1,"DAFT",15,1,"adult"
"4510",1,"DAFT",16,1,"adult"
"4511",1,"DAFT",17,1,"adult"
"4512",1,"DAFT",18,1,"adult"
"4513",1,"DAFT",19,1,"adult"
"4514",1,"DAFT",20,1,"adult"
"4515",1,"DAFT",21,1,"adult"
"4516",1,"DAFT",22,1,"adult"
"4517",1,"DAFT",23,1,"adult"
"4518",1,"DAFT",24,1,"adult"
"4519",1,"DAFT",25,1,"adult"
"4520",1,"DAFT",26,1,"adult"
"4521",1,"DAFT",27,1,"adult"
"4522",1,"DAFT",28,1,"adult"
"4523",1,"DAFT",29,1,"adult"
"4524",1,"DAFT",30,1,"adult"
"4525",1,"DAFT",31,1,"adult"
"4526",1,"DAFT",32,1,"adult"
"4527",1,"DAFT",33,1,"adult"
"4528",1,"DAFT",34,1,"adult"
"4529",1,"DAFT",35,1,"adult"
"4530",1,"DAFT",36,1,"adult"
"4531",1,"DAFT",37,1,"adult"
"4532",1,"DAFT",38,1,"adult"
"4533",1,"DAFT",39,1,"adult"
"4534",1,"DAFT",40,1,"adult"
"4535",1,"DAFT",41,1,"adult"
"4537",1,"DAIN",1,1,"adult"
"4538",1,"DAIN",2,1,"adult"
"4539",1,"DAIN",3,1,"adult"
"4540",1,"DAIN",4,1,"adult"
"4541",1,"DAIN",5,1,"adult"
"4542",1,"DAIN",6,1,"adult"
"4543",1,"DAIN",7,1,"adult"
"4544",1,"DAIN",8,1,"adult"
"4545",1,"DAIN",9,1,"adult"
"4546",1,"DAIN",10,1,"adult"
"4547",1,"DAIN",11,1,"adult"
"4548",1,"DAIN",12,1,"adult"
"4549",1,"DAIN",13,1,"adult"
"4550",1,"DAIN",14,1,"adult"
"4551",1,"DAIN",15,1,"adult"
"4552",1,"DAIN",16,1,"adult"
"4553",1,"DAIN",17,1,"adult"
"4554",1,"DAIN",18,1,"adult"
"4555",1,"DAIN",19,1,"adult"
"4556",1,"DAIN",20,1,"adult"
"4557",1,"DAIN",21,1,"adult"
"4558",1,"DAIN",22,1,"adult"
"4559",1,"DAIN",23,1,"adult"
"4560",1,"DAIN",24,1,"adult"
"4561",1,"DAIN",25,1,"adult"
"4562",1,"DAIN",26,1,"adult"
"4563",1,"DAIN",27,1,"adult"
"4564",1,"DAIN",28,1,"adult"
"4565",1,"DAIN",29,1,"adult"
"4566",1,"DAIN",30,1,"adult"
"4567",1,"DAIN",31,1,"adult"
"4568",1,"DAIN",32,1,"adult"
"4569",1,"DAIN",33,1,"adult"
"4570",1,"DAIN",34,1,"adult"
"4571",1,"DAIN",35,1,"adult"
"4572",1,"DAIN",36,1,"adult"
"4573",1,"DAIN",37,1,"adult"
"4574",1,"DAIN",38,1,"adult"
"4575",1,"DAIN",39,1,"adult"
"4576",1,"DAIN",40,1,"adult"
"4577",1,"DAIN",41,1,"adult"
"4579",1,"DBHN",1,1,"adult"
"4580",1,"DBHN",2,1,"adult"
"4581",1,"DBHN",3,1,"adult"
"4582",1,"DBHN",4,1,"adult"
"4583",1,"DBHN",5,1,"adult"
"4584",1,"DBHN",6,1,"adult"
"4585",1,"DBHN",7,1,"adult"
"4586",1,"DBHN",8,1,"adult"
"4587",1,"DBHN",9,1,"adult"
"4588",1,"DBHN",10,1,"adult"
"4589",1,"DBHN",11,1,"adult"
"4590",1,"DBHN",12,1,"adult"
"4591",1,"DBHN",13,1,"adult"
"4592",1,"DBHN",14,1,"adult"
"4593",1,"DBHN",15,1,"adult"
"4594",1,"DBHN",16,1,"adult"
"4595",1,"DBHN",17,1,"adult"
"4596",1,"DBHN",18,1,"adult"
"4597",1,"DBHN",19,1,"adult"
"4598",1,"DBHN",20,1,"adult"
"4599",1,"DBHN",21,1,"adult"
"4600",1,"DBHN",22,1,"adult"
"4601",1,"DBHN",23,1,"adult"
"4602",1,"DBHN",24,1,"adult"
"4603",1,"DBHN",25,1,"adult"
"4604",1,"DBHN",26,1,"adult"
"4605",1,"DBHN",27,1,"adult"
"4606",1,"DBHN",28,1,"adult"
"4607",1,"DBHN",29,1,"adult"
"4608",1,"DBHN",30,1,"adult"
"4609",1,"DBHN",31,1,"adult"
"4610",1,"DBHN",32,1,"adult"
"4611",1,"DBHN",33,1,"adult"
"4612",1,"DBHN",34,1,"adult"
"4613",1,"DBHN",35,1,"adult"
"4614",1,"DBHN",36,1,"adult"
"4615",1,"DBHN",37,1,"adult"
"4616",1,"DBHN",38,1,"adult"
"4617",1,"DBHN",39,1,"adult"
"4618",1,"DBHN",40,1,"adult"
"4619",1,"DBHN",41,1,"adult"
"4621",1,"DIPT",1,1,"adult"
"4622",1,"DIPT",2,1,"adult"
"4623",1,"DIPT",3,1,"adult"
"4624",1,"DIPT",4,1,"adult"
"4625",1,"DIPT",5,1,"adult"
"4626",1,"DIPT",6,1,"adult"
"4627",1,"DIPT",7,1,"adult"
"4628",1,"DIPT",8,1,"adult"
"4629",1,"DIPT",9,1,"adult"
"4630",1,"DIPT",10,1,"adult"
"4631",1,"DIPT",11,1,"adult"
"4632",1,"DIPT",12,1,"adult"
"4633",1,"DIPT",13,1,"adult"
"4634",1,"DIPT",14,1,"adult"
"4635",1,"DIPT",15,1,"adult"
"4636",1,"DIPT",16,1,"adult"
"4637",1,"DIPT",17,1,"adult"
"4638",1,"DIPT",18,1,"adult"
"4639",1,"DIPT",19,1,"adult"
"4640",1,"DIPT",20,1,"adult"
"4641",1,"DIPT",21,1,"adult"
"4642",1,"DIPT",22,1,"adult"
"4643",1,"DIPT",23,1,"adult"
"4644",1,"DIPT",24,1,"adult"
"4645",1,"DIPT",25,1,"adult"
"4646",1,"DIPT",26,1,"adult"
"4647",1,"DIPT",27,1,"adult"
"4648",1,"DIPT",28,1,"adult"
"4649",1,"DIPT",29,1,"adult"
"4650",1,"DIPT",30,1,"adult"
"4651",1,"DIPT",31,1,"adult"
"4652",1,"DIPT",32,1,"adult"
"4653",1,"DIPT",33,1,"adult"
"4654",1,"DIPT",34,1,"adult"
"4655",1,"DIPT",35,1,"adult"
"4656",1,"DIPT",36,1,"adult"
"4657",1,"DIPT",37,1,"adult"
"4658",1,"DIPT",38,1,"adult"
"4659",1,"DIPT",39,1,"adult"
"4660",1,"DIPT",40,1,"adult"
"4661",1,"DIPT",41,1,"adult"
"4663",1,"DRSN",1,1,"adult"
"4664",1,"DRSN",2,1,"adult"
"4665",1,"DRSN",3,1,"adult"
"4666",1,"DRSN",4,1,"adult"
"4667",1,"DRSN",5,1,"adult"
"4668",1,"DRSN",6,1,"adult"
"4669",1,"DRSN",7,1,"adult"
"4670",1,"DRSN",8,1,"adult"
"4671",1,"DRSN",9,1,"adult"
"4672",1,"DRSN",10,1,"adult"
"4673",1,"DRSN",11,1,"adult"
"4674",1,"DRSN",12,1,"adult"
"4675",1,"DRSN",13,1,"adult"
"4676",1,"DRSN",14,1,"adult"
"4677",1,"DRSN",15,1,"adult"
"4678",1,"DRSN",16,1,"adult"
"4679",1,"DRSN",17,1,"adult"
"4680",1,"DRSN",18,1,"adult"
"4681",1,"DRSN",19,1,"adult"
"4682",1,"DRSN",20,1,"adult"
"4683",1,"DRSN",21,1,"adult"
"4684",1,"DRSN",22,1,"adult"
"4685",1,"DRSN",23,1,"adult"
"4686",1,"DRSN",24,1,"adult"
"4687",1,"DRSN",25,1,"adult"
"4688",1,"DRSN",26,1,"adult"
"4689",1,"DRSN",27,1,"adult"
"4690",1,"DRSN",28,1,"adult"
"4691",1,"DRSN",29,1,"adult"
"4692",1,"DRSN",30,1,"adult"
"4693",1,"DRSN",31,1,"adult"
"4694",1,"DRSN",32,1,"adult"
"4695",1,"DRSN",33,1,"adult"
"4696",1,"DRSN",34,1,"adult"
"4697",1,"DRSN",35,1,"adult"
"4698",1,"DRSN",36,1,"adult"
"4699",1,"DRSN",37,1,"adult"
"4700",1,"DRSN",38,1,"adult"
"4701",1,"DRSN",39,1,"adult"
"4702",1,"DRSN",40,1,"adult"
"4703",1,"DRSN",41,1,"adult"
"4705",1,"ELFF",1,1,"adult"
"4706",1,"ELFF",2,1,"adult"
"4707",1,"ELFF",3,1,"adult"
"4708",1,"ELFF",4,1,"adult"
"4709",1,"ELFF",5,1,"adult"
"4710",1,"ELFF",6,1,"adult"
"4711",1,"ELFF",7,1,"adult"
"4712",1,"ELFF",8,1,"adult"
"4713",1,"ELFF",9,1,"adult"
"4714",1,"ELFF",10,1,"adult"
"4715",1,"ELFF",11,1,"adult"
"4716",1,"ELFF",12,1,"adult"
"4717",1,"ELFF",13,1,"adult"
"4718",1,"ELFF",14,1,"adult"
"4719",1,"ELFF",15,1,"adult"
"4720",1,"ELFF",16,1,"adult"
"4721",1,"ELFF",17,1,"adult"
"4722",1,"ELFF",18,1,"adult"
"4723",1,"ELFF",19,1,"adult"
"4724",1,"ELFF",20,1,"adult"
"4725",1,"ELFF",21,1,"adult"
"4726",1,"ELFF",22,1,"adult"
"4727",1,"ELFF",23,1,"adult"
"4728",1,"ELFF",24,1,"adult"
"4729",1,"ELFF",25,1,"adult"
"4730",1,"ELFF",26,1,"adult"
"4731",1,"ELFF",27,1,"adult"
"4732",1,"ELFF",28,1,"adult"
"4733",1,"ELFF",29,1,"adult"
"4734",1,"ELFF",30,1,"adult"
"4735",1,"ELFF",31,1,"adult"
"4736",1,"ELFF",32,1,"adult"
"4737",1,"ELFF",33,1,"adult"
"4738",1,"ELFF",34,1,"adult"
"4739",1,"ELFF",35,1,"adult"
"4740",1,"ELFF",36,1,"adult"
"4741",1,"ELFF",37,1,"adult"
"4742",1,"ELFF",38,1,"adult"
"4743",1,"ELFF",39,1,"adult"
"4744",1,"ELFF",40,1,"adult"
"4745",1,"ELFF",41,1,"adult"
"4747",1,"ETMA",1,1,"adult"
"4748",1,"ETMA",2,1,"adult"
"4749",1,"ETMA",3,1,"adult"
"4750",1,"ETMA",4,1,"adult"
"4751",1,"ETMA",5,1,"adult"
"4752",1,"ETMA",6,1,"adult"
"4753",1,"ETMA",7,1,"adult"
"4754",1,"ETMA",8,1,"adult"
"4755",1,"ETMA",9,1,"adult"
"4756",1,"ETMA",10,1,"adult"
"4757",1,"ETMA",11,1,"adult"
"4758",1,"ETMA",12,1,"adult"
"4759",1,"ETMA",13,1,"adult"
"4760",1,"ETMA",14,1,"adult"
"4761",1,"ETMA",15,1,"adult"
"4762",1,"ETMA",16,1,"adult"
"4763",1,"ETMA",17,1,"adult"
"4764",1,"ETMA",18,1,"adult"
"4765",1,"ETMA",19,1,"adult"
"4766",1,"ETMA",20,1,"adult"
"4767",1,"ETMA",21,1,"adult"
"4768",1,"ETMA",22,1,"adult"
"4769",1,"ETMA",23,1,"adult"
"4770",1,"ETMA",24,1,"adult"
"4771",1,"ETMA",25,1,"adult"
"4772",1,"ETMA",26,1,"adult"
"4773",1,"ETMA",27,1,"adult"
"4774",1,"ETMA",28,1,"adult"
"4775",1,"ETMA",29,1,"adult"
"4776",1,"ETMA",30,1,"adult"
"4777",1,"ETMA",31,1,"adult"
"4778",1,"ETMA",32,1,"adult"
"4779",1,"ETMA",33,1,"adult"
"4780",1,"ETMA",34,1,"adult"
"4781",1,"ETMA",35,1,"adult"
"4782",1,"ETMA",36,1,"adult"
"4783",1,"ETMA",37,1,"adult"
"4784",1,"ETMA",38,1,"adult"
"4785",1,"ETMA",39,1,"adult"
"4786",1,"ETMA",40,1,"adult"
"4787",1,"ETMA",41,1,"adult"
"4789",1,"F100",1,1,"juvenile"
"4790",1,"F100",2,1,"juvenile"
"4791",1,"F100",3,1,"juvenile"
"4792",1,"F100",4,1,"juvenile"
"4793",1,"F100",5,1,"juvenile"
"4794",1,"F100",6,1,"juvenile"
"4795",1,"F100",7,1,"juvenile"
"4796",1,"F100",8,1,"juvenile"
"4797",1,"F100",9,1,"juvenile"
"4798",1,"F100",10,1,"juvenile"
"4799",1,"F100",11,1,"adult"
"4800",1,"F100",12,1,"adult"
"4801",1,"F100",13,1,"adult"
"4802",1,"F100",14,1,"adult"
"4803",1,"F100",15,1,"adult"
"4804",1,"F100",16,1,"adult"
"4805",1,"F100",17,1,"adult"
"4806",1,"F100",18,1,"adult"
"4807",1,"F100",19,1,"adult"
"4808",1,"F100",20,1,"adult"
"4809",1,"F100",21,1,"adult"
"4810",1,"F100",22,1,"adult"
"4811",1,"F100",23,1,"adult"
"4812",1,"F100",24,1,"adult"
"4813",1,"F100",25,1,"adult"
"4814",1,"F100",26,1,"adult"
"4815",1,"F100",27,1,"adult"
"4816",1,"F100",28,1,"adult"
"4817",1,"F100",29,1,"adult"
"4818",1,"F100",30,1,"adult"
"4819",1,"F100",31,1,"adult"
"4820",1,"F100",32,1,"adult"
"4821",1,"F100",33,1,"adult"
"4822",1,"F100",34,1,"adult"
"4823",1,"F100",35,1,"adult"
"4824",1,"F100",36,1,"adult"
"4825",1,"F100",37,1,"adult"
"4826",1,"F100",38,1,"adult"
"4827",1,"F100",39,1,"adult"
"4828",1,"F100",40,1,"adult"
"4829",1,"F100",41,1,"adult"
"4831",1,"F101",1,1,"juvenile"
"4832",1,"F101",2,1,"juvenile"
"4833",1,"F101",3,1,"juvenile"
"4834",1,"F101",4,1,"juvenile"
"4835",1,"F101",5,1,"juvenile"
"4836",1,"F101",6,1,"juvenile"
"4837",1,"F101",7,1,"juvenile"
"4838",1,"F101",8,1,"juvenile"
"4839",1,"F101",9,1,"juvenile"
"4840",1,"F101",10,1,"juvenile"
"4841",1,"F101",11,1,"juvenile"
"4842",1,"F101",12,1,"adult"
"4843",1,"F101",13,1,"adult"
"4844",1,"F101",14,1,"adult"
"4845",1,"F101",15,1,"adult"
"4846",1,"F101",16,1,"adult"
"4847",1,"F101",17,1,"adult"
"4848",1,"F101",18,1,"adult"
"4849",1,"F101",19,1,"adult"
"4850",1,"F101",20,1,"adult"
"4851",1,"F101",21,1,"adult"
"4852",1,"F101",22,1,"adult"
"4853",1,"F101",23,1,"adult"
"4854",1,"F101",24,1,"adult"
"4855",1,"F101",25,1,"adult"
"4856",1,"F101",26,1,"adult"
"4857",1,"F101",27,1,"adult"
"4858",1,"F101",28,1,"adult"
"4859",1,"F101",29,1,"adult"
"4860",1,"F101",30,1,"adult"
"4861",1,"F101",31,1,"adult"
"4862",1,"F101",32,1,"adult"
"4863",1,"F101",33,1,"adult"
"4864",1,"F101",34,1,"adult"
"4865",1,"F101",35,1,"adult"
"4866",1,"F101",36,1,"adult"
"4867",1,"F101",37,1,"adult"
"4868",1,"F101",38,1,"adult"
"4869",1,"F101",39,1,"adult"
"4870",1,"F101",40,1,"adult"
"4871",1,"F101",41,1,"adult"
"4873",1,"F102",1,1,"adult"
"4874",1,"F102",2,1,"adult"
"4875",1,"F102",3,1,"adult"
"4876",1,"F102",4,1,"adult"
"4877",1,"F102",5,1,"adult"
"4878",1,"F102",6,1,"adult"
"4879",1,"F102",7,1,"adult"
"4880",1,"F102",8,1,"adult"
"4881",1,"F102",9,1,"adult"
"4882",1,"F102",10,1,"adult"
"4883",1,"F102",11,1,"adult"
"4884",1,"F102",12,1,"adult"
"4885",1,"F102",13,1,"adult"
"4886",1,"F102",14,1,"adult"
"4887",1,"F102",15,1,"adult"
"4888",1,"F102",16,1,"adult"
"4889",1,"F102",17,1,"adult"
"4890",1,"F102",18,1,"adult"
"4891",1,"F102",19,1,"adult"
"4892",1,"F102",20,1,"adult"
"4893",1,"F102",21,1,"adult"
"4894",1,"F102",22,1,"adult"
"4895",1,"F102",23,1,"adult"
"4896",1,"F102",24,1,"adult"
"4897",1,"F102",25,1,"adult"
"4898",1,"F102",26,1,"adult"
"4899",1,"F102",27,1,"adult"
"4900",1,"F102",28,1,"adult"
"4901",1,"F102",29,1,"adult"
"4902",1,"F102",30,1,"adult"
"4903",1,"F102",31,1,"adult"
"4904",1,"F102",32,1,"adult"
"4905",1,"F102",33,1,"adult"
"4906",1,"F102",34,1,"adult"
"4907",1,"F102",35,1,"adult"
"4908",1,"F102",36,1,"adult"
"4909",1,"F102",37,1,"adult"
"4910",1,"F102",38,1,"adult"
"4911",1,"F102",39,1,"adult"
"4912",1,"F102",40,1,"adult"
"4913",1,"F102",41,1,"adult"
"4915",1,"F105",1,1,"adult"
"4916",1,"F105",2,1,"adult"
"4917",1,"F105",3,1,"adult"
"4918",1,"F105",4,1,"adult"
"4919",1,"F105",5,1,"adult"
"4920",1,"F105",6,1,"adult"
"4921",1,"F105",7,1,"adult"
"4922",1,"F105",8,1,"adult"
"4923",1,"F105",9,1,"adult"
"4924",1,"F105",10,1,"adult"
"4925",1,"F105",11,1,"adult"
"4926",1,"F105",12,1,"adult"
"4927",1,"F105",13,1,"adult"
"4928",1,"F105",14,1,"adult"
"4929",1,"F105",15,1,"adult"
"4930",1,"F105",16,1,"adult"
"4931",1,"F105",17,1,"adult"
"4932",1,"F105",18,1,"adult"
"4933",1,"F105",19,1,"adult"
"4934",1,"F105",20,1,"adult"
"4935",1,"F105",21,1,"adult"
"4936",1,"F105",22,1,"adult"
"4937",1,"F105",23,1,"adult"
"4938",1,"F105",24,1,"adult"
"4939",1,"F105",25,1,"adult"
"4940",1,"F105",26,1,"adult"
"4941",1,"F105",27,1,"adult"
"4942",1,"F105",28,1,"adult"
"4943",1,"F105",29,1,"adult"
"4944",1,"F105",30,1,"adult"
"4945",1,"F105",31,1,"adult"
"4946",1,"F105",32,1,"adult"
"4947",1,"F105",33,1,"adult"
"4948",1,"F105",34,1,"adult"
"4949",1,"F105",35,1,"adult"
"4950",1,"F105",36,1,"adult"
"4951",1,"F105",37,1,"adult"
"4952",1,"F105",38,1,"adult"
"4953",1,"F105",39,1,"adult"
"4954",1,"F105",40,1,"adult"
"4955",1,"F105",41,1,"adult"
"4957",1,"F106",1,1,"adult"
"4958",1,"F106",2,1,"adult"
"4959",1,"F106",3,1,"adult"
"4960",1,"F106",4,1,"adult"
"4961",1,"F106",5,1,"adult"
"4962",1,"F106",6,1,"adult"
"4963",1,"F106",7,1,"adult"
"4964",1,"F106",8,1,"adult"
"4965",1,"F106",9,1,"adult"
"4966",1,"F106",10,1,"adult"
"4967",1,"F106",11,1,"adult"
"4968",1,"F106",12,1,"adult"
"4969",1,"F106",13,1,"adult"
"4970",1,"F106",14,1,"adult"
"4971",1,"F106",15,1,"adult"
"4972",1,"F106",16,1,"adult"
"4973",1,"F106",17,1,"adult"
"4974",1,"F106",18,1,"adult"
"4975",1,"F106",19,1,"adult"
"4976",1,"F106",20,1,"adult"
"4977",1,"F106",21,1,"adult"
"4978",1,"F106",22,1,"adult"
"4979",1,"F106",23,1,"adult"
"4980",1,"F106",24,1,"adult"
"4981",1,"F106",25,1,"adult"
"4982",1,"F106",26,1,"adult"
"4983",1,"F106",27,1,"adult"
"4984",1,"F106",28,1,"adult"
"4985",1,"F106",29,1,"adult"
"4986",1,"F106",30,1,"adult"
"4987",1,"F106",31,1,"adult"
"4988",1,"F106",32,1,"adult"
"4989",1,"F106",33,1,"adult"
"4990",1,"F106",34,1,"adult"
"4991",1,"F106",35,1,"adult"
"4992",1,"F106",36,1,"adult"
"4993",1,"F106",37,1,"adult"
"4994",1,"F106",38,1,"adult"
"4995",1,"F106",39,1,"adult"
"4996",1,"F106",40,1,"adult"
"4997",1,"F106",41,1,"adult"
"4999",1,"F108",1,1,"adult"
"5000",1,"F108",2,1,"adult"
"5001",1,"F108",3,1,"adult"
"5002",1,"F108",4,1,"adult"
"5003",1,"F108",5,1,"adult"
"5004",1,"F108",6,1,"adult"
"5005",1,"F108",7,1,"adult"
"5006",1,"F108",8,1,"adult"
"5007",1,"F108",9,1,"adult"
"5008",1,"F108",10,1,"adult"
"5009",1,"F108",11,1,"adult"
"5010",1,"F108",12,1,"adult"
"5011",1,"F108",13,1,"adult"
"5012",1,"F108",14,1,"adult"
"5013",1,"F108",15,1,"adult"
"5014",1,"F108",16,1,"adult"
"5015",1,"F108",17,1,"adult"
"5016",1,"F108",18,1,"adult"
"5017",1,"F108",19,1,"adult"
"5018",1,"F108",20,1,"adult"
"5019",1,"F108",21,1,"adult"
"5020",1,"F108",22,1,"adult"
"5021",1,"F108",23,1,"adult"
"5022",1,"F108",24,1,"adult"
"5023",1,"F108",25,1,"adult"
"5024",1,"F108",26,1,"adult"
"5025",1,"F108",27,1,"adult"
"5026",1,"F108",28,1,"adult"
"5027",1,"F108",29,1,"adult"
"5028",1,"F108",30,1,"adult"
"5029",1,"F108",31,1,"adult"
"5030",1,"F108",32,1,"adult"
"5031",1,"F108",33,1,"adult"
"5032",1,"F108",34,1,"adult"
"5033",1,"F108",35,1,"adult"
"5034",1,"F108",36,1,"adult"
"5035",1,"F108",37,1,"adult"
"5036",1,"F108",38,1,"adult"
"5037",1,"F108",39,1,"adult"
"5038",1,"F108",40,1,"adult"
"5039",1,"F108",41,1,"adult"
"5041",1,"F109",1,0,"unborn"
"5042",1,"F109",2,0,"unborn"
"5043",1,"F109",3,0,"unborn"
"5044",1,"F109",4,0,"unborn"
"5045",1,"F109",5,0,"calf"
"5046",1,"F109",6,0,"calf"
"5047",1,"F109",7,0,"calf"
"5048",1,"F109",8,0,"calf"
"5049",1,"F109",9,0,"calf"
"5050",1,"F109",10,0,"calf"
"5051",1,"F109",11,0,"calf"
"5052",1,"F109",12,0,"juvenile"
"5053",1,"F109",13,0,"juvenile"
"5054",1,"F109",14,0,"juvenile"
"5055",1,"F109",15,0,"juvenile"
"5056",1,"F109",16,0,"adult"
"5057",1,"F109",17,0,"adult"
"5058",1,"F109",18,0,"adult"
"5059",1,"F109",19,0,"adult"
"5060",1,"F109",20,0,"adult"
"5061",1,"F109",21,0,"adult"
"5062",1,"F109",22,0,"adult"
"5063",1,"F109",23,0,"adult"
"5064",1,"F109",24,0,"adult"
"5065",1,"F109",25,0,"adult"
"5066",1,"F109",26,0,"adult"
"5067",1,"F109",27,0,"adult"
"5068",1,"F109",28,0,"adult"
"5069",1,"F109",29,0,"adult"
"5070",1,"F109",30,0,"adult"
"5071",1,"F109",31,0,"adult"
"5072",1,"F109",32,0,"adult"
"5073",1,"F109",33,0,"adult"
"5074",1,"F109",34,0,"adult"
"5075",1,"F109",35,0,"adult"
"5076",1,"F109",36,0,"adult"
"5077",1,"F109",37,0,"adult"
"5078",1,"F109",38,0,"adult"
"5079",1,"F109",39,0,"adult"
"5080",1,"F109",40,0,"adult"
"5081",1,"F109",41,0,"adult"
"5083",1,"F110",1,1,"adult"
"5084",1,"F110",2,1,"adult"
"5085",1,"F110",3,1,"adult"
"5086",1,"F110",4,1,"adult"
"5087",1,"F110",5,1,"adult"
"5088",1,"F110",6,1,"adult"
"5089",1,"F110",7,1,"adult"
"5090",1,"F110",8,1,"adult"
"5091",1,"F110",9,1,"adult"
"5092",1,"F110",10,1,"adult"
"5093",1,"F110",11,1,"adult"
"5094",1,"F110",12,1,"adult"
"5095",1,"F110",13,1,"adult"
"5096",1,"F110",14,1,"adult"
"5097",1,"F110",15,1,"adult"
"5098",1,"F110",16,1,"adult"
"5099",1,"F110",17,1,"adult"
"5100",1,"F110",18,1,"adult"
"5101",1,"F110",19,1,"adult"
"5102",1,"F110",20,1,"adult"
"5103",1,"F110",21,1,"adult"
"5104",1,"F110",22,1,"adult"
"5105",1,"F110",23,1,"adult"
"5106",1,"F110",24,1,"adult"
"5107",1,"F110",25,1,"adult"
"5108",1,"F110",26,1,"adult"
"5109",1,"F110",27,1,"adult"
"5110",1,"F110",28,1,"adult"
"5111",1,"F110",29,1,"adult"
"5112",1,"F110",30,1,"adult"
"5113",1,"F110",31,1,"adult"
"5114",1,"F110",32,1,"adult"
"5115",1,"F110",33,1,"adult"
"5116",1,"F110",34,1,"adult"
"5117",1,"F110",35,1,"adult"
"5118",1,"F110",36,1,"adult"
"5119",1,"F110",37,1,"adult"
"5120",1,"F110",38,1,"adult"
"5121",1,"F110",39,1,"adult"
"5122",1,"F110",40,1,"adult"
"5123",1,"F110",41,1,"adult"
"5125",1,"F111",1,1,"adult"
"5126",1,"F111",2,1,"adult"
"5127",1,"F111",3,1,"adult"
"5128",1,"F111",4,1,"adult"
"5129",1,"F111",5,1,"adult"
"5130",1,"F111",6,1,"adult"
"5131",1,"F111",7,1,"adult"
"5132",1,"F111",8,1,"adult"
"5133",1,"F111",9,1,"adult"
"5134",1,"F111",10,1,"adult"
"5135",1,"F111",11,1,"adult"
"5136",1,"F111",12,1,"adult"
"5137",1,"F111",13,1,"adult"
"5138",1,"F111",14,1,"adult"
"5139",1,"F111",15,1,"adult"
"5140",1,"F111",16,1,"adult"
"5141",1,"F111",17,1,"adult"
"5142",1,"F111",18,1,"adult"
"5143",1,"F111",19,1,"adult"
"5144",1,"F111",20,1,"adult"
"5145",1,"F111",21,1,"adult"
"5146",1,"F111",22,1,"adult"
"5147",1,"F111",23,1,"adult"
"5148",1,"F111",24,1,"adult"
"5149",1,"F111",25,1,"adult"
"5150",1,"F111",26,1,"adult"
"5151",1,"F111",27,1,"adult"
"5152",1,"F111",28,1,"adult"
"5153",1,"F111",29,1,"adult"
"5154",1,"F111",30,1,"adult"
"5155",1,"F111",31,1,"adult"
"5156",1,"F111",32,1,"adult"
"5157",1,"F111",33,1,"adult"
"5158",1,"F111",34,1,"adult"
"5159",1,"F111",35,1,"adult"
"5160",1,"F111",36,1,"adult"
"5161",1,"F111",37,1,"adult"
"5162",1,"F111",38,1,"adult"
"5163",1,"F111",39,1,"adult"
"5164",1,"F111",40,1,"adult"
"5165",1,"F111",41,1,"adult"
"5167",1,"F113",1,1,"unborn"
"5168",1,"F113",2,1,"unborn"
"5169",1,"F113",3,1,"unborn"
"5170",1,"F113",4,1,"unborn"
"5171",1,"F113",5,1,"unborn"
"5172",1,"F113",6,1,"unborn"
"5173",1,"F113",7,1,"calf"
"5174",1,"F113",8,1,"calf"
"5175",1,"F113",9,1,"calf"
"5176",1,"F113",10,1,"calf"
"5177",1,"F113",11,1,"calf"
"5178",1,"F113",12,1,"juvenile"
"5179",1,"F113",13,1,"juvenile"
"5180",1,"F113",14,1,"juvenile"
"5181",1,"F113",15,1,"juvenile"
"5182",1,"F113",16,1,"juvenile"
"5183",1,"F113",17,1,"juvenile"
"5184",1,"F113",18,1,"juvenile"
"5185",1,"F113",19,1,"adult"
"5186",1,"F113",20,1,"adult"
"5187",1,"F113",21,1,"adult"
"5188",1,"F113",22,1,"adult"
"5189",1,"F113",23,1,"adult"
"5190",1,"F113",24,1,"adult"
"5191",1,"F113",25,1,"adult"
"5192",1,"F113",26,1,"adult"
"5193",1,"F113",27,1,"adult"
"5194",1,"F113",28,1,"adult"
"5195",1,"F113",29,1,"adult"
"5196",1,"F113",30,1,"adult"
"5197",1,"F113",31,1,"adult"
"5198",1,"F113",32,1,"adult"
"5199",1,"F113",33,1,"adult"
"5200",1,"F113",34,1,"adult"
"5201",1,"F113",35,1,"adult"
"5202",1,"F113",36,1,"adult"
"5203",1,"F113",37,1,"adult"
"5204",1,"F113",38,1,"adult"
"5205",1,"F113",39,1,"adult"
"5206",1,"F113",40,1,"adult"
"5207",1,"F113",41,1,"adult"
"5209",1,"F114",1,1,"juvenile"
"5210",1,"F114",2,1,"juvenile"
"5211",1,"F114",3,1,"juvenile"
"5212",1,"F114",4,1,"juvenile"
"5213",1,"F114",5,1,"juvenile"
"5214",1,"F114",6,1,"juvenile"
"5215",1,"F114",7,1,"juvenile"
"5216",1,"F114",8,1,"juvenile"
"5217",1,"F114",9,1,"adult"
"5218",1,"F114",10,1,"adult"
"5219",1,"F114",11,1,"adult"
"5220",1,"F114",12,1,"adult"
"5221",1,"F114",13,1,"adult"
"5222",1,"F114",14,1,"adult"
"5223",1,"F114",15,1,"adult"
"5224",1,"F114",16,1,"adult"
"5225",1,"F114",17,1,"adult"
"5226",1,"F114",18,1,"adult"
"5227",1,"F114",19,1,"adult"
"5228",1,"F114",20,1,"adult"
"5229",1,"F114",21,1,"adult"
"5230",1,"F114",22,1,"adult"
"5231",1,"F114",23,1,"adult"
"5232",1,"F114",24,1,"adult"
"5233",1,"F114",25,1,"adult"
"5234",1,"F114",26,1,"adult"
"5235",1,"F114",27,1,"adult"
"5236",1,"F114",28,1,"adult"
"5237",1,"F114",29,1,"adult"
"5238",1,"F114",30,1,"adult"
"5239",1,"F114",31,1,"adult"
"5240",1,"F114",32,1,"adult"
"5241",1,"F114",33,1,"adult"
"5242",1,"F114",34,1,"adult"
"5243",1,"F114",35,1,"adult"
"5244",1,"F114",36,1,"adult"
"5245",1,"F114",37,1,"adult"
"5246",1,"F114",38,1,"adult"
"5247",1,"F114",39,1,"adult"
"5248",1,"F114",40,1,"adult"
"5249",1,"F114",41,1,"adult"
"5251",1,"F115",1,1,"adult"
"5252",1,"F115",2,1,"adult"
"5253",1,"F115",3,1,"adult"
"5254",1,"F115",4,1,"adult"
"5255",1,"F115",5,1,"adult"
"5256",1,"F115",6,1,"adult"
"5257",1,"F115",7,1,"adult"
"5258",1,"F115",8,1,"adult"
"5259",1,"F115",9,1,"adult"
"5260",1,"F115",10,1,"adult"
"5261",1,"F115",11,1,"adult"
"5262",1,"F115",12,1,"adult"
"5263",1,"F115",13,1,"adult"
"5264",1,"F115",14,1,"adult"
"5265",1,"F115",15,1,"adult"
"5266",1,"F115",16,1,"adult"
"5267",1,"F115",17,1,"adult"
"5268",1,"F115",18,1,"adult"
"5269",1,"F115",19,1,"adult"
"5270",1,"F115",20,1,"adult"
"5271",1,"F115",21,1,"adult"
"5272",1,"F115",22,1,"adult"
"5273",1,"F115",23,1,"adult"
"5274",1,"F115",24,1,"adult"
"5275",1,"F115",25,1,"adult"
"5276",1,"F115",26,1,"adult"
"5277",1,"F115",27,1,"adult"
"5278",1,"F115",28,1,"adult"
"5279",1,"F115",29,1,"adult"
"5280",1,"F115",30,1,"adult"
"5281",1,"F115",31,1,"adult"
"5282",1,"F115",32,1,"adult"
"5283",1,"F115",33,1,"adult"
"5284",1,"F115",34,1,"adult"
"5285",1,"F115",35,1,"adult"
"5286",1,"F115",36,1,"adult"
"5287",1,"F115",37,1,"adult"
"5288",1,"F115",38,1,"adult"
"5289",1,"F115",39,1,"adult"
"5290",1,"F115",40,1,"adult"
"5291",1,"F115",41,1,"adult"
"5293",1,"F116",1,1,"adult"
"5294",1,"F116",2,1,"adult"
"5295",1,"F116",3,1,"adult"
"5296",1,"F116",4,1,"adult"
"5297",1,"F116",5,1,"adult"
"5298",1,"F116",6,1,"adult"
"5299",1,"F116",7,1,"adult"
"5300",1,"F116",8,1,"adult"
"5301",1,"F116",9,1,"adult"
"5302",1,"F116",10,1,"adult"
"5303",1,"F116",11,1,"adult"
"5304",1,"F116",12,1,"adult"
"5305",1,"F116",13,1,"adult"
"5306",1,"F116",14,1,"adult"
"5307",1,"F116",15,1,"adult"
"5308",1,"F116",16,1,"adult"
"5309",1,"F116",17,1,"adult"
"5310",1,"F116",18,1,"adult"
"5311",1,"F116",19,1,"adult"
"5312",1,"F116",20,1,"adult"
"5313",1,"F116",21,1,"adult"
"5314",1,"F116",22,1,"adult"
"5315",1,"F116",23,1,"adult"
"5316",1,"F116",24,1,"adult"
"5317",1,"F116",25,1,"adult"
"5318",1,"F116",26,1,"adult"
"5319",1,"F116",27,1,"adult"
"5320",1,"F116",28,1,"adult"
"5321",1,"F116",29,1,"adult"
"5322",1,"F116",30,1,"adult"
"5323",1,"F116",31,1,"adult"
"5324",1,"F116",32,1,"adult"
"5325",1,"F116",33,1,"adult"
"5326",1,"F116",34,1,"adult"
"5327",1,"F116",35,1,"adult"
"5328",1,"F116",36,1,"adult"
"5329",1,"F116",37,1,"adult"
"5330",1,"F116",38,1,"adult"
"5331",1,"F116",39,1,"adult"
"5332",1,"F116",40,1,"adult"
"5333",1,"F116",41,1,"adult"
"5335",1,"F117",1,1,"calf"
"5336",1,"F117",2,1,"calf"
"5337",1,"F117",3,1,"calf"
"5338",1,"F117",4,1,"calf"
"5339",1,"F117",5,1,"calf"
"5340",1,"F117",6,1,"calf"
"5341",1,"F117",7,1,"calf"
"5342",1,"F117",8,1,"calf"
"5343",1,"F117",9,1,"juvenile"
"5344",1,"F117",10,1,"juvenile"
"5345",1,"F117",11,1,"juvenile"
"5346",1,"F117",12,1,"juvenile"
"5347",1,"F117",13,1,"juvenile"
"5348",1,"F117",14,1,"adult"
"5349",1,"F117",15,1,"adult"
"5350",1,"F117",16,1,"adult"
"5351",1,"F117",17,1,"adult"
"5352",1,"F117",18,1,"adult"
"5353",1,"F117",19,1,"adult"
"5354",1,"F117",20,1,"adult"
"5355",1,"F117",21,1,"adult"
"5356",1,"F117",22,1,"adult"
"5357",1,"F117",23,1,"adult"
"5358",1,"F117",24,1,"adult"
"5359",1,"F117",25,1,"adult"
"5360",1,"F117",26,1,"adult"
"5361",1,"F117",27,1,"adult"
"5362",1,"F117",28,1,"adult"
"5363",1,"F117",29,1,"adult"
"5364",1,"F117",30,1,"adult"
"5365",1,"F117",31,1,"adult"
"5366",1,"F117",32,1,"adult"
"5367",1,"F117",33,1,"adult"
"5368",1,"F117",34,1,"adult"
"5369",1,"F117",35,1,"adult"
"5370",1,"F117",36,1,"adult"
"5371",1,"F117",37,1,"adult"
"5372",1,"F117",38,1,"adult"
"5373",1,"F117",39,1,"adult"
"5374",1,"F117",40,1,"adult"
"5375",1,"F117",41,1,"adult"
"5377",1,"F118",1,0,"calf"
"5378",1,"F118",2,0,"calf"
"5379",1,"F118",3,0,"calf"
"5380",1,"F118",4,0,"calf"
"5381",1,"F118",5,0,"calf"
"5382",1,"F118",6,0,"calf"
"5383",1,"F118",7,0,"juvenile"
"5384",1,"F118",8,0,"juvenile"
"5385",1,"F118",9,0,"juvenile"
"5386",1,"F118",10,0,"juvenile"
"5387",1,"F118",11,0,"juvenile"
"5388",1,"F118",12,0,"juvenile"
"5389",1,"F118",13,0,"juvenile"
"5390",1,"F118",14,0,"adult"
"5391",1,"F118",15,0,"adult"
"5392",1,"F118",16,0,"adult"
"5393",1,"F118",17,0,"adult"
"5394",1,"F118",18,0,"adult"
"5395",1,"F118",19,0,"adult"
"5396",1,"F118",20,0,"adult"
"5397",1,"F118",21,0,"adult"
"5398",1,"F118",22,0,"adult"
"5399",1,"F118",23,0,"adult"
"5400",1,"F118",24,0,"adult"
"5401",1,"F118",25,0,"adult"
"5402",1,"F118",26,0,"adult"
"5403",1,"F118",27,0,"adult"
"5404",1,"F118",28,0,"adult"
"5405",1,"F118",29,0,"adult"
"5406",1,"F118",30,0,"adult"
"5407",1,"F118",31,0,"adult"
"5408",1,"F118",32,0,"adult"
"5409",1,"F118",33,0,"adult"
"5410",1,"F118",34,0,"adult"
"5411",1,"F118",35,0,"adult"
"5412",1,"F118",36,0,"adult"
"5413",1,"F118",37,0,"adult"
"5414",1,"F118",38,0,"adult"
"5415",1,"F118",39,0,"adult"
"5416",1,"F118",40,0,"adult"
"5417",1,"F118",41,0,"adult"
"5419",1,"F119",1,1,"calf"
"5420",1,"F119",2,1,"calf"
"5421",1,"F119",3,1,"calf"
"5422",1,"F119",4,1,"calf"
"5423",1,"F119",5,1,"juvenile"
"5424",1,"F119",6,1,"juvenile"
"5425",1,"F119",7,1,"juvenile"
"5426",1,"F119",8,1,"juvenile"
"5427",1,"F119",9,1,"juvenile"
"5428",1,"F119",10,1,"juvenile"
"5429",1,"F119",11,1,"juvenile"
"5430",1,"F119",12,1,"adult"
"5431",1,"F119",13,1,"adult"
"5432",1,"F119",14,1,"adult"
"5433",1,"F119",15,1,"adult"
"5434",1,"F119",16,1,"adult"
"5435",1,"F119",17,1,"adult"
"5436",1,"F119",18,1,"adult"
"5437",1,"F119",19,1,"adult"
"5438",1,"F119",20,1,"adult"
"5439",1,"F119",21,1,"adult"
"5440",1,"F119",22,1,"adult"
"5441",1,"F119",23,1,"adult"
"5442",1,"F119",24,1,"adult"
"5443",1,"F119",25,1,"adult"
"5444",1,"F119",26,1,"adult"
"5445",1,"F119",27,1,"adult"
"5446",1,"F119",28,1,"adult"
"5447",1,"F119",29,1,"adult"
"5448",1,"F119",30,1,"adult"
"5449",1,"F119",31,1,"adult"
"5450",1,"F119",32,1,"adult"
"5451",1,"F119",33,1,"adult"
"5452",1,"F119",34,1,"adult"
"5453",1,"F119",35,1,"adult"
"5454",1,"F119",36,1,"adult"
"5455",1,"F119",37,1,"adult"
"5456",1,"F119",38,1,"adult"
"5457",1,"F119",39,1,"adult"
"5458",1,"F119",40,1,"adult"
"5459",1,"F119",41,1,"adult"
"5461",1,"F122",1,1,"calf"
"5462",1,"F122",2,1,"calf"
"5463",1,"F122",3,1,"calf"
"5464",1,"F122",4,1,"calf"
"5465",1,"F122",5,1,"juvenile"
"5466",1,"F122",6,1,"juvenile"
"5467",1,"F122",7,1,"juvenile"
"5468",1,"F122",8,1,"juvenile"
"5469",1,"F122",9,1,"juvenile"
"5470",1,"F122",10,1,"juvenile"
"5471",1,"F122",11,1,"juvenile"
"5472",1,"F122",12,1,"adult"
"5473",1,"F122",13,1,"adult"
"5474",1,"F122",14,1,"adult"
"5475",1,"F122",15,1,"adult"
"5476",1,"F122",16,1,"adult"
"5477",1,"F122",17,1,"adult"
"5478",1,"F122",18,1,"adult"
"5479",1,"F122",19,1,"adult"
"5480",1,"F122",20,1,"adult"
"5481",1,"F122",21,1,"adult"
"5482",1,"F122",22,1,"adult"
"5483",1,"F122",23,1,"adult"
"5484",1,"F122",24,1,"adult"
"5485",1,"F122",25,1,"adult"
"5486",1,"F122",26,1,"adult"
"5487",1,"F122",27,1,"adult"
"5488",1,"F122",28,1,"adult"
"5489",1,"F122",29,1,"adult"
"5490",1,"F122",30,1,"adult"
"5491",1,"F122",31,1,"adult"
"5492",1,"F122",32,1,"adult"
"5493",1,"F122",33,1,"adult"
"5494",1,"F122",34,1,"adult"
"5495",1,"F122",35,1,"adult"
"5496",1,"F122",36,1,"adult"
"5497",1,"F122",37,1,"adult"
"5498",1,"F122",38,1,"adult"
"5499",1,"F122",39,1,"adult"
"5500",1,"F122",40,1,"adult"
"5501",1,"F122",41,1,"adult"
"5503",1,"F123",1,1,"unborn"
"5504",1,"F123",2,1,"unborn"
"5505",1,"F123",3,1,"unborn"
"5506",1,"F123",4,1,"unborn"
"5507",1,"F123",5,1,"unborn"
"5508",1,"F123",6,1,"unborn"
"5509",1,"F123",7,1,"unborn"
"5510",1,"F123",8,1,"unborn"
"5511",1,"F123",9,1,"unborn"
"5512",1,"F123",10,1,"unborn"
"5513",1,"F123",11,1,"calf"
"5514",1,"F123",12,1,"calf"
"5515",1,"F123",13,1,"calf"
"5516",1,"F123",14,1,"juvenile"
"5517",1,"F123",15,1,"juvenile"
"5518",1,"F123",16,1,"juvenile"
"5519",1,"F123",17,1,"juvenile"
"5520",1,"F123",18,1,"juvenile"
"5521",1,"F123",19,1,"juvenile"
"5522",1,"F123",20,1,"juvenile"
"5523",1,"F123",21,1,"juvenile"
"5524",1,"F123",22,1,"juvenile"
"5525",1,"F123",23,1,"adult"
"5526",1,"F123",24,1,"adult"
"5527",1,"F123",25,1,"adult"
"5528",1,"F123",26,1,"adult"
"5529",1,"F123",27,1,"adult"
"5530",1,"F123",28,1,"adult"
"5531",1,"F123",29,1,"adult"
"5532",1,"F123",30,1,"adult"
"5533",1,"F123",31,1,"adult"
"5534",1,"F123",32,1,"adult"
"5535",1,"F123",33,1,"adult"
"5536",1,"F123",34,1,"adult"
"5537",1,"F123",35,1,"adult"
"5538",1,"F123",36,1,"adult"
"5539",1,"F123",37,1,"adult"
"5540",1,"F123",38,1,"adult"
"5541",1,"F123",39,1,"adult"
"5542",1,"F123",40,1,"adult"
"5543",1,"F123",41,1,"adult"
"5545",1,"F125",1,0,"unborn"
"5546",1,"F125",2,0,"unborn"
"5547",1,"F125",3,0,"unborn"
"5548",1,"F125",4,0,"unborn"
"5549",1,"F125",5,0,"unborn"
"5550",1,"F125",6,0,"unborn"
"5551",1,"F125",7,0,"unborn"
"5552",1,"F125",8,0,"unborn"
"5553",1,"F125",9,0,"unborn"
"5554",1,"F125",10,0,"unborn"
"5555",1,"F125",11,0,"calf"
"5556",1,"F125",12,0,"calf"
"5557",1,"F125",13,0,"calf"
"5558",1,"F125",14,0,"juvenile"
"5559",1,"F125",15,0,"juvenile"
"5560",1,"F125",16,0,"juvenile"
"5561",1,"F125",17,0,"juvenile"
"5562",1,"F125",18,0,"juvenile"
"5563",1,"F125",19,0,"juvenile"
"5564",1,"F125",20,0,"juvenile"
"5565",1,"F125",21,0,"juvenile"
"5566",1,"F125",22,0,"juvenile"
"5567",1,"F125",23,0,"adult"
"5568",1,"F125",24,0,"adult"
"5569",1,"F125",25,0,"adult"
"5570",1,"F125",26,0,"adult"
"5571",1,"F125",27,0,"adult"
"5572",1,"F125",28,0,"adult"
"5573",1,"F125",29,0,"adult"
"5574",1,"F125",30,0,"adult"
"5575",1,"F125",31,0,"adult"
"5576",1,"F125",32,0,"adult"
"5577",1,"F125",33,0,"adult"
"5578",1,"F125",34,0,"adult"
"5579",1,"F125",35,0,"adult"
"5580",1,"F125",36,0,"adult"
"5581",1,"F125",37,0,"adult"
"5582",1,"F125",38,0,"adult"
"5583",1,"F125",39,0,"adult"
"5584",1,"F125",40,0,"adult"
"5585",1,"F125",41,0,"adult"
"5587",1,"F126",1,1,"adult"
"5588",1,"F126",2,1,"adult"
"5589",1,"F126",3,1,"adult"
"5590",1,"F126",4,1,"adult"
"5591",1,"F126",5,1,"adult"
"5592",1,"F126",6,1,"adult"
"5593",1,"F126",7,1,"adult"
"5594",1,"F126",8,1,"adult"
"5595",1,"F126",9,1,"adult"
"5596",1,"F126",10,1,"adult"
"5597",1,"F126",11,1,"adult"
"5598",1,"F126",12,1,"adult"
"5599",1,"F126",13,1,"adult"
"5600",1,"F126",14,1,"adult"
"5601",1,"F126",15,1,"adult"
"5602",1,"F126",16,1,"adult"
"5603",1,"F126",17,1,"adult"
"5604",1,"F126",18,1,"adult"
"5605",1,"F126",19,1,"adult"
"5606",1,"F126",20,1,"adult"
"5607",1,"F126",21,1,"adult"
"5608",1,"F126",22,1,"adult"
"5609",1,"F126",23,1,"adult"
"5610",1,"F126",24,1,"adult"
"5611",1,"F126",25,1,"adult"
"5612",1,"F126",26,1,"adult"
"5613",1,"F126",27,1,"adult"
"5614",1,"F126",28,1,"adult"
"5615",1,"F126",29,1,"adult"
"5616",1,"F126",30,1,"adult"
"5617",1,"F126",31,1,"adult"
"5618",1,"F126",32,1,"adult"
"5619",1,"F126",33,1,"adult"
"5620",1,"F126",34,1,"adult"
"5621",1,"F126",35,1,"adult"
"5622",1,"F126",36,1,"adult"
"5623",1,"F126",37,1,"adult"
"5624",1,"F126",38,1,"adult"
"5625",1,"F126",39,1,"adult"
"5626",1,"F126",40,1,"adult"
"5627",1,"F126",41,1,"adult"
"5629",1,"F127",1,1,"unborn"
"5630",1,"F127",2,1,"unborn"
"5631",1,"F127",3,1,"unborn"
"5632",1,"F127",4,1,"unborn"
"5633",1,"F127",5,1,"calf"
"5634",1,"F127",6,1,"calf"
"5635",1,"F127",7,1,"calf"
"5636",1,"F127",8,1,"calf"
"5637",1,"F127",9,1,"calf"
"5638",1,"F127",10,1,"calf"
"5639",1,"F127",11,1,"calf"
"5640",1,"F127",12,1,"juvenile"
"5641",1,"F127",13,1,"juvenile"
"5642",1,"F127",14,1,"juvenile"
"5643",1,"F127",15,1,"juvenile"
"5644",1,"F127",16,1,"adult"
"5645",1,"F127",17,1,"adult"
"5646",1,"F127",18,1,"adult"
"5647",1,"F127",19,1,"adult"
"5648",1,"F127",20,1,"adult"
"5649",1,"F127",21,1,"adult"
"5650",1,"F127",22,1,"adult"
"5651",1,"F127",23,1,"adult"
"5652",1,"F127",24,1,"adult"
"5653",1,"F127",25,1,"adult"
"5654",1,"F127",26,1,"adult"
"5655",1,"F127",27,1,"adult"
"5656",1,"F127",28,1,"adult"
"5657",1,"F127",29,1,"adult"
"5658",1,"F127",30,1,"adult"
"5659",1,"F127",31,1,"adult"
"5660",1,"F127",32,1,"adult"
"5661",1,"F127",33,1,"adult"
"5662",1,"F127",34,1,"adult"
"5663",1,"F127",35,1,"adult"
"5664",1,"F127",36,1,"adult"
"5665",1,"F127",37,1,"adult"
"5666",1,"F127",38,1,"adult"
"5667",1,"F127",39,1,"adult"
"5668",1,"F127",40,1,"adult"
"5669",1,"F127",41,1,"adult"
"5671",1,"F128",1,0,"calf"
"5672",1,"F128",2,0,"calf"
"5673",1,"F128",3,0,"calf"
"5674",1,"F128",4,0,"calf"
"5675",1,"F128",5,0,"calf"
"5676",1,"F128",6,0,"calf"
"5677",1,"F128",7,0,"juvenile"
"5678",1,"F128",8,0,"juvenile"
"5679",1,"F128",9,0,"juvenile"
"5680",1,"F128",10,0,"juvenile"
"5681",1,"F128",11,0,"juvenile"
"5682",1,"F128",12,0,"juvenile"
"5683",1,"F128",13,0,"juvenile"
"5684",1,"F128",14,0,"adult"
"5685",1,"F128",15,0,"adult"
"5686",1,"F128",16,0,"adult"
"5687",1,"F128",17,0,"adult"
"5688",1,"F128",18,0,"adult"
"5689",1,"F128",19,0,"adult"
"5690",1,"F128",20,0,"adult"
"5691",1,"F128",21,0,"adult"
"5692",1,"F128",22,0,"adult"
"5693",1,"F128",23,0,"adult"
"5694",1,"F128",24,0,"adult"
"5695",1,"F128",25,0,"adult"
"5696",1,"F128",26,0,"adult"
"5697",1,"F128",27,0,"adult"
"5698",1,"F128",28,0,"adult"
"5699",1,"F128",29,0,"adult"
"5700",1,"F128",30,0,"adult"
"5701",1,"F128",31,0,"adult"
"5702",1,"F128",32,0,"adult"
"5703",1,"F128",33,0,"adult"
"5704",1,"F128",34,0,"adult"
"5705",1,"F128",35,0,"adult"
"5706",1,"F128",36,0,"adult"
"5707",1,"F128",37,0,"adult"
"5708",1,"F128",38,0,"adult"
"5709",1,"F128",39,0,"adult"
"5710",1,"F128",40,0,"adult"
"5711",1,"F128",41,0,"adult"
"5713",1,"F131",1,1,"juvenile"
"5714",1,"F131",2,1,"juvenile"
"5715",1,"F131",3,1,"juvenile"
"5716",1,"F131",4,1,"juvenile"
"5717",1,"F131",5,1,"juvenile"
"5718",1,"F131",6,1,"juvenile"
"5719",1,"F131",7,1,"juvenile"
"5720",1,"F131",8,1,"juvenile"
"5721",1,"F131",9,1,"adult"
"5722",1,"F131",10,1,"adult"
"5723",1,"F131",11,1,"adult"
"5724",1,"F131",12,1,"adult"
"5725",1,"F131",13,1,"adult"
"5726",1,"F131",14,1,"adult"
"5727",1,"F131",15,1,"adult"
"5728",1,"F131",16,1,"adult"
"5729",1,"F131",17,1,"adult"
"5730",1,"F131",18,1,"adult"
"5731",1,"F131",19,1,"adult"
"5732",1,"F131",20,1,"adult"
"5733",1,"F131",21,1,"adult"
"5734",1,"F131",22,1,"adult"
"5735",1,"F131",23,1,"adult"
"5736",1,"F131",24,1,"adult"
"5737",1,"F131",25,1,"adult"
"5738",1,"F131",26,1,"adult"
"5739",1,"F131",27,1,"adult"
"5740",1,"F131",28,1,"adult"
"5741",1,"F131",29,1,"adult"
"5742",1,"F131",30,1,"adult"
"5743",1,"F131",31,1,"adult"
"5744",1,"F131",32,1,"adult"
"5745",1,"F131",33,1,"adult"
"5746",1,"F131",34,1,"adult"
"5747",1,"F131",35,1,"adult"
"5748",1,"F131",36,1,"adult"
"5749",1,"F131",37,1,"adult"
"5750",1,"F131",38,1,"adult"
"5751",1,"F131",39,1,"adult"
"5752",1,"F131",40,1,"adult"
"5753",1,"F131",41,1,"adult"
"5755",1,"F132",1,1,"adult"
"5756",1,"F132",2,1,"adult"
"5757",1,"F132",3,1,"adult"
"5758",1,"F132",4,1,"adult"
"5759",1,"F132",5,1,"adult"
"5760",1,"F132",6,1,"adult"
"5761",1,"F132",7,1,"adult"
"5762",1,"F132",8,1,"adult"
"5763",1,"F132",9,1,"adult"
"5764",1,"F132",10,1,"adult"
"5765",1,"F132",11,1,"adult"
"5766",1,"F132",12,1,"adult"
"5767",1,"F132",13,1,"adult"
"5768",1,"F132",14,1,"adult"
"5769",1,"F132",15,1,"adult"
"5770",1,"F132",16,1,"adult"
"5771",1,"F132",17,1,"adult"
"5772",1,"F132",18,1,"adult"
"5773",1,"F132",19,1,"adult"
"5774",1,"F132",20,1,"adult"
"5775",1,"F132",21,1,"adult"
"5776",1,"F132",22,1,"adult"
"5777",1,"F132",23,1,"adult"
"5778",1,"F132",24,1,"adult"
"5779",1,"F132",25,1,"adult"
"5780",1,"F132",26,1,"adult"
"5781",1,"F132",27,1,"adult"
"5782",1,"F132",28,1,"adult"
"5783",1,"F132",29,1,"adult"
"5784",1,"F132",30,1,"adult"
"5785",1,"F132",31,1,"adult"
"5786",1,"F132",32,1,"adult"
"5787",1,"F132",33,1,"adult"
"5788",1,"F132",34,1,"adult"
"5789",1,"F132",35,1,"adult"
"5790",1,"F132",36,1,"adult"
"5791",1,"F132",37,1,"adult"
"5792",1,"F132",38,1,"adult"
"5793",1,"F132",39,1,"adult"
"5794",1,"F132",40,1,"adult"
"5795",1,"F132",41,1,"adult"
"5797",1,"F133",1,1,"unborn"
"5798",1,"F133",2,1,"unborn"
"5799",1,"F133",3,1,"unborn"
"5800",1,"F133",4,1,"unborn"
"5801",1,"F133",5,1,"unborn"
"5802",1,"F133",6,1,"unborn"
"5803",1,"F133",7,1,"unborn"
"5804",1,"F133",8,1,"unborn"
"5805",1,"F133",9,1,"unborn"
"5806",1,"F133",10,1,"unborn"
"5807",1,"F133",11,1,"unborn"
"5808",1,"F133",12,1,"calf"
"5809",1,"F133",13,1,"calf"
"5810",1,"F133",14,1,"calf"
"5811",1,"F133",15,1,"juvenile"
"5812",1,"F133",16,1,"juvenile"
"5813",1,"F133",17,1,"juvenile"
"5814",1,"F133",18,1,"juvenile"
"5815",1,"F133",19,1,"juvenile"
"5816",1,"F133",20,1,"juvenile"
"5817",1,"F133",21,1,"juvenile"
"5818",1,"F133",22,1,"juvenile"
"5819",1,"F133",23,1,"juvenile"
"5820",1,"F133",24,1,"adult"
"5821",1,"F133",25,1,"adult"
"5822",1,"F133",26,1,"adult"
"5823",1,"F133",27,1,"adult"
"5824",1,"F133",28,1,"adult"
"5825",1,"F133",29,1,"adult"
"5826",1,"F133",30,1,"adult"
"5827",1,"F133",31,1,"adult"
"5828",1,"F133",32,1,"adult"
"5829",1,"F133",33,1,"adult"
"5830",1,"F133",34,1,"adult"
"5831",1,"F133",35,1,"adult"
"5832",1,"F133",36,1,"adult"
"5833",1,"F133",37,1,"adult"
"5834",1,"F133",38,1,"adult"
"5835",1,"F133",39,1,"adult"
"5836",1,"F133",40,1,"adult"
"5837",1,"F133",41,1,"adult"
"5839",1,"F134",1,1,"adult"
"5840",1,"F134",2,1,"adult"
"5841",1,"F134",3,1,"adult"
"5842",1,"F134",4,1,"adult"
"5843",1,"F134",5,1,"adult"
"5844",1,"F134",6,1,"adult"
"5845",1,"F134",7,1,"adult"
"5846",1,"F134",8,1,"adult"
"5847",1,"F134",9,1,"adult"
"5848",1,"F134",10,1,"adult"
"5849",1,"F134",11,1,"adult"
"5850",1,"F134",12,1,"adult"
"5851",1,"F134",13,1,"adult"
"5852",1,"F134",14,1,"adult"
"5853",1,"F134",15,1,"adult"
"5854",1,"F134",16,1,"adult"
"5855",1,"F134",17,1,"adult"
"5856",1,"F134",18,1,"adult"
"5857",1,"F134",19,1,"adult"
"5858",1,"F134",20,1,"adult"
"5859",1,"F134",21,1,"adult"
"5860",1,"F134",22,1,"adult"
"5861",1,"F134",23,1,"adult"
"5862",1,"F134",24,1,"adult"
"5863",1,"F134",25,1,"adult"
"5864",1,"F134",26,1,"adult"
"5865",1,"F134",27,1,"adult"
"5866",1,"F134",28,1,"adult"
"5867",1,"F134",29,1,"adult"
"5868",1,"F134",30,1,"adult"
"5869",1,"F134",31,1,"adult"
"5870",1,"F134",32,1,"adult"
"5871",1,"F134",33,1,"adult"
"5872",1,"F134",34,1,"adult"
"5873",1,"F134",35,1,"adult"
"5874",1,"F134",36,1,"adult"
"5875",1,"F134",37,1,"adult"
"5876",1,"F134",38,1,"adult"
"5877",1,"F134",39,1,"adult"
"5878",1,"F134",40,1,"adult"
"5879",1,"F134",41,1,"adult"
"5881",1,"F135",1,0,"unborn"
"5882",1,"F135",2,0,"unborn"
"5883",1,"F135",3,0,"unborn"
"5884",1,"F135",4,0,"unborn"
"5885",1,"F135",5,0,"unborn"
"5886",1,"F135",6,0,"unborn"
"5887",1,"F135",7,0,"unborn"
"5888",1,"F135",8,0,"unborn"
"5889",1,"F135",9,0,"unborn"
"5890",1,"F135",10,0,"unborn"
"5891",1,"F135",11,0,"unborn"
"5892",1,"F135",12,0,"calf"
"5893",1,"F135",13,0,"calf"
"5894",1,"F135",14,0,"calf"
"5895",1,"F135",15,0,"calf"
"5896",1,"F135",16,0,"juvenile"
"5897",1,"F135",17,0,"juvenile"
"5898",1,"F135",18,0,"juvenile"
"5899",1,"F135",19,0,"juvenile"
"5900",1,"F135",20,0,"juvenile"
"5901",1,"F135",21,0,"juvenile"
"5902",1,"F135",22,0,"juvenile"
"5903",1,"F135",23,0,"juvenile"
"5904",1,"F135",24,0,"juvenile"
"5905",1,"F135",25,0,"juvenile"
"5906",1,"F135",26,0,"adult"
"5907",1,"F135",27,0,"adult"
"5908",1,"F135",28,0,"adult"
"5909",1,"F135",29,0,"adult"
"5910",1,"F135",30,0,"adult"
"5911",1,"F135",31,0,"adult"
"5912",1,"F135",32,0,"adult"
"5913",1,"F135",33,0,"adult"
"5914",1,"F135",34,0,"adult"
"5915",1,"F135",35,0,"adult"
"5916",1,"F135",36,0,"adult"
"5917",1,"F135",37,0,"adult"
"5918",1,"F135",38,0,"adult"
"5919",1,"F135",39,0,"adult"
"5920",1,"F135",40,0,"adult"
"5921",1,"F135",41,0,"adult"
"5923",1,"F136",1,1,"adult"
"5924",1,"F136",2,1,"adult"
"5925",1,"F136",3,1,"adult"
"5926",1,"F136",4,1,"adult"
"5927",1,"F136",5,1,"adult"
"5928",1,"F136",6,1,"adult"
"5929",1,"F136",7,1,"adult"
"5930",1,"F136",8,1,"adult"
"5931",1,"F136",9,1,"adult"
"5932",1,"F136",10,1,"adult"
"5933",1,"F136",11,1,"adult"
"5934",1,"F136",12,1,"adult"
"5935",1,"F136",13,1,"adult"
"5936",1,"F136",14,1,"adult"
"5937",1,"F136",15,1,"adult"
"5938",1,"F136",16,1,"adult"
"5939",1,"F136",17,1,"adult"
"5940",1,"F136",18,1,"adult"
"5941",1,"F136",19,1,"adult"
"5942",1,"F136",20,1,"adult"
"5943",1,"F136",21,1,"adult"
"5944",1,"F136",22,1,"adult"
"5945",1,"F136",23,1,"adult"
"5946",1,"F136",24,1,"adult"
"5947",1,"F136",25,1,"adult"
"5948",1,"F136",26,1,"adult"
"5949",1,"F136",27,1,"adult"
"5950",1,"F136",28,1,"adult"
"5951",1,"F136",29,1,"adult"
"5952",1,"F136",30,1,"adult"
"5953",1,"F136",31,1,"adult"
"5954",1,"F136",32,1,"adult"
"5955",1,"F136",33,1,"adult"
"5956",1,"F136",34,1,"adult"
"5957",1,"F136",35,1,"adult"
"5958",1,"F136",36,1,"adult"
"5959",1,"F136",37,1,"adult"
"5960",1,"F136",38,1,"adult"
"5961",1,"F136",39,1,"adult"
"5962",1,"F136",40,1,"adult"
"5963",1,"F136",41,1,"adult"
"5965",1,"F137",1,1,"unborn"
"5966",1,"F137",2,1,"unborn"
"5967",1,"F137",3,1,"unborn"
"5968",1,"F137",4,1,"unborn"
"5969",1,"F137",5,1,"unborn"
"5970",1,"F137",6,1,"unborn"
"5971",1,"F137",7,1,"unborn"
"5972",1,"F137",8,1,"unborn"
"5973",1,"F137",9,1,"unborn"
"5974",1,"F137",10,1,"unborn"
"5975",1,"F137",11,1,"unborn"
"5976",1,"F137",12,1,"calf"
"5977",1,"F137",13,1,"calf"
"5978",1,"F137",14,1,"calf"
"5979",1,"F137",15,1,"calf"
"5980",1,"F137",16,1,"juvenile"
"5981",1,"F137",17,1,"juvenile"
"5982",1,"F137",18,1,"juvenile"
"5983",1,"F137",19,1,"juvenile"
"5984",1,"F137",20,1,"juvenile"
"5985",1,"F137",21,1,"juvenile"
"5986",1,"F137",22,1,"juvenile"
"5987",1,"F137",23,1,"juvenile"
"5988",1,"F137",24,1,"juvenile"
"5989",1,"F137",25,1,"juvenile"
"5990",1,"F137",26,1,"adult"
"5991",1,"F137",27,1,"adult"
"5992",1,"F137",28,1,"adult"
"5993",1,"F137",29,1,"adult"
"5994",1,"F137",30,1,"adult"
"5995",1,"F137",31,1,"adult"
"5996",1,"F137",32,1,"adult"
"5997",1,"F137",33,1,"adult"
"5998",1,"F137",34,1,"adult"
"5999",1,"F137",35,1,"adult"
"6000",1,"F137",36,1,"adult"
"6001",1,"F137",37,1,"adult"
"6002",1,"F137",38,1,"adult"
"6003",1,"F137",39,1,"adult"
"6004",1,"F137",40,1,"adult"
"6005",1,"F137",41,1,"adult"
"6007",1,"F138",1,0,"calf"
"6008",1,"F138",2,0,"calf"
"6009",1,"F138",3,0,"calf"
"6010",1,"F138",4,0,"calf"
"6011",1,"F138",5,0,"calf"
"6012",1,"F138",6,0,"calf"
"6013",1,"F138",7,0,"juvenile"
"6014",1,"F138",8,0,"juvenile"
"6015",1,"F138",9,0,"juvenile"
"6016",1,"F138",10,0,"juvenile"
"6017",1,"F138",11,0,"juvenile"
"6018",1,"F138",12,0,"juvenile"
"6019",1,"F138",13,0,"juvenile"
"6020",1,"F138",14,0,"adult"
"6021",1,"F138",15,0,"adult"
"6022",1,"F138",16,0,"adult"
"6023",1,"F138",17,0,"adult"
"6024",1,"F138",18,0,"adult"
"6025",1,"F138",19,0,"adult"
"6026",1,"F138",20,0,"adult"
"6027",1,"F138",21,0,"adult"
"6028",1,"F138",22,0,"adult"
"6029",1,"F138",23,0,"adult"
"6030",1,"F138",24,0,"adult"
"6031",1,"F138",25,0,"adult"
"6032",1,"F138",26,0,"adult"
"6033",1,"F138",27,0,"adult"
"6034",1,"F138",28,0,"adult"
"6035",1,"F138",29,0,"adult"
"6036",1,"F138",30,0,"adult"
"6037",1,"F138",31,0,"adult"
"6038",1,"F138",32,0,"adult"
"6039",1,"F138",33,0,"adult"
"6040",1,"F138",34,0,"adult"
"6041",1,"F138",35,0,"adult"
"6042",1,"F138",36,0,"adult"
"6043",1,"F138",37,0,"adult"
"6044",1,"F138",38,0,"adult"
"6045",1,"F138",39,0,"adult"
"6046",1,"F138",40,0,"adult"
"6047",1,"F138",41,0,"adult"
"6049",1,"F139",1,1,"unborn"
"6050",1,"F139",2,1,"unborn"
"6051",1,"F139",3,1,"unborn"
"6052",1,"F139",4,1,"unborn"
"6053",1,"F139",5,1,"unborn"
"6054",1,"F139",6,1,"unborn"
"6055",1,"F139",7,1,"unborn"
"6056",1,"F139",8,1,"unborn"
"6057",1,"F139",9,1,"unborn"
"6058",1,"F139",10,1,"unborn"
"6059",1,"F139",11,1,"unborn"
"6060",1,"F139",12,1,"calf"
"6061",1,"F139",13,1,"calf"
"6062",1,"F139",14,1,"calf"
"6063",1,"F139",15,1,"calf"
"6064",1,"F139",16,1,"juvenile"
"6065",1,"F139",17,1,"juvenile"
"6066",1,"F139",18,1,"juvenile"
"6067",1,"F139",19,1,"juvenile"
"6068",1,"F139",20,1,"juvenile"
"6069",1,"F139",21,1,"juvenile"
"6070",1,"F139",22,1,"juvenile"
"6071",1,"F139",23,1,"juvenile"
"6072",1,"F139",24,1,"juvenile"
"6073",1,"F139",25,1,"juvenile"
"6074",1,"F139",26,1,"adult"
"6075",1,"F139",27,1,"adult"
"6076",1,"F139",28,1,"adult"
"6077",1,"F139",29,1,"adult"
"6078",1,"F139",30,1,"adult"
"6079",1,"F139",31,1,"adult"
"6080",1,"F139",32,1,"adult"
"6081",1,"F139",33,1,"adult"
"6082",1,"F139",34,1,"adult"
"6083",1,"F139",35,1,"adult"
"6084",1,"F139",36,1,"adult"
"6085",1,"F139",37,1,"adult"
"6086",1,"F139",38,1,"adult"
"6087",1,"F139",39,1,"adult"
"6088",1,"F139",40,1,"adult"
"6089",1,"F139",41,1,"adult"
"6091",1,"F141",1,1,"juvenile"
"6092",1,"F141",2,1,"juvenile"
"6093",1,"F141",3,1,"juvenile"
"6094",1,"F141",4,1,"juvenile"
"6095",1,"F141",5,1,"juvenile"
"6096",1,"F141",6,1,"juvenile"
"6097",1,"F141",7,1,"juvenile"
"6098",1,"F141",8,1,"juvenile"
"6099",1,"F141",9,1,"juvenile"
"6100",1,"F141",10,1,"juvenile"
"6101",1,"F141",11,1,"juvenile"
"6102",1,"F141",12,1,"adult"
"6103",1,"F141",13,1,"adult"
"6104",1,"F141",14,1,"adult"
"6105",1,"F141",15,1,"adult"
"6106",1,"F141",16,1,"adult"
"6107",1,"F141",17,1,"adult"
"6108",1,"F141",18,1,"adult"
"6109",1,"F141",19,1,"adult"
"6110",1,"F141",20,1,"adult"
"6111",1,"F141",21,1,"adult"
"6112",1,"F141",22,1,"adult"
"6113",1,"F141",23,1,"adult"
"6114",1,"F141",24,1,"adult"
"6115",1,"F141",25,1,"adult"
"6116",1,"F141",26,1,"adult"
"6117",1,"F141",27,1,"adult"
"6118",1,"F141",28,1,"adult"
"6119",1,"F141",29,1,"adult"
"6120",1,"F141",30,1,"adult"
"6121",1,"F141",31,1,"adult"
"6122",1,"F141",32,1,"adult"
"6123",1,"F141",33,1,"adult"
"6124",1,"F141",34,1,"adult"
"6125",1,"F141",35,1,"adult"
"6126",1,"F141",36,1,"adult"
"6127",1,"F141",37,1,"adult"
"6128",1,"F141",38,1,"adult"
"6129",1,"F141",39,1,"adult"
"6130",1,"F141",40,1,"adult"
"6131",1,"F141",41,1,"adult"
"6133",1,"F142",1,0,"calf"
"6134",1,"F142",2,0,"calf"
"6135",1,"F142",3,0,"calf"
"6136",1,"F142",4,0,"calf"
"6137",1,"F142",5,0,"calf"
"6138",1,"F142",6,0,"calf"
"6139",1,"F142",7,0,"juvenile"
"6140",1,"F142",8,0,"juvenile"
"6141",1,"F142",9,0,"juvenile"
"6142",1,"F142",10,0,"juvenile"
"6143",1,"F142",11,0,"juvenile"
"6144",1,"F142",12,0,"juvenile"
"6145",1,"F142",13,0,"juvenile"
"6146",1,"F142",14,0,"adult"
"6147",1,"F142",15,0,"adult"
"6148",1,"F142",16,0,"adult"
"6149",1,"F142",17,0,"adult"
"6150",1,"F142",18,0,"adult"
"6151",1,"F142",19,0,"adult"
"6152",1,"F142",20,0,"adult"
"6153",1,"F142",21,0,"adult"
"6154",1,"F142",22,0,"adult"
"6155",1,"F142",23,0,"adult"
"6156",1,"F142",24,0,"adult"
"6157",1,"F142",25,0,"adult"
"6158",1,"F142",26,0,"adult"
"6159",1,"F142",27,0,"adult"
"6160",1,"F142",28,0,"adult"
"6161",1,"F142",29,0,"adult"
"6162",1,"F142",30,0,"adult"
"6163",1,"F142",31,0,"adult"
"6164",1,"F142",32,0,"adult"
"6165",1,"F142",33,0,"adult"
"6166",1,"F142",34,0,"adult"
"6167",1,"F142",35,0,"adult"
"6168",1,"F142",36,0,"adult"
"6169",1,"F142",37,0,"adult"
"6170",1,"F142",38,0,"adult"
"6171",1,"F142",39,0,"adult"
"6172",1,"F142",40,0,"adult"
"6173",1,"F142",41,0,"adult"
"6175",1,"F144",1,1,"unborn"
"6176",1,"F144",2,1,"unborn"
"6177",1,"F144",3,1,"unborn"
"6178",1,"F144",4,1,"unborn"
"6179",1,"F144",5,1,"calf"
"6180",1,"F144",6,1,"calf"
"6181",1,"F144",7,1,"calf"
"6182",1,"F144",8,1,"calf"
"6183",1,"F144",9,1,"calf"
"6184",1,"F144",10,1,"calf"
"6185",1,"F144",11,1,"calf"
"6186",1,"F144",12,1,"juvenile"
"6187",1,"F144",13,1,"juvenile"
"6188",1,"F144",14,1,"juvenile"
"6189",1,"F144",15,1,"juvenile"
"6190",1,"F144",16,1,"adult"
"6191",1,"F144",17,1,"adult"
"6192",1,"F144",18,1,"adult"
"6193",1,"F144",19,1,"adult"
"6194",1,"F144",20,1,"adult"
"6195",1,"F144",21,1,"adult"
"6196",1,"F144",22,1,"adult"
"6197",1,"F144",23,1,"adult"
"6198",1,"F144",24,1,"adult"
"6199",1,"F144",25,1,"adult"
"6200",1,"F144",26,1,"adult"
"6201",1,"F144",27,1,"adult"
"6202",1,"F144",28,1,"adult"
"6203",1,"F144",29,1,"adult"
"6204",1,"F144",30,1,"adult"
"6205",1,"F144",31,1,"adult"
"6206",1,"F144",32,1,"adult"
"6207",1,"F144",33,1,"adult"
"6208",1,"F144",34,1,"adult"
"6209",1,"F144",35,1,"adult"
"6210",1,"F144",36,1,"adult"
"6211",1,"F144",37,1,"adult"
"6212",1,"F144",38,1,"adult"
"6213",1,"F144",39,1,"adult"
"6214",1,"F144",40,1,"adult"
"6215",1,"F144",41,1,"adult"
"6217",1,"F146",1,1,"unborn"
"6218",1,"F146",2,1,"unborn"
"6219",1,"F146",3,1,"unborn"
"6220",1,"F146",4,1,"unborn"
"6221",1,"F146",5,1,"unborn"
"6222",1,"F146",6,1,"unborn"
"6223",1,"F146",7,1,"calf"
"6224",1,"F146",8,1,"calf"
"6225",1,"F146",9,1,"calf"
"6226",1,"F146",10,1,"calf"
"6227",1,"F146",11,1,"calf"
"6228",1,"F146",12,1,"juvenile"
"6229",1,"F146",13,1,"juvenile"
"6230",1,"F146",14,1,"juvenile"
"6231",1,"F146",15,1,"juvenile"
"6232",1,"F146",16,1,"juvenile"
"6233",1,"F146",17,1,"juvenile"
"6234",1,"F146",18,1,"juvenile"
"6235",1,"F146",19,1,"adult"
"6236",1,"F146",20,1,"adult"
"6237",1,"F146",21,1,"adult"
"6238",1,"F146",22,1,"adult"
"6239",1,"F146",23,1,"adult"
"6240",1,"F146",24,1,"adult"
"6241",1,"F146",25,1,"adult"
"6242",1,"F146",26,1,"adult"
"6243",1,"F146",27,1,"adult"
"6244",1,"F146",28,1,"adult"
"6245",1,"F146",29,1,"adult"
"6246",1,"F146",30,1,"adult"
"6247",1,"F146",31,1,"adult"
"6248",1,"F146",32,1,"adult"
"6249",1,"F146",33,1,"adult"
"6250",1,"F146",34,1,"adult"
"6251",1,"F146",35,1,"adult"
"6252",1,"F146",36,1,"adult"
"6253",1,"F146",37,1,"adult"
"6254",1,"F146",38,1,"adult"
"6255",1,"F146",39,1,"adult"
"6256",1,"F146",40,1,"adult"
"6257",1,"F146",41,1,"adult"
"6259",1,"F148",1,1,"unborn"
"6260",1,"F148",2,1,"unborn"
"6261",1,"F148",3,1,"unborn"
"6262",1,"F148",4,1,"unborn"
"6263",1,"F148",5,1,"unborn"
"6264",1,"F148",6,1,"unborn"
"6265",1,"F148",7,1,"calf"
"6266",1,"F148",8,1,"calf"
"6267",1,"F148",9,1,"calf"
"6268",1,"F148",10,1,"calf"
"6269",1,"F148",11,1,"calf"
"6270",1,"F148",12,1,"juvenile"
"6271",1,"F148",13,1,"juvenile"
"6272",1,"F148",14,1,"juvenile"
"6273",1,"F148",15,1,"juvenile"
"6274",1,"F148",16,1,"juvenile"
"6275",1,"F148",17,1,"juvenile"
"6276",1,"F148",18,1,"juvenile"
"6277",1,"F148",19,1,"adult"
"6278",1,"F148",20,1,"adult"
"6279",1,"F148",21,1,"adult"
"6280",1,"F148",22,1,"adult"
"6281",1,"F148",23,1,"adult"
"6282",1,"F148",24,1,"adult"
"6283",1,"F148",25,1,"adult"
"6284",1,"F148",26,1,"adult"
"6285",1,"F148",27,1,"adult"
"6286",1,"F148",28,1,"adult"
"6287",1,"F148",29,1,"adult"
"6288",1,"F148",30,1,"adult"
"6289",1,"F148",31,1,"adult"
"6290",1,"F148",32,1,"adult"
"6291",1,"F148",33,1,"adult"
"6292",1,"F148",34,1,"adult"
"6293",1,"F148",35,1,"adult"
"6294",1,"F148",36,1,"adult"
"6295",1,"F148",37,1,"adult"
"6296",1,"F148",38,1,"adult"
"6297",1,"F148",39,1,"adult"
"6298",1,"F148",40,1,"adult"
"6299",1,"F148",41,1,"adult"
"6301",1,"F149",1,1,"adult"
"6302",1,"F149",2,1,"adult"
"6303",1,"F149",3,1,"adult"
"6304",1,"F149",4,1,"adult"
"6305",1,"F149",5,1,"adult"
"6306",1,"F149",6,1,"adult"
"6307",1,"F149",7,1,"adult"
"6308",1,"F149",8,1,"adult"
"6309",1,"F149",9,1,"adult"
"6310",1,"F149",10,1,"adult"
"6311",1,"F149",11,1,"adult"
"6312",1,"F149",12,1,"adult"
"6313",1,"F149",13,1,"adult"
"6314",1,"F149",14,1,"adult"
"6315",1,"F149",15,1,"adult"
"6316",1,"F149",16,1,"adult"
"6317",1,"F149",17,1,"adult"
"6318",1,"F149",18,1,"adult"
"6319",1,"F149",19,1,"adult"
"6320",1,"F149",20,1,"adult"
"6321",1,"F149",21,1,"adult"
"6322",1,"F149",22,1,"adult"
"6323",1,"F149",23,1,"adult"
"6324",1,"F149",24,1,"adult"
"6325",1,"F149",25,1,"adult"
"6326",1,"F149",26,1,"adult"
"6327",1,"F149",27,1,"adult"
"6328",1,"F149",28,1,"adult"
"6329",1,"F149",29,1,"adult"
"6330",1,"F149",30,1,"adult"
"6331",1,"F149",31,1,"adult"
"6332",1,"F149",32,1,"adult"
"6333",1,"F149",33,1,"adult"
"6334",1,"F149",34,1,"adult"
"6335",1,"F149",35,1,"adult"
"6336",1,"F149",36,1,"adult"
"6337",1,"F149",37,1,"adult"
"6338",1,"F149",38,1,"adult"
"6339",1,"F149",39,1,"adult"
"6340",1,"F149",40,1,"adult"
"6341",1,"F149",41,1,"adult"
"6343",1,"F151",1,1,"unborn"
"6344",1,"F151",2,1,"unborn"
"6345",1,"F151",3,1,"unborn"
"6346",1,"F151",4,1,"unborn"
"6347",1,"F151",5,1,"unborn"
"6348",1,"F151",6,1,"unborn"
"6349",1,"F151",7,1,"unborn"
"6350",1,"F151",8,1,"unborn"
"6351",1,"F151",9,1,"unborn"
"6352",1,"F151",10,1,"unborn"
"6353",1,"F151",11,1,"unborn"
"6354",1,"F151",12,1,"calf"
"6355",1,"F151",13,1,"calf"
"6356",1,"F151",14,1,"calf"
"6357",1,"F151",15,1,"calf"
"6358",1,"F151",16,1,"juvenile"
"6359",1,"F151",17,1,"juvenile"
"6360",1,"F151",18,1,"juvenile"
"6361",1,"F151",19,1,"juvenile"
"6362",1,"F151",20,1,"juvenile"
"6363",1,"F151",21,1,"juvenile"
"6364",1,"F151",22,1,"juvenile"
"6365",1,"F151",23,1,"juvenile"
"6366",1,"F151",24,1,"juvenile"
"6367",1,"F151",25,1,"juvenile"
"6368",1,"F151",26,1,"adult"
"6369",1,"F151",27,1,"adult"
"6370",1,"F151",28,1,"adult"
"6371",1,"F151",29,1,"adult"
"6372",1,"F151",30,1,"adult"
"6373",1,"F151",31,1,"adult"
"6374",1,"F151",32,1,"adult"
"6375",1,"F151",33,1,"adult"
"6376",1,"F151",34,1,"adult"
"6377",1,"F151",35,1,"adult"
"6378",1,"F151",36,1,"adult"
"6379",1,"F151",37,1,"adult"
"6380",1,"F151",38,1,"adult"
"6381",1,"F151",39,1,"adult"
"6382",1,"F151",40,1,"adult"
"6383",1,"F151",41,1,"adult"
"6385",1,"F152",1,1,"unborn"
"6386",1,"F152",2,1,"unborn"
"6387",1,"F152",3,1,"unborn"
"6388",1,"F152",4,1,"unborn"
"6389",1,"F152",5,1,"unborn"
"6390",1,"F152",6,1,"unborn"
"6391",1,"F152",7,1,"calf"
"6392",1,"F152",8,1,"calf"
"6393",1,"F152",9,1,"calf"
"6394",1,"F152",10,1,"calf"
"6395",1,"F152",11,1,"calf"
"6396",1,"F152",12,1,"juvenile"
"6397",1,"F152",13,1,"juvenile"
"6398",1,"F152",14,1,"juvenile"
"6399",1,"F152",15,1,"juvenile"
"6400",1,"F152",16,1,"juvenile"
"6401",1,"F152",17,1,"juvenile"
"6402",1,"F152",18,1,"juvenile"
"6403",1,"F152",19,1,"adult"
"6404",1,"F152",20,1,"adult"
"6405",1,"F152",21,1,"adult"
"6406",1,"F152",22,1,"adult"
"6407",1,"F152",23,1,"adult"
"6408",1,"F152",24,1,"adult"
"6409",1,"F152",25,1,"adult"
"6410",1,"F152",26,1,"adult"
"6411",1,"F152",27,1,"adult"
"6412",1,"F152",28,1,"adult"
"6413",1,"F152",29,1,"adult"
"6414",1,"F152",30,1,"adult"
"6415",1,"F152",31,1,"adult"
"6416",1,"F152",32,1,"adult"
"6417",1,"F152",33,1,"adult"
"6418",1,"F152",34,1,"adult"
"6419",1,"F152",35,1,"adult"
"6420",1,"F152",36,1,"adult"
"6421",1,"F152",37,1,"adult"
"6422",1,"F152",38,1,"adult"
"6423",1,"F152",39,1,"adult"
"6424",1,"F152",40,1,"adult"
"6425",1,"F152",41,1,"adult"
"6427",1,"F153",1,1,"adult"
"6428",1,"F153",2,1,"adult"
"6429",1,"F153",3,1,"adult"
"6430",1,"F153",4,1,"adult"
"6431",1,"F153",5,1,"adult"
"6432",1,"F153",6,1,"adult"
"6433",1,"F153",7,1,"adult"
"6434",1,"F153",8,1,"adult"
"6435",1,"F153",9,1,"adult"
"6436",1,"F153",10,1,"adult"
"6437",1,"F153",11,1,"adult"
"6438",1,"F153",12,1,"adult"
"6439",1,"F153",13,1,"adult"
"6440",1,"F153",14,1,"adult"
"6441",1,"F153",15,1,"adult"
"6442",1,"F153",16,1,"adult"
"6443",1,"F153",17,1,"adult"
"6444",1,"F153",18,1,"adult"
"6445",1,"F153",19,1,"adult"
"6446",1,"F153",20,1,"adult"
"6447",1,"F153",21,1,"adult"
"6448",1,"F153",22,1,"adult"
"6449",1,"F153",23,1,"adult"
"6450",1,"F153",24,1,"adult"
"6451",1,"F153",25,1,"adult"
"6452",1,"F153",26,1,"adult"
"6453",1,"F153",27,1,"adult"
"6454",1,"F153",28,1,"adult"
"6455",1,"F153",29,1,"adult"
"6456",1,"F153",30,1,"adult"
"6457",1,"F153",31,1,"adult"
"6458",1,"F153",32,1,"adult"
"6459",1,"F153",33,1,"adult"
"6460",1,"F153",34,1,"adult"
"6461",1,"F153",35,1,"adult"
"6462",1,"F153",36,1,"adult"
"6463",1,"F153",37,1,"adult"
"6464",1,"F153",38,1,"adult"
"6465",1,"F153",39,1,"adult"
"6466",1,"F153",40,1,"adult"
"6467",1,"F153",41,1,"adult"
"6469",1,"F154",1,1,"adult"
"6470",1,"F154",2,1,"adult"
"6471",1,"F154",3,1,"adult"
"6472",1,"F154",4,1,"adult"
"6473",1,"F154",5,1,"adult"
"6474",1,"F154",6,1,"adult"
"6475",1,"F154",7,1,"adult"
"6476",1,"F154",8,1,"adult"
"6477",1,"F154",9,1,"adult"
"6478",1,"F154",10,1,"adult"
"6479",1,"F154",11,1,"adult"
"6480",1,"F154",12,1,"adult"
"6481",1,"F154",13,1,"adult"
"6482",1,"F154",14,1,"adult"
"6483",1,"F154",15,1,"adult"
"6484",1,"F154",16,1,"adult"
"6485",1,"F154",17,1,"adult"
"6486",1,"F154",18,1,"adult"
"6487",1,"F154",19,1,"adult"
"6488",1,"F154",20,1,"adult"
"6489",1,"F154",21,1,"adult"
"6490",1,"F154",22,1,"adult"
"6491",1,"F154",23,1,"adult"
"6492",1,"F154",24,1,"adult"
"6493",1,"F154",25,1,"adult"
"6494",1,"F154",26,1,"adult"
"6495",1,"F154",27,1,"adult"
"6496",1,"F154",28,1,"adult"
"6497",1,"F154",29,1,"adult"
"6498",1,"F154",30,1,"adult"
"6499",1,"F154",31,1,"adult"
"6500",1,"F154",32,1,"adult"
"6501",1,"F154",33,1,"adult"
"6502",1,"F154",34,1,"adult"
"6503",1,"F154",35,1,"adult"
"6504",1,"F154",36,1,"adult"
"6505",1,"F154",37,1,"adult"
"6506",1,"F154",38,1,"adult"
"6507",1,"F154",39,1,"adult"
"6508",1,"F154",40,1,"adult"
"6509",1,"F154",41,1,"adult"
"6511",1,"F155",1,0,"juvenile"
"6512",1,"F155",2,0,"juvenile"
"6513",1,"F155",3,0,"juvenile"
"6514",1,"F155",4,0,"juvenile"
"6515",1,"F155",5,0,"juvenile"
"6516",1,"F155",6,0,"juvenile"
"6517",1,"F155",7,0,"juvenile"
"6518",1,"F155",8,0,"juvenile"
"6519",1,"F155",9,0,"juvenile"
"6520",1,"F155",10,0,"juvenile"
"6521",1,"F155",11,0,"juvenile"
"6522",1,"F155",12,0,"adult"
"6523",1,"F155",13,0,"adult"
"6524",1,"F155",14,0,"adult"
"6525",1,"F155",15,0,"adult"
"6526",1,"F155",16,0,"adult"
"6527",1,"F155",17,0,"adult"
"6528",1,"F155",18,0,"adult"
"6529",1,"F155",19,0,"adult"
"6530",1,"F155",20,0,"adult"
"6531",1,"F155",21,0,"adult"
"6532",1,"F155",22,0,"adult"
"6533",1,"F155",23,0,"adult"
"6534",1,"F155",24,0,"adult"
"6535",1,"F155",25,0,"adult"
"6536",1,"F155",26,0,"adult"
"6537",1,"F155",27,0,"adult"
"6538",1,"F155",28,0,"adult"
"6539",1,"F155",29,0,"adult"
"6540",1,"F155",30,0,"adult"
"6541",1,"F155",31,0,"adult"
"6542",1,"F155",32,0,"adult"
"6543",1,"F155",33,0,"adult"
"6544",1,"F155",34,0,"adult"
"6545",1,"F155",35,0,"adult"
"6546",1,"F155",36,0,"adult"
"6547",1,"F155",37,0,"adult"
"6548",1,"F155",38,0,"adult"
"6549",1,"F155",39,0,"adult"
"6550",1,"F155",40,0,"adult"
"6551",1,"F155",41,0,"adult"
"6553",1,"F157",1,1,"adult"
"6554",1,"F157",2,1,"adult"
"6555",1,"F157",3,1,"adult"
"6556",1,"F157",4,1,"adult"
"6557",1,"F157",5,1,"adult"
"6558",1,"F157",6,1,"adult"
"6559",1,"F157",7,1,"adult"
"6560",1,"F157",8,1,"adult"
"6561",1,"F157",9,1,"adult"
"6562",1,"F157",10,1,"adult"
"6563",1,"F157",11,1,"adult"
"6564",1,"F157",12,1,"adult"
"6565",1,"F157",13,1,"adult"
"6566",1,"F157",14,1,"adult"
"6567",1,"F157",15,1,"adult"
"6568",1,"F157",16,1,"adult"
"6569",1,"F157",17,1,"adult"
"6570",1,"F157",18,1,"adult"
"6571",1,"F157",19,1,"adult"
"6572",1,"F157",20,1,"adult"
"6573",1,"F157",21,1,"adult"
"6574",1,"F157",22,1,"adult"
"6575",1,"F157",23,1,"adult"
"6576",1,"F157",24,1,"adult"
"6577",1,"F157",25,1,"adult"
"6578",1,"F157",26,1,"adult"
"6579",1,"F157",27,1,"adult"
"6580",1,"F157",28,1,"adult"
"6581",1,"F157",29,1,"adult"
"6582",1,"F157",30,1,"adult"
"6583",1,"F157",31,1,"adult"
"6584",1,"F157",32,1,"adult"
"6585",1,"F157",33,1,"adult"
"6586",1,"F157",34,1,"adult"
"6587",1,"F157",35,1,"adult"
"6588",1,"F157",36,1,"adult"
"6589",1,"F157",37,1,"adult"
"6590",1,"F157",38,1,"adult"
"6591",1,"F157",39,1,"adult"
"6592",1,"F157",40,1,"adult"
"6593",1,"F157",41,1,"adult"
"6595",1,"F158",1,1,"adult"
"6596",1,"F158",2,1,"adult"
"6597",1,"F158",3,1,"adult"
"6598",1,"F158",4,1,"adult"
"6599",1,"F158",5,1,"adult"
"6600",1,"F158",6,1,"adult"
"6601",1,"F158",7,1,"adult"
"6602",1,"F158",8,1,"adult"
"6603",1,"F158",9,1,"adult"
"6604",1,"F158",10,1,"adult"
"6605",1,"F158",11,1,"adult"
"6606",1,"F158",12,1,"adult"
"6607",1,"F158",13,1,"adult"
"6608",1,"F158",14,1,"adult"
"6609",1,"F158",15,1,"adult"
"6610",1,"F158",16,1,"adult"
"6611",1,"F158",17,1,"adult"
"6612",1,"F158",18,1,"adult"
"6613",1,"F158",19,1,"adult"
"6614",1,"F158",20,1,"adult"
"6615",1,"F158",21,1,"adult"
"6616",1,"F158",22,1,"adult"
"6617",1,"F158",23,1,"adult"
"6618",1,"F158",24,1,"adult"
"6619",1,"F158",25,1,"adult"
"6620",1,"F158",26,1,"adult"
"6621",1,"F158",27,1,"adult"
"6622",1,"F158",28,1,"adult"
"6623",1,"F158",29,1,"adult"
"6624",1,"F158",30,1,"adult"
"6625",1,"F158",31,1,"adult"
"6626",1,"F158",32,1,"adult"
"6627",1,"F158",33,1,"adult"
"6628",1,"F158",34,1,"adult"
"6629",1,"F158",35,1,"adult"
"6630",1,"F158",36,1,"adult"
"6631",1,"F158",37,1,"adult"
"6632",1,"F158",38,1,"adult"
"6633",1,"F158",39,1,"adult"
"6634",1,"F158",40,1,"adult"
"6635",1,"F158",41,1,"adult"
"6637",1,"F159",1,1,"unborn"
"6638",1,"F159",2,1,"unborn"
"6639",1,"F159",3,1,"unborn"
"6640",1,"F159",4,1,"unborn"
"6641",1,"F159",5,1,"unborn"
"6642",1,"F159",6,1,"unborn"
"6643",1,"F159",7,1,"calf"
"6644",1,"F159",8,1,"calf"
"6645",1,"F159",9,1,"calf"
"6646",1,"F159",10,1,"calf"
"6647",1,"F159",11,1,"calf"
"6648",1,"F159",12,1,"juvenile"
"6649",1,"F159",13,1,"juvenile"
"6650",1,"F159",14,1,"juvenile"
"6651",1,"F159",15,1,"juvenile"
"6652",1,"F159",16,1,"juvenile"
"6653",1,"F159",17,1,"juvenile"
"6654",1,"F159",18,1,"juvenile"
"6655",1,"F159",19,1,"adult"
"6656",1,"F159",20,1,"adult"
"6657",1,"F159",21,1,"adult"
"6658",1,"F159",22,1,"adult"
"6659",1,"F159",23,1,"adult"
"6660",1,"F159",24,1,"adult"
"6661",1,"F159",25,1,"adult"
"6662",1,"F159",26,1,"adult"
"6663",1,"F159",27,1,"adult"
"6664",1,"F159",28,1,"adult"
"6665",1,"F159",29,1,"adult"
"6666",1,"F159",30,1,"adult"
"6667",1,"F159",31,1,"adult"
"6668",1,"F159",32,1,"adult"
"6669",1,"F159",33,1,"adult"
"6670",1,"F159",34,1,"adult"
"6671",1,"F159",35,1,"adult"
"6672",1,"F159",36,1,"adult"
"6673",1,"F159",37,1,"adult"
"6674",1,"F159",38,1,"adult"
"6675",1,"F159",39,1,"adult"
"6676",1,"F159",40,1,"adult"
"6677",1,"F159",41,1,"adult"
"6679",1,"F160",1,1,"adult"
"6680",1,"F160",2,1,"adult"
"6681",1,"F160",3,1,"adult"
"6682",1,"F160",4,1,"adult"
"6683",1,"F160",5,1,"adult"
"6684",1,"F160",6,1,"adult"
"6685",1,"F160",7,1,"adult"
"6686",1,"F160",8,1,"adult"
"6687",1,"F160",9,1,"adult"
"6688",1,"F160",10,1,"adult"
"6689",1,"F160",11,1,"adult"
"6690",1,"F160",12,1,"adult"
"6691",1,"F160",13,1,"adult"
"6692",1,"F160",14,1,"adult"
"6693",1,"F160",15,1,"adult"
"6694",1,"F160",16,1,"adult"
"6695",1,"F160",17,1,"adult"
"6696",1,"F160",18,1,"adult"
"6697",1,"F160",19,1,"adult"
"6698",1,"F160",20,1,"adult"
"6699",1,"F160",21,1,"adult"
"6700",1,"F160",22,1,"adult"
"6701",1,"F160",23,1,"adult"
"6702",1,"F160",24,1,"adult"
"6703",1,"F160",25,1,"adult"
"6704",1,"F160",26,1,"adult"
"6705",1,"F160",27,1,"adult"
"6706",1,"F160",28,1,"adult"
"6707",1,"F160",29,1,"adult"
"6708",1,"F160",30,1,"adult"
"6709",1,"F160",31,1,"adult"
"6710",1,"F160",32,1,"adult"
"6711",1,"F160",33,1,"adult"
"6712",1,"F160",34,1,"adult"
"6713",1,"F160",35,1,"adult"
"6714",1,"F160",36,1,"adult"
"6715",1,"F160",37,1,"adult"
"6716",1,"F160",38,1,"adult"
"6717",1,"F160",39,1,"adult"
"6718",1,"F160",40,1,"adult"
"6719",1,"F160",41,1,"adult"
"6721",1,"F162",1,1,"adult"
"6722",1,"F162",2,1,"adult"
"6723",1,"F162",3,1,"adult"
"6724",1,"F162",4,1,"adult"
"6725",1,"F162",5,1,"adult"
"6726",1,"F162",6,1,"adult"
"6727",1,"F162",7,1,"adult"
"6728",1,"F162",8,1,"adult"
"6729",1,"F162",9,1,"adult"
"6730",1,"F162",10,1,"adult"
"6731",1,"F162",11,1,"adult"
"6732",1,"F162",12,1,"adult"
"6733",1,"F162",13,1,"adult"
"6734",1,"F162",14,1,"adult"
"6735",1,"F162",15,1,"adult"
"6736",1,"F162",16,1,"adult"
"6737",1,"F162",17,1,"adult"
"6738",1,"F162",18,1,"adult"
"6739",1,"F162",19,1,"adult"
"6740",1,"F162",20,1,"adult"
"6741",1,"F162",21,1,"adult"
"6742",1,"F162",22,1,"adult"
"6743",1,"F162",23,1,"adult"
"6744",1,"F162",24,1,"adult"
"6745",1,"F162",25,1,"adult"
"6746",1,"F162",26,1,"adult"
"6747",1,"F162",27,1,"adult"
"6748",1,"F162",28,1,"adult"
"6749",1,"F162",29,1,"adult"
"6750",1,"F162",30,1,"adult"
"6751",1,"F162",31,1,"adult"
"6752",1,"F162",32,1,"adult"
"6753",1,"F162",33,1,"adult"
"6754",1,"F162",34,1,"adult"
"6755",1,"F162",35,1,"adult"
"6756",1,"F162",36,1,"adult"
"6757",1,"F162",37,1,"adult"
"6758",1,"F162",38,1,"adult"
"6759",1,"F162",39,1,"adult"
"6760",1,"F162",40,1,"adult"
"6761",1,"F162",41,1,"adult"
"6763",1,"F163",1,1,"adult"
"6764",1,"F163",2,1,"adult"
"6765",1,"F163",3,1,"adult"
"6766",1,"F163",4,1,"adult"
"6767",1,"F163",5,1,"adult"
"6768",1,"F163",6,1,"adult"
"6769",1,"F163",7,1,"adult"
"6770",1,"F163",8,1,"adult"
"6771",1,"F163",9,1,"adult"
"6772",1,"F163",10,1,"adult"
"6773",1,"F163",11,1,"adult"
"6774",1,"F163",12,1,"adult"
"6775",1,"F163",13,1,"adult"
"6776",1,"F163",14,1,"adult"
"6777",1,"F163",15,1,"adult"
"6778",1,"F163",16,1,"adult"
"6779",1,"F163",17,1,"adult"
"6780",1,"F163",18,1,"adult"
"6781",1,"F163",19,1,"adult"
"6782",1,"F163",20,1,"adult"
"6783",1,"F163",21,1,"adult"
"6784",1,"F163",22,1,"adult"
"6785",1,"F163",23,1,"adult"
"6786",1,"F163",24,1,"adult"
"6787",1,"F163",25,1,"adult"
"6788",1,"F163",26,1,"adult"
"6789",1,"F163",27,1,"adult"
"6790",1,"F163",28,1,"adult"
"6791",1,"F163",29,1,"adult"
"6792",1,"F163",30,1,"adult"
"6793",1,"F163",31,1,"adult"
"6794",1,"F163",32,1,"adult"
"6795",1,"F163",33,1,"adult"
"6796",1,"F163",34,1,"adult"
"6797",1,"F163",35,1,"adult"
"6798",1,"F163",36,1,"adult"
"6799",1,"F163",37,1,"adult"
"6800",1,"F163",38,1,"adult"
"6801",1,"F163",39,1,"adult"
"6802",1,"F163",40,1,"adult"
"6803",1,"F163",41,1,"adult"
"6805",1,"F164",1,1,"juvenile"
"6806",1,"F164",2,1,"juvenile"
"6807",1,"F164",3,1,"juvenile"
"6808",1,"F164",4,1,"juvenile"
"6809",1,"F164",5,1,"juvenile"
"6810",1,"F164",6,1,"juvenile"
"6811",1,"F164",7,1,"juvenile"
"6812",1,"F164",8,1,"juvenile"
"6813",1,"F164",9,1,"juvenile"
"6814",1,"F164",10,1,"juvenile"
"6815",1,"F164",11,1,"adult"
"6816",1,"F164",12,1,"adult"
"6817",1,"F164",13,1,"adult"
"6818",1,"F164",14,1,"adult"
"6819",1,"F164",15,1,"adult"
"6820",1,"F164",16,1,"adult"
"6821",1,"F164",17,1,"adult"
"6822",1,"F164",18,1,"adult"
"6823",1,"F164",19,1,"adult"
"6824",1,"F164",20,1,"adult"
"6825",1,"F164",21,1,"adult"
"6826",1,"F164",22,1,"adult"
"6827",1,"F164",23,1,"adult"
"6828",1,"F164",24,1,"adult"
"6829",1,"F164",25,1,"adult"
"6830",1,"F164",26,1,"adult"
"6831",1,"F164",27,1,"adult"
"6832",1,"F164",28,1,"adult"
"6833",1,"F164",29,1,"adult"
"6834",1,"F164",30,1,"adult"
"6835",1,"F164",31,1,"adult"
"6836",1,"F164",32,1,"adult"
"6837",1,"F164",33,1,"adult"
"6838",1,"F164",34,1,"adult"
"6839",1,"F164",35,1,"adult"
"6840",1,"F164",36,1,"adult"
"6841",1,"F164",37,1,"adult"
"6842",1,"F164",38,1,"adult"
"6843",1,"F164",39,1,"adult"
"6844",1,"F164",40,1,"adult"
"6845",1,"F164",41,1,"adult"
"6847",1,"F165",1,1,"unborn"
"6848",1,"F165",2,1,"unborn"
"6849",1,"F165",3,1,"unborn"
"6850",1,"F165",4,1,"unborn"
"6851",1,"F165",5,1,"unborn"
"6852",1,"F165",6,1,"unborn"
"6853",1,"F165",7,1,"unborn"
"6854",1,"F165",8,1,"unborn"
"6855",1,"F165",9,1,"unborn"
"6856",1,"F165",10,1,"unborn"
"6857",1,"F165",11,1,"unborn"
"6858",1,"F165",12,1,"calf"
"6859",1,"F165",13,1,"calf"
"6860",1,"F165",14,1,"calf"
"6861",1,"F165",15,1,"juvenile"
"6862",1,"F165",16,1,"juvenile"
"6863",1,"F165",17,1,"juvenile"
"6864",1,"F165",18,1,"juvenile"
"6865",1,"F165",19,1,"juvenile"
"6866",1,"F165",20,1,"juvenile"
"6867",1,"F165",21,1,"juvenile"
"6868",1,"F165",22,1,"juvenile"
"6869",1,"F165",23,1,"juvenile"
"6870",1,"F165",24,1,"adult"
"6871",1,"F165",25,1,"adult"
"6872",1,"F165",26,1,"adult"
"6873",1,"F165",27,1,"adult"
"6874",1,"F165",28,1,"adult"
"6875",1,"F165",29,1,"adult"
"6876",1,"F165",30,1,"adult"
"6877",1,"F165",31,1,"adult"
"6878",1,"F165",32,1,"adult"
"6879",1,"F165",33,1,"adult"
"6880",1,"F165",34,1,"adult"
"6881",1,"F165",35,1,"adult"
"6882",1,"F165",36,1,"adult"
"6883",1,"F165",37,1,"adult"
"6884",1,"F165",38,1,"adult"
"6885",1,"F165",39,1,"adult"
"6886",1,"F165",40,1,"adult"
"6887",1,"F165",41,1,"adult"
"6889",1,"F167",1,1,"juvenile"
"6890",1,"F167",2,1,"juvenile"
"6891",1,"F167",3,1,"juvenile"
"6892",1,"F167",4,1,"juvenile"
"6893",1,"F167",5,1,"juvenile"
"6894",1,"F167",6,1,"juvenile"
"6895",1,"F167",7,1,"juvenile"
"6896",1,"F167",8,1,"juvenile"
"6897",1,"F167",9,1,"juvenile"
"6898",1,"F167",10,1,"juvenile"
"6899",1,"F167",11,1,"adult"
"6900",1,"F167",12,1,"adult"
"6901",1,"F167",13,1,"adult"
"6902",1,"F167",14,1,"adult"
"6903",1,"F167",15,1,"adult"
"6904",1,"F167",16,1,"adult"
"6905",1,"F167",17,1,"adult"
"6906",1,"F167",18,1,"adult"
"6907",1,"F167",19,1,"adult"
"6908",1,"F167",20,1,"adult"
"6909",1,"F167",21,1,"adult"
"6910",1,"F167",22,1,"adult"
"6911",1,"F167",23,1,"adult"
"6912",1,"F167",24,1,"adult"
"6913",1,"F167",25,1,"adult"
"6914",1,"F167",26,1,"adult"
"6915",1,"F167",27,1,"adult"
"6916",1,"F167",28,1,"adult"
"6917",1,"F167",29,1,"adult"
"6918",1,"F167",30,1,"adult"
"6919",1,"F167",31,1,"adult"
"6920",1,"F167",32,1,"adult"
"6921",1,"F167",33,1,"adult"
"6922",1,"F167",34,1,"adult"
"6923",1,"F167",35,1,"adult"
"6924",1,"F167",36,1,"adult"
"6925",1,"F167",37,1,"adult"
"6926",1,"F167",38,1,"adult"
"6927",1,"F167",39,1,"adult"
"6928",1,"F167",40,1,"adult"
"6929",1,"F167",41,1,"adult"
"6931",1,"F169",1,1,"unborn"
"6932",1,"F169",2,1,"unborn"
"6933",1,"F169",3,1,"unborn"
"6934",1,"F169",4,1,"unborn"
"6935",1,"F169",5,1,"unborn"
"6936",1,"F169",6,1,"unborn"
"6937",1,"F169",7,1,"unborn"
"6938",1,"F169",8,1,"unborn"
"6939",1,"F169",9,1,"unborn"
"6940",1,"F169",10,1,"unborn"
"6941",1,"F169",11,1,"unborn"
"6942",1,"F169",12,1,"calf"
"6943",1,"F169",13,1,"calf"
"6944",1,"F169",14,1,"calf"
"6945",1,"F169",15,1,"juvenile"
"6946",1,"F169",16,1,"juvenile"
"6947",1,"F169",17,1,"juvenile"
"6948",1,"F169",18,1,"juvenile"
"6949",1,"F169",19,1,"juvenile"
"6950",1,"F169",20,1,"juvenile"
"6951",1,"F169",21,1,"juvenile"
"6952",1,"F169",22,1,"juvenile"
"6953",1,"F169",23,1,"juvenile"
"6954",1,"F169",24,1,"adult"
"6955",1,"F169",25,1,"adult"
"6956",1,"F169",26,1,"adult"
"6957",1,"F169",27,1,"adult"
"6958",1,"F169",28,1,"adult"
"6959",1,"F169",29,1,"adult"
"6960",1,"F169",30,1,"adult"
"6961",1,"F169",31,1,"adult"
"6962",1,"F169",32,1,"adult"
"6963",1,"F169",33,1,"adult"
"6964",1,"F169",34,1,"adult"
"6965",1,"F169",35,1,"adult"
"6966",1,"F169",36,1,"adult"
"6967",1,"F169",37,1,"adult"
"6968",1,"F169",38,1,"adult"
"6969",1,"F169",39,1,"adult"
"6970",1,"F169",40,1,"adult"
"6971",1,"F169",41,1,"adult"
"6973",1,"F171",1,1,"unborn"
"6974",1,"F171",2,1,"unborn"
"6975",1,"F171",3,1,"unborn"
"6976",1,"F171",4,1,"unborn"
"6977",1,"F171",5,1,"unborn"
"6978",1,"F171",6,1,"unborn"
"6979",1,"F171",7,1,"unborn"
"6980",1,"F171",8,1,"unborn"
"6981",1,"F171",9,1,"unborn"
"6982",1,"F171",10,1,"unborn"
"6983",1,"F171",11,1,"calf"
"6984",1,"F171",12,1,"calf"
"6985",1,"F171",13,1,"calf"
"6986",1,"F171",14,1,"juvenile"
"6987",1,"F171",15,1,"juvenile"
"6988",1,"F171",16,1,"juvenile"
"6989",1,"F171",17,1,"juvenile"
"6990",1,"F171",18,1,"juvenile"
"6991",1,"F171",19,1,"juvenile"
"6992",1,"F171",20,1,"juvenile"
"6993",1,"F171",21,1,"juvenile"
"6994",1,"F171",22,1,"juvenile"
"6995",1,"F171",23,1,"adult"
"6996",1,"F171",24,1,"adult"
"6997",1,"F171",25,1,"adult"
"6998",1,"F171",26,1,"adult"
"6999",1,"F171",27,1,"adult"
"7000",1,"F171",28,1,"adult"
"7001",1,"F171",29,1,"adult"
"7002",1,"F171",30,1,"adult"
"7003",1,"F171",31,1,"adult"
"7004",1,"F171",32,1,"adult"
"7005",1,"F171",33,1,"adult"
"7006",1,"F171",34,1,"adult"
"7007",1,"F171",35,1,"adult"
"7008",1,"F171",36,1,"adult"
"7009",1,"F171",37,1,"adult"
"7010",1,"F171",38,1,"adult"
"7011",1,"F171",39,1,"adult"
"7012",1,"F171",40,1,"adult"
"7013",1,"F171",41,1,"adult"
"7015",1,"F173",1,1,"unborn"
"7016",1,"F173",2,1,"unborn"
"7017",1,"F173",3,1,"unborn"
"7018",1,"F173",4,1,"unborn"
"7019",1,"F173",5,1,"unborn"
"7020",1,"F173",6,1,"unborn"
"7021",1,"F173",7,1,"unborn"
"7022",1,"F173",8,1,"unborn"
"7023",1,"F173",9,1,"unborn"
"7024",1,"F173",10,1,"unborn"
"7025",1,"F173",11,1,"unborn"
"7026",1,"F173",12,1,"unborn"
"7027",1,"F173",13,1,"unborn"
"7028",1,"F173",14,1,"calf"
"7029",1,"F173",15,1,"calf"
"7030",1,"F173",16,1,"calf"
"7031",1,"F173",17,1,"calf"
"7032",1,"F173",18,1,"calf"
"7033",1,"F173",19,1,"calf"
"7034",1,"F173",20,1,"calf"
"7035",1,"F173",21,1,"juvenile"
"7036",1,"F173",22,1,"juvenile"
"7037",1,"F173",23,1,"juvenile"
"7038",1,"F173",24,1,"juvenile"
"7039",1,"F173",25,1,"juvenile"
"7040",1,"F173",26,1,"juvenile"
"7041",1,"F173",27,1,"juvenile"
"7042",1,"F173",28,1,"juvenile"
"7043",1,"F173",29,1,"juvenile"
"7044",1,"F173",30,1,"juvenile"
"7045",1,"F173",31,1,"juvenile"
"7046",1,"F173",32,1,"juvenile"
"7047",1,"F173",33,1,"juvenile"
"7048",1,"F173",34,1,"adult"
"7049",1,"F173",35,1,"adult"
"7050",1,"F173",36,1,"adult"
"7051",1,"F173",37,1,"adult"
"7052",1,"F173",38,1,"adult"
"7053",1,"F173",39,1,"adult"
"7054",1,"F173",40,1,"adult"
"7055",1,"F173",41,1,"adult"
"7057",1,"F174",1,1,"adult"
"7058",1,"F174",2,1,"adult"
"7059",1,"F174",3,1,"adult"
"7060",1,"F174",4,1,"adult"
"7061",1,"F174",5,1,"adult"
"7062",1,"F174",6,1,"adult"
"7063",1,"F174",7,1,"adult"
"7064",1,"F174",8,1,"adult"
"7065",1,"F174",9,1,"adult"
"7066",1,"F174",10,1,"adult"
"7067",1,"F174",11,1,"adult"
"7068",1,"F174",12,1,"adult"
"7069",1,"F174",13,1,"adult"
"7070",1,"F174",14,1,"adult"
"7071",1,"F174",15,1,"adult"
"7072",1,"F174",16,1,"adult"
"7073",1,"F174",17,1,"adult"
"7074",1,"F174",18,1,"adult"
"7075",1,"F174",19,1,"adult"
"7076",1,"F174",20,1,"adult"
"7077",1,"F174",21,1,"adult"
"7078",1,"F174",22,1,"adult"
"7079",1,"F174",23,1,"adult"
"7080",1,"F174",24,1,"adult"
"7081",1,"F174",25,1,"adult"
"7082",1,"F174",26,1,"adult"
"7083",1,"F174",27,1,"adult"
"7084",1,"F174",28,1,"adult"
"7085",1,"F174",29,1,"adult"
"7086",1,"F174",30,1,"adult"
"7087",1,"F174",31,1,"adult"
"7088",1,"F174",32,1,"adult"
"7089",1,"F174",33,1,"adult"
"7090",1,"F174",34,1,"adult"
"7091",1,"F174",35,1,"adult"
"7092",1,"F174",36,1,"adult"
"7093",1,"F174",37,1,"adult"
"7094",1,"F174",38,1,"adult"
"7095",1,"F174",39,1,"adult"
"7096",1,"F174",40,1,"adult"
"7097",1,"F174",41,1,"adult"
"7099",1,"F175",1,0,"calf"
"7100",1,"F175",2,0,"calf"
"7101",1,"F175",3,0,"calf"
"7102",1,"F175",4,0,"calf"
"7103",1,"F175",5,0,"juvenile"
"7104",1,"F175",6,0,"juvenile"
"7105",1,"F175",7,0,"juvenile"
"7106",1,"F175",8,0,"juvenile"
"7107",1,"F175",9,0,"juvenile"
"7108",1,"F175",10,0,"juvenile"
"7109",1,"F175",11,0,"juvenile"
"7110",1,"F175",12,0,"adult"
"7111",1,"F175",13,0,"adult"
"7112",1,"F175",14,0,"adult"
"7113",1,"F175",15,0,"adult"
"7114",1,"F175",16,0,"adult"
"7115",1,"F175",17,0,"adult"
"7116",1,"F175",18,0,"adult"
"7117",1,"F175",19,0,"adult"
"7118",1,"F175",20,0,"adult"
"7119",1,"F175",21,0,"adult"
"7120",1,"F175",22,0,"adult"
"7121",1,"F175",23,0,"adult"
"7122",1,"F175",24,0,"adult"
"7123",1,"F175",25,0,"adult"
"7124",1,"F175",26,0,"adult"
"7125",1,"F175",27,0,"adult"
"7126",1,"F175",28,0,"adult"
"7127",1,"F175",29,0,"adult"
"7128",1,"F175",30,0,"adult"
"7129",1,"F175",31,0,"adult"
"7130",1,"F175",32,0,"adult"
"7131",1,"F175",33,0,"adult"
"7132",1,"F175",34,0,"adult"
"7133",1,"F175",35,0,"adult"
"7134",1,"F175",36,0,"adult"
"7135",1,"F175",37,0,"adult"
"7136",1,"F175",38,0,"adult"
"7137",1,"F175",39,0,"adult"
"7138",1,"F175",40,0,"adult"
"7139",1,"F175",41,0,"adult"
"7141",1,"F176",1,1,"calf"
"7142",1,"F176",2,1,"calf"
"7143",1,"F176",3,1,"calf"
"7144",1,"F176",4,1,"calf"
"7145",1,"F176",5,1,"calf"
"7146",1,"F176",6,1,"calf"
"7147",1,"F176",7,1,"calf"
"7148",1,"F176",8,1,"calf"
"7149",1,"F176",9,1,"juvenile"
"7150",1,"F176",10,1,"juvenile"
"7151",1,"F176",11,1,"juvenile"
"7152",1,"F176",12,1,"juvenile"
"7153",1,"F176",13,1,"juvenile"
"7154",1,"F176",14,1,"adult"
"7155",1,"F176",15,1,"adult"
"7156",1,"F176",16,1,"adult"
"7157",1,"F176",17,1,"adult"
"7158",1,"F176",18,1,"adult"
"7159",1,"F176",19,1,"adult"
"7160",1,"F176",20,1,"adult"
"7161",1,"F176",21,1,"adult"
"7162",1,"F176",22,1,"adult"
"7163",1,"F176",23,1,"adult"
"7164",1,"F176",24,1,"adult"
"7165",1,"F176",25,1,"adult"
"7166",1,"F176",26,1,"adult"
"7167",1,"F176",27,1,"adult"
"7168",1,"F176",28,1,"adult"
"7169",1,"F176",29,1,"adult"
"7170",1,"F176",30,1,"adult"
"7171",1,"F176",31,1,"adult"
"7172",1,"F176",32,1,"adult"
"7173",1,"F176",33,1,"adult"
"7174",1,"F176",34,1,"adult"
"7175",1,"F176",35,1,"adult"
"7176",1,"F176",36,1,"adult"
"7177",1,"F176",37,1,"adult"
"7178",1,"F176",38,1,"adult"
"7179",1,"F176",39,1,"adult"
"7180",1,"F176",40,1,"adult"
"7181",1,"F176",41,1,"adult"
"7183",1,"F177",1,1,"unborn"
"7184",1,"F177",2,1,"unborn"
"7185",1,"F177",3,1,"unborn"
"7186",1,"F177",4,1,"unborn"
"7187",1,"F177",5,1,"unborn"
"7188",1,"F177",6,1,"unborn"
"7189",1,"F177",7,1,"unborn"
"7190",1,"F177",8,1,"unborn"
"7191",1,"F177",9,1,"unborn"
"7192",1,"F177",10,1,"unborn"
"7193",1,"F177",11,1,"unborn"
"7194",1,"F177",12,1,"unborn"
"7195",1,"F177",13,1,"unborn"
"7196",1,"F177",14,1,"calf"
"7197",1,"F177",15,1,"calf"
"7198",1,"F177",16,1,"calf"
"7199",1,"F177",17,1,"calf"
"7200",1,"F177",18,1,"calf"
"7201",1,"F177",19,1,"calf"
"7202",1,"F177",20,1,"calf"
"7203",1,"F177",21,1,"juvenile"
"7204",1,"F177",22,1,"juvenile"
"7205",1,"F177",23,1,"juvenile"
"7206",1,"F177",24,1,"juvenile"
"7207",1,"F177",25,1,"juvenile"
"7208",1,"F177",26,1,"juvenile"
"7209",1,"F177",27,1,"juvenile"
"7210",1,"F177",28,1,"juvenile"
"7211",1,"F177",29,1,"juvenile"
"7212",1,"F177",30,1,"juvenile"
"7213",1,"F177",31,1,"juvenile"
"7214",1,"F177",32,1,"juvenile"
"7215",1,"F177",33,1,"juvenile"
"7216",1,"F177",34,1,"adult"
"7217",1,"F177",35,1,"adult"
"7218",1,"F177",36,1,"adult"
"7219",1,"F177",37,1,"adult"
"7220",1,"F177",38,1,"adult"
"7221",1,"F177",39,1,"adult"
"7222",1,"F177",40,1,"adult"
"7223",1,"F177",41,1,"adult"
"7225",1,"F178",1,0,"unborn"
"7226",1,"F178",2,0,"unborn"
"7227",1,"F178",3,0,"unborn"
"7228",1,"F178",4,0,"unborn"
"7229",1,"F178",5,0,"calf"
"7230",1,"F178",6,0,"calf"
"7231",1,"F178",7,0,"calf"
"7232",1,"F178",8,0,"calf"
"7233",1,"F178",9,0,"calf"
"7234",1,"F178",10,0,"calf"
"7235",1,"F178",11,0,"calf"
"7236",1,"F178",12,0,"juvenile"
"7237",1,"F178",13,0,"juvenile"
"7238",1,"F178",14,0,"juvenile"
"7239",1,"F178",15,0,"juvenile"
"7240",1,"F178",16,0,"adult"
"7241",1,"F178",17,0,"adult"
"7242",1,"F178",18,0,"adult"
"7243",1,"F178",19,0,"adult"
"7244",1,"F178",20,0,"adult"
"7245",1,"F178",21,0,"adult"
"7246",1,"F178",22,0,"adult"
"7247",1,"F178",23,0,"adult"
"7248",1,"F178",24,0,"adult"
"7249",1,"F178",25,0,"adult"
"7250",1,"F178",26,0,"adult"
"7251",1,"F178",27,0,"adult"
"7252",1,"F178",28,0,"adult"
"7253",1,"F178",29,0,"adult"
"7254",1,"F178",30,0,"adult"
"7255",1,"F178",31,0,"adult"
"7256",1,"F178",32,0,"adult"
"7257",1,"F178",33,0,"adult"
"7258",1,"F178",34,0,"adult"
"7259",1,"F178",35,0,"adult"
"7260",1,"F178",36,0,"adult"
"7261",1,"F178",37,0,"adult"
"7262",1,"F178",38,0,"adult"
"7263",1,"F178",39,0,"adult"
"7264",1,"F178",40,0,"adult"
"7265",1,"F178",41,0,"adult"
"7267",1,"F179",1,1,"unborn"
"7268",1,"F179",2,1,"unborn"
"7269",1,"F179",3,1,"unborn"
"7270",1,"F179",4,1,"unborn"
"7271",1,"F179",5,1,"unborn"
"7272",1,"F179",6,1,"unborn"
"7273",1,"F179",7,1,"unborn"
"7274",1,"F179",8,1,"unborn"
"7275",1,"F179",9,1,"unborn"
"7276",1,"F179",10,1,"unborn"
"7277",1,"F179",11,1,"unborn"
"7278",1,"F179",12,1,"unborn"
"7279",1,"F179",13,1,"unborn"
"7280",1,"F179",14,1,"calf"
"7281",1,"F179",15,1,"calf"
"7282",1,"F179",16,1,"calf"
"7283",1,"F179",17,1,"calf"
"7284",1,"F179",18,1,"calf"
"7285",1,"F179",19,1,"calf"
"7286",1,"F179",20,1,"calf"
"7287",1,"F179",21,1,"juvenile"
"7288",1,"F179",22,1,"juvenile"
"7289",1,"F179",23,1,"juvenile"
"7290",1,"F179",24,1,"juvenile"
"7291",1,"F179",25,1,"juvenile"
"7292",1,"F179",26,1,"juvenile"
"7293",1,"F179",27,1,"juvenile"
"7294",1,"F179",28,1,"juvenile"
"7295",1,"F179",29,1,"juvenile"
"7296",1,"F179",30,1,"juvenile"
"7297",1,"F179",31,1,"juvenile"
"7298",1,"F179",32,1,"juvenile"
"7299",1,"F179",33,1,"juvenile"
"7300",1,"F179",34,1,"adult"
"7301",1,"F179",35,1,"adult"
"7302",1,"F179",36,1,"adult"
"7303",1,"F179",37,1,"adult"
"7304",1,"F179",38,1,"adult"
"7305",1,"F179",39,1,"adult"
"7306",1,"F179",40,1,"adult"
"7307",1,"F179",41,1,"adult"
"7309",1,"F180",1,1,"juvenile"
"7310",1,"F180",2,1,"juvenile"
"7311",1,"F180",3,1,"juvenile"
"7312",1,"F180",4,1,"juvenile"
"7313",1,"F180",5,1,"juvenile"
"7314",1,"F180",6,1,"juvenile"
"7315",1,"F180",7,1,"juvenile"
"7316",1,"F180",8,1,"juvenile"
"7317",1,"F180",9,1,"adult"
"7318",1,"F180",10,1,"adult"
"7319",1,"F180",11,1,"adult"
"7320",1,"F180",12,1,"adult"
"7321",1,"F180",13,1,"adult"
"7322",1,"F180",14,1,"adult"
"7323",1,"F180",15,1,"adult"
"7324",1,"F180",16,1,"adult"
"7325",1,"F180",17,1,"adult"
"7326",1,"F180",18,1,"adult"
"7327",1,"F180",19,1,"adult"
"7328",1,"F180",20,1,"adult"
"7329",1,"F180",21,1,"adult"
"7330",1,"F180",22,1,"adult"
"7331",1,"F180",23,1,"adult"
"7332",1,"F180",24,1,"adult"
"7333",1,"F180",25,1,"adult"
"7334",1,"F180",26,1,"adult"
"7335",1,"F180",27,1,"adult"
"7336",1,"F180",28,1,"adult"
"7337",1,"F180",29,1,"adult"
"7338",1,"F180",30,1,"adult"
"7339",1,"F180",31,1,"adult"
"7340",1,"F180",32,1,"adult"
"7341",1,"F180",33,1,"adult"
"7342",1,"F180",34,1,"adult"
"7343",1,"F180",35,1,"adult"
"7344",1,"F180",36,1,"adult"
"7345",1,"F180",37,1,"adult"
"7346",1,"F180",38,1,"adult"
"7347",1,"F180",39,1,"adult"
"7348",1,"F180",40,1,"adult"
"7349",1,"F180",41,1,"adult"
"7351",1,"F181",1,1,"adult"
"7352",1,"F181",2,1,"adult"
"7353",1,"F181",3,1,"adult"
"7354",1,"F181",4,1,"adult"
"7355",1,"F181",5,1,"adult"
"7356",1,"F181",6,1,"adult"
"7357",1,"F181",7,1,"adult"
"7358",1,"F181",8,1,"adult"
"7359",1,"F181",9,1,"adult"
"7360",1,"F181",10,1,"adult"
"7361",1,"F181",11,1,"adult"
"7362",1,"F181",12,1,"adult"
"7363",1,"F181",13,1,"adult"
"7364",1,"F181",14,1,"adult"
"7365",1,"F181",15,1,"adult"
"7366",1,"F181",16,1,"adult"
"7367",1,"F181",17,1,"adult"
"7368",1,"F181",18,1,"adult"
"7369",1,"F181",19,1,"adult"
"7370",1,"F181",20,1,"adult"
"7371",1,"F181",21,1,"adult"
"7372",1,"F181",22,1,"adult"
"7373",1,"F181",23,1,"adult"
"7374",1,"F181",24,1,"adult"
"7375",1,"F181",25,1,"adult"
"7376",1,"F181",26,1,"adult"
"7377",1,"F181",27,1,"adult"
"7378",1,"F181",28,1,"adult"
"7379",1,"F181",29,1,"adult"
"7380",1,"F181",30,1,"adult"
"7381",1,"F181",31,1,"adult"
"7382",1,"F181",32,1,"adult"
"7383",1,"F181",33,1,"adult"
"7384",1,"F181",34,1,"adult"
"7385",1,"F181",35,1,"adult"
"7386",1,"F181",36,1,"adult"
"7387",1,"F181",37,1,"adult"
"7388",1,"F181",38,1,"adult"
"7389",1,"F181",39,1,"adult"
"7390",1,"F181",40,1,"adult"
"7391",1,"F181",41,1,"adult"
"7393",1,"F182",1,1,"juvenile"
"7394",1,"F182",2,1,"juvenile"
"7395",1,"F182",3,1,"juvenile"
"7396",1,"F182",4,1,"juvenile"
"7397",1,"F182",5,1,"juvenile"
"7398",1,"F182",6,1,"juvenile"
"7399",1,"F182",7,1,"adult"
"7400",1,"F182",8,1,"adult"
"7401",1,"F182",9,1,"adult"
"7402",1,"F182",10,1,"adult"
"7403",1,"F182",11,1,"adult"
"7404",1,"F182",12,1,"adult"
"7405",1,"F182",13,1,"adult"
"7406",1,"F182",14,1,"adult"
"7407",1,"F182",15,1,"adult"
"7408",1,"F182",16,1,"adult"
"7409",1,"F182",17,1,"adult"
"7410",1,"F182",18,1,"adult"
"7411",1,"F182",19,1,"adult"
"7412",1,"F182",20,1,"adult"
"7413",1,"F182",21,1,"adult"
"7414",1,"F182",22,1,"adult"
"7415",1,"F182",23,1,"adult"
"7416",1,"F182",24,1,"adult"
"7417",1,"F182",25,1,"adult"
"7418",1,"F182",26,1,"adult"
"7419",1,"F182",27,1,"adult"
"7420",1,"F182",28,1,"adult"
"7421",1,"F182",29,1,"adult"
"7422",1,"F182",30,1,"adult"
"7423",1,"F182",31,1,"adult"
"7424",1,"F182",32,1,"adult"
"7425",1,"F182",33,1,"adult"
"7426",1,"F182",34,1,"adult"
"7427",1,"F182",35,1,"adult"
"7428",1,"F182",36,1,"adult"
"7429",1,"F182",37,1,"adult"
"7430",1,"F182",38,1,"adult"
"7431",1,"F182",39,1,"adult"
"7432",1,"F182",40,1,"adult"
"7433",1,"F182",41,1,"adult"
"7435",1,"F183",1,1,"adult"
"7436",1,"F183",2,1,"adult"
"7437",1,"F183",3,1,"adult"
"7438",1,"F183",4,1,"adult"
"7439",1,"F183",5,1,"adult"
"7440",1,"F183",6,1,"adult"
"7441",1,"F183",7,1,"adult"
"7442",1,"F183",8,1,"adult"
"7443",1,"F183",9,1,"adult"
"7444",1,"F183",10,1,"adult"
"7445",1,"F183",11,1,"adult"
"7446",1,"F183",12,1,"adult"
"7447",1,"F183",13,1,"adult"
"7448",1,"F183",14,1,"adult"
"7449",1,"F183",15,1,"adult"
"7450",1,"F183",16,1,"adult"
"7451",1,"F183",17,1,"adult"
"7452",1,"F183",18,1,"adult"
"7453",1,"F183",19,1,"adult"
"7454",1,"F183",20,1,"adult"
"7455",1,"F183",21,1,"adult"
"7456",1,"F183",22,1,"adult"
"7457",1,"F183",23,1,"adult"
"7458",1,"F183",24,1,"adult"
"7459",1,"F183",25,1,"adult"
"7460",1,"F183",26,1,"adult"
"7461",1,"F183",27,1,"adult"
"7462",1,"F183",28,1,"adult"
"7463",1,"F183",29,1,"adult"
"7464",1,"F183",30,1,"adult"
"7465",1,"F183",31,1,"adult"
"7466",1,"F183",32,1,"adult"
"7467",1,"F183",33,1,"adult"
"7468",1,"F183",34,1,"adult"
"7469",1,"F183",35,1,"adult"
"7470",1,"F183",36,1,"adult"
"7471",1,"F183",37,1,"adult"
"7472",1,"F183",38,1,"adult"
"7473",1,"F183",39,1,"adult"
"7474",1,"F183",40,1,"adult"
"7475",1,"F183",41,1,"adult"
"7477",1,"F184",1,1,"unborn"
"7478",1,"F184",2,1,"unborn"
"7479",1,"F184",3,1,"unborn"
"7480",1,"F184",4,1,"unborn"
"7481",1,"F184",5,1,"unborn"
"7482",1,"F184",6,1,"unborn"
"7483",1,"F184",7,1,"calf"
"7484",1,"F184",8,1,"calf"
"7485",1,"F184",9,1,"calf"
"7486",1,"F184",10,1,"calf"
"7487",1,"F184",11,1,"calf"
"7488",1,"F184",12,1,"juvenile"
"7489",1,"F184",13,1,"juvenile"
"7490",1,"F184",14,1,"juvenile"
"7491",1,"F184",15,1,"juvenile"
"7492",1,"F184",16,1,"juvenile"
"7493",1,"F184",17,1,"juvenile"
"7494",1,"F184",18,1,"juvenile"
"7495",1,"F184",19,1,"adult"
"7496",1,"F184",20,1,"adult"
"7497",1,"F184",21,1,"adult"
"7498",1,"F184",22,1,"adult"
"7499",1,"F184",23,1,"adult"
"7500",1,"F184",24,1,"adult"
"7501",1,"F184",25,1,"adult"
"7502",1,"F184",26,1,"adult"
"7503",1,"F184",27,1,"adult"
"7504",1,"F184",28,1,"adult"
"7505",1,"F184",29,1,"adult"
"7506",1,"F184",30,1,"adult"
"7507",1,"F184",31,1,"adult"
"7508",1,"F184",32,1,"adult"
"7509",1,"F184",33,1,"adult"
"7510",1,"F184",34,1,"adult"
"7511",1,"F184",35,1,"adult"
"7512",1,"F184",36,1,"adult"
"7513",1,"F184",37,1,"adult"
"7514",1,"F184",38,1,"adult"
"7515",1,"F184",39,1,"adult"
"7516",1,"F184",40,1,"adult"
"7517",1,"F184",41,1,"adult"
"7519",1,"F185",1,1,"adult"
"7520",1,"F185",2,1,"adult"
"7521",1,"F185",3,1,"adult"
"7522",1,"F185",4,1,"adult"
"7523",1,"F185",5,1,"adult"
"7524",1,"F185",6,1,"adult"
"7525",1,"F185",7,1,"adult"
"7526",1,"F185",8,1,"adult"
"7527",1,"F185",9,1,"adult"
"7528",1,"F185",10,1,"adult"
"7529",1,"F185",11,1,"adult"
"7530",1,"F185",12,1,"adult"
"7531",1,"F185",13,1,"adult"
"7532",1,"F185",14,1,"adult"
"7533",1,"F185",15,1,"adult"
"7534",1,"F185",16,1,"adult"
"7535",1,"F185",17,1,"adult"
"7536",1,"F185",18,1,"adult"
"7537",1,"F185",19,1,"adult"
"7538",1,"F185",20,1,"adult"
"7539",1,"F185",21,1,"adult"
"7540",1,"F185",22,1,"adult"
"7541",1,"F185",23,1,"adult"
"7542",1,"F185",24,1,"adult"
"7543",1,"F185",25,1,"adult"
"7544",1,"F185",26,1,"adult"
"7545",1,"F185",27,1,"adult"
"7546",1,"F185",28,1,"adult"
"7547",1,"F185",29,1,"adult"
"7548",1,"F185",30,1,"adult"
"7549",1,"F185",31,1,"adult"
"7550",1,"F185",32,1,"adult"
"7551",1,"F185",33,1,"adult"
"7552",1,"F185",34,1,"adult"
"7553",1,"F185",35,1,"adult"
"7554",1,"F185",36,1,"adult"
"7555",1,"F185",37,1,"adult"
"7556",1,"F185",38,1,"adult"
"7557",1,"F185",39,1,"adult"
"7558",1,"F185",40,1,"adult"
"7559",1,"F185",41,1,"adult"
"7561",1,"F186",1,1,"unborn"
"7562",1,"F186",2,1,"unborn"
"7563",1,"F186",3,1,"unborn"
"7564",1,"F186",4,1,"unborn"
"7565",1,"F186",5,1,"unborn"
"7566",1,"F186",6,1,"unborn"
"7567",1,"F186",7,1,"calf"
"7568",1,"F186",8,1,"calf"
"7569",1,"F186",9,1,"calf"
"7570",1,"F186",10,1,"calf"
"7571",1,"F186",11,1,"calf"
"7572",1,"F186",12,1,"juvenile"
"7573",1,"F186",13,1,"juvenile"
"7574",1,"F186",14,1,"juvenile"
"7575",1,"F186",15,1,"juvenile"
"7576",1,"F186",16,1,"juvenile"
"7577",1,"F186",17,1,"juvenile"
"7578",1,"F186",18,1,"juvenile"
"7579",1,"F186",19,1,"adult"
"7580",1,"F186",20,1,"adult"
"7581",1,"F186",21,1,"adult"
"7582",1,"F186",22,1,"adult"
"7583",1,"F186",23,1,"adult"
"7584",1,"F186",24,1,"adult"
"7585",1,"F186",25,1,"adult"
"7586",1,"F186",26,1,"adult"
"7587",1,"F186",27,1,"adult"
"7588",1,"F186",28,1,"adult"
"7589",1,"F186",29,1,"adult"
"7590",1,"F186",30,1,"adult"
"7591",1,"F186",31,1,"adult"
"7592",1,"F186",32,1,"adult"
"7593",1,"F186",33,1,"adult"
"7594",1,"F186",34,1,"adult"
"7595",1,"F186",35,1,"adult"
"7596",1,"F186",36,1,"adult"
"7597",1,"F186",37,1,"adult"
"7598",1,"F186",38,1,"adult"
"7599",1,"F186",39,1,"adult"
"7600",1,"F186",40,1,"adult"
"7601",1,"F186",41,1,"adult"
"7603",1,"F187",1,1,"unborn"
"7604",1,"F187",2,1,"unborn"
"7605",1,"F187",3,1,"unborn"
"7606",1,"F187",4,1,"unborn"
"7607",1,"F187",5,1,"unborn"
"7608",1,"F187",6,1,"unborn"
"7609",1,"F187",7,1,"unborn"
"7610",1,"F187",8,1,"unborn"
"7611",1,"F187",9,1,"unborn"
"7612",1,"F187",10,1,"unborn"
"7613",1,"F187",11,1,"unborn"
"7614",1,"F187",12,1,"unborn"
"7615",1,"F187",13,1,"unborn"
"7616",1,"F187",14,1,"unborn"
"7617",1,"F187",15,1,"calf"
"7618",1,"F187",16,1,"calf"
"7619",1,"F187",17,1,"calf"
"7620",1,"F187",18,1,"calf"
"7621",1,"F187",19,1,"calf"
"7622",1,"F187",20,1,"calf"
"7623",1,"F187",21,1,"calf"
"7624",1,"F187",22,1,"calf"
"7625",1,"F187",23,1,"juvenile"
"7626",1,"F187",24,1,"juvenile"
"7627",1,"F187",25,1,"juvenile"
"7628",1,"F187",26,1,"juvenile"
"7629",1,"F187",27,1,"juvenile"
"7630",1,"F187",28,1,"juvenile"
"7631",1,"F187",29,1,"juvenile"
"7632",1,"F187",30,1,"juvenile"
"7633",1,"F187",31,1,"juvenile"
"7634",1,"F187",32,1,"juvenile"
"7635",1,"F187",33,1,"juvenile"
"7636",1,"F187",34,1,"juvenile"
"7637",1,"F187",35,1,"juvenile"
"7638",1,"F187",36,1,"juvenile"
"7639",1,"F187",37,1,"adult"
"7640",1,"F187",38,1,"adult"
"7641",1,"F187",39,1,"adult"
"7642",1,"F187",40,1,"adult"
"7643",1,"F187",41,1,"adult"
"7645",1,"F188",1,1,"unborn"
"7646",1,"F188",2,1,"unborn"
"7647",1,"F188",3,1,"unborn"
"7648",1,"F188",4,1,"unborn"
"7649",1,"F188",5,1,"unborn"
"7650",1,"F188",6,1,"unborn"
"7651",1,"F188",7,1,"calf"
"7652",1,"F188",8,1,"calf"
"7653",1,"F188",9,1,"calf"
"7654",1,"F188",10,1,"calf"
"7655",1,"F188",11,1,"calf"
"7656",1,"F188",12,1,"juvenile"
"7657",1,"F188",13,1,"juvenile"
"7658",1,"F188",14,1,"juvenile"
"7659",1,"F188",15,1,"juvenile"
"7660",1,"F188",16,1,"juvenile"
"7661",1,"F188",17,1,"juvenile"
"7662",1,"F188",18,1,"juvenile"
"7663",1,"F188",19,1,"adult"
"7664",1,"F188",20,1,"adult"
"7665",1,"F188",21,1,"adult"
"7666",1,"F188",22,1,"adult"
"7667",1,"F188",23,1,"adult"
"7668",1,"F188",24,1,"adult"
"7669",1,"F188",25,1,"adult"
"7670",1,"F188",26,1,"adult"
"7671",1,"F188",27,1,"adult"
"7672",1,"F188",28,1,"adult"
"7673",1,"F188",29,1,"adult"
"7674",1,"F188",30,1,"adult"
"7675",1,"F188",31,1,"adult"
"7676",1,"F188",32,1,"adult"
"7677",1,"F188",33,1,"adult"
"7678",1,"F188",34,1,"adult"
"7679",1,"F188",35,1,"adult"
"7680",1,"F188",36,1,"adult"
"7681",1,"F188",37,1,"adult"
"7682",1,"F188",38,1,"adult"
"7683",1,"F188",39,1,"adult"
"7684",1,"F188",40,1,"adult"
"7685",1,"F188",41,1,"adult"
"7687",1,"F190",1,1,"unborn"
"7688",1,"F190",2,1,"unborn"
"7689",1,"F190",3,1,"unborn"
"7690",1,"F190",4,1,"unborn"
"7691",1,"F190",5,1,"unborn"
"7692",1,"F190",6,1,"unborn"
"7693",1,"F190",7,1,"calf"
"7694",1,"F190",8,1,"calf"
"7695",1,"F190",9,1,"calf"
"7696",1,"F190",10,1,"calf"
"7697",1,"F190",11,1,"calf"
"7698",1,"F190",12,1,"juvenile"
"7699",1,"F190",13,1,"juvenile"
"7700",1,"F190",14,1,"juvenile"
"7701",1,"F190",15,1,"juvenile"
"7702",1,"F190",16,1,"juvenile"
"7703",1,"F190",17,1,"juvenile"
"7704",1,"F190",18,1,"juvenile"
"7705",1,"F190",19,1,"adult"
"7706",1,"F190",20,1,"adult"
"7707",1,"F190",21,1,"adult"
"7708",1,"F190",22,1,"adult"
"7709",1,"F190",23,1,"adult"
"7710",1,"F190",24,1,"adult"
"7711",1,"F190",25,1,"adult"
"7712",1,"F190",26,1,"adult"
"7713",1,"F190",27,1,"adult"
"7714",1,"F190",28,1,"adult"
"7715",1,"F190",29,1,"adult"
"7716",1,"F190",30,1,"adult"
"7717",1,"F190",31,1,"adult"
"7718",1,"F190",32,1,"adult"
"7719",1,"F190",33,1,"adult"
"7720",1,"F190",34,1,"adult"
"7721",1,"F190",35,1,"adult"
"7722",1,"F190",36,1,"adult"
"7723",1,"F190",37,1,"adult"
"7724",1,"F190",38,1,"adult"
"7725",1,"F190",39,1,"adult"
"7726",1,"F190",40,1,"adult"
"7727",1,"F190",41,1,"adult"
"7729",1,"F191",1,1,"adult"
"7730",1,"F191",2,1,"adult"
"7731",1,"F191",3,1,"adult"
"7732",1,"F191",4,1,"adult"
"7733",1,"F191",5,1,"adult"
"7734",1,"F191",6,1,"adult"
"7735",1,"F191",7,1,"adult"
"7736",1,"F191",8,1,"adult"
"7737",1,"F191",9,1,"adult"
"7738",1,"F191",10,1,"adult"
"7739",1,"F191",11,1,"adult"
"7740",1,"F191",12,1,"adult"
"7741",1,"F191",13,1,"adult"
"7742",1,"F191",14,1,"adult"
"7743",1,"F191",15,1,"adult"
"7744",1,"F191",16,1,"adult"
"7745",1,"F191",17,1,"adult"
"7746",1,"F191",18,1,"adult"
"7747",1,"F191",19,1,"adult"
"7748",1,"F191",20,1,"adult"
"7749",1,"F191",21,1,"adult"
"7750",1,"F191",22,1,"adult"
"7751",1,"F191",23,1,"adult"
"7752",1,"F191",24,1,"adult"
"7753",1,"F191",25,1,"adult"
"7754",1,"F191",26,1,"adult"
"7755",1,"F191",27,1,"adult"
"7756",1,"F191",28,1,"adult"
"7757",1,"F191",29,1,"adult"
"7758",1,"F191",30,1,"adult"
"7759",1,"F191",31,1,"adult"
"7760",1,"F191",32,1,"adult"
"7761",1,"F191",33,1,"adult"
"7762",1,"F191",34,1,"adult"
"7763",1,"F191",35,1,"adult"
"7764",1,"F191",36,1,"adult"
"7765",1,"F191",37,1,"adult"
"7766",1,"F191",38,1,"adult"
"7767",1,"F191",39,1,"adult"
"7768",1,"F191",40,1,"adult"
"7769",1,"F191",41,1,"adult"
"7771",1,"F192",1,1,"adult"
"7772",1,"F192",2,1,"adult"
"7773",1,"F192",3,1,"adult"
"7774",1,"F192",4,1,"adult"
"7775",1,"F192",5,1,"adult"
"7776",1,"F192",6,1,"adult"
"7777",1,"F192",7,1,"adult"
"7778",1,"F192",8,1,"adult"
"7779",1,"F192",9,1,"adult"
"7780",1,"F192",10,1,"adult"
"7781",1,"F192",11,1,"adult"
"7782",1,"F192",12,1,"adult"
"7783",1,"F192",13,1,"adult"
"7784",1,"F192",14,1,"adult"
"7785",1,"F192",15,1,"adult"
"7786",1,"F192",16,1,"adult"
"7787",1,"F192",17,1,"adult"
"7788",1,"F192",18,1,"adult"
"7789",1,"F192",19,1,"adult"
"7790",1,"F192",20,1,"adult"
"7791",1,"F192",21,1,"adult"
"7792",1,"F192",22,1,"adult"
"7793",1,"F192",23,1,"adult"
"7794",1,"F192",24,1,"adult"
"7795",1,"F192",25,1,"adult"
"7796",1,"F192",26,1,"adult"
"7797",1,"F192",27,1,"adult"
"7798",1,"F192",28,1,"adult"
"7799",1,"F192",29,1,"adult"
"7800",1,"F192",30,1,"adult"
"7801",1,"F192",31,1,"adult"
"7802",1,"F192",32,1,"adult"
"7803",1,"F192",33,1,"adult"
"7804",1,"F192",34,1,"adult"
"7805",1,"F192",35,1,"adult"
"7806",1,"F192",36,1,"adult"
"7807",1,"F192",37,1,"adult"
"7808",1,"F192",38,1,"adult"
"7809",1,"F192",39,1,"adult"
"7810",1,"F192",40,1,"adult"
"7811",1,"F192",41,1,"adult"
"7813",1,"F193",1,1,"adult"
"7814",1,"F193",2,1,"adult"
"7815",1,"F193",3,1,"adult"
"7816",1,"F193",4,1,"adult"
"7817",1,"F193",5,1,"adult"
"7818",1,"F193",6,1,"adult"
"7819",1,"F193",7,1,"adult"
"7820",1,"F193",8,1,"adult"
"7821",1,"F193",9,1,"adult"
"7822",1,"F193",10,1,"adult"
"7823",1,"F193",11,1,"adult"
"7824",1,"F193",12,1,"adult"
"7825",1,"F193",13,1,"adult"
"7826",1,"F193",14,1,"adult"
"7827",1,"F193",15,1,"adult"
"7828",1,"F193",16,1,"adult"
"7829",1,"F193",17,1,"adult"
"7830",1,"F193",18,1,"adult"
"7831",1,"F193",19,1,"adult"
"7832",1,"F193",20,1,"adult"
"7833",1,"F193",21,1,"adult"
"7834",1,"F193",22,1,"adult"
"7835",1,"F193",23,1,"adult"
"7836",1,"F193",24,1,"adult"
"7837",1,"F193",25,1,"adult"
"7838",1,"F193",26,1,"adult"
"7839",1,"F193",27,1,"adult"
"7840",1,"F193",28,1,"adult"
"7841",1,"F193",29,1,"adult"
"7842",1,"F193",30,1,"adult"
"7843",1,"F193",31,1,"adult"
"7844",1,"F193",32,1,"adult"
"7845",1,"F193",33,1,"adult"
"7846",1,"F193",34,1,"adult"
"7847",1,"F193",35,1,"adult"
"7848",1,"F193",36,1,"adult"
"7849",1,"F193",37,1,"adult"
"7850",1,"F193",38,1,"adult"
"7851",1,"F193",39,1,"adult"
"7852",1,"F193",40,1,"adult"
"7853",1,"F193",41,1,"adult"
"7855",1,"F194",1,1,"adult"
"7856",1,"F194",2,1,"adult"
"7857",1,"F194",3,1,"adult"
"7858",1,"F194",4,1,"adult"
"7859",1,"F194",5,1,"adult"
"7860",1,"F194",6,1,"adult"
"7861",1,"F194",7,1,"adult"
"7862",1,"F194",8,1,"adult"
"7863",1,"F194",9,1,"adult"
"7864",1,"F194",10,1,"adult"
"7865",1,"F194",11,1,"adult"
"7866",1,"F194",12,1,"adult"
"7867",1,"F194",13,1,"adult"
"7868",1,"F194",14,1,"adult"
"7869",1,"F194",15,1,"adult"
"7870",1,"F194",16,1,"adult"
"7871",1,"F194",17,1,"adult"
"7872",1,"F194",18,1,"adult"
"7873",1,"F194",19,1,"adult"
"7874",1,"F194",20,1,"adult"
"7875",1,"F194",21,1,"adult"
"7876",1,"F194",22,1,"adult"
"7877",1,"F194",23,1,"adult"
"7878",1,"F194",24,1,"adult"
"7879",1,"F194",25,1,"adult"
"7880",1,"F194",26,1,"adult"
"7881",1,"F194",27,1,"adult"
"7882",1,"F194",28,1,"adult"
"7883",1,"F194",29,1,"adult"
"7884",1,"F194",30,1,"adult"
"7885",1,"F194",31,1,"adult"
"7886",1,"F194",32,1,"adult"
"7887",1,"F194",33,1,"adult"
"7888",1,"F194",34,1,"adult"
"7889",1,"F194",35,1,"adult"
"7890",1,"F194",36,1,"adult"
"7891",1,"F194",37,1,"adult"
"7892",1,"F194",38,1,"adult"
"7893",1,"F194",39,1,"adult"
"7894",1,"F194",40,1,"adult"
"7895",1,"F194",41,1,"adult"
"7897",1,"F195",1,1,"adult"
"7898",1,"F195",2,1,"adult"
"7899",1,"F195",3,1,"adult"
"7900",1,"F195",4,1,"adult"
"7901",1,"F195",5,1,"adult"
"7902",1,"F195",6,1,"adult"
"7903",1,"F195",7,1,"adult"
"7904",1,"F195",8,1,"adult"
"7905",1,"F195",9,1,"adult"
"7906",1,"F195",10,1,"adult"
"7907",1,"F195",11,1,"adult"
"7908",1,"F195",12,1,"adult"
"7909",1,"F195",13,1,"adult"
"7910",1,"F195",14,1,"adult"
"7911",1,"F195",15,1,"adult"
"7912",1,"F195",16,1,"adult"
"7913",1,"F195",17,1,"adult"
"7914",1,"F195",18,1,"adult"
"7915",1,"F195",19,1,"adult"
"7916",1,"F195",20,1,"adult"
"7917",1,"F195",21,1,"adult"
"7918",1,"F195",22,1,"adult"
"7919",1,"F195",23,1,"adult"
"7920",1,"F195",24,1,"adult"
"7921",1,"F195",25,1,"adult"
"7922",1,"F195",26,1,"adult"
"7923",1,"F195",27,1,"adult"
"7924",1,"F195",28,1,"adult"
"7925",1,"F195",29,1,"adult"
"7926",1,"F195",30,1,"adult"
"7927",1,"F195",31,1,"adult"
"7928",1,"F195",32,1,"adult"
"7929",1,"F195",33,1,"adult"
"7930",1,"F195",34,1,"adult"
"7931",1,"F195",35,1,"adult"
"7932",1,"F195",36,1,"adult"
"7933",1,"F195",37,1,"adult"
"7934",1,"F195",38,1,"adult"
"7935",1,"F195",39,1,"adult"
"7936",1,"F195",40,1,"adult"
"7937",1,"F195",41,1,"adult"
"7939",1,"F196",1,0,"unborn"
"7940",1,"F196",2,0,"unborn"
"7941",1,"F196",3,0,"unborn"
"7942",1,"F196",4,0,"unborn"
"7943",1,"F196",5,0,"unborn"
"7944",1,"F196",6,0,"unborn"
"7945",1,"F196",7,0,"unborn"
"7946",1,"F196",8,0,"unborn"
"7947",1,"F196",9,0,"unborn"
"7948",1,"F196",10,0,"unborn"
"7949",1,"F196",11,0,"calf"
"7950",1,"F196",12,0,"calf"
"7951",1,"F196",13,0,"calf"
"7952",1,"F196",14,0,"juvenile"
"7953",1,"F196",15,0,"juvenile"
"7954",1,"F196",16,0,"juvenile"
"7955",1,"F196",17,0,"juvenile"
"7956",1,"F196",18,0,"juvenile"
"7957",1,"F196",19,0,"juvenile"
"7958",1,"F196",20,0,"juvenile"
"7959",1,"F196",21,0,"juvenile"
"7960",1,"F196",22,0,"juvenile"
"7961",1,"F196",23,0,"adult"
"7962",1,"F196",24,0,"adult"
"7963",1,"F196",25,0,"adult"
"7964",1,"F196",26,0,"adult"
"7965",1,"F196",27,0,"adult"
"7966",1,"F196",28,0,"adult"
"7967",1,"F196",29,0,"adult"
"7968",1,"F196",30,0,"adult"
"7969",1,"F196",31,0,"adult"
"7970",1,"F196",32,0,"adult"
"7971",1,"F196",33,0,"adult"
"7972",1,"F196",34,0,"adult"
"7973",1,"F196",35,0,"adult"
"7974",1,"F196",36,0,"adult"
"7975",1,"F196",37,0,"adult"
"7976",1,"F196",38,0,"adult"
"7977",1,"F196",39,0,"adult"
"7978",1,"F196",40,0,"adult"
"7979",1,"F196",41,0,"adult"
"7981",1,"F197",1,1,"unborn"
"7982",1,"F197",2,1,"unborn"
"7983",1,"F197",3,1,"unborn"
"7984",1,"F197",4,1,"unborn"
"7985",1,"F197",5,1,"unborn"
"7986",1,"F197",6,1,"unborn"
"7987",1,"F197",7,1,"unborn"
"7988",1,"F197",8,1,"unborn"
"7989",1,"F197",9,1,"unborn"
"7990",1,"F197",10,1,"unborn"
"7991",1,"F197",11,1,"unborn"
"7992",1,"F197",12,1,"unborn"
"7993",1,"F197",13,1,"unborn"
"7994",1,"F197",14,1,"unborn"
"7995",1,"F197",15,1,"calf"
"7996",1,"F197",16,1,"calf"
"7997",1,"F197",17,1,"calf"
"7998",1,"F197",18,1,"calf"
"7999",1,"F197",19,1,"calf"
"8000",1,"F197",20,1,"calf"
"8001",1,"F197",21,1,"calf"
"8002",1,"F197",22,1,"calf"
"8003",1,"F197",23,1,"juvenile"
"8004",1,"F197",24,1,"juvenile"
"8005",1,"F197",25,1,"juvenile"
"8006",1,"F197",26,1,"juvenile"
"8007",1,"F197",27,1,"juvenile"
"8008",1,"F197",28,1,"juvenile"
"8009",1,"F197",29,1,"juvenile"
"8010",1,"F197",30,1,"juvenile"
"8011",1,"F197",31,1,"juvenile"
"8012",1,"F197",32,1,"juvenile"
"8013",1,"F197",33,1,"juvenile"
"8014",1,"F197",34,1,"juvenile"
"8015",1,"F197",35,1,"juvenile"
"8016",1,"F197",36,1,"juvenile"
"8017",1,"F197",37,1,"adult"
"8018",1,"F197",38,1,"adult"
"8019",1,"F197",39,1,"adult"
"8020",1,"F197",40,1,"adult"
"8021",1,"F197",41,1,"adult"
"8023",1,"F198",1,1,"unborn"
"8024",1,"F198",2,1,"unborn"
"8025",1,"F198",3,1,"unborn"
"8026",1,"F198",4,1,"unborn"
"8027",1,"F198",5,1,"unborn"
"8028",1,"F198",6,1,"unborn"
"8029",1,"F198",7,1,"calf"
"8030",1,"F198",8,1,"calf"
"8031",1,"F198",9,1,"calf"
"8032",1,"F198",10,1,"calf"
"8033",1,"F198",11,1,"calf"
"8034",1,"F198",12,1,"juvenile"
"8035",1,"F198",13,1,"juvenile"
"8036",1,"F198",14,1,"juvenile"
"8037",1,"F198",15,1,"juvenile"
"8038",1,"F198",16,1,"juvenile"
"8039",1,"F198",17,1,"juvenile"
"8040",1,"F198",18,1,"juvenile"
"8041",1,"F198",19,1,"adult"
"8042",1,"F198",20,1,"adult"
"8043",1,"F198",21,1,"adult"
"8044",1,"F198",22,1,"adult"
"8045",1,"F198",23,1,"adult"
"8046",1,"F198",24,1,"adult"
"8047",1,"F198",25,1,"adult"
"8048",1,"F198",26,1,"adult"
"8049",1,"F198",27,1,"adult"
"8050",1,"F198",28,1,"adult"
"8051",1,"F198",29,1,"adult"
"8052",1,"F198",30,1,"adult"
"8053",1,"F198",31,1,"adult"
"8054",1,"F198",32,1,"adult"
"8055",1,"F198",33,1,"adult"
"8056",1,"F198",34,1,"adult"
"8057",1,"F198",35,1,"adult"
"8058",1,"F198",36,1,"adult"
"8059",1,"F198",37,1,"adult"
"8060",1,"F198",38,1,"adult"
"8061",1,"F198",39,1,"adult"
"8062",1,"F198",40,1,"adult"
"8063",1,"F198",41,1,"adult"
"8065",1,"F199",1,1,"unborn"
"8066",1,"F199",2,1,"unborn"
"8067",1,"F199",3,1,"unborn"
"8068",1,"F199",4,1,"unborn"
"8069",1,"F199",5,1,"unborn"
"8070",1,"F199",6,1,"unborn"
"8071",1,"F199",7,1,"unborn"
"8072",1,"F199",8,1,"unborn"
"8073",1,"F199",9,1,"unborn"
"8074",1,"F199",10,1,"unborn"
"8075",1,"F199",11,1,"unborn"
"8076",1,"F199",12,1,"unborn"
"8077",1,"F199",13,1,"unborn"
"8078",1,"F199",14,1,"calf"
"8079",1,"F199",15,1,"calf"
"8080",1,"F199",16,1,"calf"
"8081",1,"F199",17,1,"calf"
"8082",1,"F199",18,1,"calf"
"8083",1,"F199",19,1,"calf"
"8084",1,"F199",20,1,"calf"
"8085",1,"F199",21,1,"juvenile"
"8086",1,"F199",22,1,"juvenile"
"8087",1,"F199",23,1,"juvenile"
"8088",1,"F199",24,1,"juvenile"
"8089",1,"F199",25,1,"juvenile"
"8090",1,"F199",26,1,"juvenile"
"8091",1,"F199",27,1,"juvenile"
"8092",1,"F199",28,1,"juvenile"
"8093",1,"F199",29,1,"juvenile"
"8094",1,"F199",30,1,"juvenile"
"8095",1,"F199",31,1,"juvenile"
"8096",1,"F199",32,1,"juvenile"
"8097",1,"F199",33,1,"juvenile"
"8098",1,"F199",34,1,"adult"
"8099",1,"F199",35,1,"adult"
"8100",1,"F199",36,1,"adult"
"8101",1,"F199",37,1,"adult"
"8102",1,"F199",38,1,"adult"
"8103",1,"F199",39,1,"adult"
"8104",1,"F199",40,1,"adult"
"8105",1,"F199",41,1,"adult"
"8107",1,"F203",1,1,"unborn"
"8108",1,"F203",2,1,"unborn"
"8109",1,"F203",3,1,"unborn"
"8110",1,"F203",4,1,"unborn"
"8111",1,"F203",5,1,"unborn"
"8112",1,"F203",6,1,"unborn"
"8113",1,"F203",7,1,"unborn"
"8114",1,"F203",8,1,"unborn"
"8115",1,"F203",9,1,"unborn"
"8116",1,"F203",10,1,"unborn"
"8117",1,"F203",11,1,"unborn"
"8118",1,"F203",12,1,"calf"
"8119",1,"F203",13,1,"calf"
"8120",1,"F203",14,1,"calf"
"8121",1,"F203",15,1,"calf"
"8122",1,"F203",16,1,"juvenile"
"8123",1,"F203",17,1,"juvenile"
"8124",1,"F203",18,1,"juvenile"
"8125",1,"F203",19,1,"juvenile"
"8126",1,"F203",20,1,"juvenile"
"8127",1,"F203",21,1,"juvenile"
"8128",1,"F203",22,1,"juvenile"
"8129",1,"F203",23,1,"juvenile"
"8130",1,"F203",24,1,"juvenile"
"8131",1,"F203",25,1,"juvenile"
"8132",1,"F203",26,1,"adult"
"8133",1,"F203",27,1,"adult"
"8134",1,"F203",28,1,"adult"
"8135",1,"F203",29,1,"adult"
"8136",1,"F203",30,1,"adult"
"8137",1,"F203",31,1,"adult"
"8138",1,"F203",32,1,"adult"
"8139",1,"F203",33,1,"adult"
"8140",1,"F203",34,1,"adult"
"8141",1,"F203",35,1,"adult"
"8142",1,"F203",36,1,"adult"
"8143",1,"F203",37,1,"adult"
"8144",1,"F203",38,1,"adult"
"8145",1,"F203",39,1,"adult"
"8146",1,"F203",40,1,"adult"
"8147",1,"F203",41,1,"adult"
"8149",1,"F205",1,1,"unborn"
"8150",1,"F205",2,1,"unborn"
"8151",1,"F205",3,1,"unborn"
"8152",1,"F205",4,1,"unborn"
"8153",1,"F205",5,1,"unborn"
"8154",1,"F205",6,1,"unborn"
"8155",1,"F205",7,1,"unborn"
"8156",1,"F205",8,1,"unborn"
"8157",1,"F205",9,1,"unborn"
"8158",1,"F205",10,1,"unborn"
"8159",1,"F205",11,1,"unborn"
"8160",1,"F205",12,1,"unborn"
"8161",1,"F205",13,1,"unborn"
"8162",1,"F205",14,1,"unborn"
"8163",1,"F205",15,1,"unborn"
"8164",1,"F205",16,1,"unborn"
"8165",1,"F205",17,1,"unborn"
"8166",1,"F205",18,1,"unborn"
"8167",1,"F205",19,1,"unborn"
"8168",1,"F205",20,1,"unborn"
"8169",1,"F205",21,1,"calf"
"8170",1,"F205",22,1,"calf"
"8171",1,"F205",23,1,"calf"
"8172",1,"F205",24,1,"calf"
"8173",1,"F205",25,1,"calf"
"8174",1,"F205",26,1,"calf"
"8175",1,"F205",27,1,"calf"
"8176",1,"F205",28,1,"calf"
"8177",1,"F205",29,1,"calf"
"8178",1,"F205",30,1,"juvenile"
"8179",1,"F205",31,1,"juvenile"
"8180",1,"F205",32,1,"juvenile"
"8181",1,"F205",33,1,"juvenile"
"8182",1,"F205",34,1,"juvenile"
"8183",1,"F205",35,1,"juvenile"
"8184",1,"F205",36,1,"juvenile"
"8185",1,"F205",37,1,"juvenile"
"8186",1,"F205",38,1,"juvenile"
"8187",1,"F205",39,1,"juvenile"
"8188",1,"F205",40,1,"juvenile"
"8189",1,"F205",41,1,"juvenile"
"8191",1,"F207",1,1,"unborn"
"8192",1,"F207",2,1,"unborn"
"8193",1,"F207",3,1,"unborn"
"8194",1,"F207",4,1,"unborn"
"8195",1,"F207",5,1,"unborn"
"8196",1,"F207",6,1,"unborn"
"8197",1,"F207",7,1,"unborn"
"8198",1,"F207",8,1,"unborn"
"8199",1,"F207",9,1,"unborn"
"8200",1,"F207",10,1,"unborn"
"8201",1,"F207",11,1,"unborn"
"8202",1,"F207",12,1,"unborn"
"8203",1,"F207",13,1,"unborn"
"8204",1,"F207",14,1,"unborn"
"8205",1,"F207",15,1,"unborn"
"8206",1,"F207",16,1,"unborn"
"8207",1,"F207",17,1,"unborn"
"8208",1,"F207",18,1,"unborn"
"8209",1,"F207",19,1,"calf"
"8210",1,"F207",20,1,"calf"
"8211",1,"F207",21,1,"calf"
"8212",1,"F207",22,1,"calf"
"8213",1,"F207",23,1,"calf"
"8214",1,"F207",24,1,"calf"
"8215",1,"F207",25,1,"calf"
"8216",1,"F207",26,1,"juvenile"
"8217",1,"F207",27,1,"juvenile"
"8218",1,"F207",28,1,"juvenile"
"8219",1,"F207",29,1,"juvenile"
"8220",1,"F207",30,1,"juvenile"
"8221",1,"F207",31,1,"juvenile"
"8222",1,"F207",32,1,"juvenile"
"8223",1,"F207",33,1,"juvenile"
"8224",1,"F207",34,1,"juvenile"
"8225",1,"F207",35,1,"juvenile"
"8226",1,"F207",36,1,"juvenile"
"8227",1,"F207",37,1,"juvenile"
"8228",1,"F207",38,1,"juvenile"
"8229",1,"F207",39,1,"juvenile"
"8230",1,"F207",40,1,"juvenile"
"8231",1,"F207",41,1,"juvenile"
"8233",1,"F209",1,1,"unborn"
"8234",1,"F209",2,1,"unborn"
"8235",1,"F209",3,1,"unborn"
"8236",1,"F209",4,1,"unborn"
"8237",1,"F209",5,1,"unborn"
"8238",1,"F209",6,1,"unborn"
"8239",1,"F209",7,1,"unborn"
"8240",1,"F209",8,1,"unborn"
"8241",1,"F209",9,1,"unborn"
"8242",1,"F209",10,1,"unborn"
"8243",1,"F209",11,1,"unborn"
"8244",1,"F209",12,1,"unborn"
"8245",1,"F209",13,1,"unborn"
"8246",1,"F209",14,1,"unborn"
"8247",1,"F209",15,1,"unborn"
"8248",1,"F209",16,1,"calf"
"8249",1,"F209",17,1,"calf"
"8250",1,"F209",18,1,"calf"
"8251",1,"F209",19,1,"calf"
"8252",1,"F209",20,1,"calf"
"8253",1,"F209",21,1,"calf"
"8254",1,"F209",22,1,"calf"
"8255",1,"F209",23,1,"calf"
"8256",1,"F209",24,1,"juvenile"
"8257",1,"F209",25,1,"juvenile"
"8258",1,"F209",26,1,"juvenile"
"8259",1,"F209",27,1,"juvenile"
"8260",1,"F209",28,1,"juvenile"
"8261",1,"F209",29,1,"juvenile"
"8262",1,"F209",30,1,"juvenile"
"8263",1,"F209",31,1,"juvenile"
"8264",1,"F209",32,1,"juvenile"
"8265",1,"F209",33,1,"juvenile"
"8266",1,"F209",34,1,"juvenile"
"8267",1,"F209",35,1,"juvenile"
"8268",1,"F209",36,1,"juvenile"
"8269",1,"F209",37,1,"juvenile"
"8270",1,"F209",38,1,"juvenile"
"8271",1,"F209",39,1,"juvenile"
"8272",1,"F209",40,1,"juvenile"
"8273",1,"F209",41,1,"juvenile"
"8275",1,"F210",1,1,"adult"
"8276",1,"F210",2,1,"adult"
"8277",1,"F210",3,1,"adult"
"8278",1,"F210",4,1,"adult"
"8279",1,"F210",5,1,"adult"
"8280",1,"F210",6,1,"adult"
"8281",1,"F210",7,1,"adult"
"8282",1,"F210",8,1,"adult"
"8283",1,"F210",9,1,"adult"
"8284",1,"F210",10,1,"adult"
"8285",1,"F210",11,1,"adult"
"8286",1,"F210",12,1,"adult"
"8287",1,"F210",13,1,"adult"
"8288",1,"F210",14,1,"adult"
"8289",1,"F210",15,1,"adult"
"8290",1,"F210",16,1,"adult"
"8291",1,"F210",17,1,"adult"
"8292",1,"F210",18,1,"adult"
"8293",1,"F210",19,1,"adult"
"8294",1,"F210",20,1,"adult"
"8295",1,"F210",21,1,"adult"
"8296",1,"F210",22,1,"adult"
"8297",1,"F210",23,1,"adult"
"8298",1,"F210",24,1,"adult"
"8299",1,"F210",25,1,"adult"
"8300",1,"F210",26,1,"adult"
"8301",1,"F210",27,1,"adult"
"8302",1,"F210",28,1,"adult"
"8303",1,"F210",29,1,"adult"
"8304",1,"F210",30,1,"adult"
"8305",1,"F210",31,1,"adult"
"8306",1,"F210",32,1,"adult"
"8307",1,"F210",33,1,"adult"
"8308",1,"F210",34,1,"adult"
"8309",1,"F210",35,1,"adult"
"8310",1,"F210",36,1,"adult"
"8311",1,"F210",37,1,"adult"
"8312",1,"F210",38,1,"adult"
"8313",1,"F210",39,1,"adult"
"8314",1,"F210",40,1,"adult"
"8315",1,"F210",41,1,"adult"
"8317",1,"F211",1,1,"unborn"
"8318",1,"F211",2,1,"unborn"
"8319",1,"F211",3,1,"unborn"
"8320",1,"F211",4,1,"unborn"
"8321",1,"F211",5,1,"unborn"
"8322",1,"F211",6,1,"unborn"
"8323",1,"F211",7,1,"unborn"
"8324",1,"F211",8,1,"unborn"
"8325",1,"F211",9,1,"unborn"
"8326",1,"F211",10,1,"unborn"
"8327",1,"F211",11,1,"unborn"
"8328",1,"F211",12,1,"unborn"
"8329",1,"F211",13,1,"unborn"
"8330",1,"F211",14,1,"unborn"
"8331",1,"F211",15,1,"unborn"
"8332",1,"F211",16,1,"unborn"
"8333",1,"F211",17,1,"unborn"
"8334",1,"F211",18,1,"unborn"
"8335",1,"F211",19,1,"calf"
"8336",1,"F211",20,1,"calf"
"8337",1,"F211",21,1,"calf"
"8338",1,"F211",22,1,"calf"
"8339",1,"F211",23,1,"calf"
"8340",1,"F211",24,1,"calf"
"8341",1,"F211",25,1,"calf"
"8342",1,"F211",26,1,"juvenile"
"8343",1,"F211",27,1,"juvenile"
"8344",1,"F211",28,1,"juvenile"
"8345",1,"F211",29,1,"juvenile"
"8346",1,"F211",30,1,"juvenile"
"8347",1,"F211",31,1,"juvenile"
"8348",1,"F211",32,1,"juvenile"
"8349",1,"F211",33,1,"juvenile"
"8350",1,"F211",34,1,"juvenile"
"8351",1,"F211",35,1,"juvenile"
"8352",1,"F211",36,1,"juvenile"
"8353",1,"F211",37,1,"juvenile"
"8354",1,"F211",38,1,"juvenile"
"8355",1,"F211",39,1,"juvenile"
"8356",1,"F211",40,1,"juvenile"
"8357",1,"F211",41,1,"juvenile"
"8359",1,"F212",1,1,"unborn"
"8360",1,"F212",2,1,"unborn"
"8361",1,"F212",3,1,"unborn"
"8362",1,"F212",4,1,"unborn"
"8363",1,"F212",5,1,"unborn"
"8364",1,"F212",6,1,"unborn"
"8365",1,"F212",7,1,"unborn"
"8366",1,"F212",8,1,"unborn"
"8367",1,"F212",9,1,"unborn"
"8368",1,"F212",10,1,"unborn"
"8369",1,"F212",11,1,"unborn"
"8370",1,"F212",12,1,"calf"
"8371",1,"F212",13,1,"calf"
"8372",1,"F212",14,1,"calf"
"8373",1,"F212",15,1,"juvenile"
"8374",1,"F212",16,1,"juvenile"
"8375",1,"F212",17,1,"juvenile"
"8376",1,"F212",18,1,"juvenile"
"8377",1,"F212",19,1,"juvenile"
"8378",1,"F212",20,1,"juvenile"
"8379",1,"F212",21,1,"juvenile"
"8380",1,"F212",22,1,"juvenile"
"8381",1,"F212",23,1,"juvenile"
"8382",1,"F212",24,1,"adult"
"8383",1,"F212",25,1,"adult"
"8384",1,"F212",26,1,"adult"
"8385",1,"F212",27,1,"adult"
"8386",1,"F212",28,1,"adult"
"8387",1,"F212",29,1,"adult"
"8388",1,"F212",30,1,"adult"
"8389",1,"F212",31,1,"adult"
"8390",1,"F212",32,1,"adult"
"8391",1,"F212",33,1,"adult"
"8392",1,"F212",34,1,"adult"
"8393",1,"F212",35,1,"adult"
"8394",1,"F212",36,1,"adult"
"8395",1,"F212",37,1,"adult"
"8396",1,"F212",38,1,"adult"
"8397",1,"F212",39,1,"adult"
"8398",1,"F212",40,1,"adult"
"8399",1,"F212",41,1,"adult"
"8401",1,"F213",1,1,"unborn"
"8402",1,"F213",2,1,"unborn"
"8403",1,"F213",3,1,"unborn"
"8404",1,"F213",4,1,"unborn"
"8405",1,"F213",5,1,"unborn"
"8406",1,"F213",6,1,"unborn"
"8407",1,"F213",7,1,"unborn"
"8408",1,"F213",8,1,"unborn"
"8409",1,"F213",9,1,"unborn"
"8410",1,"F213",10,1,"unborn"
"8411",1,"F213",11,1,"unborn"
"8412",1,"F213",12,1,"unborn"
"8413",1,"F213",13,1,"unborn"
"8414",1,"F213",14,1,"unborn"
"8415",1,"F213",15,1,"unborn"
"8416",1,"F213",16,1,"unborn"
"8417",1,"F213",17,1,"unborn"
"8418",1,"F213",18,1,"unborn"
"8419",1,"F213",19,1,"unborn"
"8420",1,"F213",20,1,"unborn"
"8421",1,"F213",21,1,"unborn"
"8422",1,"F213",22,1,"unborn"
"8423",1,"F213",23,1,"calf"
"8424",1,"F213",24,1,"calf"
"8425",1,"F213",25,1,"calf"
"8426",1,"F213",26,1,"calf"
"8427",1,"F213",27,1,"calf"
"8428",1,"F213",28,1,"calf"
"8429",1,"F213",29,1,"calf"
"8430",1,"F213",30,1,"calf"
"8431",1,"F213",31,1,"calf"
"8432",1,"F213",32,1,"calf"
"8433",1,"F213",33,1,"calf"
"8434",1,"F213",34,1,"juvenile"
"8435",1,"F213",35,1,"juvenile"
"8436",1,"F213",36,1,"juvenile"
"8437",1,"F213",37,1,"juvenile"
"8438",1,"F213",38,1,"juvenile"
"8439",1,"F213",39,1,"juvenile"
"8440",1,"F213",40,1,"juvenile"
"8441",1,"F213",41,1,"juvenile"
"8443",1,"F214",1,1,"unborn"
"8444",1,"F214",2,1,"unborn"
"8445",1,"F214",3,1,"unborn"
"8446",1,"F214",4,1,"unborn"
"8447",1,"F214",5,1,"unborn"
"8448",1,"F214",6,1,"unborn"
"8449",1,"F214",7,1,"unborn"
"8450",1,"F214",8,1,"unborn"
"8451",1,"F214",9,1,"unborn"
"8452",1,"F214",10,1,"unborn"
"8453",1,"F214",11,1,"unborn"
"8454",1,"F214",12,1,"calf"
"8455",1,"F214",13,1,"calf"
"8456",1,"F214",14,1,"calf"
"8457",1,"F214",15,1,"juvenile"
"8458",1,"F214",16,1,"juvenile"
"8459",1,"F214",17,1,"juvenile"
"8460",1,"F214",18,1,"juvenile"
"8461",1,"F214",19,1,"juvenile"
"8462",1,"F214",20,1,"juvenile"
"8463",1,"F214",21,1,"juvenile"
"8464",1,"F214",22,1,"juvenile"
"8465",1,"F214",23,1,"juvenile"
"8466",1,"F214",24,1,"adult"
"8467",1,"F214",25,1,"adult"
"8468",1,"F214",26,1,"adult"
"8469",1,"F214",27,1,"adult"
"8470",1,"F214",28,1,"adult"
"8471",1,"F214",29,1,"adult"
"8472",1,"F214",30,1,"adult"
"8473",1,"F214",31,1,"adult"
"8474",1,"F214",32,1,"adult"
"8475",1,"F214",33,1,"adult"
"8476",1,"F214",34,1,"adult"
"8477",1,"F214",35,1,"adult"
"8478",1,"F214",36,1,"adult"
"8479",1,"F214",37,1,"adult"
"8480",1,"F214",38,1,"adult"
"8481",1,"F214",39,1,"adult"
"8482",1,"F214",40,1,"adult"
"8483",1,"F214",41,1,"adult"
"8485",1,"F215",1,1,"unborn"
"8486",1,"F215",2,1,"unborn"
"8487",1,"F215",3,1,"unborn"
"8488",1,"F215",4,1,"unborn"
"8489",1,"F215",5,1,"unborn"
"8490",1,"F215",6,1,"unborn"
"8491",1,"F215",7,1,"unborn"
"8492",1,"F215",8,1,"unborn"
"8493",1,"F215",9,1,"unborn"
"8494",1,"F215",10,1,"unborn"
"8495",1,"F215",11,1,"unborn"
"8496",1,"F215",12,1,"calf"
"8497",1,"F215",13,1,"calf"
"8498",1,"F215",14,1,"calf"
"8499",1,"F215",15,1,"calf"
"8500",1,"F215",16,1,"juvenile"
"8501",1,"F215",17,1,"juvenile"
"8502",1,"F215",18,1,"juvenile"
"8503",1,"F215",19,1,"juvenile"
"8504",1,"F215",20,1,"juvenile"
"8505",1,"F215",21,1,"juvenile"
"8506",1,"F215",22,1,"juvenile"
"8507",1,"F215",23,1,"juvenile"
"8508",1,"F215",24,1,"juvenile"
"8509",1,"F215",25,1,"juvenile"
"8510",1,"F215",26,1,"adult"
"8511",1,"F215",27,1,"adult"
"8512",1,"F215",28,1,"adult"
"8513",1,"F215",29,1,"adult"
"8514",1,"F215",30,1,"adult"
"8515",1,"F215",31,1,"adult"
"8516",1,"F215",32,1,"adult"
"8517",1,"F215",33,1,"adult"
"8518",1,"F215",34,1,"adult"
"8519",1,"F215",35,1,"adult"
"8520",1,"F215",36,1,"adult"
"8521",1,"F215",37,1,"adult"
"8522",1,"F215",38,1,"adult"
"8523",1,"F215",39,1,"adult"
"8524",1,"F215",40,1,"adult"
"8525",1,"F215",41,1,"adult"
"8527",1,"F216",1,1,"unborn"
"8528",1,"F216",2,1,"unborn"
"8529",1,"F216",3,1,"unborn"
"8530",1,"F216",4,1,"unborn"
"8531",1,"F216",5,1,"unborn"
"8532",1,"F216",6,1,"unborn"
"8533",1,"F216",7,1,"unborn"
"8534",1,"F216",8,1,"unborn"
"8535",1,"F216",9,1,"unborn"
"8536",1,"F216",10,1,"unborn"
"8537",1,"F216",11,1,"calf"
"8538",1,"F216",12,1,"calf"
"8539",1,"F216",13,1,"calf"
"8540",1,"F216",14,1,"juvenile"
"8541",1,"F216",15,1,"juvenile"
"8542",1,"F216",16,1,"juvenile"
"8543",1,"F216",17,1,"juvenile"
"8544",1,"F216",18,1,"juvenile"
"8545",1,"F216",19,1,"juvenile"
"8546",1,"F216",20,1,"juvenile"
"8547",1,"F216",21,1,"juvenile"
"8548",1,"F216",22,1,"juvenile"
"8549",1,"F216",23,1,"adult"
"8550",1,"F216",24,1,"adult"
"8551",1,"F216",25,1,"adult"
"8552",1,"F216",26,1,"adult"
"8553",1,"F216",27,1,"adult"
"8554",1,"F216",28,1,"adult"
"8555",1,"F216",29,1,"adult"
"8556",1,"F216",30,1,"adult"
"8557",1,"F216",31,1,"adult"
"8558",1,"F216",32,1,"adult"
"8559",1,"F216",33,1,"adult"
"8560",1,"F216",34,1,"adult"
"8561",1,"F216",35,1,"adult"
"8562",1,"F216",36,1,"adult"
"8563",1,"F216",37,1,"adult"
"8564",1,"F216",38,1,"adult"
"8565",1,"F216",39,1,"adult"
"8566",1,"F216",40,1,"adult"
"8567",1,"F216",41,1,"adult"
"8569",1,"F217",1,1,"unborn"
"8570",1,"F217",2,1,"unborn"
"8571",1,"F217",3,1,"unborn"
"8572",1,"F217",4,1,"unborn"
"8573",1,"F217",5,1,"unborn"
"8574",1,"F217",6,1,"unborn"
"8575",1,"F217",7,1,"unborn"
"8576",1,"F217",8,1,"unborn"
"8577",1,"F217",9,1,"unborn"
"8578",1,"F217",10,1,"unborn"
"8579",1,"F217",11,1,"unborn"
"8580",1,"F217",12,1,"unborn"
"8581",1,"F217",13,1,"unborn"
"8582",1,"F217",14,1,"unborn"
"8583",1,"F217",15,1,"unborn"
"8584",1,"F217",16,1,"unborn"
"8585",1,"F217",17,1,"unborn"
"8586",1,"F217",18,1,"unborn"
"8587",1,"F217",19,1,"unborn"
"8588",1,"F217",20,1,"unborn"
"8589",1,"F217",21,1,"unborn"
"8590",1,"F217",22,1,"unborn"
"8591",1,"F217",23,1,"calf"
"8592",1,"F217",24,1,"calf"
"8593",1,"F217",25,1,"calf"
"8594",1,"F217",26,1,"calf"
"8595",1,"F217",27,1,"calf"
"8596",1,"F217",28,1,"calf"
"8597",1,"F217",29,1,"calf"
"8598",1,"F217",30,1,"calf"
"8599",1,"F217",31,1,"calf"
"8600",1,"F217",32,1,"calf"
"8601",1,"F217",33,1,"calf"
"8602",1,"F217",34,1,"juvenile"
"8603",1,"F217",35,1,"juvenile"
"8604",1,"F217",36,1,"juvenile"
"8605",1,"F217",37,1,"juvenile"
"8606",1,"F217",38,1,"juvenile"
"8607",1,"F217",39,1,"juvenile"
"8608",1,"F217",40,1,"juvenile"
"8609",1,"F217",41,1,"juvenile"
"8611",1,"F218",1,1,"unborn"
"8612",1,"F218",2,1,"unborn"
"8613",1,"F218",3,1,"unborn"
"8614",1,"F218",4,1,"unborn"
"8615",1,"F218",5,1,"unborn"
"8616",1,"F218",6,1,"unborn"
"8617",1,"F218",7,1,"unborn"
"8618",1,"F218",8,1,"unborn"
"8619",1,"F218",9,1,"unborn"
"8620",1,"F218",10,1,"unborn"
"8621",1,"F218",11,1,"unborn"
"8622",1,"F218",12,1,"calf"
"8623",1,"F218",13,1,"calf"
"8624",1,"F218",14,1,"calf"
"8625",1,"F218",15,1,"juvenile"
"8626",1,"F218",16,1,"juvenile"
"8627",1,"F218",17,1,"juvenile"
"8628",1,"F218",18,1,"juvenile"
"8629",1,"F218",19,1,"juvenile"
"8630",1,"F218",20,1,"juvenile"
"8631",1,"F218",21,1,"juvenile"
"8632",1,"F218",22,1,"juvenile"
"8633",1,"F218",23,1,"juvenile"
"8634",1,"F218",24,1,"adult"
"8635",1,"F218",25,1,"adult"
"8636",1,"F218",26,1,"adult"
"8637",1,"F218",27,1,"adult"
"8638",1,"F218",28,1,"adult"
"8639",1,"F218",29,1,"adult"
"8640",1,"F218",30,1,"adult"
"8641",1,"F218",31,1,"adult"
"8642",1,"F218",32,1,"adult"
"8643",1,"F218",33,1,"adult"
"8644",1,"F218",34,1,"adult"
"8645",1,"F218",35,1,"adult"
"8646",1,"F218",36,1,"adult"
"8647",1,"F218",37,1,"adult"
"8648",1,"F218",38,1,"adult"
"8649",1,"F218",39,1,"adult"
"8650",1,"F218",40,1,"adult"
"8651",1,"F218",41,1,"adult"
"8653",1,"F219",1,1,"unborn"
"8654",1,"F219",2,1,"unborn"
"8655",1,"F219",3,1,"unborn"
"8656",1,"F219",4,1,"unborn"
"8657",1,"F219",5,1,"calf"
"8658",1,"F219",6,1,"calf"
"8659",1,"F219",7,1,"calf"
"8660",1,"F219",8,1,"calf"
"8661",1,"F219",9,1,"calf"
"8662",1,"F219",10,1,"calf"
"8663",1,"F219",11,1,"calf"
"8664",1,"F219",12,1,"juvenile"
"8665",1,"F219",13,1,"juvenile"
"8666",1,"F219",14,1,"juvenile"
"8667",1,"F219",15,1,"juvenile"
"8668",1,"F219",16,1,"adult"
"8669",1,"F219",17,1,"adult"
"8670",1,"F219",18,1,"adult"
"8671",1,"F219",19,1,"adult"
"8672",1,"F219",20,1,"adult"
"8673",1,"F219",21,1,"adult"
"8674",1,"F219",22,1,"adult"
"8675",1,"F219",23,1,"adult"
"8676",1,"F219",24,1,"adult"
"8677",1,"F219",25,1,"adult"
"8678",1,"F219",26,1,"adult"
"8679",1,"F219",27,1,"adult"
"8680",1,"F219",28,1,"adult"
"8681",1,"F219",29,1,"adult"
"8682",1,"F219",30,1,"adult"
"8683",1,"F219",31,1,"adult"
"8684",1,"F219",32,1,"adult"
"8685",1,"F219",33,1,"adult"
"8686",1,"F219",34,1,"adult"
"8687",1,"F219",35,1,"adult"
"8688",1,"F219",36,1,"adult"
"8689",1,"F219",37,1,"adult"
"8690",1,"F219",38,1,"adult"
"8691",1,"F219",39,1,"adult"
"8692",1,"F219",40,1,"adult"
"8693",1,"F219",41,1,"adult"
"8695",1,"F220",1,1,"unborn"
"8696",1,"F220",2,1,"unborn"
"8697",1,"F220",3,1,"unborn"
"8698",1,"F220",4,1,"unborn"
"8699",1,"F220",5,1,"unborn"
"8700",1,"F220",6,1,"unborn"
"8701",1,"F220",7,1,"unborn"
"8702",1,"F220",8,1,"unborn"
"8703",1,"F220",9,1,"unborn"
"8704",1,"F220",10,1,"unborn"
"8705",1,"F220",11,1,"unborn"
"8706",1,"F220",12,1,"calf"
"8707",1,"F220",13,1,"calf"
"8708",1,"F220",14,1,"calf"
"8709",1,"F220",15,1,"juvenile"
"8710",1,"F220",16,1,"juvenile"
"8711",1,"F220",17,1,"juvenile"
"8712",1,"F220",18,1,"juvenile"
"8713",1,"F220",19,1,"juvenile"
"8714",1,"F220",20,1,"juvenile"
"8715",1,"F220",21,1,"juvenile"
"8716",1,"F220",22,1,"juvenile"
"8717",1,"F220",23,1,"juvenile"
"8718",1,"F220",24,1,"adult"
"8719",1,"F220",25,1,"adult"
"8720",1,"F220",26,1,"adult"
"8721",1,"F220",27,1,"adult"
"8722",1,"F220",28,1,"adult"
"8723",1,"F220",29,1,"adult"
"8724",1,"F220",30,1,"adult"
"8725",1,"F220",31,1,"adult"
"8726",1,"F220",32,1,"adult"
"8727",1,"F220",33,1,"adult"
"8728",1,"F220",34,1,"adult"
"8729",1,"F220",35,1,"adult"
"8730",1,"F220",36,1,"adult"
"8731",1,"F220",37,1,"adult"
"8732",1,"F220",38,1,"adult"
"8733",1,"F220",39,1,"adult"
"8734",1,"F220",40,1,"adult"
"8735",1,"F220",41,1,"adult"
"8737",1,"F221",1,1,"unborn"
"8738",1,"F221",2,1,"unborn"
"8739",1,"F221",3,1,"unborn"
"8740",1,"F221",4,1,"unborn"
"8741",1,"F221",5,1,"unborn"
"8742",1,"F221",6,1,"unborn"
"8743",1,"F221",7,1,"unborn"
"8744",1,"F221",8,1,"unborn"
"8745",1,"F221",9,1,"unborn"
"8746",1,"F221",10,1,"unborn"
"8747",1,"F221",11,1,"unborn"
"8748",1,"F221",12,1,"unborn"
"8749",1,"F221",13,1,"unborn"
"8750",1,"F221",14,1,"unborn"
"8751",1,"F221",15,1,"unborn"
"8752",1,"F221",16,1,"unborn"
"8753",1,"F221",17,1,"unborn"
"8754",1,"F221",18,1,"unborn"
"8755",1,"F221",19,1,"unborn"
"8756",1,"F221",20,1,"unborn"
"8757",1,"F221",21,1,"unborn"
"8758",1,"F221",22,1,"unborn"
"8759",1,"F221",23,1,"unborn"
"8760",1,"F221",24,1,"unborn"
"8761",1,"F221",25,1,"unborn"
"8762",1,"F221",26,1,"calf"
"8763",1,"F221",27,1,"calf"
"8764",1,"F221",28,1,"calf"
"8765",1,"F221",29,1,"calf"
"8766",1,"F221",30,1,"calf"
"8767",1,"F221",31,1,"calf"
"8768",1,"F221",32,1,"calf"
"8769",1,"F221",33,1,"calf"
"8770",1,"F221",34,1,"calf"
"8771",1,"F221",35,1,"calf"
"8772",1,"F221",36,1,"calf"
"8773",1,"F221",37,1,"calf"
"8774",1,"F221",38,1,"calf"
"8775",1,"F221",39,1,"calf"
"8776",1,"F221",40,1,"calf"
"8777",1,"F221",41,1,"calf"
"8779",1,"F222",1,1,"unborn"
"8780",1,"F222",2,1,"unborn"
"8781",1,"F222",3,1,"unborn"
"8782",1,"F222",4,1,"unborn"
"8783",1,"F222",5,1,"unborn"
"8784",1,"F222",6,1,"unborn"
"8785",1,"F222",7,1,"unborn"
"8786",1,"F222",8,1,"unborn"
"8787",1,"F222",9,1,"unborn"
"8788",1,"F222",10,1,"unborn"
"8789",1,"F222",11,1,"unborn"
"8790",1,"F222",12,1,"calf"
"8791",1,"F222",13,1,"calf"
"8792",1,"F222",14,1,"calf"
"8793",1,"F222",15,1,"juvenile"
"8794",1,"F222",16,1,"juvenile"
"8795",1,"F222",17,1,"juvenile"
"8796",1,"F222",18,1,"juvenile"
"8797",1,"F222",19,1,"juvenile"
"8798",1,"F222",20,1,"juvenile"
"8799",1,"F222",21,1,"juvenile"
"8800",1,"F222",22,1,"juvenile"
"8801",1,"F222",23,1,"juvenile"
"8802",1,"F222",24,1,"adult"
"8803",1,"F222",25,1,"adult"
"8804",1,"F222",26,1,"adult"
"8805",1,"F222",27,1,"adult"
"8806",1,"F222",28,1,"adult"
"8807",1,"F222",29,1,"adult"
"8808",1,"F222",30,1,"adult"
"8809",1,"F222",31,1,"adult"
"8810",1,"F222",32,1,"adult"
"8811",1,"F222",33,1,"adult"
"8812",1,"F222",34,1,"adult"
"8813",1,"F222",35,1,"adult"
"8814",1,"F222",36,1,"adult"
"8815",1,"F222",37,1,"adult"
"8816",1,"F222",38,1,"adult"
"8817",1,"F222",39,1,"adult"
"8818",1,"F222",40,1,"adult"
"8819",1,"F222",41,1,"adult"
"8821",1,"F223",1,1,"unborn"
"8822",1,"F223",2,1,"unborn"
"8823",1,"F223",3,1,"unborn"
"8824",1,"F223",4,1,"unborn"
"8825",1,"F223",5,1,"unborn"
"8826",1,"F223",6,1,"unborn"
"8827",1,"F223",7,1,"unborn"
"8828",1,"F223",8,1,"unborn"
"8829",1,"F223",9,1,"unborn"
"8830",1,"F223",10,1,"unborn"
"8831",1,"F223",11,1,"unborn"
"8832",1,"F223",12,1,"unborn"
"8833",1,"F223",13,1,"unborn"
"8834",1,"F223",14,1,"calf"
"8835",1,"F223",15,1,"calf"
"8836",1,"F223",16,1,"calf"
"8837",1,"F223",17,1,"calf"
"8838",1,"F223",18,1,"calf"
"8839",1,"F223",19,1,"juvenile"
"8840",1,"F223",20,1,"juvenile"
"8841",1,"F223",21,1,"juvenile"
"8842",1,"F223",22,1,"juvenile"
"8843",1,"F223",23,1,"juvenile"
"8844",1,"F223",24,1,"juvenile"
"8845",1,"F223",25,1,"juvenile"
"8846",1,"F223",26,1,"juvenile"
"8847",1,"F223",27,1,"juvenile"
"8848",1,"F223",28,1,"juvenile"
"8849",1,"F223",29,1,"juvenile"
"8850",1,"F223",30,1,"adult"
"8851",1,"F223",31,1,"adult"
"8852",1,"F223",32,1,"adult"
"8853",1,"F223",33,1,"adult"
"8854",1,"F223",34,1,"adult"
"8855",1,"F223",35,1,"adult"
"8856",1,"F223",36,1,"adult"
"8857",1,"F223",37,1,"adult"
"8858",1,"F223",38,1,"adult"
"8859",1,"F223",39,1,"adult"
"8860",1,"F223",40,1,"adult"
"8861",1,"F223",41,1,"adult"
"8863",1,"F224",1,1,"unborn"
"8864",1,"F224",2,1,"unborn"
"8865",1,"F224",3,1,"unborn"
"8866",1,"F224",4,1,"unborn"
"8867",1,"F224",5,1,"unborn"
"8868",1,"F224",6,1,"unborn"
"8869",1,"F224",7,1,"unborn"
"8870",1,"F224",8,1,"unborn"
"8871",1,"F224",9,1,"unborn"
"8872",1,"F224",10,1,"unborn"
"8873",1,"F224",11,1,"unborn"
"8874",1,"F224",12,1,"unborn"
"8875",1,"F224",13,1,"unborn"
"8876",1,"F224",14,1,"calf"
"8877",1,"F224",15,1,"calf"
"8878",1,"F224",16,1,"calf"
"8879",1,"F224",17,1,"calf"
"8880",1,"F224",18,1,"calf"
"8881",1,"F224",19,1,"calf"
"8882",1,"F224",20,1,"calf"
"8883",1,"F224",21,1,"juvenile"
"8884",1,"F224",22,1,"juvenile"
"8885",1,"F224",23,1,"juvenile"
"8886",1,"F224",24,1,"juvenile"
"8887",1,"F224",25,1,"juvenile"
"8888",1,"F224",26,1,"juvenile"
"8889",1,"F224",27,1,"juvenile"
"8890",1,"F224",28,1,"juvenile"
"8891",1,"F224",29,1,"juvenile"
"8892",1,"F224",30,1,"juvenile"
"8893",1,"F224",31,1,"juvenile"
"8894",1,"F224",32,1,"juvenile"
"8895",1,"F224",33,1,"juvenile"
"8896",1,"F224",34,1,"adult"
"8897",1,"F224",35,1,"adult"
"8898",1,"F224",36,1,"adult"
"8899",1,"F224",37,1,"adult"
"8900",1,"F224",38,1,"adult"
"8901",1,"F224",39,1,"adult"
"8902",1,"F224",40,1,"adult"
"8903",1,"F224",41,1,"adult"
"8905",1,"F225",1,1,"adult"
"8906",1,"F225",2,1,"adult"
"8907",1,"F225",3,1,"adult"
"8908",1,"F225",4,1,"adult"
"8909",1,"F225",5,1,"adult"
"8910",1,"F225",6,1,"adult"
"8911",1,"F225",7,1,"adult"
"8912",1,"F225",8,1,"adult"
"8913",1,"F225",9,1,"adult"
"8914",1,"F225",10,1,"adult"
"8915",1,"F225",11,1,"adult"
"8916",1,"F225",12,1,"adult"
"8917",1,"F225",13,1,"adult"
"8918",1,"F225",14,1,"adult"
"8919",1,"F225",15,1,"adult"
"8920",1,"F225",16,1,"adult"
"8921",1,"F225",17,1,"adult"
"8922",1,"F225",18,1,"adult"
"8923",1,"F225",19,1,"adult"
"8924",1,"F225",20,1,"adult"
"8925",1,"F225",21,1,"adult"
"8926",1,"F225",22,1,"adult"
"8927",1,"F225",23,1,"adult"
"8928",1,"F225",24,1,"adult"
"8929",1,"F225",25,1,"adult"
"8930",1,"F225",26,1,"adult"
"8931",1,"F225",27,1,"adult"
"8932",1,"F225",28,1,"adult"
"8933",1,"F225",29,1,"adult"
"8934",1,"F225",30,1,"adult"
"8935",1,"F225",31,1,"adult"
"8936",1,"F225",32,1,"adult"
"8937",1,"F225",33,1,"adult"
"8938",1,"F225",34,1,"adult"
"8939",1,"F225",35,1,"adult"
"8940",1,"F225",36,1,"adult"
"8941",1,"F225",37,1,"adult"
"8942",1,"F225",38,1,"adult"
"8943",1,"F225",39,1,"adult"
"8944",1,"F225",40,1,"adult"
"8945",1,"F225",41,1,"adult"
"8947",1,"F226",1,1,"unborn"
"8948",1,"F226",2,1,"unborn"
"8949",1,"F226",3,1,"unborn"
"8950",1,"F226",4,1,"unborn"
"8951",1,"F226",5,1,"unborn"
"8952",1,"F226",6,1,"unborn"
"8953",1,"F226",7,1,"unborn"
"8954",1,"F226",8,1,"unborn"
"8955",1,"F226",9,1,"unborn"
"8956",1,"F226",10,1,"unborn"
"8957",1,"F226",11,1,"unborn"
"8958",1,"F226",12,1,"unborn"
"8959",1,"F226",13,1,"unborn"
"8960",1,"F226",14,1,"calf"
"8961",1,"F226",15,1,"calf"
"8962",1,"F226",16,1,"calf"
"8963",1,"F226",17,1,"calf"
"8964",1,"F226",18,1,"calf"
"8965",1,"F226",19,1,"calf"
"8966",1,"F226",20,1,"calf"
"8967",1,"F226",21,1,"juvenile"
"8968",1,"F226",22,1,"juvenile"
"8969",1,"F226",23,1,"juvenile"
"8970",1,"F226",24,1,"juvenile"
"8971",1,"F226",25,1,"juvenile"
"8972",1,"F226",26,1,"juvenile"
"8973",1,"F226",27,1,"juvenile"
"8974",1,"F226",28,1,"juvenile"
"8975",1,"F226",29,1,"juvenile"
"8976",1,"F226",30,1,"juvenile"
"8977",1,"F226",31,1,"juvenile"
"8978",1,"F226",32,1,"juvenile"
"8979",1,"F226",33,1,"juvenile"
"8980",1,"F226",34,1,"adult"
"8981",1,"F226",35,1,"adult"
"8982",1,"F226",36,1,"adult"
"8983",1,"F226",37,1,"adult"
"8984",1,"F226",38,1,"adult"
"8985",1,"F226",39,1,"adult"
"8986",1,"F226",40,1,"adult"
"8987",1,"F226",41,1,"adult"
"8989",1,"F227",1,1,"unborn"
"8990",1,"F227",2,1,"unborn"
"8991",1,"F227",3,1,"unborn"
"8992",1,"F227",4,1,"unborn"
"8993",1,"F227",5,1,"unborn"
"8994",1,"F227",6,1,"unborn"
"8995",1,"F227",7,1,"unborn"
"8996",1,"F227",8,1,"unborn"
"8997",1,"F227",9,1,"unborn"
"8998",1,"F227",10,1,"unborn"
"8999",1,"F227",11,1,"unborn"
"9000",1,"F227",12,1,"unborn"
"9001",1,"F227",13,1,"unborn"
"9002",1,"F227",14,1,"unborn"
"9003",1,"F227",15,1,"unborn"
"9004",1,"F227",16,1,"unborn"
"9005",1,"F227",17,1,"unborn"
"9006",1,"F227",18,1,"unborn"
"9007",1,"F227",19,1,"calf"
"9008",1,"F227",20,1,"calf"
"9009",1,"F227",21,1,"calf"
"9010",1,"F227",22,1,"calf"
"9011",1,"F227",23,1,"calf"
"9012",1,"F227",24,1,"calf"
"9013",1,"F227",25,1,"calf"
"9014",1,"F227",26,1,"juvenile"
"9015",1,"F227",27,1,"juvenile"
"9016",1,"F227",28,1,"juvenile"
"9017",1,"F227",29,1,"juvenile"
"9018",1,"F227",30,1,"juvenile"
"9019",1,"F227",31,1,"juvenile"
"9020",1,"F227",32,1,"juvenile"
"9021",1,"F227",33,1,"juvenile"
"9022",1,"F227",34,1,"juvenile"
"9023",1,"F227",35,1,"juvenile"
"9024",1,"F227",36,1,"juvenile"
"9025",1,"F227",37,1,"juvenile"
"9026",1,"F227",38,1,"juvenile"
"9027",1,"F227",39,1,"juvenile"
"9028",1,"F227",40,1,"juvenile"
"9029",1,"F227",41,1,"juvenile"
"9031",1,"F228",1,1,"unborn"
"9032",1,"F228",2,1,"unborn"
"9033",1,"F228",3,1,"unborn"
"9034",1,"F228",4,1,"unborn"
"9035",1,"F228",5,1,"unborn"
"9036",1,"F228",6,1,"unborn"
"9037",1,"F228",7,1,"unborn"
"9038",1,"F228",8,1,"unborn"
"9039",1,"F228",9,1,"unborn"
"9040",1,"F228",10,1,"unborn"
"9041",1,"F228",11,1,"unborn"
"9042",1,"F228",12,1,"calf"
"9043",1,"F228",13,1,"calf"
"9044",1,"F228",14,1,"calf"
"9045",1,"F228",15,1,"juvenile"
"9046",1,"F228",16,1,"juvenile"
"9047",1,"F228",17,1,"juvenile"
"9048",1,"F228",18,1,"juvenile"
"9049",1,"F228",19,1,"juvenile"
"9050",1,"F228",20,1,"juvenile"
"9051",1,"F228",21,1,"juvenile"
"9052",1,"F228",22,1,"juvenile"
"9053",1,"F228",23,1,"juvenile"
"9054",1,"F228",24,1,"adult"
"9055",1,"F228",25,1,"adult"
"9056",1,"F228",26,1,"adult"
"9057",1,"F228",27,1,"adult"
"9058",1,"F228",28,1,"adult"
"9059",1,"F228",29,1,"adult"
"9060",1,"F228",30,1,"adult"
"9061",1,"F228",31,1,"adult"
"9062",1,"F228",32,1,"adult"
"9063",1,"F228",33,1,"adult"
"9064",1,"F228",34,1,"adult"
"9065",1,"F228",35,1,"adult"
"9066",1,"F228",36,1,"adult"
"9067",1,"F228",37,1,"adult"
"9068",1,"F228",38,1,"adult"
"9069",1,"F228",39,1,"adult"
"9070",1,"F228",40,1,"adult"
"9071",1,"F228",41,1,"adult"
"9073",1,"F229",1,1,"unborn"
"9074",1,"F229",2,1,"unborn"
"9075",1,"F229",3,1,"unborn"
"9076",1,"F229",4,1,"unborn"
"9077",1,"F229",5,1,"unborn"
"9078",1,"F229",6,1,"unborn"
"9079",1,"F229",7,1,"unborn"
"9080",1,"F229",8,1,"unborn"
"9081",1,"F229",9,1,"unborn"
"9082",1,"F229",10,1,"unborn"
"9083",1,"F229",11,1,"unborn"
"9084",1,"F229",12,1,"unborn"
"9085",1,"F229",13,1,"unborn"
"9086",1,"F229",14,1,"unborn"
"9087",1,"F229",15,1,"unborn"
"9088",1,"F229",16,1,"unborn"
"9089",1,"F229",17,1,"unborn"
"9090",1,"F229",18,1,"unborn"
"9091",1,"F229",19,1,"unborn"
"9092",1,"F229",20,1,"unborn"
"9093",1,"F229",21,1,"unborn"
"9094",1,"F229",22,1,"unborn"
"9095",1,"F229",23,1,"unborn"
"9096",1,"F229",24,1,"calf"
"9097",1,"F229",25,1,"calf"
"9098",1,"F229",26,1,"calf"
"9099",1,"F229",27,1,"calf"
"9100",1,"F229",28,1,"calf"
"9101",1,"F229",29,1,"calf"
"9102",1,"F229",30,1,"calf"
"9103",1,"F229",31,1,"calf"
"9104",1,"F229",32,1,"calf"
"9105",1,"F229",33,1,"calf"
"9106",1,"F229",34,1,"calf"
"9107",1,"F229",35,1,"calf"
"9108",1,"F229",36,1,"calf"
"9109",1,"F229",37,1,"juvenile"
"9110",1,"F229",38,1,"juvenile"
"9111",1,"F229",39,1,"juvenile"
"9112",1,"F229",40,1,"juvenile"
"9113",1,"F229",41,1,"juvenile"
"9115",1,"F230",1,1,"unborn"
"9116",1,"F230",2,1,"unborn"
"9117",1,"F230",3,1,"unborn"
"9118",1,"F230",4,1,"unborn"
"9119",1,"F230",5,1,"unborn"
"9120",1,"F230",6,1,"unborn"
"9121",1,"F230",7,1,"unborn"
"9122",1,"F230",8,1,"unborn"
"9123",1,"F230",9,1,"unborn"
"9124",1,"F230",10,1,"unborn"
"9125",1,"F230",11,1,"unborn"
"9126",1,"F230",12,1,"unborn"
"9127",1,"F230",13,1,"unborn"
"9128",1,"F230",14,1,"calf"
"9129",1,"F230",15,1,"calf"
"9130",1,"F230",16,1,"calf"
"9131",1,"F230",17,1,"calf"
"9132",1,"F230",18,1,"calf"
"9133",1,"F230",19,1,"calf"
"9134",1,"F230",20,1,"calf"
"9135",1,"F230",21,1,"juvenile"
"9136",1,"F230",22,1,"juvenile"
"9137",1,"F230",23,1,"juvenile"
"9138",1,"F230",24,1,"juvenile"
"9139",1,"F230",25,1,"juvenile"
"9140",1,"F230",26,1,"juvenile"
"9141",1,"F230",27,1,"juvenile"
"9142",1,"F230",28,1,"juvenile"
"9143",1,"F230",29,1,"juvenile"
"9144",1,"F230",30,1,"juvenile"
"9145",1,"F230",31,1,"juvenile"
"9146",1,"F230",32,1,"juvenile"
"9147",1,"F230",33,1,"juvenile"
"9148",1,"F230",34,1,"adult"
"9149",1,"F230",35,1,"adult"
"9150",1,"F230",36,1,"adult"
"9151",1,"F230",37,1,"adult"
"9152",1,"F230",38,1,"adult"
"9153",1,"F230",39,1,"adult"
"9154",1,"F230",40,1,"adult"
"9155",1,"F230",41,1,"adult"
"9157",1,"F231",1,1,"adult"
"9158",1,"F231",2,1,"adult"
"9159",1,"F231",3,1,"adult"
"9160",1,"F231",4,1,"adult"
"9161",1,"F231",5,1,"adult"
"9162",1,"F231",6,1,"adult"
"9163",1,"F231",7,1,"adult"
"9164",1,"F231",8,1,"adult"
"9165",1,"F231",9,1,"adult"
"9166",1,"F231",10,1,"adult"
"9167",1,"F231",11,1,"adult"
"9168",1,"F231",12,1,"adult"
"9169",1,"F231",13,1,"adult"
"9170",1,"F231",14,1,"adult"
"9171",1,"F231",15,1,"adult"
"9172",1,"F231",16,1,"adult"
"9173",1,"F231",17,1,"adult"
"9174",1,"F231",18,1,"adult"
"9175",1,"F231",19,1,"adult"
"9176",1,"F231",20,1,"adult"
"9177",1,"F231",21,1,"adult"
"9178",1,"F231",22,1,"adult"
"9179",1,"F231",23,1,"adult"
"9180",1,"F231",24,1,"adult"
"9181",1,"F231",25,1,"adult"
"9182",1,"F231",26,1,"adult"
"9183",1,"F231",27,1,"adult"
"9184",1,"F231",28,1,"adult"
"9185",1,"F231",29,1,"adult"
"9186",1,"F231",30,1,"adult"
"9187",1,"F231",31,1,"adult"
"9188",1,"F231",32,1,"adult"
"9189",1,"F231",33,1,"adult"
"9190",1,"F231",34,1,"adult"
"9191",1,"F231",35,1,"adult"
"9192",1,"F231",36,1,"adult"
"9193",1,"F231",37,1,"adult"
"9194",1,"F231",38,1,"adult"
"9195",1,"F231",39,1,"adult"
"9196",1,"F231",40,1,"adult"
"9197",1,"F231",41,1,"adult"
"9199",1,"F232",1,1,"unborn"
"9200",1,"F232",2,1,"unborn"
"9201",1,"F232",3,1,"unborn"
"9202",1,"F232",4,1,"unborn"
"9203",1,"F232",5,1,"unborn"
"9204",1,"F232",6,1,"unborn"
"9205",1,"F232",7,1,"unborn"
"9206",1,"F232",8,1,"unborn"
"9207",1,"F232",9,1,"unborn"
"9208",1,"F232",10,1,"unborn"
"9209",1,"F232",11,1,"unborn"
"9210",1,"F232",12,1,"unborn"
"9211",1,"F232",13,1,"unborn"
"9212",1,"F232",14,1,"calf"
"9213",1,"F232",15,1,"calf"
"9214",1,"F232",16,1,"calf"
"9215",1,"F232",17,1,"calf"
"9216",1,"F232",18,1,"calf"
"9217",1,"F232",19,1,"calf"
"9218",1,"F232",20,1,"calf"
"9219",1,"F232",21,1,"juvenile"
"9220",1,"F232",22,1,"juvenile"
"9221",1,"F232",23,1,"juvenile"
"9222",1,"F232",24,1,"juvenile"
"9223",1,"F232",25,1,"juvenile"
"9224",1,"F232",26,1,"juvenile"
"9225",1,"F232",27,1,"juvenile"
"9226",1,"F232",28,1,"juvenile"
"9227",1,"F232",29,1,"juvenile"
"9228",1,"F232",30,1,"juvenile"
"9229",1,"F232",31,1,"juvenile"
"9230",1,"F232",32,1,"juvenile"
"9231",1,"F232",33,1,"juvenile"
"9232",1,"F232",34,1,"adult"
"9233",1,"F232",35,1,"adult"
"9234",1,"F232",36,1,"adult"
"9235",1,"F232",37,1,"adult"
"9236",1,"F232",38,1,"adult"
"9237",1,"F232",39,1,"adult"
"9238",1,"F232",40,1,"adult"
"9239",1,"F232",41,1,"adult"
"9241",1,"F233",1,1,"unborn"
"9242",1,"F233",2,1,"unborn"
"9243",1,"F233",3,1,"unborn"
"9244",1,"F233",4,1,"unborn"
"9245",1,"F233",5,1,"unborn"
"9246",1,"F233",6,1,"unborn"
"9247",1,"F233",7,1,"unborn"
"9248",1,"F233",8,1,"unborn"
"9249",1,"F233",9,1,"unborn"
"9250",1,"F233",10,1,"unborn"
"9251",1,"F233",11,1,"unborn"
"9252",1,"F233",12,1,"unborn"
"9253",1,"F233",13,1,"unborn"
"9254",1,"F233",14,1,"unborn"
"9255",1,"F233",15,1,"unborn"
"9256",1,"F233",16,1,"unborn"
"9257",1,"F233",17,1,"unborn"
"9258",1,"F233",18,1,"unborn"
"9259",1,"F233",19,1,"unborn"
"9260",1,"F233",20,1,"unborn"
"9261",1,"F233",21,1,"unborn"
"9262",1,"F233",22,1,"unborn"
"9263",1,"F233",23,1,"unborn"
"9264",1,"F233",24,1,"unborn"
"9265",1,"F233",25,1,"unborn"
"9266",1,"F233",26,1,"unborn"
"9267",1,"F233",27,1,"unborn"
"9268",1,"F233",28,1,"unborn"
"9269",1,"F233",29,1,"unborn"
"9270",1,"F233",30,1,"calf"
"9271",1,"F233",31,1,"calf"
"9272",1,"F233",32,1,"calf"
"9273",1,"F233",33,1,"calf"
"9274",1,"F233",34,1,"calf"
"9275",1,"F233",35,1,"calf"
"9276",1,"F233",36,1,"calf"
"9277",1,"F233",37,1,"calf"
"9278",1,"F233",38,1,"calf"
"9279",1,"F233",39,1,"calf"
"9280",1,"F233",40,1,"calf"
"9281",1,"F233",41,1,"calf"
"9283",1,"F234",1,1,"unborn"
"9284",1,"F234",2,1,"unborn"
"9285",1,"F234",3,1,"unborn"
"9286",1,"F234",4,1,"unborn"
"9287",1,"F234",5,1,"unborn"
"9288",1,"F234",6,1,"unborn"
"9289",1,"F234",7,1,"unborn"
"9290",1,"F234",8,1,"unborn"
"9291",1,"F234",9,1,"unborn"
"9292",1,"F234",10,1,"unborn"
"9293",1,"F234",11,1,"unborn"
"9294",1,"F234",12,1,"calf"
"9295",1,"F234",13,1,"calf"
"9296",1,"F234",14,1,"calf"
"9297",1,"F234",15,1,"juvenile"
"9298",1,"F234",16,1,"juvenile"
"9299",1,"F234",17,1,"juvenile"
"9300",1,"F234",18,1,"juvenile"
"9301",1,"F234",19,1,"juvenile"
"9302",1,"F234",20,1,"juvenile"
"9303",1,"F234",21,1,"juvenile"
"9304",1,"F234",22,1,"juvenile"
"9305",1,"F234",23,1,"juvenile"
"9306",1,"F234",24,1,"adult"
"9307",1,"F234",25,1,"adult"
"9308",1,"F234",26,1,"adult"
"9309",1,"F234",27,1,"adult"
"9310",1,"F234",28,1,"adult"
"9311",1,"F234",29,1,"adult"
"9312",1,"F234",30,1,"adult"
"9313",1,"F234",31,1,"adult"
"9314",1,"F234",32,1,"adult"
"9315",1,"F234",33,1,"adult"
"9316",1,"F234",34,1,"adult"
"9317",1,"F234",35,1,"adult"
"9318",1,"F234",36,1,"adult"
"9319",1,"F234",37,1,"adult"
"9320",1,"F234",38,1,"adult"
"9321",1,"F234",39,1,"adult"
"9322",1,"F234",40,1,"adult"
"9323",1,"F234",41,1,"adult"
"9325",1,"F235",1,1,"unborn"
"9326",1,"F235",2,1,"unborn"
"9327",1,"F235",3,1,"unborn"
"9328",1,"F235",4,1,"unborn"
"9329",1,"F235",5,1,"unborn"
"9330",1,"F235",6,1,"unborn"
"9331",1,"F235",7,1,"unborn"
"9332",1,"F235",8,1,"unborn"
"9333",1,"F235",9,1,"unborn"
"9334",1,"F235",10,1,"unborn"
"9335",1,"F235",11,1,"unborn"
"9336",1,"F235",12,1,"unborn"
"9337",1,"F235",13,1,"unborn"
"9338",1,"F235",14,1,"unborn"
"9339",1,"F235",15,1,"unborn"
"9340",1,"F235",16,1,"unborn"
"9341",1,"F235",17,1,"unborn"
"9342",1,"F235",18,1,"unborn"
"9343",1,"F235",19,1,"unborn"
"9344",1,"F235",20,1,"unborn"
"9345",1,"F235",21,1,"unborn"
"9346",1,"F235",22,1,"unborn"
"9347",1,"F235",23,1,"unborn"
"9348",1,"F235",24,1,"unborn"
"9349",1,"F235",25,1,"unborn"
"9350",1,"F235",26,1,"unborn"
"9351",1,"F235",27,1,"unborn"
"9352",1,"F235",28,1,"unborn"
"9353",1,"F235",29,1,"unborn"
"9354",1,"F235",30,1,"calf"
"9355",1,"F235",31,1,"calf"
"9356",1,"F235",32,1,"calf"
"9357",1,"F235",33,1,"calf"
"9358",1,"F235",34,1,"calf"
"9359",1,"F235",35,1,"calf"
"9360",1,"F235",36,1,"calf"
"9361",1,"F235",37,1,"calf"
"9362",1,"F235",38,1,"calf"
"9363",1,"F235",39,1,"calf"
"9364",1,"F235",40,1,"calf"
"9365",1,"F235",41,1,"calf"
"9367",1,"F236",1,1,"calf"
"9368",1,"F236",2,1,"calf"
"9369",1,"F236",3,1,"calf"
"9370",1,"F236",4,1,"calf"
"9371",1,"F236",5,1,"calf"
"9372",1,"F236",6,1,"calf"
"9373",1,"F236",7,1,"calf"
"9374",1,"F236",8,1,"calf"
"9375",1,"F236",9,1,"calf"
"9376",1,"F236",10,1,"calf"
"9377",1,"F236",11,1,"juvenile"
"9378",1,"F236",12,1,"juvenile"
"9379",1,"F236",13,1,"juvenile"
"9380",1,"F236",14,1,"juvenile"
"9381",1,"F236",15,1,"adult"
"9382",1,"F236",16,1,"adult"
"9383",1,"F236",17,1,"adult"
"9384",1,"F236",18,1,"adult"
"9385",1,"F236",19,1,"adult"
"9386",1,"F236",20,1,"adult"
"9387",1,"F236",21,1,"adult"
"9388",1,"F236",22,1,"adult"
"9389",1,"F236",23,1,"adult"
"9390",1,"F236",24,1,"adult"
"9391",1,"F236",25,1,"adult"
"9392",1,"F236",26,1,"adult"
"9393",1,"F236",27,1,"adult"
"9394",1,"F236",28,1,"adult"
"9395",1,"F236",29,1,"adult"
"9396",1,"F236",30,1,"adult"
"9397",1,"F236",31,1,"adult"
"9398",1,"F236",32,1,"adult"
"9399",1,"F236",33,1,"adult"
"9400",1,"F236",34,1,"adult"
"9401",1,"F236",35,1,"adult"
"9402",1,"F236",36,1,"adult"
"9403",1,"F236",37,1,"adult"
"9404",1,"F236",38,1,"adult"
"9405",1,"F236",39,1,"adult"
"9406",1,"F236",40,1,"adult"
"9407",1,"F236",41,1,"adult"
"9409",1,"F237",1,1,"adult"
"9410",1,"F237",2,1,"adult"
"9411",1,"F237",3,1,"adult"
"9412",1,"F237",4,1,"adult"
"9413",1,"F237",5,1,"adult"
"9414",1,"F237",6,1,"adult"
"9415",1,"F237",7,1,"adult"
"9416",1,"F237",8,1,"adult"
"9417",1,"F237",9,1,"adult"
"9418",1,"F237",10,1,"adult"
"9419",1,"F237",11,1,"adult"
"9420",1,"F237",12,1,"adult"
"9421",1,"F237",13,1,"adult"
"9422",1,"F237",14,1,"adult"
"9423",1,"F237",15,1,"adult"
"9424",1,"F237",16,1,"adult"
"9425",1,"F237",17,1,"adult"
"9426",1,"F237",18,1,"adult"
"9427",1,"F237",19,1,"adult"
"9428",1,"F237",20,1,"adult"
"9429",1,"F237",21,1,"adult"
"9430",1,"F237",22,1,"adult"
"9431",1,"F237",23,1,"adult"
"9432",1,"F237",24,1,"adult"
"9433",1,"F237",25,1,"adult"
"9434",1,"F237",26,1,"adult"
"9435",1,"F237",27,1,"adult"
"9436",1,"F237",28,1,"adult"
"9437",1,"F237",29,1,"adult"
"9438",1,"F237",30,1,"adult"
"9439",1,"F237",31,1,"adult"
"9440",1,"F237",32,1,"adult"
"9441",1,"F237",33,1,"adult"
"9442",1,"F237",34,1,"adult"
"9443",1,"F237",35,1,"adult"
"9444",1,"F237",36,1,"adult"
"9445",1,"F237",37,1,"adult"
"9446",1,"F237",38,1,"adult"
"9447",1,"F237",39,1,"adult"
"9448",1,"F237",40,1,"adult"
"9449",1,"F237",41,1,"adult"
"9451",1,"F238",1,1,"unborn"
"9452",1,"F238",2,1,"unborn"
"9453",1,"F238",3,1,"unborn"
"9454",1,"F238",4,1,"unborn"
"9455",1,"F238",5,1,"unborn"
"9456",1,"F238",6,1,"unborn"
"9457",1,"F238",7,1,"unborn"
"9458",1,"F238",8,1,"unborn"
"9459",1,"F238",9,1,"unborn"
"9460",1,"F238",10,1,"unborn"
"9461",1,"F238",11,1,"unborn"
"9462",1,"F238",12,1,"unborn"
"9463",1,"F238",13,1,"unborn"
"9464",1,"F238",14,1,"calf"
"9465",1,"F238",15,1,"calf"
"9466",1,"F238",16,1,"calf"
"9467",1,"F238",17,1,"calf"
"9468",1,"F238",18,1,"calf"
"9469",1,"F238",19,1,"calf"
"9470",1,"F238",20,1,"calf"
"9471",1,"F238",21,1,"juvenile"
"9472",1,"F238",22,1,"juvenile"
"9473",1,"F238",23,1,"juvenile"
"9474",1,"F238",24,1,"juvenile"
"9475",1,"F238",25,1,"juvenile"
"9476",1,"F238",26,1,"juvenile"
"9477",1,"F238",27,1,"juvenile"
"9478",1,"F238",28,1,"juvenile"
"9479",1,"F238",29,1,"juvenile"
"9480",1,"F238",30,1,"juvenile"
"9481",1,"F238",31,1,"juvenile"
"9482",1,"F238",32,1,"juvenile"
"9483",1,"F238",33,1,"juvenile"
"9484",1,"F238",34,1,"adult"
"9485",1,"F238",35,1,"adult"
"9486",1,"F238",36,1,"adult"
"9487",1,"F238",37,1,"adult"
"9488",1,"F238",38,1,"adult"
"9489",1,"F238",39,1,"adult"
"9490",1,"F238",40,1,"adult"
"9491",1,"F238",41,1,"adult"
"9493",1,"F239",1,1,"unborn"
"9494",1,"F239",2,1,"unborn"
"9495",1,"F239",3,1,"unborn"
"9496",1,"F239",4,1,"unborn"
"9497",1,"F239",5,1,"unborn"
"9498",1,"F239",6,1,"unborn"
"9499",1,"F239",7,1,"unborn"
"9500",1,"F239",8,1,"unborn"
"9501",1,"F239",9,1,"unborn"
"9502",1,"F239",10,1,"unborn"
"9503",1,"F239",11,1,"unborn"
"9504",1,"F239",12,1,"unborn"
"9505",1,"F239",13,1,"unborn"
"9506",1,"F239",14,1,"unborn"
"9507",1,"F239",15,1,"unborn"
"9508",1,"F239",16,1,"unborn"
"9509",1,"F239",17,1,"unborn"
"9510",1,"F239",18,1,"unborn"
"9511",1,"F239",19,1,"unborn"
"9512",1,"F239",20,1,"unborn"
"9513",1,"F239",21,1,"unborn"
"9514",1,"F239",22,1,"unborn"
"9515",1,"F239",23,1,"unborn"
"9516",1,"F239",24,1,"unborn"
"9517",1,"F239",25,1,"unborn"
"9518",1,"F239",26,1,"unborn"
"9519",1,"F239",27,1,"unborn"
"9520",1,"F239",28,1,"unborn"
"9521",1,"F239",29,1,"unborn"
"9522",1,"F239",30,1,"calf"
"9523",1,"F239",31,1,"calf"
"9524",1,"F239",32,1,"calf"
"9525",1,"F239",33,1,"calf"
"9526",1,"F239",34,1,"calf"
"9527",1,"F239",35,1,"calf"
"9528",1,"F239",36,1,"calf"
"9529",1,"F239",37,1,"calf"
"9530",1,"F239",38,1,"calf"
"9531",1,"F239",39,1,"calf"
"9532",1,"F239",40,1,"calf"
"9533",1,"F239",41,1,"calf"
"9535",1,"F240",1,1,"unborn"
"9536",1,"F240",2,1,"unborn"
"9537",1,"F240",3,1,"unborn"
"9538",1,"F240",4,1,"unborn"
"9539",1,"F240",5,1,"unborn"
"9540",1,"F240",6,1,"unborn"
"9541",1,"F240",7,1,"unborn"
"9542",1,"F240",8,1,"unborn"
"9543",1,"F240",9,1,"unborn"
"9544",1,"F240",10,1,"unborn"
"9545",1,"F240",11,1,"unborn"
"9546",1,"F240",12,1,"unborn"
"9547",1,"F240",13,1,"unborn"
"9548",1,"F240",14,1,"unborn"
"9549",1,"F240",15,1,"unborn"
"9550",1,"F240",16,1,"calf"
"9551",1,"F240",17,1,"calf"
"9552",1,"F240",18,1,"calf"
"9553",1,"F240",19,1,"calf"
"9554",1,"F240",20,1,"calf"
"9555",1,"F240",21,1,"calf"
"9556",1,"F240",22,1,"calf"
"9557",1,"F240",23,1,"calf"
"9558",1,"F240",24,1,"juvenile"
"9559",1,"F240",25,1,"juvenile"
"9560",1,"F240",26,1,"juvenile"
"9561",1,"F240",27,1,"juvenile"
"9562",1,"F240",28,1,"juvenile"
"9563",1,"F240",29,1,"juvenile"
"9564",1,"F240",30,1,"juvenile"
"9565",1,"F240",31,1,"juvenile"
"9566",1,"F240",32,1,"juvenile"
"9567",1,"F240",33,1,"juvenile"
"9568",1,"F240",34,1,"juvenile"
"9569",1,"F240",35,1,"juvenile"
"9570",1,"F240",36,1,"juvenile"
"9571",1,"F240",37,1,"juvenile"
"9572",1,"F240",38,1,"juvenile"
"9573",1,"F240",39,1,"juvenile"
"9574",1,"F240",40,1,"juvenile"
"9575",1,"F240",41,1,"juvenile"
"9577",1,"F241",1,1,"unborn"
"9578",1,"F241",2,1,"unborn"
"9579",1,"F241",3,1,"unborn"
"9580",1,"F241",4,1,"unborn"
"9581",1,"F241",5,1,"unborn"
"9582",1,"F241",6,1,"unborn"
"9583",1,"F241",7,1,"unborn"
"9584",1,"F241",8,1,"unborn"
"9585",1,"F241",9,1,"unborn"
"9586",1,"F241",10,1,"unborn"
"9587",1,"F241",11,1,"unborn"
"9588",1,"F241",12,1,"unborn"
"9589",1,"F241",13,1,"unborn"
"9590",1,"F241",14,1,"unborn"
"9591",1,"F241",15,1,"unborn"
"9592",1,"F241",16,1,"unborn"
"9593",1,"F241",17,1,"unborn"
"9594",1,"F241",18,1,"unborn"
"9595",1,"F241",19,1,"unborn"
"9596",1,"F241",20,1,"unborn"
"9597",1,"F241",21,1,"unborn"
"9598",1,"F241",22,1,"unborn"
"9599",1,"F241",23,1,"calf"
"9600",1,"F241",24,1,"calf"
"9601",1,"F241",25,1,"calf"
"9602",1,"F241",26,1,"calf"
"9603",1,"F241",27,1,"calf"
"9604",1,"F241",28,1,"calf"
"9605",1,"F241",29,1,"calf"
"9606",1,"F241",30,1,"calf"
"9607",1,"F241",31,1,"calf"
"9608",1,"F241",32,1,"calf"
"9609",1,"F241",33,1,"calf"
"9610",1,"F241",34,1,"juvenile"
"9611",1,"F241",35,1,"juvenile"
"9612",1,"F241",36,1,"juvenile"
"9613",1,"F241",37,1,"juvenile"
"9614",1,"F241",38,1,"juvenile"
"9615",1,"F241",39,1,"juvenile"
"9616",1,"F241",40,1,"juvenile"
"9617",1,"F241",41,1,"juvenile"
"9619",1,"F242",1,1,"juvenile"
"9620",1,"F242",2,1,"juvenile"
"9621",1,"F242",3,1,"juvenile"
"9622",1,"F242",4,1,"juvenile"
"9623",1,"F242",5,1,"juvenile"
"9624",1,"F242",6,1,"juvenile"
"9625",1,"F242",7,1,"juvenile"
"9626",1,"F242",8,1,"juvenile"
"9627",1,"F242",9,1,"juvenile"
"9628",1,"F242",10,1,"juvenile"
"9629",1,"F242",11,1,"juvenile"
"9630",1,"F242",12,1,"adult"
"9631",1,"F242",13,1,"adult"
"9632",1,"F242",14,1,"adult"
"9633",1,"F242",15,1,"adult"
"9634",1,"F242",16,1,"adult"
"9635",1,"F242",17,1,"adult"
"9636",1,"F242",18,1,"adult"
"9637",1,"F242",19,1,"adult"
"9638",1,"F242",20,1,"adult"
"9639",1,"F242",21,1,"adult"
"9640",1,"F242",22,1,"adult"
"9641",1,"F242",23,1,"adult"
"9642",1,"F242",24,1,"adult"
"9643",1,"F242",25,1,"adult"
"9644",1,"F242",26,1,"adult"
"9645",1,"F242",27,1,"adult"
"9646",1,"F242",28,1,"adult"
"9647",1,"F242",29,1,"adult"
"9648",1,"F242",30,1,"adult"
"9649",1,"F242",31,1,"adult"
"9650",1,"F242",32,1,"adult"
"9651",1,"F242",33,1,"adult"
"9652",1,"F242",34,1,"adult"
"9653",1,"F242",35,1,"adult"
"9654",1,"F242",36,1,"adult"
"9655",1,"F242",37,1,"adult"
"9656",1,"F242",38,1,"adult"
"9657",1,"F242",39,1,"adult"
"9658",1,"F242",40,1,"adult"
"9659",1,"F242",41,1,"adult"
"9661",1,"F243",1,1,"unborn"
"9662",1,"F243",2,1,"unborn"
"9663",1,"F243",3,1,"unborn"
"9664",1,"F243",4,1,"unborn"
"9665",1,"F243",5,1,"unborn"
"9666",1,"F243",6,1,"unborn"
"9667",1,"F243",7,1,"unborn"
"9668",1,"F243",8,1,"unborn"
"9669",1,"F243",9,1,"unborn"
"9670",1,"F243",10,1,"unborn"
"9671",1,"F243",11,1,"unborn"
"9672",1,"F243",12,1,"unborn"
"9673",1,"F243",13,1,"unborn"
"9674",1,"F243",14,1,"unborn"
"9675",1,"F243",15,1,"unborn"
"9676",1,"F243",16,1,"unborn"
"9677",1,"F243",17,1,"unborn"
"9678",1,"F243",18,1,"unborn"
"9679",1,"F243",19,1,"unborn"
"9680",1,"F243",20,1,"unborn"
"9681",1,"F243",21,1,"unborn"
"9682",1,"F243",22,1,"unborn"
"9683",1,"F243",23,1,"unborn"
"9684",1,"F243",24,1,"unborn"
"9685",1,"F243",25,1,"unborn"
"9686",1,"F243",26,1,"unborn"
"9687",1,"F243",27,1,"unborn"
"9688",1,"F243",28,1,"unborn"
"9689",1,"F243",29,1,"unborn"
"9690",1,"F243",30,1,"unborn"
"9691",1,"F243",31,1,"unborn"
"9692",1,"F243",32,1,"unborn"
"9693",1,"F243",33,1,"unborn"
"9694",1,"F243",34,1,"unborn"
"9695",1,"F243",35,1,"unborn"
"9696",1,"F243",36,1,"unborn"
"9697",1,"F243",37,1,"calf"
"9698",1,"F243",38,1,"calf"
"9699",1,"F243",39,1,"calf"
"9700",1,"F243",40,1,"calf"
"9701",1,"F243",41,1,"calf"
"9703",1,"F244",1,1,"unborn"
"9704",1,"F244",2,1,"unborn"
"9705",1,"F244",3,1,"unborn"
"9706",1,"F244",4,1,"unborn"
"9707",1,"F244",5,1,"unborn"
"9708",1,"F244",6,1,"unborn"
"9709",1,"F244",7,1,"unborn"
"9710",1,"F244",8,1,"unborn"
"9711",1,"F244",9,1,"unborn"
"9712",1,"F244",10,1,"unborn"
"9713",1,"F244",11,1,"unborn"
"9714",1,"F244",12,1,"unborn"
"9715",1,"F244",13,1,"unborn"
"9716",1,"F244",14,1,"unborn"
"9717",1,"F244",15,1,"unborn"
"9718",1,"F244",16,1,"calf"
"9719",1,"F244",17,1,"calf"
"9720",1,"F244",18,1,"calf"
"9721",1,"F244",19,1,"calf"
"9722",1,"F244",20,1,"calf"
"9723",1,"F244",21,1,"calf"
"9724",1,"F244",22,1,"calf"
"9725",1,"F244",23,1,"calf"
"9726",1,"F244",24,1,"juvenile"
"9727",1,"F244",25,1,"juvenile"
"9728",1,"F244",26,1,"juvenile"
"9729",1,"F244",27,1,"juvenile"
"9730",1,"F244",28,1,"juvenile"
"9731",1,"F244",29,1,"juvenile"
"9732",1,"F244",30,1,"juvenile"
"9733",1,"F244",31,1,"juvenile"
"9734",1,"F244",32,1,"juvenile"
"9735",1,"F244",33,1,"juvenile"
"9736",1,"F244",34,1,"juvenile"
"9737",1,"F244",35,1,"juvenile"
"9738",1,"F244",36,1,"juvenile"
"9739",1,"F244",37,1,"juvenile"
"9740",1,"F244",38,1,"juvenile"
"9741",1,"F244",39,1,"juvenile"
"9742",1,"F244",40,1,"juvenile"
"9743",1,"F244",41,1,"juvenile"
"9745",1,"F245",1,1,"unborn"
"9746",1,"F245",2,1,"unborn"
"9747",1,"F245",3,1,"unborn"
"9748",1,"F245",4,1,"unborn"
"9749",1,"F245",5,1,"unborn"
"9750",1,"F245",6,1,"unborn"
"9751",1,"F245",7,1,"unborn"
"9752",1,"F245",8,1,"unborn"
"9753",1,"F245",9,1,"unborn"
"9754",1,"F245",10,1,"unborn"
"9755",1,"F245",11,1,"unborn"
"9756",1,"F245",12,1,"unborn"
"9757",1,"F245",13,1,"unborn"
"9758",1,"F245",14,1,"unborn"
"9759",1,"F245",15,1,"unborn"
"9760",1,"F245",16,1,"unborn"
"9761",1,"F245",17,1,"unborn"
"9762",1,"F245",18,1,"unborn"
"9763",1,"F245",19,1,"unborn"
"9764",1,"F245",20,1,"unborn"
"9765",1,"F245",21,1,"unborn"
"9766",1,"F245",22,1,"unborn"
"9767",1,"F245",23,1,"unborn"
"9768",1,"F245",24,1,"unborn"
"9769",1,"F245",25,1,"unborn"
"9770",1,"F245",26,1,"unborn"
"9771",1,"F245",27,1,"unborn"
"9772",1,"F245",28,1,"unborn"
"9773",1,"F245",29,1,"unborn"
"9774",1,"F245",30,1,"unborn"
"9775",1,"F245",31,1,"unborn"
"9776",1,"F245",32,1,"unborn"
"9777",1,"F245",33,1,"unborn"
"9778",1,"F245",34,1,"unborn"
"9779",1,"F245",35,1,"unborn"
"9780",1,"F245",36,1,"unborn"
"9781",1,"F245",37,1,"calf"
"9782",1,"F245",38,1,"calf"
"9783",1,"F245",39,1,"calf"
"9784",1,"F245",40,1,"calf"
"9785",1,"F245",41,1,"calf"
"9787",1,"F246",1,1,"unborn"
"9788",1,"F246",2,1,"unborn"
"9789",1,"F246",3,1,"unborn"
"9790",1,"F246",4,1,"unborn"
"9791",1,"F246",5,1,"unborn"
"9792",1,"F246",6,1,"unborn"
"9793",1,"F246",7,1,"unborn"
"9794",1,"F246",8,1,"unborn"
"9795",1,"F246",9,1,"unborn"
"9796",1,"F246",10,1,"unborn"
"9797",1,"F246",11,1,"unborn"
"9798",1,"F246",12,1,"unborn"
"9799",1,"F246",13,1,"unborn"
"9800",1,"F246",14,1,"unborn"
"9801",1,"F246",15,1,"unborn"
"9802",1,"F246",16,1,"calf"
"9803",1,"F246",17,1,"calf"
"9804",1,"F246",18,1,"calf"
"9805",1,"F246",19,1,"calf"
"9806",1,"F246",20,1,"calf"
"9807",1,"F246",21,1,"calf"
"9808",1,"F246",22,1,"calf"
"9809",1,"F246",23,1,"calf"
"9810",1,"F246",24,1,"juvenile"
"9811",1,"F246",25,1,"juvenile"
"9812",1,"F246",26,1,"juvenile"
"9813",1,"F246",27,1,"juvenile"
"9814",1,"F246",28,1,"juvenile"
"9815",1,"F246",29,1,"juvenile"
"9816",1,"F246",30,1,"juvenile"
"9817",1,"F246",31,1,"juvenile"
"9818",1,"F246",32,1,"juvenile"
"9819",1,"F246",33,1,"juvenile"
"9820",1,"F246",34,1,"juvenile"
"9821",1,"F246",35,1,"juvenile"
"9822",1,"F246",36,1,"juvenile"
"9823",1,"F246",37,1,"juvenile"
"9824",1,"F246",38,1,"juvenile"
"9825",1,"F246",39,1,"juvenile"
"9826",1,"F246",40,1,"juvenile"
"9827",1,"F246",41,1,"juvenile"
"9829",1,"F247",1,1,"unborn"
"9830",1,"F247",2,1,"unborn"
"9831",1,"F247",3,1,"unborn"
"9832",1,"F247",4,1,"unborn"
"9833",1,"F247",5,1,"unborn"
"9834",1,"F247",6,1,"unborn"
"9835",1,"F247",7,1,"unborn"
"9836",1,"F247",8,1,"unborn"
"9837",1,"F247",9,1,"unborn"
"9838",1,"F247",10,1,"unborn"
"9839",1,"F247",11,1,"unborn"
"9840",1,"F247",12,1,"unborn"
"9841",1,"F247",13,1,"unborn"
"9842",1,"F247",14,1,"unborn"
"9843",1,"F247",15,1,"unborn"
"9844",1,"F247",16,1,"unborn"
"9845",1,"F247",17,1,"unborn"
"9846",1,"F247",18,1,"unborn"
"9847",1,"F247",19,1,"unborn"
"9848",1,"F247",20,1,"unborn"
"9849",1,"F247",21,1,"unborn"
"9850",1,"F247",22,1,"unborn"
"9851",1,"F247",23,1,"unborn"
"9852",1,"F247",24,1,"unborn"
"9853",1,"F247",25,1,"unborn"
"9854",1,"F247",26,1,"unborn"
"9855",1,"F247",27,1,"unborn"
"9856",1,"F247",28,1,"unborn"
"9857",1,"F247",29,1,"unborn"
"9858",1,"F247",30,1,"unborn"
"9859",1,"F247",31,1,"unborn"
"9860",1,"F247",32,1,"unborn"
"9861",1,"F247",33,1,"unborn"
"9862",1,"F247",34,1,"unborn"
"9863",1,"F247",35,1,"unborn"
"9864",1,"F247",36,1,"unborn"
"9865",1,"F247",37,1,"calf"
"9866",1,"F247",38,1,"calf"
"9867",1,"F247",39,1,"calf"
"9868",1,"F247",40,1,"calf"
"9869",1,"F247",41,1,"calf"
"9871",1,"F248",1,1,"unborn"
"9872",1,"F248",2,1,"unborn"
"9873",1,"F248",3,1,"unborn"
"9874",1,"F248",4,1,"unborn"
"9875",1,"F248",5,1,"unborn"
"9876",1,"F248",6,1,"unborn"
"9877",1,"F248",7,1,"unborn"
"9878",1,"F248",8,1,"unborn"
"9879",1,"F248",9,1,"unborn"
"9880",1,"F248",10,1,"unborn"
"9881",1,"F248",11,1,"calf"
"9882",1,"F248",12,1,"calf"
"9883",1,"F248",13,1,"calf"
"9884",1,"F248",14,1,"juvenile"
"9885",1,"F248",15,1,"juvenile"
"9886",1,"F248",16,1,"juvenile"
"9887",1,"F248",17,1,"juvenile"
"9888",1,"F248",18,1,"juvenile"
"9889",1,"F248",19,1,"juvenile"
"9890",1,"F248",20,1,"juvenile"
"9891",1,"F248",21,1,"juvenile"
"9892",1,"F248",22,1,"juvenile"
"9893",1,"F248",23,1,"adult"
"9894",1,"F248",24,1,"adult"
"9895",1,"F248",25,1,"adult"
"9896",1,"F248",26,1,"adult"
"9897",1,"F248",27,1,"adult"
"9898",1,"F248",28,1,"adult"
"9899",1,"F248",29,1,"adult"
"9900",1,"F248",30,1,"adult"
"9901",1,"F248",31,1,"adult"
"9902",1,"F248",32,1,"adult"
"9903",1,"F248",33,1,"adult"
"9904",1,"F248",34,1,"adult"
"9905",1,"F248",35,1,"adult"
"9906",1,"F248",36,1,"adult"
"9907",1,"F248",37,1,"adult"
"9908",1,"F248",38,1,"adult"
"9909",1,"F248",39,1,"adult"
"9910",1,"F248",40,1,"adult"
"9911",1,"F248",41,1,"adult"
"9913",1,"F250",1,1,"unborn"
"9914",1,"F250",2,1,"unborn"
"9915",1,"F250",3,1,"unborn"
"9916",1,"F250",4,1,"unborn"
"9917",1,"F250",5,1,"unborn"
"9918",1,"F250",6,1,"unborn"
"9919",1,"F250",7,1,"unborn"
"9920",1,"F250",8,1,"unborn"
"9921",1,"F250",9,1,"unborn"
"9922",1,"F250",10,1,"unborn"
"9923",1,"F250",11,1,"unborn"
"9924",1,"F250",12,1,"unborn"
"9925",1,"F250",13,1,"unborn"
"9926",1,"F250",14,1,"unborn"
"9927",1,"F250",15,1,"unborn"
"9928",1,"F250",16,1,"unborn"
"9929",1,"F250",17,1,"unborn"
"9930",1,"F250",18,1,"unborn"
"9931",1,"F250",19,1,"calf"
"9932",1,"F250",20,1,"calf"
"9933",1,"F250",21,1,"calf"
"9934",1,"F250",22,1,"calf"
"9935",1,"F250",23,1,"calf"
"9936",1,"F250",24,1,"calf"
"9937",1,"F250",25,1,"calf"
"9938",1,"F250",26,1,"juvenile"
"9939",1,"F250",27,1,"juvenile"
"9940",1,"F250",28,1,"juvenile"
"9941",1,"F250",29,1,"juvenile"
"9942",1,"F250",30,1,"juvenile"
"9943",1,"F250",31,1,"juvenile"
"9944",1,"F250",32,1,"juvenile"
"9945",1,"F250",33,1,"juvenile"
"9946",1,"F250",34,1,"juvenile"
"9947",1,"F250",35,1,"juvenile"
"9948",1,"F250",36,1,"juvenile"
"9949",1,"F250",37,1,"juvenile"
"9950",1,"F250",38,1,"juvenile"
"9951",1,"F250",39,1,"juvenile"
"9952",1,"F250",40,1,"juvenile"
"9953",1,"F250",41,1,"juvenile"
"9955",1,"F252",1,1,"unborn"
"9956",1,"F252",2,1,"unborn"
"9957",1,"F252",3,1,"unborn"
"9958",1,"F252",4,1,"unborn"
"9959",1,"F252",5,1,"unborn"
"9960",1,"F252",6,1,"unborn"
"9961",1,"F252",7,1,"unborn"
"9962",1,"F252",8,1,"unborn"
"9963",1,"F252",9,1,"unborn"
"9964",1,"F252",10,1,"unborn"
"9965",1,"F252",11,1,"unborn"
"9966",1,"F252",12,1,"unborn"
"9967",1,"F252",13,1,"unborn"
"9968",1,"F252",14,1,"unborn"
"9969",1,"F252",15,1,"unborn"
"9970",1,"F252",16,1,"unborn"
"9971",1,"F252",17,1,"unborn"
"9972",1,"F252",18,1,"unborn"
"9973",1,"F252",19,1,"unborn"
"9974",1,"F252",20,1,"unborn"
"9975",1,"F252",21,1,"calf"
"9976",1,"F252",22,1,"calf"
"9977",1,"F252",23,1,"calf"
"9978",1,"F252",24,1,"calf"
"9979",1,"F252",25,1,"calf"
"9980",1,"F252",26,1,"calf"
"9981",1,"F252",27,1,"calf"
"9982",1,"F252",28,1,"calf"
"9983",1,"F252",29,1,"calf"
"9984",1,"F252",30,1,"juvenile"
"9985",1,"F252",31,1,"juvenile"
"9986",1,"F252",32,1,"juvenile"
"9987",1,"F252",33,1,"juvenile"
"9988",1,"F252",34,1,"juvenile"
"9989",1,"F252",35,1,"juvenile"
"9990",1,"F252",36,1,"juvenile"
"9991",1,"F252",37,1,"juvenile"
"9992",1,"F252",38,1,"juvenile"
"9993",1,"F252",39,1,"juvenile"
"9994",1,"F252",40,1,"juvenile"
"9995",1,"F252",41,1,"juvenile"
"9997",1,"F254",1,1,"juvenile"
"9998",1,"F254",2,1,"juvenile"
"9999",1,"F254",3,1,"juvenile"
"10000",1,"F254",4,1,"juvenile"
"10001",1,"F254",5,1,"juvenile"
"10002",1,"F254",6,1,"juvenile"
"10003",1,"F254",7,1,"juvenile"
"10004",1,"F254",8,1,"juvenile"
"10005",1,"F254",9,1,"juvenile"
"10006",1,"F254",10,1,"juvenile"
"10007",1,"F254",11,1,"adult"
"10008",1,"F254",12,1,"adult"
"10009",1,"F254",13,1,"adult"
"10010",1,"F254",14,1,"adult"
"10011",1,"F254",15,1,"adult"
"10012",1,"F254",16,1,"adult"
"10013",1,"F254",17,1,"adult"
"10014",1,"F254",18,1,"adult"
"10015",1,"F254",19,1,"adult"
"10016",1,"F254",20,1,"adult"
"10017",1,"F254",21,1,"adult"
"10018",1,"F254",22,1,"adult"
"10019",1,"F254",23,1,"adult"
"10020",1,"F254",24,1,"adult"
"10021",1,"F254",25,1,"adult"
"10022",1,"F254",26,1,"adult"
"10023",1,"F254",27,1,"adult"
"10024",1,"F254",28,1,"adult"
"10025",1,"F254",29,1,"adult"
"10026",1,"F254",30,1,"adult"
"10027",1,"F254",31,1,"adult"
"10028",1,"F254",32,1,"adult"
"10029",1,"F254",33,1,"adult"
"10030",1,"F254",34,1,"adult"
"10031",1,"F254",35,1,"adult"
"10032",1,"F254",36,1,"adult"
"10033",1,"F254",37,1,"adult"
"10034",1,"F254",38,1,"adult"
"10035",1,"F254",39,1,"adult"
"10036",1,"F254",40,1,"adult"
"10037",1,"F254",41,1,"adult"
"10039",1,"F256",1,1,"unborn"
"10040",1,"F256",2,1,"unborn"
"10041",1,"F256",3,1,"unborn"
"10042",1,"F256",4,1,"unborn"
"10043",1,"F256",5,1,"unborn"
"10044",1,"F256",6,1,"unborn"
"10045",1,"F256",7,1,"unborn"
"10046",1,"F256",8,1,"unborn"
"10047",1,"F256",9,1,"unborn"
"10048",1,"F256",10,1,"unborn"
"10049",1,"F256",11,1,"unborn"
"10050",1,"F256",12,1,"unborn"
"10051",1,"F256",13,1,"unborn"
"10052",1,"F256",14,1,"unborn"
"10053",1,"F256",15,1,"unborn"
"10054",1,"F256",16,1,"unborn"
"10055",1,"F256",17,1,"unborn"
"10056",1,"F256",18,1,"unborn"
"10057",1,"F256",19,1,"unborn"
"10058",1,"F256",20,1,"unborn"
"10059",1,"F256",21,1,"unborn"
"10060",1,"F256",22,1,"unborn"
"10061",1,"F256",23,1,"calf"
"10062",1,"F256",24,1,"calf"
"10063",1,"F256",25,1,"calf"
"10064",1,"F256",26,1,"calf"
"10065",1,"F256",27,1,"calf"
"10066",1,"F256",28,1,"calf"
"10067",1,"F256",29,1,"calf"
"10068",1,"F256",30,1,"calf"
"10069",1,"F256",31,1,"calf"
"10070",1,"F256",32,1,"calf"
"10071",1,"F256",33,1,"calf"
"10072",1,"F256",34,1,"juvenile"
"10073",1,"F256",35,1,"juvenile"
"10074",1,"F256",36,1,"juvenile"
"10075",1,"F256",37,1,"juvenile"
"10076",1,"F256",38,1,"juvenile"
"10077",1,"F256",39,1,"juvenile"
"10078",1,"F256",40,1,"juvenile"
"10079",1,"F256",41,1,"juvenile"
"10081",1,"F258",1,0,"calf"
"10082",1,"F258",2,0,"calf"
"10083",1,"F258",3,0,"calf"
"10084",1,"F258",4,0,"calf"
"10085",1,"F258",5,0,"calf"
"10086",1,"F258",6,0,"calf"
"10087",1,"F258",7,0,"calf"
"10088",1,"F258",8,0,"calf"
"10089",1,"F258",9,0,"juvenile"
"10090",1,"F258",10,0,"juvenile"
"10091",1,"F258",11,0,"juvenile"
"10092",1,"F258",12,0,"juvenile"
"10093",1,"F258",13,0,"juvenile"
"10094",1,"F258",14,0,"adult"
"10095",1,"F258",15,0,"adult"
"10096",1,"F258",16,0,"adult"
"10097",1,"F258",17,0,"adult"
"10098",1,"F258",18,0,"adult"
"10099",1,"F258",19,0,"adult"
"10100",1,"F258",20,0,"adult"
"10101",1,"F258",21,0,"adult"
"10102",1,"F258",22,0,"adult"
"10103",1,"F258",23,0,"adult"
"10104",1,"F258",24,0,"adult"
"10105",1,"F258",25,0,"adult"
"10106",1,"F258",26,0,"adult"
"10107",1,"F258",27,0,"adult"
"10108",1,"F258",28,0,"adult"
"10109",1,"F258",29,0,"adult"
"10110",1,"F258",30,0,"adult"
"10111",1,"F258",31,0,"adult"
"10112",1,"F258",32,0,"adult"
"10113",1,"F258",33,0,"adult"
"10114",1,"F258",34,0,"adult"
"10115",1,"F258",35,0,"adult"
"10116",1,"F258",36,0,"adult"
"10117",1,"F258",37,0,"adult"
"10118",1,"F258",38,0,"adult"
"10119",1,"F258",39,0,"adult"
"10120",1,"F258",40,0,"adult"
"10121",1,"F258",41,0,"adult"
"10123",1,"F260",1,1,"unborn"
"10124",1,"F260",2,1,"unborn"
"10125",1,"F260",3,1,"unborn"
"10126",1,"F260",4,1,"unborn"
"10127",1,"F260",5,1,"unborn"
"10128",1,"F260",6,1,"unborn"
"10129",1,"F260",7,1,"unborn"
"10130",1,"F260",8,1,"unborn"
"10131",1,"F260",9,1,"unborn"
"10132",1,"F260",10,1,"unborn"
"10133",1,"F260",11,1,"unborn"
"10134",1,"F260",12,1,"unborn"
"10135",1,"F260",13,1,"unborn"
"10136",1,"F260",14,1,"unborn"
"10137",1,"F260",15,1,"unborn"
"10138",1,"F260",16,1,"unborn"
"10139",1,"F260",17,1,"unborn"
"10140",1,"F260",18,1,"unborn"
"10141",1,"F260",19,1,"unborn"
"10142",1,"F260",20,1,"unborn"
"10143",1,"F260",21,1,"unborn"
"10144",1,"F260",22,1,"unborn"
"10145",1,"F260",23,1,"unborn"
"10146",1,"F260",24,1,"calf"
"10147",1,"F260",25,1,"calf"
"10148",1,"F260",26,1,"calf"
"10149",1,"F260",27,1,"calf"
"10150",1,"F260",28,1,"calf"
"10151",1,"F260",29,1,"calf"
"10152",1,"F260",30,1,"calf"
"10153",1,"F260",31,1,"calf"
"10154",1,"F260",32,1,"calf"
"10155",1,"F260",33,1,"calf"
"10156",1,"F260",34,1,"calf"
"10157",1,"F260",35,1,"calf"
"10158",1,"F260",36,1,"calf"
"10159",1,"F260",37,1,"juvenile"
"10160",1,"F260",38,1,"juvenile"
"10161",1,"F260",39,1,"juvenile"
"10162",1,"F260",40,1,"juvenile"
"10163",1,"F260",41,1,"juvenile"
"10165",1,"F262",1,1,"unborn"
"10166",1,"F262",2,1,"unborn"
"10167",1,"F262",3,1,"unborn"
"10168",1,"F262",4,1,"unborn"
"10169",1,"F262",5,1,"unborn"
"10170",1,"F262",6,1,"unborn"
"10171",1,"F262",7,1,"unborn"
"10172",1,"F262",8,1,"unborn"
"10173",1,"F262",9,1,"unborn"
"10174",1,"F262",10,1,"unborn"
"10175",1,"F262",11,1,"unborn"
"10176",1,"F262",12,1,"unborn"
"10177",1,"F262",13,1,"unborn"
"10178",1,"F262",14,1,"unborn"
"10179",1,"F262",15,1,"unborn"
"10180",1,"F262",16,1,"unborn"
"10181",1,"F262",17,1,"unborn"
"10182",1,"F262",18,1,"unborn"
"10183",1,"F262",19,1,"unborn"
"10184",1,"F262",20,1,"unborn"
"10185",1,"F262",21,1,"calf"
"10186",1,"F262",22,1,"calf"
"10187",1,"F262",23,1,"calf"
"10188",1,"F262",24,1,"calf"
"10189",1,"F262",25,1,"calf"
"10190",1,"F262",26,1,"calf"
"10191",1,"F262",27,1,"calf"
"10192",1,"F262",28,1,"calf"
"10193",1,"F262",29,1,"calf"
"10194",1,"F262",30,1,"juvenile"
"10195",1,"F262",31,1,"juvenile"
"10196",1,"F262",32,1,"juvenile"
"10197",1,"F262",33,1,"juvenile"
"10198",1,"F262",34,1,"juvenile"
"10199",1,"F262",35,1,"juvenile"
"10200",1,"F262",36,1,"juvenile"
"10201",1,"F262",37,1,"juvenile"
"10202",1,"F262",38,1,"juvenile"
"10203",1,"F262",39,1,"juvenile"
"10204",1,"F262",40,1,"juvenile"
"10205",1,"F262",41,1,"juvenile"
"10207",1,"F264",1,1,"unborn"
"10208",1,"F264",2,1,"unborn"
"10209",1,"F264",3,1,"unborn"
"10210",1,"F264",4,1,"unborn"
"10211",1,"F264",5,1,"unborn"
"10212",1,"F264",6,1,"unborn"
"10213",1,"F264",7,1,"unborn"
"10214",1,"F264",8,1,"unborn"
"10215",1,"F264",9,1,"unborn"
"10216",1,"F264",10,1,"unborn"
"10217",1,"F264",11,1,"unborn"
"10218",1,"F264",12,1,"unborn"
"10219",1,"F264",13,1,"unborn"
"10220",1,"F264",14,1,"unborn"
"10221",1,"F264",15,1,"unborn"
"10222",1,"F264",16,1,"unborn"
"10223",1,"F264",17,1,"unborn"
"10224",1,"F264",18,1,"unborn"
"10225",1,"F264",19,1,"unborn"
"10226",1,"F264",20,1,"unborn"
"10227",1,"F264",21,1,"unborn"
"10228",1,"F264",22,1,"unborn"
"10229",1,"F264",23,1,"unborn"
"10230",1,"F264",24,1,"calf"
"10231",1,"F264",25,1,"calf"
"10232",1,"F264",26,1,"calf"
"10233",1,"F264",27,1,"calf"
"10234",1,"F264",28,1,"calf"
"10235",1,"F264",29,1,"calf"
"10236",1,"F264",30,1,"calf"
"10237",1,"F264",31,1,"calf"
"10238",1,"F264",32,1,"calf"
"10239",1,"F264",33,1,"calf"
"10240",1,"F264",34,1,"calf"
"10241",1,"F264",35,1,"calf"
"10242",1,"F264",36,1,"calf"
"10243",1,"F264",37,1,"juvenile"
"10244",1,"F264",38,1,"juvenile"
"10245",1,"F264",39,1,"juvenile"
"10246",1,"F264",40,1,"juvenile"
"10247",1,"F264",41,1,"juvenile"
"10249",1,"F266",1,1,"unborn"
"10250",1,"F266",2,1,"unborn"
"10251",1,"F266",3,1,"unborn"
"10252",1,"F266",4,1,"unborn"
"10253",1,"F266",5,1,"unborn"
"10254",1,"F266",6,1,"unborn"
"10255",1,"F266",7,1,"unborn"
"10256",1,"F266",8,1,"unborn"
"10257",1,"F266",9,1,"unborn"
"10258",1,"F266",10,1,"unborn"
"10259",1,"F266",11,1,"unborn"
"10260",1,"F266",12,1,"unborn"
"10261",1,"F266",13,1,"unborn"
"10262",1,"F266",14,1,"unborn"
"10263",1,"F266",15,1,"unborn"
"10264",1,"F266",16,1,"unborn"
"10265",1,"F266",17,1,"unborn"
"10266",1,"F266",18,1,"unborn"
"10267",1,"F266",19,1,"unborn"
"10268",1,"F266",20,1,"unborn"
"10269",1,"F266",21,1,"unborn"
"10270",1,"F266",22,1,"unborn"
"10271",1,"F266",23,1,"calf"
"10272",1,"F266",24,1,"calf"
"10273",1,"F266",25,1,"calf"
"10274",1,"F266",26,1,"calf"
"10275",1,"F266",27,1,"calf"
"10276",1,"F266",28,1,"calf"
"10277",1,"F266",29,1,"calf"
"10278",1,"F266",30,1,"calf"
"10279",1,"F266",31,1,"calf"
"10280",1,"F266",32,1,"calf"
"10281",1,"F266",33,1,"calf"
"10282",1,"F266",34,1,"juvenile"
"10283",1,"F266",35,1,"juvenile"
"10284",1,"F266",36,1,"juvenile"
"10285",1,"F266",37,1,"juvenile"
"10286",1,"F266",38,1,"juvenile"
"10287",1,"F266",39,1,"juvenile"
"10288",1,"F266",40,1,"juvenile"
"10289",1,"F266",41,1,"juvenile"
"10291",1,"F268",1,1,"calf"
"10292",1,"F268",2,1,"calf"
"10293",1,"F268",3,1,"calf"
"10294",1,"F268",4,1,"calf"
"10295",1,"F268",5,1,"calf"
"10296",1,"F268",6,1,"calf"
"10297",1,"F268",7,1,"calf"
"10298",1,"F268",8,1,"calf"
"10299",1,"F268",9,1,"juvenile"
"10300",1,"F268",10,1,"juvenile"
"10301",1,"F268",11,1,"juvenile"
"10302",1,"F268",12,1,"juvenile"
"10303",1,"F268",13,1,"juvenile"
"10304",1,"F268",14,1,"adult"
"10305",1,"F268",15,1,"adult"
"10306",1,"F268",16,1,"adult"
"10307",1,"F268",17,1,"adult"
"10308",1,"F268",18,1,"adult"
"10309",1,"F268",19,1,"adult"
"10310",1,"F268",20,1,"adult"
"10311",1,"F268",21,1,"adult"
"10312",1,"F268",22,1,"adult"
"10313",1,"F268",23,1,"adult"
"10314",1,"F268",24,1,"adult"
"10315",1,"F268",25,1,"adult"
"10316",1,"F268",26,1,"adult"
"10317",1,"F268",27,1,"adult"
"10318",1,"F268",28,1,"adult"
"10319",1,"F268",29,1,"adult"
"10320",1,"F268",30,1,"adult"
"10321",1,"F268",31,1,"adult"
"10322",1,"F268",32,1,"adult"
"10323",1,"F268",33,1,"adult"
"10324",1,"F268",34,1,"adult"
"10325",1,"F268",35,1,"adult"
"10326",1,"F268",36,1,"adult"
"10327",1,"F268",37,1,"adult"
"10328",1,"F268",38,1,"adult"
"10329",1,"F268",39,1,"adult"
"10330",1,"F268",40,1,"adult"
"10331",1,"F268",41,1,"adult"
"10333",1,"F270",1,1,"unborn"
"10334",1,"F270",2,1,"unborn"
"10335",1,"F270",3,1,"unborn"
"10336",1,"F270",4,1,"unborn"
"10337",1,"F270",5,1,"unborn"
"10338",1,"F270",6,1,"unborn"
"10339",1,"F270",7,1,"unborn"
"10340",1,"F270",8,1,"unborn"
"10341",1,"F270",9,1,"unborn"
"10342",1,"F270",10,1,"unborn"
"10343",1,"F270",11,1,"unborn"
"10344",1,"F270",12,1,"unborn"
"10345",1,"F270",13,1,"unborn"
"10346",1,"F270",14,1,"unborn"
"10347",1,"F270",15,1,"unborn"
"10348",1,"F270",16,1,"unborn"
"10349",1,"F270",17,1,"unborn"
"10350",1,"F270",18,1,"unborn"
"10351",1,"F270",19,1,"unborn"
"10352",1,"F270",20,1,"unborn"
"10353",1,"F270",21,1,"unborn"
"10354",1,"F270",22,1,"unborn"
"10355",1,"F270",23,1,"unborn"
"10356",1,"F270",24,1,"unborn"
"10357",1,"F270",25,1,"unborn"
"10358",1,"F270",26,1,"calf"
"10359",1,"F270",27,1,"calf"
"10360",1,"F270",28,1,"calf"
"10361",1,"F270",29,1,"calf"
"10362",1,"F270",30,1,"calf"
"10363",1,"F270",31,1,"calf"
"10364",1,"F270",32,1,"calf"
"10365",1,"F270",33,1,"calf"
"10366",1,"F270",34,1,"calf"
"10367",1,"F270",35,1,"calf"
"10368",1,"F270",36,1,"calf"
"10369",1,"F270",37,1,"calf"
"10370",1,"F270",38,1,"calf"
"10371",1,"F270",39,1,"calf"
"10372",1,"F270",40,1,"calf"
"10373",1,"F270",41,1,"calf"
"10375",1,"F272",1,1,"unborn"
"10376",1,"F272",2,1,"unborn"
"10377",1,"F272",3,1,"unborn"
"10378",1,"F272",4,1,"unborn"
"10379",1,"F272",5,1,"unborn"
"10380",1,"F272",6,1,"unborn"
"10381",1,"F272",7,1,"unborn"
"10382",1,"F272",8,1,"unborn"
"10383",1,"F272",9,1,"unborn"
"10384",1,"F272",10,1,"unborn"
"10385",1,"F272",11,1,"unborn"
"10386",1,"F272",12,1,"unborn"
"10387",1,"F272",13,1,"unborn"
"10388",1,"F272",14,1,"unborn"
"10389",1,"F272",15,1,"unborn"
"10390",1,"F272",16,1,"unborn"
"10391",1,"F272",17,1,"unborn"
"10392",1,"F272",18,1,"unborn"
"10393",1,"F272",19,1,"unborn"
"10394",1,"F272",20,1,"unborn"
"10395",1,"F272",21,1,"unborn"
"10396",1,"F272",22,1,"unborn"
"10397",1,"F272",23,1,"unborn"
"10398",1,"F272",24,1,"unborn"
"10399",1,"F272",25,1,"unborn"
"10400",1,"F272",26,1,"calf"
"10401",1,"F272",27,1,"calf"
"10402",1,"F272",28,1,"calf"
"10403",1,"F272",29,1,"calf"
"10404",1,"F272",30,1,"calf"
"10405",1,"F272",31,1,"calf"
"10406",1,"F272",32,1,"calf"
"10407",1,"F272",33,1,"calf"
"10408",1,"F272",34,1,"calf"
"10409",1,"F272",35,1,"calf"
"10410",1,"F272",36,1,"calf"
"10411",1,"F272",37,1,"calf"
"10412",1,"F272",38,1,"calf"
"10413",1,"F272",39,1,"calf"
"10414",1,"F272",40,1,"calf"
"10415",1,"F272",41,1,"calf"
"10417",1,"F274",1,1,"unborn"
"10418",1,"F274",2,1,"unborn"
"10419",1,"F274",3,1,"unborn"
"10420",1,"F274",4,1,"unborn"
"10421",1,"F274",5,1,"unborn"
"10422",1,"F274",6,1,"unborn"
"10423",1,"F274",7,1,"unborn"
"10424",1,"F274",8,1,"unborn"
"10425",1,"F274",9,1,"unborn"
"10426",1,"F274",10,1,"unborn"
"10427",1,"F274",11,1,"unborn"
"10428",1,"F274",12,1,"unborn"
"10429",1,"F274",13,1,"unborn"
"10430",1,"F274",14,1,"unborn"
"10431",1,"F274",15,1,"unborn"
"10432",1,"F274",16,1,"unborn"
"10433",1,"F274",17,1,"unborn"
"10434",1,"F274",18,1,"unborn"
"10435",1,"F274",19,1,"unborn"
"10436",1,"F274",20,1,"unborn"
"10437",1,"F274",21,1,"unborn"
"10438",1,"F274",22,1,"unborn"
"10439",1,"F274",23,1,"unborn"
"10440",1,"F274",24,1,"unborn"
"10441",1,"F274",25,1,"unborn"
"10442",1,"F274",26,1,"unborn"
"10443",1,"F274",27,1,"unborn"
"10444",1,"F274",28,1,"unborn"
"10445",1,"F274",29,1,"unborn"
"10446",1,"F274",30,1,"calf"
"10447",1,"F274",31,1,"calf"
"10448",1,"F274",32,1,"calf"
"10449",1,"F274",33,1,"calf"
"10450",1,"F274",34,1,"calf"
"10451",1,"F274",35,1,"calf"
"10452",1,"F274",36,1,"calf"
"10453",1,"F274",37,1,"calf"
"10454",1,"F274",38,1,"calf"
"10455",1,"F274",39,1,"calf"
"10456",1,"F274",40,1,"calf"
"10457",1,"F274",41,1,"calf"
"10459",1,"F276",1,1,"calf"
"10460",1,"F276",2,1,"calf"
"10461",1,"F276",3,1,"calf"
"10462",1,"F276",4,1,"calf"
"10463",1,"F276",5,1,"calf"
"10464",1,"F276",6,1,"calf"
"10465",1,"F276",7,1,"juvenile"
"10466",1,"F276",8,1,"juvenile"
"10467",1,"F276",9,1,"juvenile"
"10468",1,"F276",10,1,"juvenile"
"10469",1,"F276",11,1,"juvenile"
"10470",1,"F276",12,1,"juvenile"
"10471",1,"F276",13,1,"juvenile"
"10472",1,"F276",14,1,"adult"
"10473",1,"F276",15,1,"adult"
"10474",1,"F276",16,1,"adult"
"10475",1,"F276",17,1,"adult"
"10476",1,"F276",18,1,"adult"
"10477",1,"F276",19,1,"adult"
"10478",1,"F276",20,1,"adult"
"10479",1,"F276",21,1,"adult"
"10480",1,"F276",22,1,"adult"
"10481",1,"F276",23,1,"adult"
"10482",1,"F276",24,1,"adult"
"10483",1,"F276",25,1,"adult"
"10484",1,"F276",26,1,"adult"
"10485",1,"F276",27,1,"adult"
"10486",1,"F276",28,1,"adult"
"10487",1,"F276",29,1,"adult"
"10488",1,"F276",30,1,"adult"
"10489",1,"F276",31,1,"adult"
"10490",1,"F276",32,1,"adult"
"10491",1,"F276",33,1,"adult"
"10492",1,"F276",34,1,"adult"
"10493",1,"F276",35,1,"adult"
"10494",1,"F276",36,1,"adult"
"10495",1,"F276",37,1,"adult"
"10496",1,"F276",38,1,"adult"
"10497",1,"F276",39,1,"adult"
"10498",1,"F276",40,1,"adult"
"10499",1,"F276",41,1,"adult"
"10501",1,"F278",1,1,"unborn"
"10502",1,"F278",2,1,"unborn"
"10503",1,"F278",3,1,"unborn"
"10504",1,"F278",4,1,"unborn"
"10505",1,"F278",5,1,"unborn"
"10506",1,"F278",6,1,"unborn"
"10507",1,"F278",7,1,"unborn"
"10508",1,"F278",8,1,"unborn"
"10509",1,"F278",9,1,"unborn"
"10510",1,"F278",10,1,"unborn"
"10511",1,"F278",11,1,"unborn"
"10512",1,"F278",12,1,"unborn"
"10513",1,"F278",13,1,"unborn"
"10514",1,"F278",14,1,"unborn"
"10515",1,"F278",15,1,"unborn"
"10516",1,"F278",16,1,"unborn"
"10517",1,"F278",17,1,"unborn"
"10518",1,"F278",18,1,"unborn"
"10519",1,"F278",19,1,"unborn"
"10520",1,"F278",20,1,"unborn"
"10521",1,"F278",21,1,"unborn"
"10522",1,"F278",22,1,"unborn"
"10523",1,"F278",23,1,"unborn"
"10524",1,"F278",24,1,"unborn"
"10525",1,"F278",25,1,"unborn"
"10526",1,"F278",26,1,"unborn"
"10527",1,"F278",27,1,"unborn"
"10528",1,"F278",28,1,"unborn"
"10529",1,"F278",29,1,"unborn"
"10530",1,"F278",30,1,"calf"
"10531",1,"F278",31,1,"calf"
"10532",1,"F278",32,1,"calf"
"10533",1,"F278",33,1,"calf"
"10534",1,"F278",34,1,"calf"
"10535",1,"F278",35,1,"calf"
"10536",1,"F278",36,1,"calf"
"10537",1,"F278",37,1,"calf"
"10538",1,"F278",38,1,"calf"
"10539",1,"F278",39,1,"calf"
"10540",1,"F278",40,1,"calf"
"10541",1,"F278",41,1,"calf"
"10543",1,"F280",1,1,"unborn"
"10544",1,"F280",2,1,"unborn"
"10545",1,"F280",3,1,"unborn"
"10546",1,"F280",4,1,"unborn"
"10547",1,"F280",5,1,"unborn"
"10548",1,"F280",6,1,"unborn"
"10549",1,"F280",7,1,"unborn"
"10550",1,"F280",8,1,"unborn"
"10551",1,"F280",9,1,"unborn"
"10552",1,"F280",10,1,"unborn"
"10553",1,"F280",11,1,"unborn"
"10554",1,"F280",12,1,"unborn"
"10555",1,"F280",13,1,"unborn"
"10556",1,"F280",14,1,"unborn"
"10557",1,"F280",15,1,"unborn"
"10558",1,"F280",16,1,"unborn"
"10559",1,"F280",17,1,"unborn"
"10560",1,"F280",18,1,"unborn"
"10561",1,"F280",19,1,"unborn"
"10562",1,"F280",20,1,"unborn"
"10563",1,"F280",21,1,"unborn"
"10564",1,"F280",22,1,"unborn"
"10565",1,"F280",23,1,"unborn"
"10566",1,"F280",24,1,"unborn"
"10567",1,"F280",25,1,"unborn"
"10568",1,"F280",26,1,"unborn"
"10569",1,"F280",27,1,"unborn"
"10570",1,"F280",28,1,"unborn"
"10571",1,"F280",29,1,"unborn"
"10572",1,"F280",30,1,"calf"
"10573",1,"F280",31,1,"calf"
"10574",1,"F280",32,1,"calf"
"10575",1,"F280",33,1,"calf"
"10576",1,"F280",34,1,"calf"
"10577",1,"F280",35,1,"calf"
"10578",1,"F280",36,1,"calf"
"10579",1,"F280",37,1,"calf"
"10580",1,"F280",38,1,"calf"
"10581",1,"F280",39,1,"calf"
"10582",1,"F280",40,1,"calf"
"10583",1,"F280",41,1,"calf"
"10585",1,"F282",1,1,"unborn"
"10586",1,"F282",2,1,"unborn"
"10587",1,"F282",3,1,"unborn"
"10588",1,"F282",4,1,"unborn"
"10589",1,"F282",5,1,"unborn"
"10590",1,"F282",6,1,"unborn"
"10591",1,"F282",7,1,"unborn"
"10592",1,"F282",8,1,"unborn"
"10593",1,"F282",9,1,"unborn"
"10594",1,"F282",10,1,"unborn"
"10595",1,"F282",11,1,"unborn"
"10596",1,"F282",12,1,"unborn"
"10597",1,"F282",13,1,"unborn"
"10598",1,"F282",14,1,"unborn"
"10599",1,"F282",15,1,"unborn"
"10600",1,"F282",16,1,"unborn"
"10601",1,"F282",17,1,"unborn"
"10602",1,"F282",18,1,"unborn"
"10603",1,"F282",19,1,"unborn"
"10604",1,"F282",20,1,"unborn"
"10605",1,"F282",21,1,"unborn"
"10606",1,"F282",22,1,"unborn"
"10607",1,"F282",23,1,"unborn"
"10608",1,"F282",24,1,"calf"
"10609",1,"F282",25,1,"calf"
"10610",1,"F282",26,1,"calf"
"10611",1,"F282",27,1,"calf"
"10612",1,"F282",28,1,"calf"
"10613",1,"F282",29,1,"calf"
"10614",1,"F282",30,1,"calf"
"10615",1,"F282",31,1,"calf"
"10616",1,"F282",32,1,"calf"
"10617",1,"F282",33,1,"calf"
"10618",1,"F282",34,1,"calf"
"10619",1,"F282",35,1,"calf"
"10620",1,"F282",36,1,"calf"
"10621",1,"F282",37,1,"juvenile"
"10622",1,"F282",38,1,"juvenile"
"10623",1,"F282",39,1,"juvenile"
"10624",1,"F282",40,1,"juvenile"
"10625",1,"F282",41,1,"juvenile"
"10627",1,"F284",1,1,"unborn"
"10628",1,"F284",2,1,"unborn"
"10629",1,"F284",3,1,"unborn"
"10630",1,"F284",4,1,"unborn"
"10631",1,"F284",5,1,"unborn"
"10632",1,"F284",6,1,"unborn"
"10633",1,"F284",7,1,"unborn"
"10634",1,"F284",8,1,"unborn"
"10635",1,"F284",9,1,"unborn"
"10636",1,"F284",10,1,"unborn"
"10637",1,"F284",11,1,"unborn"
"10638",1,"F284",12,1,"unborn"
"10639",1,"F284",13,1,"unborn"
"10640",1,"F284",14,1,"unborn"
"10641",1,"F284",15,1,"unborn"
"10642",1,"F284",16,1,"unborn"
"10643",1,"F284",17,1,"unborn"
"10644",1,"F284",18,1,"unborn"
"10645",1,"F284",19,1,"unborn"
"10646",1,"F284",20,1,"unborn"
"10647",1,"F284",21,1,"unborn"
"10648",1,"F284",22,1,"unborn"
"10649",1,"F284",23,1,"unborn"
"10650",1,"F284",24,1,"unborn"
"10651",1,"F284",25,1,"unborn"
"10652",1,"F284",26,1,"unborn"
"10653",1,"F284",27,1,"unborn"
"10654",1,"F284",28,1,"unborn"
"10655",1,"F284",29,1,"unborn"
"10656",1,"F284",30,1,"unborn"
"10657",1,"F284",31,1,"unborn"
"10658",1,"F284",32,1,"unborn"
"10659",1,"F284",33,1,"unborn"
"10660",1,"F284",34,1,"calf"
"10661",1,"F284",35,1,"calf"
"10662",1,"F284",36,1,"calf"
"10663",1,"F284",37,1,"calf"
"10664",1,"F284",38,1,"calf"
"10665",1,"F284",39,1,"calf"
"10666",1,"F284",40,1,"calf"
"10667",1,"F284",41,1,"calf"
"10669",1,"FB01",1,1,"calf"
"10670",1,"FB01",2,1,"calf"
"10671",1,"FB01",3,1,"calf"
"10672",1,"FB01",4,1,"calf"
"10673",1,"FB01",5,1,"juvenile"
"10674",1,"FB01",6,1,"juvenile"
"10675",1,"FB01",7,1,"juvenile"
"10676",1,"FB01",8,1,"juvenile"
"10677",1,"FB01",9,1,"juvenile"
"10678",1,"FB01",10,1,"juvenile"
"10679",1,"FB01",11,1,"juvenile"
"10680",1,"FB01",12,1,"adult"
"10681",1,"FB01",13,1,"adult"
"10682",1,"FB01",14,1,"adult"
"10683",1,"FB01",15,1,"adult"
"10684",1,"FB01",16,1,"adult"
"10685",1,"FB01",17,1,"adult"
"10686",1,"FB01",18,1,"adult"
"10687",1,"FB01",19,1,"adult"
"10688",1,"FB01",20,1,"adult"
"10689",1,"FB01",21,1,"adult"
"10690",1,"FB01",22,1,"adult"
"10691",1,"FB01",23,1,"adult"
"10692",1,"FB01",24,1,"adult"
"10693",1,"FB01",25,1,"adult"
"10694",1,"FB01",26,1,"adult"
"10695",1,"FB01",27,1,"adult"
"10696",1,"FB01",28,1,"adult"
"10697",1,"FB01",29,1,"adult"
"10698",1,"FB01",30,1,"adult"
"10699",1,"FB01",31,1,"adult"
"10700",1,"FB01",32,1,"adult"
"10701",1,"FB01",33,1,"adult"
"10702",1,"FB01",34,1,"adult"
"10703",1,"FB01",35,1,"adult"
"10704",1,"FB01",36,1,"adult"
"10705",1,"FB01",37,1,"adult"
"10706",1,"FB01",38,1,"adult"
"10707",1,"FB01",39,1,"adult"
"10708",1,"FB01",40,1,"adult"
"10709",1,"FB01",41,1,"adult"
"10711",1,"FB02",1,0,"calf"
"10712",1,"FB02",2,0,"calf"
"10713",1,"FB02",3,0,"calf"
"10714",1,"FB02",4,0,"calf"
"10715",1,"FB02",5,0,"juvenile"
"10716",1,"FB02",6,0,"juvenile"
"10717",1,"FB02",7,0,"juvenile"
"10718",1,"FB02",8,0,"juvenile"
"10719",1,"FB02",9,0,"juvenile"
"10720",1,"FB02",10,0,"juvenile"
"10721",1,"FB02",11,0,"juvenile"
"10722",1,"FB02",12,0,"adult"
"10723",1,"FB02",13,0,"adult"
"10724",1,"FB02",14,0,"adult"
"10725",1,"FB02",15,0,"adult"
"10726",1,"FB02",16,0,"adult"
"10727",1,"FB02",17,0,"adult"
"10728",1,"FB02",18,0,"adult"
"10729",1,"FB02",19,0,"adult"
"10730",1,"FB02",20,0,"adult"
"10731",1,"FB02",21,0,"adult"
"10732",1,"FB02",22,0,"adult"
"10733",1,"FB02",23,0,"adult"
"10734",1,"FB02",24,0,"adult"
"10735",1,"FB02",25,0,"adult"
"10736",1,"FB02",26,0,"adult"
"10737",1,"FB02",27,0,"adult"
"10738",1,"FB02",28,0,"adult"
"10739",1,"FB02",29,0,"adult"
"10740",1,"FB02",30,0,"adult"
"10741",1,"FB02",31,0,"adult"
"10742",1,"FB02",32,0,"adult"
"10743",1,"FB02",33,0,"adult"
"10744",1,"FB02",34,0,"adult"
"10745",1,"FB02",35,0,"adult"
"10746",1,"FB02",36,0,"adult"
"10747",1,"FB02",37,0,"adult"
"10748",1,"FB02",38,0,"adult"
"10749",1,"FB02",39,0,"adult"
"10750",1,"FB02",40,0,"adult"
"10751",1,"FB02",41,0,"adult"
"10753",1,"FB03",1,0,"juvenile"
"10754",1,"FB03",2,0,"juvenile"
"10755",1,"FB03",3,0,"juvenile"
"10756",1,"FB03",4,0,"juvenile"
"10757",1,"FB03",5,0,"juvenile"
"10758",1,"FB03",6,0,"juvenile"
"10759",1,"FB03",7,0,"juvenile"
"10760",1,"FB03",8,0,"juvenile"
"10761",1,"FB03",9,0,"juvenile"
"10762",1,"FB03",10,0,"juvenile"
"10763",1,"FB03",11,0,"adult"
"10764",1,"FB03",12,0,"adult"
"10765",1,"FB03",13,0,"adult"
"10766",1,"FB03",14,0,"adult"
"10767",1,"FB03",15,0,"adult"
"10768",1,"FB03",16,0,"adult"
"10769",1,"FB03",17,0,"adult"
"10770",1,"FB03",18,0,"adult"
"10771",1,"FB03",19,0,"adult"
"10772",1,"FB03",20,0,"adult"
"10773",1,"FB03",21,0,"adult"
"10774",1,"FB03",22,0,"adult"
"10775",1,"FB03",23,0,"adult"
"10776",1,"FB03",24,0,"adult"
"10777",1,"FB03",25,0,"adult"
"10778",1,"FB03",26,0,"adult"
"10779",1,"FB03",27,0,"adult"
"10780",1,"FB03",28,0,"adult"
"10781",1,"FB03",29,0,"adult"
"10782",1,"FB03",30,0,"adult"
"10783",1,"FB03",31,0,"adult"
"10784",1,"FB03",32,0,"adult"
"10785",1,"FB03",33,0,"adult"
"10786",1,"FB03",34,0,"adult"
"10787",1,"FB03",35,0,"adult"
"10788",1,"FB03",36,0,"adult"
"10789",1,"FB03",37,0,"adult"
"10790",1,"FB03",38,0,"adult"
"10791",1,"FB03",39,0,"adult"
"10792",1,"FB03",40,0,"adult"
"10793",1,"FB03",41,0,"adult"
"10795",1,"FB05",1,1,"adult"
"10796",1,"FB05",2,1,"adult"
"10797",1,"FB05",3,1,"adult"
"10798",1,"FB05",4,1,"adult"
"10799",1,"FB05",5,1,"adult"
"10800",1,"FB05",6,1,"adult"
"10801",1,"FB05",7,1,"adult"
"10802",1,"FB05",8,1,"adult"
"10803",1,"FB05",9,1,"adult"
"10804",1,"FB05",10,1,"adult"
"10805",1,"FB05",11,1,"adult"
"10806",1,"FB05",12,1,"adult"
"10807",1,"FB05",13,1,"adult"
"10808",1,"FB05",14,1,"adult"
"10809",1,"FB05",15,1,"adult"
"10810",1,"FB05",16,1,"adult"
"10811",1,"FB05",17,1,"adult"
"10812",1,"FB05",18,1,"adult"
"10813",1,"FB05",19,1,"adult"
"10814",1,"FB05",20,1,"adult"
"10815",1,"FB05",21,1,"adult"
"10816",1,"FB05",22,1,"adult"
"10817",1,"FB05",23,1,"adult"
"10818",1,"FB05",24,1,"adult"
"10819",1,"FB05",25,1,"adult"
"10820",1,"FB05",26,1,"adult"
"10821",1,"FB05",27,1,"adult"
"10822",1,"FB05",28,1,"adult"
"10823",1,"FB05",29,1,"adult"
"10824",1,"FB05",30,1,"adult"
"10825",1,"FB05",31,1,"adult"
"10826",1,"FB05",32,1,"adult"
"10827",1,"FB05",33,1,"adult"
"10828",1,"FB05",34,1,"adult"
"10829",1,"FB05",35,1,"adult"
"10830",1,"FB05",36,1,"adult"
"10831",1,"FB05",37,1,"adult"
"10832",1,"FB05",38,1,"adult"
"10833",1,"FB05",39,1,"adult"
"10834",1,"FB05",40,1,"adult"
"10835",1,"FB05",41,1,"adult"
"10837",1,"FB06",1,1,"adult"
"10838",1,"FB06",2,1,"adult"
"10839",1,"FB06",3,1,"adult"
"10840",1,"FB06",4,1,"adult"
"10841",1,"FB06",5,1,"adult"
"10842",1,"FB06",6,1,"adult"
"10843",1,"FB06",7,1,"adult"
"10844",1,"FB06",8,1,"adult"
"10845",1,"FB06",9,1,"adult"
"10846",1,"FB06",10,1,"adult"
"10847",1,"FB06",11,1,"adult"
"10848",1,"FB06",12,1,"adult"
"10849",1,"FB06",13,1,"adult"
"10850",1,"FB06",14,1,"adult"
"10851",1,"FB06",15,1,"adult"
"10852",1,"FB06",16,1,"adult"
"10853",1,"FB06",17,1,"adult"
"10854",1,"FB06",18,1,"adult"
"10855",1,"FB06",19,1,"adult"
"10856",1,"FB06",20,1,"adult"
"10857",1,"FB06",21,1,"adult"
"10858",1,"FB06",22,1,"adult"
"10859",1,"FB06",23,1,"adult"
"10860",1,"FB06",24,1,"adult"
"10861",1,"FB06",25,1,"adult"
"10862",1,"FB06",26,1,"adult"
"10863",1,"FB06",27,1,"adult"
"10864",1,"FB06",28,1,"adult"
"10865",1,"FB06",29,1,"adult"
"10866",1,"FB06",30,1,"adult"
"10867",1,"FB06",31,1,"adult"
"10868",1,"FB06",32,1,"adult"
"10869",1,"FB06",33,1,"adult"
"10870",1,"FB06",34,1,"adult"
"10871",1,"FB06",35,1,"adult"
"10872",1,"FB06",36,1,"adult"
"10873",1,"FB06",37,1,"adult"
"10874",1,"FB06",38,1,"adult"
"10875",1,"FB06",39,1,"adult"
"10876",1,"FB06",40,1,"adult"
"10877",1,"FB06",41,1,"adult"
"10879",1,"FB07",1,1,"adult"
"10880",1,"FB07",2,1,"adult"
"10881",1,"FB07",3,1,"adult"
"10882",1,"FB07",4,1,"adult"
"10883",1,"FB07",5,1,"adult"
"10884",1,"FB07",6,1,"adult"
"10885",1,"FB07",7,1,"adult"
"10886",1,"FB07",8,1,"adult"
"10887",1,"FB07",9,1,"adult"
"10888",1,"FB07",10,1,"adult"
"10889",1,"FB07",11,1,"adult"
"10890",1,"FB07",12,1,"adult"
"10891",1,"FB07",13,1,"adult"
"10892",1,"FB07",14,1,"adult"
"10893",1,"FB07",15,1,"adult"
"10894",1,"FB07",16,1,"adult"
"10895",1,"FB07",17,1,"adult"
"10896",1,"FB07",18,1,"adult"
"10897",1,"FB07",19,1,"adult"
"10898",1,"FB07",20,1,"adult"
"10899",1,"FB07",21,1,"adult"
"10900",1,"FB07",22,1,"adult"
"10901",1,"FB07",23,1,"adult"
"10902",1,"FB07",24,1,"adult"
"10903",1,"FB07",25,1,"adult"
"10904",1,"FB07",26,1,"adult"
"10905",1,"FB07",27,1,"adult"
"10906",1,"FB07",28,1,"adult"
"10907",1,"FB07",29,1,"adult"
"10908",1,"FB07",30,1,"adult"
"10909",1,"FB07",31,1,"adult"
"10910",1,"FB07",32,1,"adult"
"10911",1,"FB07",33,1,"adult"
"10912",1,"FB07",34,1,"adult"
"10913",1,"FB07",35,1,"adult"
"10914",1,"FB07",36,1,"adult"
"10915",1,"FB07",37,1,"adult"
"10916",1,"FB07",38,1,"adult"
"10917",1,"FB07",39,1,"adult"
"10918",1,"FB07",40,1,"adult"
"10919",1,"FB07",41,1,"adult"
"10921",1,"FB09",1,0,"adult"
"10922",1,"FB09",2,0,"adult"
"10923",1,"FB09",3,0,"adult"
"10924",1,"FB09",4,0,"adult"
"10925",1,"FB09",5,0,"adult"
"10926",1,"FB09",6,0,"adult"
"10927",1,"FB09",7,0,"adult"
"10928",1,"FB09",8,0,"adult"
"10929",1,"FB09",9,0,"adult"
"10930",1,"FB09",10,0,"adult"
"10931",1,"FB09",11,0,"adult"
"10932",1,"FB09",12,0,"adult"
"10933",1,"FB09",13,0,"adult"
"10934",1,"FB09",14,0,"adult"
"10935",1,"FB09",15,0,"adult"
"10936",1,"FB09",16,0,"adult"
"10937",1,"FB09",17,0,"adult"
"10938",1,"FB09",18,0,"adult"
"10939",1,"FB09",19,0,"adult"
"10940",1,"FB09",20,0,"adult"
"10941",1,"FB09",21,0,"adult"
"10942",1,"FB09",22,0,"adult"
"10943",1,"FB09",23,0,"adult"
"10944",1,"FB09",24,0,"adult"
"10945",1,"FB09",25,0,"adult"
"10946",1,"FB09",26,0,"adult"
"10947",1,"FB09",27,0,"adult"
"10948",1,"FB09",28,0,"adult"
"10949",1,"FB09",29,0,"adult"
"10950",1,"FB09",30,0,"adult"
"10951",1,"FB09",31,0,"adult"
"10952",1,"FB09",32,0,"adult"
"10953",1,"FB09",33,0,"adult"
"10954",1,"FB09",34,0,"adult"
"10955",1,"FB09",35,0,"adult"
"10956",1,"FB09",36,0,"adult"
"10957",1,"FB09",37,0,"adult"
"10958",1,"FB09",38,0,"adult"
"10959",1,"FB09",39,0,"adult"
"10960",1,"FB09",40,0,"adult"
"10961",1,"FB09",41,0,"adult"
"10963",1,"FB10",1,1,"adult"
"10964",1,"FB10",2,1,"adult"
"10965",1,"FB10",3,1,"adult"
"10966",1,"FB10",4,1,"adult"
"10967",1,"FB10",5,1,"adult"
"10968",1,"FB10",6,1,"adult"
"10969",1,"FB10",7,1,"adult"
"10970",1,"FB10",8,1,"adult"
"10971",1,"FB10",9,1,"adult"
"10972",1,"FB10",10,1,"adult"
"10973",1,"FB10",11,1,"adult"
"10974",1,"FB10",12,1,"adult"
"10975",1,"FB10",13,1,"adult"
"10976",1,"FB10",14,1,"adult"
"10977",1,"FB10",15,1,"adult"
"10978",1,"FB10",16,1,"adult"
"10979",1,"FB10",17,1,"adult"
"10980",1,"FB10",18,1,"adult"
"10981",1,"FB10",19,1,"adult"
"10982",1,"FB10",20,1,"adult"
"10983",1,"FB10",21,1,"adult"
"10984",1,"FB10",22,1,"adult"
"10985",1,"FB10",23,1,"adult"
"10986",1,"FB10",24,1,"adult"
"10987",1,"FB10",25,1,"adult"
"10988",1,"FB10",26,1,"adult"
"10989",1,"FB10",27,1,"adult"
"10990",1,"FB10",28,1,"adult"
"10991",1,"FB10",29,1,"adult"
"10992",1,"FB10",30,1,"adult"
"10993",1,"FB10",31,1,"adult"
"10994",1,"FB10",32,1,"adult"
"10995",1,"FB10",33,1,"adult"
"10996",1,"FB10",34,1,"adult"
"10997",1,"FB10",35,1,"adult"
"10998",1,"FB10",36,1,"adult"
"10999",1,"FB10",37,1,"adult"
"11000",1,"FB10",38,1,"adult"
"11001",1,"FB10",39,1,"adult"
"11002",1,"FB10",40,1,"adult"
"11003",1,"FB10",41,1,"adult"
"11005",1,"FB11",1,1,"adult"
"11006",1,"FB11",2,1,"adult"
"11007",1,"FB11",3,1,"adult"
"11008",1,"FB11",4,1,"adult"
"11009",1,"FB11",5,1,"adult"
"11010",1,"FB11",6,1,"adult"
"11011",1,"FB11",7,1,"adult"
"11012",1,"FB11",8,1,"adult"
"11013",1,"FB11",9,1,"adult"
"11014",1,"FB11",10,1,"adult"
"11015",1,"FB11",11,1,"adult"
"11016",1,"FB11",12,1,"adult"
"11017",1,"FB11",13,1,"adult"
"11018",1,"FB11",14,1,"adult"
"11019",1,"FB11",15,1,"adult"
"11020",1,"FB11",16,1,"adult"
"11021",1,"FB11",17,1,"adult"
"11022",1,"FB11",18,1,"adult"
"11023",1,"FB11",19,1,"adult"
"11024",1,"FB11",20,1,"adult"
"11025",1,"FB11",21,1,"adult"
"11026",1,"FB11",22,1,"adult"
"11027",1,"FB11",23,1,"adult"
"11028",1,"FB11",24,1,"adult"
"11029",1,"FB11",25,1,"adult"
"11030",1,"FB11",26,1,"adult"
"11031",1,"FB11",27,1,"adult"
"11032",1,"FB11",28,1,"adult"
"11033",1,"FB11",29,1,"adult"
"11034",1,"FB11",30,1,"adult"
"11035",1,"FB11",31,1,"adult"
"11036",1,"FB11",32,1,"adult"
"11037",1,"FB11",33,1,"adult"
"11038",1,"FB11",34,1,"adult"
"11039",1,"FB11",35,1,"adult"
"11040",1,"FB11",36,1,"adult"
"11041",1,"FB11",37,1,"adult"
"11042",1,"FB11",38,1,"adult"
"11043",1,"FB11",39,1,"adult"
"11044",1,"FB11",40,1,"adult"
"11045",1,"FB11",41,1,"adult"
"11047",1,"FB12",1,1,"adult"
"11048",1,"FB12",2,1,"adult"
"11049",1,"FB12",3,1,"adult"
"11050",1,"FB12",4,1,"adult"
"11051",1,"FB12",5,1,"adult"
"11052",1,"FB12",6,1,"adult"
"11053",1,"FB12",7,1,"adult"
"11054",1,"FB12",8,1,"adult"
"11055",1,"FB12",9,1,"adult"
"11056",1,"FB12",10,1,"adult"
"11057",1,"FB12",11,1,"adult"
"11058",1,"FB12",12,1,"adult"
"11059",1,"FB12",13,1,"adult"
"11060",1,"FB12",14,1,"adult"
"11061",1,"FB12",15,1,"adult"
"11062",1,"FB12",16,1,"adult"
"11063",1,"FB12",17,1,"adult"
"11064",1,"FB12",18,1,"adult"
"11065",1,"FB12",19,1,"adult"
"11066",1,"FB12",20,1,"adult"
"11067",1,"FB12",21,1,"adult"
"11068",1,"FB12",22,1,"adult"
"11069",1,"FB12",23,1,"adult"
"11070",1,"FB12",24,1,"adult"
"11071",1,"FB12",25,1,"adult"
"11072",1,"FB12",26,1,"adult"
"11073",1,"FB12",27,1,"adult"
"11074",1,"FB12",28,1,"adult"
"11075",1,"FB12",29,1,"adult"
"11076",1,"FB12",30,1,"adult"
"11077",1,"FB12",31,1,"adult"
"11078",1,"FB12",32,1,"adult"
"11079",1,"FB12",33,1,"adult"
"11080",1,"FB12",34,1,"adult"
"11081",1,"FB12",35,1,"adult"
"11082",1,"FB12",36,1,"adult"
"11083",1,"FB12",37,1,"adult"
"11084",1,"FB12",38,1,"adult"
"11085",1,"FB12",39,1,"adult"
"11086",1,"FB12",40,1,"adult"
"11087",1,"FB12",41,1,"adult"
"11089",1,"FB13",1,1,"adult"
"11090",1,"FB13",2,1,"adult"
"11091",1,"FB13",3,1,"adult"
"11092",1,"FB13",4,1,"adult"
"11093",1,"FB13",5,1,"adult"
"11094",1,"FB13",6,1,"adult"
"11095",1,"FB13",7,1,"adult"
"11096",1,"FB13",8,1,"adult"
"11097",1,"FB13",9,1,"adult"
"11098",1,"FB13",10,1,"adult"
"11099",1,"FB13",11,1,"adult"
"11100",1,"FB13",12,1,"adult"
"11101",1,"FB13",13,1,"adult"
"11102",1,"FB13",14,1,"adult"
"11103",1,"FB13",15,1,"adult"
"11104",1,"FB13",16,1,"adult"
"11105",1,"FB13",17,1,"adult"
"11106",1,"FB13",18,1,"adult"
"11107",1,"FB13",19,1,"adult"
"11108",1,"FB13",20,1,"adult"
"11109",1,"FB13",21,1,"adult"
"11110",1,"FB13",22,1,"adult"
"11111",1,"FB13",23,1,"adult"
"11112",1,"FB13",24,1,"adult"
"11113",1,"FB13",25,1,"adult"
"11114",1,"FB13",26,1,"adult"
"11115",1,"FB13",27,1,"adult"
"11116",1,"FB13",28,1,"adult"
"11117",1,"FB13",29,1,"adult"
"11118",1,"FB13",30,1,"adult"
"11119",1,"FB13",31,1,"adult"
"11120",1,"FB13",32,1,"adult"
"11121",1,"FB13",33,1,"adult"
"11122",1,"FB13",34,1,"adult"
"11123",1,"FB13",35,1,"adult"
"11124",1,"FB13",36,1,"adult"
"11125",1,"FB13",37,1,"adult"
"11126",1,"FB13",38,1,"adult"
"11127",1,"FB13",39,1,"adult"
"11128",1,"FB13",40,1,"adult"
"11129",1,"FB13",41,1,"adult"
"11131",1,"FB14",1,1,"adult"
"11132",1,"FB14",2,1,"adult"
"11133",1,"FB14",3,1,"adult"
"11134",1,"FB14",4,1,"adult"
"11135",1,"FB14",5,1,"adult"
"11136",1,"FB14",6,1,"adult"
"11137",1,"FB14",7,1,"adult"
"11138",1,"FB14",8,1,"adult"
"11139",1,"FB14",9,1,"adult"
"11140",1,"FB14",10,1,"adult"
"11141",1,"FB14",11,1,"adult"
"11142",1,"FB14",12,1,"adult"
"11143",1,"FB14",13,1,"adult"
"11144",1,"FB14",14,1,"adult"
"11145",1,"FB14",15,1,"adult"
"11146",1,"FB14",16,1,"adult"
"11147",1,"FB14",17,1,"adult"
"11148",1,"FB14",18,1,"adult"
"11149",1,"FB14",19,1,"adult"
"11150",1,"FB14",20,1,"adult"
"11151",1,"FB14",21,1,"adult"
"11152",1,"FB14",22,1,"adult"
"11153",1,"FB14",23,1,"adult"
"11154",1,"FB14",24,1,"adult"
"11155",1,"FB14",25,1,"adult"
"11156",1,"FB14",26,1,"adult"
"11157",1,"FB14",27,1,"adult"
"11158",1,"FB14",28,1,"adult"
"11159",1,"FB14",29,1,"adult"
"11160",1,"FB14",30,1,"adult"
"11161",1,"FB14",31,1,"adult"
"11162",1,"FB14",32,1,"adult"
"11163",1,"FB14",33,1,"adult"
"11164",1,"FB14",34,1,"adult"
"11165",1,"FB14",35,1,"adult"
"11166",1,"FB14",36,1,"adult"
"11167",1,"FB14",37,1,"adult"
"11168",1,"FB14",38,1,"adult"
"11169",1,"FB14",39,1,"adult"
"11170",1,"FB14",40,1,"adult"
"11171",1,"FB14",41,1,"adult"
"11173",1,"FB15",1,1,"adult"
"11174",1,"FB15",2,1,"adult"
"11175",1,"FB15",3,1,"adult"
"11176",1,"FB15",4,1,"adult"
"11177",1,"FB15",5,1,"adult"
"11178",1,"FB15",6,1,"adult"
"11179",1,"FB15",7,1,"adult"
"11180",1,"FB15",8,1,"adult"
"11181",1,"FB15",9,1,"adult"
"11182",1,"FB15",10,1,"adult"
"11183",1,"FB15",11,1,"adult"
"11184",1,"FB15",12,1,"adult"
"11185",1,"FB15",13,1,"adult"
"11186",1,"FB15",14,1,"adult"
"11187",1,"FB15",15,1,"adult"
"11188",1,"FB15",16,1,"adult"
"11189",1,"FB15",17,1,"adult"
"11190",1,"FB15",18,1,"adult"
"11191",1,"FB15",19,1,"adult"
"11192",1,"FB15",20,1,"adult"
"11193",1,"FB15",21,1,"adult"
"11194",1,"FB15",22,1,"adult"
"11195",1,"FB15",23,1,"adult"
"11196",1,"FB15",24,1,"adult"
"11197",1,"FB15",25,1,"adult"
"11198",1,"FB15",26,1,"adult"
"11199",1,"FB15",27,1,"adult"
"11200",1,"FB15",28,1,"adult"
"11201",1,"FB15",29,1,"adult"
"11202",1,"FB15",30,1,"adult"
"11203",1,"FB15",31,1,"adult"
"11204",1,"FB15",32,1,"adult"
"11205",1,"FB15",33,1,"adult"
"11206",1,"FB15",34,1,"adult"
"11207",1,"FB15",35,1,"adult"
"11208",1,"FB15",36,1,"adult"
"11209",1,"FB15",37,1,"adult"
"11210",1,"FB15",38,1,"adult"
"11211",1,"FB15",39,1,"adult"
"11212",1,"FB15",40,1,"adult"
"11213",1,"FB15",41,1,"adult"
"11215",1,"FB17",1,1,"adult"
"11216",1,"FB17",2,1,"adult"
"11217",1,"FB17",3,1,"adult"
"11218",1,"FB17",4,1,"adult"
"11219",1,"FB17",5,1,"adult"
"11220",1,"FB17",6,1,"adult"
"11221",1,"FB17",7,1,"adult"
"11222",1,"FB17",8,1,"adult"
"11223",1,"FB17",9,1,"adult"
"11224",1,"FB17",10,1,"adult"
"11225",1,"FB17",11,1,"adult"
"11226",1,"FB17",12,1,"adult"
"11227",1,"FB17",13,1,"adult"
"11228",1,"FB17",14,1,"adult"
"11229",1,"FB17",15,1,"adult"
"11230",1,"FB17",16,1,"adult"
"11231",1,"FB17",17,1,"adult"
"11232",1,"FB17",18,1,"adult"
"11233",1,"FB17",19,1,"adult"
"11234",1,"FB17",20,1,"adult"
"11235",1,"FB17",21,1,"adult"
"11236",1,"FB17",22,1,"adult"
"11237",1,"FB17",23,1,"adult"
"11238",1,"FB17",24,1,"adult"
"11239",1,"FB17",25,1,"adult"
"11240",1,"FB17",26,1,"adult"
"11241",1,"FB17",27,1,"adult"
"11242",1,"FB17",28,1,"adult"
"11243",1,"FB17",29,1,"adult"
"11244",1,"FB17",30,1,"adult"
"11245",1,"FB17",31,1,"adult"
"11246",1,"FB17",32,1,"adult"
"11247",1,"FB17",33,1,"adult"
"11248",1,"FB17",34,1,"adult"
"11249",1,"FB17",35,1,"adult"
"11250",1,"FB17",36,1,"adult"
"11251",1,"FB17",37,1,"adult"
"11252",1,"FB17",38,1,"adult"
"11253",1,"FB17",39,1,"adult"
"11254",1,"FB17",40,1,"adult"
"11255",1,"FB17",41,1,"adult"
"11257",1,"FB20",1,1,"juvenile"
"11258",1,"FB20",2,1,"juvenile"
"11259",1,"FB20",3,1,"juvenile"
"11260",1,"FB20",4,1,"juvenile"
"11261",1,"FB20",5,1,"juvenile"
"11262",1,"FB20",6,1,"juvenile"
"11263",1,"FB20",7,1,"juvenile"
"11264",1,"FB20",8,1,"juvenile"
"11265",1,"FB20",9,1,"juvenile"
"11266",1,"FB20",10,1,"juvenile"
"11267",1,"FB20",11,1,"adult"
"11268",1,"FB20",12,1,"adult"
"11269",1,"FB20",13,1,"adult"
"11270",1,"FB20",14,1,"adult"
"11271",1,"FB20",15,1,"adult"
"11272",1,"FB20",16,1,"adult"
"11273",1,"FB20",17,1,"adult"
"11274",1,"FB20",18,1,"adult"
"11275",1,"FB20",19,1,"adult"
"11276",1,"FB20",20,1,"adult"
"11277",1,"FB20",21,1,"adult"
"11278",1,"FB20",22,1,"adult"
"11279",1,"FB20",23,1,"adult"
"11280",1,"FB20",24,1,"adult"
"11281",1,"FB20",25,1,"adult"
"11282",1,"FB20",26,1,"adult"
"11283",1,"FB20",27,1,"adult"
"11284",1,"FB20",28,1,"adult"
"11285",1,"FB20",29,1,"adult"
"11286",1,"FB20",30,1,"adult"
"11287",1,"FB20",31,1,"adult"
"11288",1,"FB20",32,1,"adult"
"11289",1,"FB20",33,1,"adult"
"11290",1,"FB20",34,1,"adult"
"11291",1,"FB20",35,1,"adult"
"11292",1,"FB20",36,1,"adult"
"11293",1,"FB20",37,1,"adult"
"11294",1,"FB20",38,1,"adult"
"11295",1,"FB20",39,1,"adult"
"11296",1,"FB20",40,1,"adult"
"11297",1,"FB20",41,1,"adult"
"11299",1,"FB23",1,1,"juvenile"
"11300",1,"FB23",2,1,"juvenile"
"11301",1,"FB23",3,1,"juvenile"
"11302",1,"FB23",4,1,"juvenile"
"11303",1,"FB23",5,1,"juvenile"
"11304",1,"FB23",6,1,"juvenile"
"11305",1,"FB23",7,1,"juvenile"
"11306",1,"FB23",8,1,"juvenile"
"11307",1,"FB23",9,1,"juvenile"
"11308",1,"FB23",10,1,"juvenile"
"11309",1,"FB23",11,1,"adult"
"11310",1,"FB23",12,1,"adult"
"11311",1,"FB23",13,1,"adult"
"11312",1,"FB23",14,1,"adult"
"11313",1,"FB23",15,1,"adult"
"11314",1,"FB23",16,1,"adult"
"11315",1,"FB23",17,1,"adult"
"11316",1,"FB23",18,1,"adult"
"11317",1,"FB23",19,1,"adult"
"11318",1,"FB23",20,1,"adult"
"11319",1,"FB23",21,1,"adult"
"11320",1,"FB23",22,1,"adult"
"11321",1,"FB23",23,1,"adult"
"11322",1,"FB23",24,1,"adult"
"11323",1,"FB23",25,1,"adult"
"11324",1,"FB23",26,1,"adult"
"11325",1,"FB23",27,1,"adult"
"11326",1,"FB23",28,1,"adult"
"11327",1,"FB23",29,1,"adult"
"11328",1,"FB23",30,1,"adult"
"11329",1,"FB23",31,1,"adult"
"11330",1,"FB23",32,1,"adult"
"11331",1,"FB23",33,1,"adult"
"11332",1,"FB23",34,1,"adult"
"11333",1,"FB23",35,1,"adult"
"11334",1,"FB23",36,1,"adult"
"11335",1,"FB23",37,1,"adult"
"11336",1,"FB23",38,1,"adult"
"11337",1,"FB23",39,1,"adult"
"11338",1,"FB23",40,1,"adult"
"11339",1,"FB23",41,1,"adult"
"11341",1,"FB24",1,1,"juvenile"
"11342",1,"FB24",2,1,"juvenile"
"11343",1,"FB24",3,1,"juvenile"
"11344",1,"FB24",4,1,"juvenile"
"11345",1,"FB24",5,1,"juvenile"
"11346",1,"FB24",6,1,"juvenile"
"11347",1,"FB24",7,1,"juvenile"
"11348",1,"FB24",8,1,"juvenile"
"11349",1,"FB24",9,1,"juvenile"
"11350",1,"FB24",10,1,"juvenile"
"11351",1,"FB24",11,1,"adult"
"11352",1,"FB24",12,1,"adult"
"11353",1,"FB24",13,1,"adult"
"11354",1,"FB24",14,1,"adult"
"11355",1,"FB24",15,1,"adult"
"11356",1,"FB24",16,1,"adult"
"11357",1,"FB24",17,1,"adult"
"11358",1,"FB24",18,1,"adult"
"11359",1,"FB24",19,1,"adult"
"11360",1,"FB24",20,1,"adult"
"11361",1,"FB24",21,1,"adult"
"11362",1,"FB24",22,1,"adult"
"11363",1,"FB24",23,1,"adult"
"11364",1,"FB24",24,1,"adult"
"11365",1,"FB24",25,1,"adult"
"11366",1,"FB24",26,1,"adult"
"11367",1,"FB24",27,1,"adult"
"11368",1,"FB24",28,1,"adult"
"11369",1,"FB24",29,1,"adult"
"11370",1,"FB24",30,1,"adult"
"11371",1,"FB24",31,1,"adult"
"11372",1,"FB24",32,1,"adult"
"11373",1,"FB24",33,1,"adult"
"11374",1,"FB24",34,1,"adult"
"11375",1,"FB24",35,1,"adult"
"11376",1,"FB24",36,1,"adult"
"11377",1,"FB24",37,1,"adult"
"11378",1,"FB24",38,1,"adult"
"11379",1,"FB24",39,1,"adult"
"11380",1,"FB24",40,1,"adult"
"11381",1,"FB24",41,1,"adult"
"11383",1,"FB25",1,1,"adult"
"11384",1,"FB25",2,1,"adult"
"11385",1,"FB25",3,1,"adult"
"11386",1,"FB25",4,1,"adult"
"11387",1,"FB25",5,1,"adult"
"11388",1,"FB25",6,1,"adult"
"11389",1,"FB25",7,1,"adult"
"11390",1,"FB25",8,1,"adult"
"11391",1,"FB25",9,1,"adult"
"11392",1,"FB25",10,1,"adult"
"11393",1,"FB25",11,1,"adult"
"11394",1,"FB25",12,1,"adult"
"11395",1,"FB25",13,1,"adult"
"11396",1,"FB25",14,1,"adult"
"11397",1,"FB25",15,1,"adult"
"11398",1,"FB25",16,1,"adult"
"11399",1,"FB25",17,1,"adult"
"11400",1,"FB25",18,1,"adult"
"11401",1,"FB25",19,1,"adult"
"11402",1,"FB25",20,1,"adult"
"11403",1,"FB25",21,1,"adult"
"11404",1,"FB25",22,1,"adult"
"11405",1,"FB25",23,1,"adult"
"11406",1,"FB25",24,1,"adult"
"11407",1,"FB25",25,1,"adult"
"11408",1,"FB25",26,1,"adult"
"11409",1,"FB25",27,1,"adult"
"11410",1,"FB25",28,1,"adult"
"11411",1,"FB25",29,1,"adult"
"11412",1,"FB25",30,1,"adult"
"11413",1,"FB25",31,1,"adult"
"11414",1,"FB25",32,1,"adult"
"11415",1,"FB25",33,1,"adult"
"11416",1,"FB25",34,1,"adult"
"11417",1,"FB25",35,1,"adult"
"11418",1,"FB25",36,1,"adult"
"11419",1,"FB25",37,1,"adult"
"11420",1,"FB25",38,1,"adult"
"11421",1,"FB25",39,1,"adult"
"11422",1,"FB25",40,1,"adult"
"11423",1,"FB25",41,1,"adult"
"11425",1,"FB26",1,1,"adult"
"11426",1,"FB26",2,1,"adult"
"11427",1,"FB26",3,1,"adult"
"11428",1,"FB26",4,1,"adult"
"11429",1,"FB26",5,1,"adult"
"11430",1,"FB26",6,1,"adult"
"11431",1,"FB26",7,1,"adult"
"11432",1,"FB26",8,1,"adult"
"11433",1,"FB26",9,1,"adult"
"11434",1,"FB26",10,1,"adult"
"11435",1,"FB26",11,1,"adult"
"11436",1,"FB26",12,1,"adult"
"11437",1,"FB26",13,1,"adult"
"11438",1,"FB26",14,1,"adult"
"11439",1,"FB26",15,1,"adult"
"11440",1,"FB26",16,1,"adult"
"11441",1,"FB26",17,1,"adult"
"11442",1,"FB26",18,1,"adult"
"11443",1,"FB26",19,1,"adult"
"11444",1,"FB26",20,1,"adult"
"11445",1,"FB26",21,1,"adult"
"11446",1,"FB26",22,1,"adult"
"11447",1,"FB26",23,1,"adult"
"11448",1,"FB26",24,1,"adult"
"11449",1,"FB26",25,1,"adult"
"11450",1,"FB26",26,1,"adult"
"11451",1,"FB26",27,1,"adult"
"11452",1,"FB26",28,1,"adult"
"11453",1,"FB26",29,1,"adult"
"11454",1,"FB26",30,1,"adult"
"11455",1,"FB26",31,1,"adult"
"11456",1,"FB26",32,1,"adult"
"11457",1,"FB26",33,1,"adult"
"11458",1,"FB26",34,1,"adult"
"11459",1,"FB26",35,1,"adult"
"11460",1,"FB26",36,1,"adult"
"11461",1,"FB26",37,1,"adult"
"11462",1,"FB26",38,1,"adult"
"11463",1,"FB26",39,1,"adult"
"11464",1,"FB26",40,1,"adult"
"11465",1,"FB26",41,1,"adult"
"11467",1,"FB27",1,1,"adult"
"11468",1,"FB27",2,1,"adult"
"11469",1,"FB27",3,1,"adult"
"11470",1,"FB27",4,1,"adult"
"11471",1,"FB27",5,1,"adult"
"11472",1,"FB27",6,1,"adult"
"11473",1,"FB27",7,1,"adult"
"11474",1,"FB27",8,1,"adult"
"11475",1,"FB27",9,1,"adult"
"11476",1,"FB27",10,1,"adult"
"11477",1,"FB27",11,1,"adult"
"11478",1,"FB27",12,1,"adult"
"11479",1,"FB27",13,1,"adult"
"11480",1,"FB27",14,1,"adult"
"11481",1,"FB27",15,1,"adult"
"11482",1,"FB27",16,1,"adult"
"11483",1,"FB27",17,1,"adult"
"11484",1,"FB27",18,1,"adult"
"11485",1,"FB27",19,1,"adult"
"11486",1,"FB27",20,1,"adult"
"11487",1,"FB27",21,1,"adult"
"11488",1,"FB27",22,1,"adult"
"11489",1,"FB27",23,1,"adult"
"11490",1,"FB27",24,1,"adult"
"11491",1,"FB27",25,1,"adult"
"11492",1,"FB27",26,1,"adult"
"11493",1,"FB27",27,1,"adult"
"11494",1,"FB27",28,1,"adult"
"11495",1,"FB27",29,1,"adult"
"11496",1,"FB27",30,1,"adult"
"11497",1,"FB27",31,1,"adult"
"11498",1,"FB27",32,1,"adult"
"11499",1,"FB27",33,1,"adult"
"11500",1,"FB27",34,1,"adult"
"11501",1,"FB27",35,1,"adult"
"11502",1,"FB27",36,1,"adult"
"11503",1,"FB27",37,1,"adult"
"11504",1,"FB27",38,1,"adult"
"11505",1,"FB27",39,1,"adult"
"11506",1,"FB27",40,1,"adult"
"11507",1,"FB27",41,1,"adult"
"11509",1,"FB28",1,1,"adult"
"11510",1,"FB28",2,1,"adult"
"11511",1,"FB28",3,1,"adult"
"11512",1,"FB28",4,1,"adult"
"11513",1,"FB28",5,1,"adult"
"11514",1,"FB28",6,1,"adult"
"11515",1,"FB28",7,1,"adult"
"11516",1,"FB28",8,1,"adult"
"11517",1,"FB28",9,1,"adult"
"11518",1,"FB28",10,1,"adult"
"11519",1,"FB28",11,1,"adult"
"11520",1,"FB28",12,1,"adult"
"11521",1,"FB28",13,1,"adult"
"11522",1,"FB28",14,1,"adult"
"11523",1,"FB28",15,1,"adult"
"11524",1,"FB28",16,1,"adult"
"11525",1,"FB28",17,1,"adult"
"11526",1,"FB28",18,1,"adult"
"11527",1,"FB28",19,1,"adult"
"11528",1,"FB28",20,1,"adult"
"11529",1,"FB28",21,1,"adult"
"11530",1,"FB28",22,1,"adult"
"11531",1,"FB28",23,1,"adult"
"11532",1,"FB28",24,1,"adult"
"11533",1,"FB28",25,1,"adult"
"11534",1,"FB28",26,1,"adult"
"11535",1,"FB28",27,1,"adult"
"11536",1,"FB28",28,1,"adult"
"11537",1,"FB28",29,1,"adult"
"11538",1,"FB28",30,1,"adult"
"11539",1,"FB28",31,1,"adult"
"11540",1,"FB28",32,1,"adult"
"11541",1,"FB28",33,1,"adult"
"11542",1,"FB28",34,1,"adult"
"11543",1,"FB28",35,1,"adult"
"11544",1,"FB28",36,1,"adult"
"11545",1,"FB28",37,1,"adult"
"11546",1,"FB28",38,1,"adult"
"11547",1,"FB28",39,1,"adult"
"11548",1,"FB28",40,1,"adult"
"11549",1,"FB28",41,1,"adult"
"11551",1,"FB29",1,1,"adult"
"11552",1,"FB29",2,1,"adult"
"11553",1,"FB29",3,1,"adult"
"11554",1,"FB29",4,1,"adult"
"11555",1,"FB29",5,1,"adult"
"11556",1,"FB29",6,1,"adult"
"11557",1,"FB29",7,1,"adult"
"11558",1,"FB29",8,1,"adult"
"11559",1,"FB29",9,1,"adult"
"11560",1,"FB29",10,1,"adult"
"11561",1,"FB29",11,1,"adult"
"11562",1,"FB29",12,1,"adult"
"11563",1,"FB29",13,1,"adult"
"11564",1,"FB29",14,1,"adult"
"11565",1,"FB29",15,1,"adult"
"11566",1,"FB29",16,1,"adult"
"11567",1,"FB29",17,1,"adult"
"11568",1,"FB29",18,1,"adult"
"11569",1,"FB29",19,1,"adult"
"11570",1,"FB29",20,1,"adult"
"11571",1,"FB29",21,1,"adult"
"11572",1,"FB29",22,1,"adult"
"11573",1,"FB29",23,1,"adult"
"11574",1,"FB29",24,1,"adult"
"11575",1,"FB29",25,1,"adult"
"11576",1,"FB29",26,1,"adult"
"11577",1,"FB29",27,1,"adult"
"11578",1,"FB29",28,1,"adult"
"11579",1,"FB29",29,1,"adult"
"11580",1,"FB29",30,1,"adult"
"11581",1,"FB29",31,1,"adult"
"11582",1,"FB29",32,1,"adult"
"11583",1,"FB29",33,1,"adult"
"11584",1,"FB29",34,1,"adult"
"11585",1,"FB29",35,1,"adult"
"11586",1,"FB29",36,1,"adult"
"11587",1,"FB29",37,1,"adult"
"11588",1,"FB29",38,1,"adult"
"11589",1,"FB29",39,1,"adult"
"11590",1,"FB29",40,1,"adult"
"11591",1,"FB29",41,1,"adult"
"11593",1,"FB32",1,1,"adult"
"11594",1,"FB32",2,1,"adult"
"11595",1,"FB32",3,1,"adult"
"11596",1,"FB32",4,1,"adult"
"11597",1,"FB32",5,1,"adult"
"11598",1,"FB32",6,1,"adult"
"11599",1,"FB32",7,1,"adult"
"11600",1,"FB32",8,1,"adult"
"11601",1,"FB32",9,1,"adult"
"11602",1,"FB32",10,1,"adult"
"11603",1,"FB32",11,1,"adult"
"11604",1,"FB32",12,1,"adult"
"11605",1,"FB32",13,1,"adult"
"11606",1,"FB32",14,1,"adult"
"11607",1,"FB32",15,1,"adult"
"11608",1,"FB32",16,1,"adult"
"11609",1,"FB32",17,1,"adult"
"11610",1,"FB32",18,1,"adult"
"11611",1,"FB32",19,1,"adult"
"11612",1,"FB32",20,1,"adult"
"11613",1,"FB32",21,1,"adult"
"11614",1,"FB32",22,1,"adult"
"11615",1,"FB32",23,1,"adult"
"11616",1,"FB32",24,1,"adult"
"11617",1,"FB32",25,1,"adult"
"11618",1,"FB32",26,1,"adult"
"11619",1,"FB32",27,1,"adult"
"11620",1,"FB32",28,1,"adult"
"11621",1,"FB32",29,1,"adult"
"11622",1,"FB32",30,1,"adult"
"11623",1,"FB32",31,1,"adult"
"11624",1,"FB32",32,1,"adult"
"11625",1,"FB32",33,1,"adult"
"11626",1,"FB32",34,1,"adult"
"11627",1,"FB32",35,1,"adult"
"11628",1,"FB32",36,1,"adult"
"11629",1,"FB32",37,1,"adult"
"11630",1,"FB32",38,1,"adult"
"11631",1,"FB32",39,1,"adult"
"11632",1,"FB32",40,1,"adult"
"11633",1,"FB32",41,1,"adult"
"11635",1,"FB33",1,1,"adult"
"11636",1,"FB33",2,1,"adult"
"11637",1,"FB33",3,1,"adult"
"11638",1,"FB33",4,1,"adult"
"11639",1,"FB33",5,1,"adult"
"11640",1,"FB33",6,1,"adult"
"11641",1,"FB33",7,1,"adult"
"11642",1,"FB33",8,1,"adult"
"11643",1,"FB33",9,1,"adult"
"11644",1,"FB33",10,1,"adult"
"11645",1,"FB33",11,1,"adult"
"11646",1,"FB33",12,1,"adult"
"11647",1,"FB33",13,1,"adult"
"11648",1,"FB33",14,1,"adult"
"11649",1,"FB33",15,1,"adult"
"11650",1,"FB33",16,1,"adult"
"11651",1,"FB33",17,1,"adult"
"11652",1,"FB33",18,1,"adult"
"11653",1,"FB33",19,1,"adult"
"11654",1,"FB33",20,1,"adult"
"11655",1,"FB33",21,1,"adult"
"11656",1,"FB33",22,1,"adult"
"11657",1,"FB33",23,1,"adult"
"11658",1,"FB33",24,1,"adult"
"11659",1,"FB33",25,1,"adult"
"11660",1,"FB33",26,1,"adult"
"11661",1,"FB33",27,1,"adult"
"11662",1,"FB33",28,1,"adult"
"11663",1,"FB33",29,1,"adult"
"11664",1,"FB33",30,1,"adult"
"11665",1,"FB33",31,1,"adult"
"11666",1,"FB33",32,1,"adult"
"11667",1,"FB33",33,1,"adult"
"11668",1,"FB33",34,1,"adult"
"11669",1,"FB33",35,1,"adult"
"11670",1,"FB33",36,1,"adult"
"11671",1,"FB33",37,1,"adult"
"11672",1,"FB33",38,1,"adult"
"11673",1,"FB33",39,1,"adult"
"11674",1,"FB33",40,1,"adult"
"11675",1,"FB33",41,1,"adult"
"11677",1,"FB35",1,1,"adult"
"11678",1,"FB35",2,1,"adult"
"11679",1,"FB35",3,1,"adult"
"11680",1,"FB35",4,1,"adult"
"11681",1,"FB35",5,1,"adult"
"11682",1,"FB35",6,1,"adult"
"11683",1,"FB35",7,1,"adult"
"11684",1,"FB35",8,1,"adult"
"11685",1,"FB35",9,1,"adult"
"11686",1,"FB35",10,1,"adult"
"11687",1,"FB35",11,1,"adult"
"11688",1,"FB35",12,1,"adult"
"11689",1,"FB35",13,1,"adult"
"11690",1,"FB35",14,1,"adult"
"11691",1,"FB35",15,1,"adult"
"11692",1,"FB35",16,1,"adult"
"11693",1,"FB35",17,1,"adult"
"11694",1,"FB35",18,1,"adult"
"11695",1,"FB35",19,1,"adult"
"11696",1,"FB35",20,1,"adult"
"11697",1,"FB35",21,1,"adult"
"11698",1,"FB35",22,1,"adult"
"11699",1,"FB35",23,1,"adult"
"11700",1,"FB35",24,1,"adult"
"11701",1,"FB35",25,1,"adult"
"11702",1,"FB35",26,1,"adult"
"11703",1,"FB35",27,1,"adult"
"11704",1,"FB35",28,1,"adult"
"11705",1,"FB35",29,1,"adult"
"11706",1,"FB35",30,1,"adult"
"11707",1,"FB35",31,1,"adult"
"11708",1,"FB35",32,1,"adult"
"11709",1,"FB35",33,1,"adult"
"11710",1,"FB35",34,1,"adult"
"11711",1,"FB35",35,1,"adult"
"11712",1,"FB35",36,1,"adult"
"11713",1,"FB35",37,1,"adult"
"11714",1,"FB35",38,1,"adult"
"11715",1,"FB35",39,1,"adult"
"11716",1,"FB35",40,1,"adult"
"11717",1,"FB35",41,1,"adult"
"11719",1,"FB36",1,1,"adult"
"11720",1,"FB36",2,1,"adult"
"11721",1,"FB36",3,1,"adult"
"11722",1,"FB36",4,1,"adult"
"11723",1,"FB36",5,1,"adult"
"11724",1,"FB36",6,1,"adult"
"11725",1,"FB36",7,1,"adult"
"11726",1,"FB36",8,1,"adult"
"11727",1,"FB36",9,1,"adult"
"11728",1,"FB36",10,1,"adult"
"11729",1,"FB36",11,1,"adult"
"11730",1,"FB36",12,1,"adult"
"11731",1,"FB36",13,1,"adult"
"11732",1,"FB36",14,1,"adult"
"11733",1,"FB36",15,1,"adult"
"11734",1,"FB36",16,1,"adult"
"11735",1,"FB36",17,1,"adult"
"11736",1,"FB36",18,1,"adult"
"11737",1,"FB36",19,1,"adult"
"11738",1,"FB36",20,1,"adult"
"11739",1,"FB36",21,1,"adult"
"11740",1,"FB36",22,1,"adult"
"11741",1,"FB36",23,1,"adult"
"11742",1,"FB36",24,1,"adult"
"11743",1,"FB36",25,1,"adult"
"11744",1,"FB36",26,1,"adult"
"11745",1,"FB36",27,1,"adult"
"11746",1,"FB36",28,1,"adult"
"11747",1,"FB36",29,1,"adult"
"11748",1,"FB36",30,1,"adult"
"11749",1,"FB36",31,1,"adult"
"11750",1,"FB36",32,1,"adult"
"11751",1,"FB36",33,1,"adult"
"11752",1,"FB36",34,1,"adult"
"11753",1,"FB36",35,1,"adult"
"11754",1,"FB36",36,1,"adult"
"11755",1,"FB36",37,1,"adult"
"11756",1,"FB36",38,1,"adult"
"11757",1,"FB36",39,1,"adult"
"11758",1,"FB36",40,1,"adult"
"11759",1,"FB36",41,1,"adult"
"11761",1,"FB38",1,1,"adult"
"11762",1,"FB38",2,1,"adult"
"11763",1,"FB38",3,1,"adult"
"11764",1,"FB38",4,1,"adult"
"11765",1,"FB38",5,1,"adult"
"11766",1,"FB38",6,1,"adult"
"11767",1,"FB38",7,1,"adult"
"11768",1,"FB38",8,1,"adult"
"11769",1,"FB38",9,1,"adult"
"11770",1,"FB38",10,1,"adult"
"11771",1,"FB38",11,1,"adult"
"11772",1,"FB38",12,1,"adult"
"11773",1,"FB38",13,1,"adult"
"11774",1,"FB38",14,1,"adult"
"11775",1,"FB38",15,1,"adult"
"11776",1,"FB38",16,1,"adult"
"11777",1,"FB38",17,1,"adult"
"11778",1,"FB38",18,1,"adult"
"11779",1,"FB38",19,1,"adult"
"11780",1,"FB38",20,1,"adult"
"11781",1,"FB38",21,1,"adult"
"11782",1,"FB38",22,1,"adult"
"11783",1,"FB38",23,1,"adult"
"11784",1,"FB38",24,1,"adult"
"11785",1,"FB38",25,1,"adult"
"11786",1,"FB38",26,1,"adult"
"11787",1,"FB38",27,1,"adult"
"11788",1,"FB38",28,1,"adult"
"11789",1,"FB38",29,1,"adult"
"11790",1,"FB38",30,1,"adult"
"11791",1,"FB38",31,1,"adult"
"11792",1,"FB38",32,1,"adult"
"11793",1,"FB38",33,1,"adult"
"11794",1,"FB38",34,1,"adult"
"11795",1,"FB38",35,1,"adult"
"11796",1,"FB38",36,1,"adult"
"11797",1,"FB38",37,1,"adult"
"11798",1,"FB38",38,1,"adult"
"11799",1,"FB38",39,1,"adult"
"11800",1,"FB38",40,1,"adult"
"11801",1,"FB38",41,1,"adult"
"11803",1,"FB39",1,1,"adult"
"11804",1,"FB39",2,1,"adult"
"11805",1,"FB39",3,1,"adult"
"11806",1,"FB39",4,1,"adult"
"11807",1,"FB39",5,1,"adult"
"11808",1,"FB39",6,1,"adult"
"11809",1,"FB39",7,1,"adult"
"11810",1,"FB39",8,1,"adult"
"11811",1,"FB39",9,1,"adult"
"11812",1,"FB39",10,1,"adult"
"11813",1,"FB39",11,1,"adult"
"11814",1,"FB39",12,1,"adult"
"11815",1,"FB39",13,1,"adult"
"11816",1,"FB39",14,1,"adult"
"11817",1,"FB39",15,1,"adult"
"11818",1,"FB39",16,1,"adult"
"11819",1,"FB39",17,1,"adult"
"11820",1,"FB39",18,1,"adult"
"11821",1,"FB39",19,1,"adult"
"11822",1,"FB39",20,1,"adult"
"11823",1,"FB39",21,1,"adult"
"11824",1,"FB39",22,1,"adult"
"11825",1,"FB39",23,1,"adult"
"11826",1,"FB39",24,1,"adult"
"11827",1,"FB39",25,1,"adult"
"11828",1,"FB39",26,1,"adult"
"11829",1,"FB39",27,1,"adult"
"11830",1,"FB39",28,1,"adult"
"11831",1,"FB39",29,1,"adult"
"11832",1,"FB39",30,1,"adult"
"11833",1,"FB39",31,1,"adult"
"11834",1,"FB39",32,1,"adult"
"11835",1,"FB39",33,1,"adult"
"11836",1,"FB39",34,1,"adult"
"11837",1,"FB39",35,1,"adult"
"11838",1,"FB39",36,1,"adult"
"11839",1,"FB39",37,1,"adult"
"11840",1,"FB39",38,1,"adult"
"11841",1,"FB39",39,1,"adult"
"11842",1,"FB39",40,1,"adult"
"11843",1,"FB39",41,1,"adult"
"11845",1,"FB43",1,1,"adult"
"11846",1,"FB43",2,1,"adult"
"11847",1,"FB43",3,1,"adult"
"11848",1,"FB43",4,1,"adult"
"11849",1,"FB43",5,1,"adult"
"11850",1,"FB43",6,1,"adult"
"11851",1,"FB43",7,1,"adult"
"11852",1,"FB43",8,1,"adult"
"11853",1,"FB43",9,1,"adult"
"11854",1,"FB43",10,1,"adult"
"11855",1,"FB43",11,1,"adult"
"11856",1,"FB43",12,1,"adult"
"11857",1,"FB43",13,1,"adult"
"11858",1,"FB43",14,1,"adult"
"11859",1,"FB43",15,1,"adult"
"11860",1,"FB43",16,1,"adult"
"11861",1,"FB43",17,1,"adult"
"11862",1,"FB43",18,1,"adult"
"11863",1,"FB43",19,1,"adult"
"11864",1,"FB43",20,1,"adult"
"11865",1,"FB43",21,1,"adult"
"11866",1,"FB43",22,1,"adult"
"11867",1,"FB43",23,1,"adult"
"11868",1,"FB43",24,1,"adult"
"11869",1,"FB43",25,1,"adult"
"11870",1,"FB43",26,1,"adult"
"11871",1,"FB43",27,1,"adult"
"11872",1,"FB43",28,1,"adult"
"11873",1,"FB43",29,1,"adult"
"11874",1,"FB43",30,1,"adult"
"11875",1,"FB43",31,1,"adult"
"11876",1,"FB43",32,1,"adult"
"11877",1,"FB43",33,1,"adult"
"11878",1,"FB43",34,1,"adult"
"11879",1,"FB43",35,1,"adult"
"11880",1,"FB43",36,1,"adult"
"11881",1,"FB43",37,1,"adult"
"11882",1,"FB43",38,1,"adult"
"11883",1,"FB43",39,1,"adult"
"11884",1,"FB43",40,1,"adult"
"11885",1,"FB43",41,1,"adult"
"11887",1,"FB44",1,1,"adult"
"11888",1,"FB44",2,1,"adult"
"11889",1,"FB44",3,1,"adult"
"11890",1,"FB44",4,1,"adult"
"11891",1,"FB44",5,1,"adult"
"11892",1,"FB44",6,1,"adult"
"11893",1,"FB44",7,1,"adult"
"11894",1,"FB44",8,1,"adult"
"11895",1,"FB44",9,1,"adult"
"11896",1,"FB44",10,1,"adult"
"11897",1,"FB44",11,1,"adult"
"11898",1,"FB44",12,1,"adult"
"11899",1,"FB44",13,1,"adult"
"11900",1,"FB44",14,1,"adult"
"11901",1,"FB44",15,1,"adult"
"11902",1,"FB44",16,1,"adult"
"11903",1,"FB44",17,1,"adult"
"11904",1,"FB44",18,1,"adult"
"11905",1,"FB44",19,1,"adult"
"11906",1,"FB44",20,1,"adult"
"11907",1,"FB44",21,1,"adult"
"11908",1,"FB44",22,1,"adult"
"11909",1,"FB44",23,1,"adult"
"11910",1,"FB44",24,1,"adult"
"11911",1,"FB44",25,1,"adult"
"11912",1,"FB44",26,1,"adult"
"11913",1,"FB44",27,1,"adult"
"11914",1,"FB44",28,1,"adult"
"11915",1,"FB44",29,1,"adult"
"11916",1,"FB44",30,1,"adult"
"11917",1,"FB44",31,1,"adult"
"11918",1,"FB44",32,1,"adult"
"11919",1,"FB44",33,1,"adult"
"11920",1,"FB44",34,1,"adult"
"11921",1,"FB44",35,1,"adult"
"11922",1,"FB44",36,1,"adult"
"11923",1,"FB44",37,1,"adult"
"11924",1,"FB44",38,1,"adult"
"11925",1,"FB44",39,1,"adult"
"11926",1,"FB44",40,1,"adult"
"11927",1,"FB44",41,1,"adult"
"11929",1,"FB46",1,1,"adult"
"11930",1,"FB46",2,1,"adult"
"11931",1,"FB46",3,1,"adult"
"11932",1,"FB46",4,1,"adult"
"11933",1,"FB46",5,1,"adult"
"11934",1,"FB46",6,1,"adult"
"11935",1,"FB46",7,1,"adult"
"11936",1,"FB46",8,1,"adult"
"11937",1,"FB46",9,1,"adult"
"11938",1,"FB46",10,1,"adult"
"11939",1,"FB46",11,1,"adult"
"11940",1,"FB46",12,1,"adult"
"11941",1,"FB46",13,1,"adult"
"11942",1,"FB46",14,1,"adult"
"11943",1,"FB46",15,1,"adult"
"11944",1,"FB46",16,1,"adult"
"11945",1,"FB46",17,1,"adult"
"11946",1,"FB46",18,1,"adult"
"11947",1,"FB46",19,1,"adult"
"11948",1,"FB46",20,1,"adult"
"11949",1,"FB46",21,1,"adult"
"11950",1,"FB46",22,1,"adult"
"11951",1,"FB46",23,1,"adult"
"11952",1,"FB46",24,1,"adult"
"11953",1,"FB46",25,1,"adult"
"11954",1,"FB46",26,1,"adult"
"11955",1,"FB46",27,1,"adult"
"11956",1,"FB46",28,1,"adult"
"11957",1,"FB46",29,1,"adult"
"11958",1,"FB46",30,1,"adult"
"11959",1,"FB46",31,1,"adult"
"11960",1,"FB46",32,1,"adult"
"11961",1,"FB46",33,1,"adult"
"11962",1,"FB46",34,1,"adult"
"11963",1,"FB46",35,1,"adult"
"11964",1,"FB46",36,1,"adult"
"11965",1,"FB46",37,1,"adult"
"11966",1,"FB46",38,1,"adult"
"11967",1,"FB46",39,1,"adult"
"11968",1,"FB46",40,1,"adult"
"11969",1,"FB46",41,1,"adult"
"11971",1,"FB48",1,1,"adult"
"11972",1,"FB48",2,1,"adult"
"11973",1,"FB48",3,1,"adult"
"11974",1,"FB48",4,1,"adult"
"11975",1,"FB48",5,1,"adult"
"11976",1,"FB48",6,1,"adult"
"11977",1,"FB48",7,1,"adult"
"11978",1,"FB48",8,1,"adult"
"11979",1,"FB48",9,1,"adult"
"11980",1,"FB48",10,1,"adult"
"11981",1,"FB48",11,1,"adult"
"11982",1,"FB48",12,1,"adult"
"11983",1,"FB48",13,1,"adult"
"11984",1,"FB48",14,1,"adult"
"11985",1,"FB48",15,1,"adult"
"11986",1,"FB48",16,1,"adult"
"11987",1,"FB48",17,1,"adult"
"11988",1,"FB48",18,1,"adult"
"11989",1,"FB48",19,1,"adult"
"11990",1,"FB48",20,1,"adult"
"11991",1,"FB48",21,1,"adult"
"11992",1,"FB48",22,1,"adult"
"11993",1,"FB48",23,1,"adult"
"11994",1,"FB48",24,1,"adult"
"11995",1,"FB48",25,1,"adult"
"11996",1,"FB48",26,1,"adult"
"11997",1,"FB48",27,1,"adult"
"11998",1,"FB48",28,1,"adult"
"11999",1,"FB48",29,1,"adult"
"12000",1,"FB48",30,1,"adult"
"12001",1,"FB48",31,1,"adult"
"12002",1,"FB48",32,1,"adult"
"12003",1,"FB48",33,1,"adult"
"12004",1,"FB48",34,1,"adult"
"12005",1,"FB48",35,1,"adult"
"12006",1,"FB48",36,1,"adult"
"12007",1,"FB48",37,1,"adult"
"12008",1,"FB48",38,1,"adult"
"12009",1,"FB48",39,1,"adult"
"12010",1,"FB48",40,1,"adult"
"12011",1,"FB48",41,1,"adult"
"12013",1,"FB54",1,0,"adult"
"12014",1,"FB54",2,0,"adult"
"12015",1,"FB54",3,0,"adult"
"12016",1,"FB54",4,0,"adult"
"12017",1,"FB54",5,0,"adult"
"12018",1,"FB54",6,0,"adult"
"12019",1,"FB54",7,0,"adult"
"12020",1,"FB54",8,0,"adult"
"12021",1,"FB54",9,0,"adult"
"12022",1,"FB54",10,0,"adult"
"12023",1,"FB54",11,0,"adult"
"12024",1,"FB54",12,0,"adult"
"12025",1,"FB54",13,0,"adult"
"12026",1,"FB54",14,0,"adult"
"12027",1,"FB54",15,0,"adult"
"12028",1,"FB54",16,0,"adult"
"12029",1,"FB54",17,0,"adult"
"12030",1,"FB54",18,0,"adult"
"12031",1,"FB54",19,0,"adult"
"12032",1,"FB54",20,0,"adult"
"12033",1,"FB54",21,0,"adult"
"12034",1,"FB54",22,0,"adult"
"12035",1,"FB54",23,0,"adult"
"12036",1,"FB54",24,0,"adult"
"12037",1,"FB54",25,0,"adult"
"12038",1,"FB54",26,0,"adult"
"12039",1,"FB54",27,0,"adult"
"12040",1,"FB54",28,0,"adult"
"12041",1,"FB54",29,0,"adult"
"12042",1,"FB54",30,0,"adult"
"12043",1,"FB54",31,0,"adult"
"12044",1,"FB54",32,0,"adult"
"12045",1,"FB54",33,0,"adult"
"12046",1,"FB54",34,0,"adult"
"12047",1,"FB54",35,0,"adult"
"12048",1,"FB54",36,0,"adult"
"12049",1,"FB54",37,0,"adult"
"12050",1,"FB54",38,0,"adult"
"12051",1,"FB54",39,0,"adult"
"12052",1,"FB54",40,0,"adult"
"12053",1,"FB54",41,0,"adult"
"12055",1,"FB55",1,1,"juvenile"
"12056",1,"FB55",2,1,"juvenile"
"12057",1,"FB55",3,1,"juvenile"
"12058",1,"FB55",4,1,"juvenile"
"12059",1,"FB55",5,1,"adult"
"12060",1,"FB55",6,1,"adult"
"12061",1,"FB55",7,1,"adult"
"12062",1,"FB55",8,1,"adult"
"12063",1,"FB55",9,1,"adult"
"12064",1,"FB55",10,1,"adult"
"12065",1,"FB55",11,1,"adult"
"12066",1,"FB55",12,1,"adult"
"12067",1,"FB55",13,1,"adult"
"12068",1,"FB55",14,1,"adult"
"12069",1,"FB55",15,1,"adult"
"12070",1,"FB55",16,1,"adult"
"12071",1,"FB55",17,1,"adult"
"12072",1,"FB55",18,1,"adult"
"12073",1,"FB55",19,1,"adult"
"12074",1,"FB55",20,1,"adult"
"12075",1,"FB55",21,1,"adult"
"12076",1,"FB55",22,1,"adult"
"12077",1,"FB55",23,1,"adult"
"12078",1,"FB55",24,1,"adult"
"12079",1,"FB55",25,1,"adult"
"12080",1,"FB55",26,1,"adult"
"12081",1,"FB55",27,1,"adult"
"12082",1,"FB55",28,1,"adult"
"12083",1,"FB55",29,1,"adult"
"12084",1,"FB55",30,1,"adult"
"12085",1,"FB55",31,1,"adult"
"12086",1,"FB55",32,1,"adult"
"12087",1,"FB55",33,1,"adult"
"12088",1,"FB55",34,1,"adult"
"12089",1,"FB55",35,1,"adult"
"12090",1,"FB55",36,1,"adult"
"12091",1,"FB55",37,1,"adult"
"12092",1,"FB55",38,1,"adult"
"12093",1,"FB55",39,1,"adult"
"12094",1,"FB55",40,1,"adult"
"12095",1,"FB55",41,1,"adult"
"12097",1,"FB57",1,1,"adult"
"12098",1,"FB57",2,1,"adult"
"12099",1,"FB57",3,1,"adult"
"12100",1,"FB57",4,1,"adult"
"12101",1,"FB57",5,1,"adult"
"12102",1,"FB57",6,1,"adult"
"12103",1,"FB57",7,1,"adult"
"12104",1,"FB57",8,1,"adult"
"12105",1,"FB57",9,1,"adult"
"12106",1,"FB57",10,1,"adult"
"12107",1,"FB57",11,1,"adult"
"12108",1,"FB57",12,1,"adult"
"12109",1,"FB57",13,1,"adult"
"12110",1,"FB57",14,1,"adult"
"12111",1,"FB57",15,1,"adult"
"12112",1,"FB57",16,1,"adult"
"12113",1,"FB57",17,1,"adult"
"12114",1,"FB57",18,1,"adult"
"12115",1,"FB57",19,1,"adult"
"12116",1,"FB57",20,1,"adult"
"12117",1,"FB57",21,1,"adult"
"12118",1,"FB57",22,1,"adult"
"12119",1,"FB57",23,1,"adult"
"12120",1,"FB57",24,1,"adult"
"12121",1,"FB57",25,1,"adult"
"12122",1,"FB57",26,1,"adult"
"12123",1,"FB57",27,1,"adult"
"12124",1,"FB57",28,1,"adult"
"12125",1,"FB57",29,1,"adult"
"12126",1,"FB57",30,1,"adult"
"12127",1,"FB57",31,1,"adult"
"12128",1,"FB57",32,1,"adult"
"12129",1,"FB57",33,1,"adult"
"12130",1,"FB57",34,1,"adult"
"12131",1,"FB57",35,1,"adult"
"12132",1,"FB57",36,1,"adult"
"12133",1,"FB57",37,1,"adult"
"12134",1,"FB57",38,1,"adult"
"12135",1,"FB57",39,1,"adult"
"12136",1,"FB57",40,1,"adult"
"12137",1,"FB57",41,1,"adult"
"12139",1,"FB58",1,1,"adult"
"12140",1,"FB58",2,1,"adult"
"12141",1,"FB58",3,1,"adult"
"12142",1,"FB58",4,1,"adult"
"12143",1,"FB58",5,1,"adult"
"12144",1,"FB58",6,1,"adult"
"12145",1,"FB58",7,1,"adult"
"12146",1,"FB58",8,1,"adult"
"12147",1,"FB58",9,1,"adult"
"12148",1,"FB58",10,1,"adult"
"12149",1,"FB58",11,1,"adult"
"12150",1,"FB58",12,1,"adult"
"12151",1,"FB58",13,1,"adult"
"12152",1,"FB58",14,1,"adult"
"12153",1,"FB58",15,1,"adult"
"12154",1,"FB58",16,1,"adult"
"12155",1,"FB58",17,1,"adult"
"12156",1,"FB58",18,1,"adult"
"12157",1,"FB58",19,1,"adult"
"12158",1,"FB58",20,1,"adult"
"12159",1,"FB58",21,1,"adult"
"12160",1,"FB58",22,1,"adult"
"12161",1,"FB58",23,1,"adult"
"12162",1,"FB58",24,1,"adult"
"12163",1,"FB58",25,1,"adult"
"12164",1,"FB58",26,1,"adult"
"12165",1,"FB58",27,1,"adult"
"12166",1,"FB58",28,1,"adult"
"12167",1,"FB58",29,1,"adult"
"12168",1,"FB58",30,1,"adult"
"12169",1,"FB58",31,1,"adult"
"12170",1,"FB58",32,1,"adult"
"12171",1,"FB58",33,1,"adult"
"12172",1,"FB58",34,1,"adult"
"12173",1,"FB58",35,1,"adult"
"12174",1,"FB58",36,1,"adult"
"12175",1,"FB58",37,1,"adult"
"12176",1,"FB58",38,1,"adult"
"12177",1,"FB58",39,1,"adult"
"12178",1,"FB58",40,1,"adult"
"12179",1,"FB58",41,1,"adult"
"12181",1,"FB59",1,1,"adult"
"12182",1,"FB59",2,1,"adult"
"12183",1,"FB59",3,1,"adult"
"12184",1,"FB59",4,1,"adult"
"12185",1,"FB59",5,1,"adult"
"12186",1,"FB59",6,1,"adult"
"12187",1,"FB59",7,1,"adult"
"12188",1,"FB59",8,1,"adult"
"12189",1,"FB59",9,1,"adult"
"12190",1,"FB59",10,1,"adult"
"12191",1,"FB59",11,1,"adult"
"12192",1,"FB59",12,1,"adult"
"12193",1,"FB59",13,1,"adult"
"12194",1,"FB59",14,1,"adult"
"12195",1,"FB59",15,1,"adult"
"12196",1,"FB59",16,1,"adult"
"12197",1,"FB59",17,1,"adult"
"12198",1,"FB59",18,1,"adult"
"12199",1,"FB59",19,1,"adult"
"12200",1,"FB59",20,1,"adult"
"12201",1,"FB59",21,1,"adult"
"12202",1,"FB59",22,1,"adult"
"12203",1,"FB59",23,1,"adult"
"12204",1,"FB59",24,1,"adult"
"12205",1,"FB59",25,1,"adult"
"12206",1,"FB59",26,1,"adult"
"12207",1,"FB59",27,1,"adult"
"12208",1,"FB59",28,1,"adult"
"12209",1,"FB59",29,1,"adult"
"12210",1,"FB59",30,1,"adult"
"12211",1,"FB59",31,1,"adult"
"12212",1,"FB59",32,1,"adult"
"12213",1,"FB59",33,1,"adult"
"12214",1,"FB59",34,1,"adult"
"12215",1,"FB59",35,1,"adult"
"12216",1,"FB59",36,1,"adult"
"12217",1,"FB59",37,1,"adult"
"12218",1,"FB59",38,1,"adult"
"12219",1,"FB59",39,1,"adult"
"12220",1,"FB59",40,1,"adult"
"12221",1,"FB59",41,1,"adult"
"12223",1,"FB60",1,1,"adult"
"12224",1,"FB60",2,1,"adult"
"12225",1,"FB60",3,1,"adult"
"12226",1,"FB60",4,1,"adult"
"12227",1,"FB60",5,1,"adult"
"12228",1,"FB60",6,1,"adult"
"12229",1,"FB60",7,1,"adult"
"12230",1,"FB60",8,1,"adult"
"12231",1,"FB60",9,1,"adult"
"12232",1,"FB60",10,1,"adult"
"12233",1,"FB60",11,1,"adult"
"12234",1,"FB60",12,1,"adult"
"12235",1,"FB60",13,1,"adult"
"12236",1,"FB60",14,1,"adult"
"12237",1,"FB60",15,1,"adult"
"12238",1,"FB60",16,1,"adult"
"12239",1,"FB60",17,1,"adult"
"12240",1,"FB60",18,1,"adult"
"12241",1,"FB60",19,1,"adult"
"12242",1,"FB60",20,1,"adult"
"12243",1,"FB60",21,1,"adult"
"12244",1,"FB60",22,1,"adult"
"12245",1,"FB60",23,1,"adult"
"12246",1,"FB60",24,1,"adult"
"12247",1,"FB60",25,1,"adult"
"12248",1,"FB60",26,1,"adult"
"12249",1,"FB60",27,1,"adult"
"12250",1,"FB60",28,1,"adult"
"12251",1,"FB60",29,1,"adult"
"12252",1,"FB60",30,1,"adult"
"12253",1,"FB60",31,1,"adult"
"12254",1,"FB60",32,1,"adult"
"12255",1,"FB60",33,1,"adult"
"12256",1,"FB60",34,1,"adult"
"12257",1,"FB60",35,1,"adult"
"12258",1,"FB60",36,1,"adult"
"12259",1,"FB60",37,1,"adult"
"12260",1,"FB60",38,1,"adult"
"12261",1,"FB60",39,1,"adult"
"12262",1,"FB60",40,1,"adult"
"12263",1,"FB60",41,1,"adult"
"12265",1,"FB62",1,1,"adult"
"12266",1,"FB62",2,1,"adult"
"12267",1,"FB62",3,1,"adult"
"12268",1,"FB62",4,1,"adult"
"12269",1,"FB62",5,1,"adult"
"12270",1,"FB62",6,1,"adult"
"12271",1,"FB62",7,1,"adult"
"12272",1,"FB62",8,1,"adult"
"12273",1,"FB62",9,1,"adult"
"12274",1,"FB62",10,1,"adult"
"12275",1,"FB62",11,1,"adult"
"12276",1,"FB62",12,1,"adult"
"12277",1,"FB62",13,1,"adult"
"12278",1,"FB62",14,1,"adult"
"12279",1,"FB62",15,1,"adult"
"12280",1,"FB62",16,1,"adult"
"12281",1,"FB62",17,1,"adult"
"12282",1,"FB62",18,1,"adult"
"12283",1,"FB62",19,1,"adult"
"12284",1,"FB62",20,1,"adult"
"12285",1,"FB62",21,1,"adult"
"12286",1,"FB62",22,1,"adult"
"12287",1,"FB62",23,1,"adult"
"12288",1,"FB62",24,1,"adult"
"12289",1,"FB62",25,1,"adult"
"12290",1,"FB62",26,1,"adult"
"12291",1,"FB62",27,1,"adult"
"12292",1,"FB62",28,1,"adult"
"12293",1,"FB62",29,1,"adult"
"12294",1,"FB62",30,1,"adult"
"12295",1,"FB62",31,1,"adult"
"12296",1,"FB62",32,1,"adult"
"12297",1,"FB62",33,1,"adult"
"12298",1,"FB62",34,1,"adult"
"12299",1,"FB62",35,1,"adult"
"12300",1,"FB62",36,1,"adult"
"12301",1,"FB62",37,1,"adult"
"12302",1,"FB62",38,1,"adult"
"12303",1,"FB62",39,1,"adult"
"12304",1,"FB62",40,1,"adult"
"12305",1,"FB62",41,1,"adult"
"12307",1,"FB63",1,1,"adult"
"12308",1,"FB63",2,1,"adult"
"12309",1,"FB63",3,1,"adult"
"12310",1,"FB63",4,1,"adult"
"12311",1,"FB63",5,1,"adult"
"12312",1,"FB63",6,1,"adult"
"12313",1,"FB63",7,1,"adult"
"12314",1,"FB63",8,1,"adult"
"12315",1,"FB63",9,1,"adult"
"12316",1,"FB63",10,1,"adult"
"12317",1,"FB63",11,1,"adult"
"12318",1,"FB63",12,1,"adult"
"12319",1,"FB63",13,1,"adult"
"12320",1,"FB63",14,1,"adult"
"12321",1,"FB63",15,1,"adult"
"12322",1,"FB63",16,1,"adult"
"12323",1,"FB63",17,1,"adult"
"12324",1,"FB63",18,1,"adult"
"12325",1,"FB63",19,1,"adult"
"12326",1,"FB63",20,1,"adult"
"12327",1,"FB63",21,1,"adult"
"12328",1,"FB63",22,1,"adult"
"12329",1,"FB63",23,1,"adult"
"12330",1,"FB63",24,1,"adult"
"12331",1,"FB63",25,1,"adult"
"12332",1,"FB63",26,1,"adult"
"12333",1,"FB63",27,1,"adult"
"12334",1,"FB63",28,1,"adult"
"12335",1,"FB63",29,1,"adult"
"12336",1,"FB63",30,1,"adult"
"12337",1,"FB63",31,1,"adult"
"12338",1,"FB63",32,1,"adult"
"12339",1,"FB63",33,1,"adult"
"12340",1,"FB63",34,1,"adult"
"12341",1,"FB63",35,1,"adult"
"12342",1,"FB63",36,1,"adult"
"12343",1,"FB63",37,1,"adult"
"12344",1,"FB63",38,1,"adult"
"12345",1,"FB63",39,1,"adult"
"12346",1,"FB63",40,1,"adult"
"12347",1,"FB63",41,1,"adult"
"12349",1,"FB65",1,1,"adult"
"12350",1,"FB65",2,1,"adult"
"12351",1,"FB65",3,1,"adult"
"12352",1,"FB65",4,1,"adult"
"12353",1,"FB65",5,1,"adult"
"12354",1,"FB65",6,1,"adult"
"12355",1,"FB65",7,1,"adult"
"12356",1,"FB65",8,1,"adult"
"12357",1,"FB65",9,1,"adult"
"12358",1,"FB65",10,1,"adult"
"12359",1,"FB65",11,1,"adult"
"12360",1,"FB65",12,1,"adult"
"12361",1,"FB65",13,1,"adult"
"12362",1,"FB65",14,1,"adult"
"12363",1,"FB65",15,1,"adult"
"12364",1,"FB65",16,1,"adult"
"12365",1,"FB65",17,1,"adult"
"12366",1,"FB65",18,1,"adult"
"12367",1,"FB65",19,1,"adult"
"12368",1,"FB65",20,1,"adult"
"12369",1,"FB65",21,1,"adult"
"12370",1,"FB65",22,1,"adult"
"12371",1,"FB65",23,1,"adult"
"12372",1,"FB65",24,1,"adult"
"12373",1,"FB65",25,1,"adult"
"12374",1,"FB65",26,1,"adult"
"12375",1,"FB65",27,1,"adult"
"12376",1,"FB65",28,1,"adult"
"12377",1,"FB65",29,1,"adult"
"12378",1,"FB65",30,1,"adult"
"12379",1,"FB65",31,1,"adult"
"12380",1,"FB65",32,1,"adult"
"12381",1,"FB65",33,1,"adult"
"12382",1,"FB65",34,1,"adult"
"12383",1,"FB65",35,1,"adult"
"12384",1,"FB65",36,1,"adult"
"12385",1,"FB65",37,1,"adult"
"12386",1,"FB65",38,1,"adult"
"12387",1,"FB65",39,1,"adult"
"12388",1,"FB65",40,1,"adult"
"12389",1,"FB65",41,1,"adult"
"12391",1,"FB66",1,1,"adult"
"12392",1,"FB66",2,1,"adult"
"12393",1,"FB66",3,1,"adult"
"12394",1,"FB66",4,1,"adult"
"12395",1,"FB66",5,1,"adult"
"12396",1,"FB66",6,1,"adult"
"12397",1,"FB66",7,1,"adult"
"12398",1,"FB66",8,1,"adult"
"12399",1,"FB66",9,1,"adult"
"12400",1,"FB66",10,1,"adult"
"12401",1,"FB66",11,1,"adult"
"12402",1,"FB66",12,1,"adult"
"12403",1,"FB66",13,1,"adult"
"12404",1,"FB66",14,1,"adult"
"12405",1,"FB66",15,1,"adult"
"12406",1,"FB66",16,1,"adult"
"12407",1,"FB66",17,1,"adult"
"12408",1,"FB66",18,1,"adult"
"12409",1,"FB66",19,1,"adult"
"12410",1,"FB66",20,1,"adult"
"12411",1,"FB66",21,1,"adult"
"12412",1,"FB66",22,1,"adult"
"12413",1,"FB66",23,1,"adult"
"12414",1,"FB66",24,1,"adult"
"12415",1,"FB66",25,1,"adult"
"12416",1,"FB66",26,1,"adult"
"12417",1,"FB66",27,1,"adult"
"12418",1,"FB66",28,1,"adult"
"12419",1,"FB66",29,1,"adult"
"12420",1,"FB66",30,1,"adult"
"12421",1,"FB66",31,1,"adult"
"12422",1,"FB66",32,1,"adult"
"12423",1,"FB66",33,1,"adult"
"12424",1,"FB66",34,1,"adult"
"12425",1,"FB66",35,1,"adult"
"12426",1,"FB66",36,1,"adult"
"12427",1,"FB66",37,1,"adult"
"12428",1,"FB66",38,1,"adult"
"12429",1,"FB66",39,1,"adult"
"12430",1,"FB66",40,1,"adult"
"12431",1,"FB66",41,1,"adult"
"12433",1,"FB71",1,1,"adult"
"12434",1,"FB71",2,1,"adult"
"12435",1,"FB71",3,1,"adult"
"12436",1,"FB71",4,1,"adult"
"12437",1,"FB71",5,1,"adult"
"12438",1,"FB71",6,1,"adult"
"12439",1,"FB71",7,1,"adult"
"12440",1,"FB71",8,1,"adult"
"12441",1,"FB71",9,1,"adult"
"12442",1,"FB71",10,1,"adult"
"12443",1,"FB71",11,1,"adult"
"12444",1,"FB71",12,1,"adult"
"12445",1,"FB71",13,1,"adult"
"12446",1,"FB71",14,1,"adult"
"12447",1,"FB71",15,1,"adult"
"12448",1,"FB71",16,1,"adult"
"12449",1,"FB71",17,1,"adult"
"12450",1,"FB71",18,1,"adult"
"12451",1,"FB71",19,1,"adult"
"12452",1,"FB71",20,1,"adult"
"12453",1,"FB71",21,1,"adult"
"12454",1,"FB71",22,1,"adult"
"12455",1,"FB71",23,1,"adult"
"12456",1,"FB71",24,1,"adult"
"12457",1,"FB71",25,1,"adult"
"12458",1,"FB71",26,1,"adult"
"12459",1,"FB71",27,1,"adult"
"12460",1,"FB71",28,1,"adult"
"12461",1,"FB71",29,1,"adult"
"12462",1,"FB71",30,1,"adult"
"12463",1,"FB71",31,1,"adult"
"12464",1,"FB71",32,1,"adult"
"12465",1,"FB71",33,1,"adult"
"12466",1,"FB71",34,1,"adult"
"12467",1,"FB71",35,1,"adult"
"12468",1,"FB71",36,1,"adult"
"12469",1,"FB71",37,1,"adult"
"12470",1,"FB71",38,1,"adult"
"12471",1,"FB71",39,1,"adult"
"12472",1,"FB71",40,1,"adult"
"12473",1,"FB71",41,1,"adult"
"12475",1,"FB73",1,1,"adult"
"12476",1,"FB73",2,1,"adult"
"12477",1,"FB73",3,1,"adult"
"12478",1,"FB73",4,1,"adult"
"12479",1,"FB73",5,1,"adult"
"12480",1,"FB73",6,1,"adult"
"12481",1,"FB73",7,1,"adult"
"12482",1,"FB73",8,1,"adult"
"12483",1,"FB73",9,1,"adult"
"12484",1,"FB73",10,1,"adult"
"12485",1,"FB73",11,1,"adult"
"12486",1,"FB73",12,1,"adult"
"12487",1,"FB73",13,1,"adult"
"12488",1,"FB73",14,1,"adult"
"12489",1,"FB73",15,1,"adult"
"12490",1,"FB73",16,1,"adult"
"12491",1,"FB73",17,1,"adult"
"12492",1,"FB73",18,1,"adult"
"12493",1,"FB73",19,1,"adult"
"12494",1,"FB73",20,1,"adult"
"12495",1,"FB73",21,1,"adult"
"12496",1,"FB73",22,1,"adult"
"12497",1,"FB73",23,1,"adult"
"12498",1,"FB73",24,1,"adult"
"12499",1,"FB73",25,1,"adult"
"12500",1,"FB73",26,1,"adult"
"12501",1,"FB73",27,1,"adult"
"12502",1,"FB73",28,1,"adult"
"12503",1,"FB73",29,1,"adult"
"12504",1,"FB73",30,1,"adult"
"12505",1,"FB73",31,1,"adult"
"12506",1,"FB73",32,1,"adult"
"12507",1,"FB73",33,1,"adult"
"12508",1,"FB73",34,1,"adult"
"12509",1,"FB73",35,1,"adult"
"12510",1,"FB73",36,1,"adult"
"12511",1,"FB73",37,1,"adult"
"12512",1,"FB73",38,1,"adult"
"12513",1,"FB73",39,1,"adult"
"12514",1,"FB73",40,1,"adult"
"12515",1,"FB73",41,1,"adult"
"12517",1,"FB75",1,1,"adult"
"12518",1,"FB75",2,1,"adult"
"12519",1,"FB75",3,1,"adult"
"12520",1,"FB75",4,1,"adult"
"12521",1,"FB75",5,1,"adult"
"12522",1,"FB75",6,1,"adult"
"12523",1,"FB75",7,1,"adult"
"12524",1,"FB75",8,1,"adult"
"12525",1,"FB75",9,1,"adult"
"12526",1,"FB75",10,1,"adult"
"12527",1,"FB75",11,1,"adult"
"12528",1,"FB75",12,1,"adult"
"12529",1,"FB75",13,1,"adult"
"12530",1,"FB75",14,1,"adult"
"12531",1,"FB75",15,1,"adult"
"12532",1,"FB75",16,1,"adult"
"12533",1,"FB75",17,1,"adult"
"12534",1,"FB75",18,1,"adult"
"12535",1,"FB75",19,1,"adult"
"12536",1,"FB75",20,1,"adult"
"12537",1,"FB75",21,1,"adult"
"12538",1,"FB75",22,1,"adult"
"12539",1,"FB75",23,1,"adult"
"12540",1,"FB75",24,1,"adult"
"12541",1,"FB75",25,1,"adult"
"12542",1,"FB75",26,1,"adult"
"12543",1,"FB75",27,1,"adult"
"12544",1,"FB75",28,1,"adult"
"12545",1,"FB75",29,1,"adult"
"12546",1,"FB75",30,1,"adult"
"12547",1,"FB75",31,1,"adult"
"12548",1,"FB75",32,1,"adult"
"12549",1,"FB75",33,1,"adult"
"12550",1,"FB75",34,1,"adult"
"12551",1,"FB75",35,1,"adult"
"12552",1,"FB75",36,1,"adult"
"12553",1,"FB75",37,1,"adult"
"12554",1,"FB75",38,1,"adult"
"12555",1,"FB75",39,1,"adult"
"12556",1,"FB75",40,1,"adult"
"12557",1,"FB75",41,1,"adult"
"12559",1,"FB76",1,1,"adult"
"12560",1,"FB76",2,1,"adult"
"12561",1,"FB76",3,1,"adult"
"12562",1,"FB76",4,1,"adult"
"12563",1,"FB76",5,1,"adult"
"12564",1,"FB76",6,1,"adult"
"12565",1,"FB76",7,1,"adult"
"12566",1,"FB76",8,1,"adult"
"12567",1,"FB76",9,1,"adult"
"12568",1,"FB76",10,1,"adult"
"12569",1,"FB76",11,1,"adult"
"12570",1,"FB76",12,1,"adult"
"12571",1,"FB76",13,1,"adult"
"12572",1,"FB76",14,1,"adult"
"12573",1,"FB76",15,1,"adult"
"12574",1,"FB76",16,1,"adult"
"12575",1,"FB76",17,1,"adult"
"12576",1,"FB76",18,1,"adult"
"12577",1,"FB76",19,1,"adult"
"12578",1,"FB76",20,1,"adult"
"12579",1,"FB76",21,1,"adult"
"12580",1,"FB76",22,1,"adult"
"12581",1,"FB76",23,1,"adult"
"12582",1,"FB76",24,1,"adult"
"12583",1,"FB76",25,1,"adult"
"12584",1,"FB76",26,1,"adult"
"12585",1,"FB76",27,1,"adult"
"12586",1,"FB76",28,1,"adult"
"12587",1,"FB76",29,1,"adult"
"12588",1,"FB76",30,1,"adult"
"12589",1,"FB76",31,1,"adult"
"12590",1,"FB76",32,1,"adult"
"12591",1,"FB76",33,1,"adult"
"12592",1,"FB76",34,1,"adult"
"12593",1,"FB76",35,1,"adult"
"12594",1,"FB76",36,1,"adult"
"12595",1,"FB76",37,1,"adult"
"12596",1,"FB76",38,1,"adult"
"12597",1,"FB76",39,1,"adult"
"12598",1,"FB76",40,1,"adult"
"12599",1,"FB76",41,1,"adult"
"12601",1,"FB78",1,1,"adult"
"12602",1,"FB78",2,1,"adult"
"12603",1,"FB78",3,1,"adult"
"12604",1,"FB78",4,1,"adult"
"12605",1,"FB78",5,1,"adult"
"12606",1,"FB78",6,1,"adult"
"12607",1,"FB78",7,1,"adult"
"12608",1,"FB78",8,1,"adult"
"12609",1,"FB78",9,1,"adult"
"12610",1,"FB78",10,1,"adult"
"12611",1,"FB78",11,1,"adult"
"12612",1,"FB78",12,1,"adult"
"12613",1,"FB78",13,1,"adult"
"12614",1,"FB78",14,1,"adult"
"12615",1,"FB78",15,1,"adult"
"12616",1,"FB78",16,1,"adult"
"12617",1,"FB78",17,1,"adult"
"12618",1,"FB78",18,1,"adult"
"12619",1,"FB78",19,1,"adult"
"12620",1,"FB78",20,1,"adult"
"12621",1,"FB78",21,1,"adult"
"12622",1,"FB78",22,1,"adult"
"12623",1,"FB78",23,1,"adult"
"12624",1,"FB78",24,1,"adult"
"12625",1,"FB78",25,1,"adult"
"12626",1,"FB78",26,1,"adult"
"12627",1,"FB78",27,1,"adult"
"12628",1,"FB78",28,1,"adult"
"12629",1,"FB78",29,1,"adult"
"12630",1,"FB78",30,1,"adult"
"12631",1,"FB78",31,1,"adult"
"12632",1,"FB78",32,1,"adult"
"12633",1,"FB78",33,1,"adult"
"12634",1,"FB78",34,1,"adult"
"12635",1,"FB78",35,1,"adult"
"12636",1,"FB78",36,1,"adult"
"12637",1,"FB78",37,1,"adult"
"12638",1,"FB78",38,1,"adult"
"12639",1,"FB78",39,1,"adult"
"12640",1,"FB78",40,1,"adult"
"12641",1,"FB78",41,1,"adult"
"12643",1,"FB79",1,1,"adult"
"12644",1,"FB79",2,1,"adult"
"12645",1,"FB79",3,1,"adult"
"12646",1,"FB79",4,1,"adult"
"12647",1,"FB79",5,1,"adult"
"12648",1,"FB79",6,1,"adult"
"12649",1,"FB79",7,1,"adult"
"12650",1,"FB79",8,1,"adult"
"12651",1,"FB79",9,1,"adult"
"12652",1,"FB79",10,1,"adult"
"12653",1,"FB79",11,1,"adult"
"12654",1,"FB79",12,1,"adult"
"12655",1,"FB79",13,1,"adult"
"12656",1,"FB79",14,1,"adult"
"12657",1,"FB79",15,1,"adult"
"12658",1,"FB79",16,1,"adult"
"12659",1,"FB79",17,1,"adult"
"12660",1,"FB79",18,1,"adult"
"12661",1,"FB79",19,1,"adult"
"12662",1,"FB79",20,1,"adult"
"12663",1,"FB79",21,1,"adult"
"12664",1,"FB79",22,1,"adult"
"12665",1,"FB79",23,1,"adult"
"12666",1,"FB79",24,1,"adult"
"12667",1,"FB79",25,1,"adult"
"12668",1,"FB79",26,1,"adult"
"12669",1,"FB79",27,1,"adult"
"12670",1,"FB79",28,1,"adult"
"12671",1,"FB79",29,1,"adult"
"12672",1,"FB79",30,1,"adult"
"12673",1,"FB79",31,1,"adult"
"12674",1,"FB79",32,1,"adult"
"12675",1,"FB79",33,1,"adult"
"12676",1,"FB79",34,1,"adult"
"12677",1,"FB79",35,1,"adult"
"12678",1,"FB79",36,1,"adult"
"12679",1,"FB79",37,1,"adult"
"12680",1,"FB79",38,1,"adult"
"12681",1,"FB79",39,1,"adult"
"12682",1,"FB79",40,1,"adult"
"12683",1,"FB79",41,1,"adult"
"12685",1,"FB83",1,1,"adult"
"12686",1,"FB83",2,1,"adult"
"12687",1,"FB83",3,1,"adult"
"12688",1,"FB83",4,1,"adult"
"12689",1,"FB83",5,1,"adult"
"12690",1,"FB83",6,1,"adult"
"12691",1,"FB83",7,1,"adult"
"12692",1,"FB83",8,1,"adult"
"12693",1,"FB83",9,1,"adult"
"12694",1,"FB83",10,1,"adult"
"12695",1,"FB83",11,1,"adult"
"12696",1,"FB83",12,1,"adult"
"12697",1,"FB83",13,1,"adult"
"12698",1,"FB83",14,1,"adult"
"12699",1,"FB83",15,1,"adult"
"12700",1,"FB83",16,1,"adult"
"12701",1,"FB83",17,1,"adult"
"12702",1,"FB83",18,1,"adult"
"12703",1,"FB83",19,1,"adult"
"12704",1,"FB83",20,1,"adult"
"12705",1,"FB83",21,1,"adult"
"12706",1,"FB83",22,1,"adult"
"12707",1,"FB83",23,1,"adult"
"12708",1,"FB83",24,1,"adult"
"12709",1,"FB83",25,1,"adult"
"12710",1,"FB83",26,1,"adult"
"12711",1,"FB83",27,1,"adult"
"12712",1,"FB83",28,1,"adult"
"12713",1,"FB83",29,1,"adult"
"12714",1,"FB83",30,1,"adult"
"12715",1,"FB83",31,1,"adult"
"12716",1,"FB83",32,1,"adult"
"12717",1,"FB83",33,1,"adult"
"12718",1,"FB83",34,1,"adult"
"12719",1,"FB83",35,1,"adult"
"12720",1,"FB83",36,1,"adult"
"12721",1,"FB83",37,1,"adult"
"12722",1,"FB83",38,1,"adult"
"12723",1,"FB83",39,1,"adult"
"12724",1,"FB83",40,1,"adult"
"12725",1,"FB83",41,1,"adult"
"12727",1,"FB84",1,0,"adult"
"12728",1,"FB84",2,0,"adult"
"12729",1,"FB84",3,0,"adult"
"12730",1,"FB84",4,0,"adult"
"12731",1,"FB84",5,0,"adult"
"12732",1,"FB84",6,0,"adult"
"12733",1,"FB84",7,0,"adult"
"12734",1,"FB84",8,0,"adult"
"12735",1,"FB84",9,0,"adult"
"12736",1,"FB84",10,0,"adult"
"12737",1,"FB84",11,0,"adult"
"12738",1,"FB84",12,0,"adult"
"12739",1,"FB84",13,0,"adult"
"12740",1,"FB84",14,0,"adult"
"12741",1,"FB84",15,0,"adult"
"12742",1,"FB84",16,0,"adult"
"12743",1,"FB84",17,0,"adult"
"12744",1,"FB84",18,0,"adult"
"12745",1,"FB84",19,0,"adult"
"12746",1,"FB84",20,0,"adult"
"12747",1,"FB84",21,0,"adult"
"12748",1,"FB84",22,0,"adult"
"12749",1,"FB84",23,0,"adult"
"12750",1,"FB84",24,0,"adult"
"12751",1,"FB84",25,0,"adult"
"12752",1,"FB84",26,0,"adult"
"12753",1,"FB84",27,0,"adult"
"12754",1,"FB84",28,0,"adult"
"12755",1,"FB84",29,0,"adult"
"12756",1,"FB84",30,0,"adult"
"12757",1,"FB84",31,0,"adult"
"12758",1,"FB84",32,0,"adult"
"12759",1,"FB84",33,0,"adult"
"12760",1,"FB84",34,0,"adult"
"12761",1,"FB84",35,0,"adult"
"12762",1,"FB84",36,0,"adult"
"12763",1,"FB84",37,0,"adult"
"12764",1,"FB84",38,0,"adult"
"12765",1,"FB84",39,0,"adult"
"12766",1,"FB84",40,0,"adult"
"12767",1,"FB84",41,0,"adult"
"12769",1,"FB87",1,1,"adult"
"12770",1,"FB87",2,1,"adult"
"12771",1,"FB87",3,1,"adult"
"12772",1,"FB87",4,1,"adult"
"12773",1,"FB87",5,1,"adult"
"12774",1,"FB87",6,1,"adult"
"12775",1,"FB87",7,1,"adult"
"12776",1,"FB87",8,1,"adult"
"12777",1,"FB87",9,1,"adult"
"12778",1,"FB87",10,1,"adult"
"12779",1,"FB87",11,1,"adult"
"12780",1,"FB87",12,1,"adult"
"12781",1,"FB87",13,1,"adult"
"12782",1,"FB87",14,1,"adult"
"12783",1,"FB87",15,1,"adult"
"12784",1,"FB87",16,1,"adult"
"12785",1,"FB87",17,1,"adult"
"12786",1,"FB87",18,1,"adult"
"12787",1,"FB87",19,1,"adult"
"12788",1,"FB87",20,1,"adult"
"12789",1,"FB87",21,1,"adult"
"12790",1,"FB87",22,1,"adult"
"12791",1,"FB87",23,1,"adult"
"12792",1,"FB87",24,1,"adult"
"12793",1,"FB87",25,1,"adult"
"12794",1,"FB87",26,1,"adult"
"12795",1,"FB87",27,1,"adult"
"12796",1,"FB87",28,1,"adult"
"12797",1,"FB87",29,1,"adult"
"12798",1,"FB87",30,1,"adult"
"12799",1,"FB87",31,1,"adult"
"12800",1,"FB87",32,1,"adult"
"12801",1,"FB87",33,1,"adult"
"12802",1,"FB87",34,1,"adult"
"12803",1,"FB87",35,1,"adult"
"12804",1,"FB87",36,1,"adult"
"12805",1,"FB87",37,1,"adult"
"12806",1,"FB87",38,1,"adult"
"12807",1,"FB87",39,1,"adult"
"12808",1,"FB87",40,1,"adult"
"12809",1,"FB87",41,1,"adult"
"12811",1,"FB90",1,1,"adult"
"12812",1,"FB90",2,1,"adult"
"12813",1,"FB90",3,1,"adult"
"12814",1,"FB90",4,1,"adult"
"12815",1,"FB90",5,1,"adult"
"12816",1,"FB90",6,1,"adult"
"12817",1,"FB90",7,1,"adult"
"12818",1,"FB90",8,1,"adult"
"12819",1,"FB90",9,1,"adult"
"12820",1,"FB90",10,1,"adult"
"12821",1,"FB90",11,1,"adult"
"12822",1,"FB90",12,1,"adult"
"12823",1,"FB90",13,1,"adult"
"12824",1,"FB90",14,1,"adult"
"12825",1,"FB90",15,1,"adult"
"12826",1,"FB90",16,1,"adult"
"12827",1,"FB90",17,1,"adult"
"12828",1,"FB90",18,1,"adult"
"12829",1,"FB90",19,1,"adult"
"12830",1,"FB90",20,1,"adult"
"12831",1,"FB90",21,1,"adult"
"12832",1,"FB90",22,1,"adult"
"12833",1,"FB90",23,1,"adult"
"12834",1,"FB90",24,1,"adult"
"12835",1,"FB90",25,1,"adult"
"12836",1,"FB90",26,1,"adult"
"12837",1,"FB90",27,1,"adult"
"12838",1,"FB90",28,1,"adult"
"12839",1,"FB90",29,1,"adult"
"12840",1,"FB90",30,1,"adult"
"12841",1,"FB90",31,1,"adult"
"12842",1,"FB90",32,1,"adult"
"12843",1,"FB90",33,1,"adult"
"12844",1,"FB90",34,1,"adult"
"12845",1,"FB90",35,1,"adult"
"12846",1,"FB90",36,1,"adult"
"12847",1,"FB90",37,1,"adult"
"12848",1,"FB90",38,1,"adult"
"12849",1,"FB90",39,1,"adult"
"12850",1,"FB90",40,1,"adult"
"12851",1,"FB90",41,1,"adult"
"12853",1,"FB92",1,0,"juvenile"
"12854",1,"FB92",2,0,"juvenile"
"12855",1,"FB92",3,0,"juvenile"
"12856",1,"FB92",4,0,"juvenile"
"12857",1,"FB92",5,0,"juvenile"
"12858",1,"FB92",6,0,"juvenile"
"12859",1,"FB92",7,0,"juvenile"
"12860",1,"FB92",8,0,"juvenile"
"12861",1,"FB92",9,0,"adult"
"12862",1,"FB92",10,0,"adult"
"12863",1,"FB92",11,0,"adult"
"12864",1,"FB92",12,0,"adult"
"12865",1,"FB92",13,0,"adult"
"12866",1,"FB92",14,0,"adult"
"12867",1,"FB92",15,0,"adult"
"12868",1,"FB92",16,0,"adult"
"12869",1,"FB92",17,0,"adult"
"12870",1,"FB92",18,0,"adult"
"12871",1,"FB92",19,0,"adult"
"12872",1,"FB92",20,0,"adult"
"12873",1,"FB92",21,0,"adult"
"12874",1,"FB92",22,0,"adult"
"12875",1,"FB92",23,0,"adult"
"12876",1,"FB92",24,0,"adult"
"12877",1,"FB92",25,0,"adult"
"12878",1,"FB92",26,0,"adult"
"12879",1,"FB92",27,0,"adult"
"12880",1,"FB92",28,0,"adult"
"12881",1,"FB92",29,0,"adult"
"12882",1,"FB92",30,0,"adult"
"12883",1,"FB92",31,0,"adult"
"12884",1,"FB92",32,0,"adult"
"12885",1,"FB92",33,0,"adult"
"12886",1,"FB92",34,0,"adult"
"12887",1,"FB92",35,0,"adult"
"12888",1,"FB92",36,0,"adult"
"12889",1,"FB92",37,0,"adult"
"12890",1,"FB92",38,0,"adult"
"12891",1,"FB92",39,0,"adult"
"12892",1,"FB92",40,0,"adult"
"12893",1,"FB92",41,0,"adult"
"12895",1,"FB93",1,1,"adult"
"12896",1,"FB93",2,1,"adult"
"12897",1,"FB93",3,1,"adult"
"12898",1,"FB93",4,1,"adult"
"12899",1,"FB93",5,1,"adult"
"12900",1,"FB93",6,1,"adult"
"12901",1,"FB93",7,1,"adult"
"12902",1,"FB93",8,1,"adult"
"12903",1,"FB93",9,1,"adult"
"12904",1,"FB93",10,1,"adult"
"12905",1,"FB93",11,1,"adult"
"12906",1,"FB93",12,1,"adult"
"12907",1,"FB93",13,1,"adult"
"12908",1,"FB93",14,1,"adult"
"12909",1,"FB93",15,1,"adult"
"12910",1,"FB93",16,1,"adult"
"12911",1,"FB93",17,1,"adult"
"12912",1,"FB93",18,1,"adult"
"12913",1,"FB93",19,1,"adult"
"12914",1,"FB93",20,1,"adult"
"12915",1,"FB93",21,1,"adult"
"12916",1,"FB93",22,1,"adult"
"12917",1,"FB93",23,1,"adult"
"12918",1,"FB93",24,1,"adult"
"12919",1,"FB93",25,1,"adult"
"12920",1,"FB93",26,1,"adult"
"12921",1,"FB93",27,1,"adult"
"12922",1,"FB93",28,1,"adult"
"12923",1,"FB93",29,1,"adult"
"12924",1,"FB93",30,1,"adult"
"12925",1,"FB93",31,1,"adult"
"12926",1,"FB93",32,1,"adult"
"12927",1,"FB93",33,1,"adult"
"12928",1,"FB93",34,1,"adult"
"12929",1,"FB93",35,1,"adult"
"12930",1,"FB93",36,1,"adult"
"12931",1,"FB93",37,1,"adult"
"12932",1,"FB93",38,1,"adult"
"12933",1,"FB93",39,1,"adult"
"12934",1,"FB93",40,1,"adult"
"12935",1,"FB93",41,1,"adult"
"12937",1,"FB94",1,1,"adult"
"12938",1,"FB94",2,1,"adult"
"12939",1,"FB94",3,1,"adult"
"12940",1,"FB94",4,1,"adult"
"12941",1,"FB94",5,1,"adult"
"12942",1,"FB94",6,1,"adult"
"12943",1,"FB94",7,1,"adult"
"12944",1,"FB94",8,1,"adult"
"12945",1,"FB94",9,1,"adult"
"12946",1,"FB94",10,1,"adult"
"12947",1,"FB94",11,1,"adult"
"12948",1,"FB94",12,1,"adult"
"12949",1,"FB94",13,1,"adult"
"12950",1,"FB94",14,1,"adult"
"12951",1,"FB94",15,1,"adult"
"12952",1,"FB94",16,1,"adult"
"12953",1,"FB94",17,1,"adult"
"12954",1,"FB94",18,1,"adult"
"12955",1,"FB94",19,1,"adult"
"12956",1,"FB94",20,1,"adult"
"12957",1,"FB94",21,1,"adult"
"12958",1,"FB94",22,1,"adult"
"12959",1,"FB94",23,1,"adult"
"12960",1,"FB94",24,1,"adult"
"12961",1,"FB94",25,1,"adult"
"12962",1,"FB94",26,1,"adult"
"12963",1,"FB94",27,1,"adult"
"12964",1,"FB94",28,1,"adult"
"12965",1,"FB94",29,1,"adult"
"12966",1,"FB94",30,1,"adult"
"12967",1,"FB94",31,1,"adult"
"12968",1,"FB94",32,1,"adult"
"12969",1,"FB94",33,1,"adult"
"12970",1,"FB94",34,1,"adult"
"12971",1,"FB94",35,1,"adult"
"12972",1,"FB94",36,1,"adult"
"12973",1,"FB94",37,1,"adult"
"12974",1,"FB94",38,1,"adult"
"12975",1,"FB94",39,1,"adult"
"12976",1,"FB94",40,1,"adult"
"12977",1,"FB94",41,1,"adult"
"12979",1,"FB96",1,1,"adult"
"12980",1,"FB96",2,1,"adult"
"12981",1,"FB96",3,1,"adult"
"12982",1,"FB96",4,1,"adult"
"12983",1,"FB96",5,1,"adult"
"12984",1,"FB96",6,1,"adult"
"12985",1,"FB96",7,1,"adult"
"12986",1,"FB96",8,1,"adult"
"12987",1,"FB96",9,1,"adult"
"12988",1,"FB96",10,1,"adult"
"12989",1,"FB96",11,1,"adult"
"12990",1,"FB96",12,1,"adult"
"12991",1,"FB96",13,1,"adult"
"12992",1,"FB96",14,1,"adult"
"12993",1,"FB96",15,1,"adult"
"12994",1,"FB96",16,1,"adult"
"12995",1,"FB96",17,1,"adult"
"12996",1,"FB96",18,1,"adult"
"12997",1,"FB96",19,1,"adult"
"12998",1,"FB96",20,1,"adult"
"12999",1,"FB96",21,1,"adult"
"13000",1,"FB96",22,1,"adult"
"13001",1,"FB96",23,1,"adult"
"13002",1,"FB96",24,1,"adult"
"13003",1,"FB96",25,1,"adult"
"13004",1,"FB96",26,1,"adult"
"13005",1,"FB96",27,1,"adult"
"13006",1,"FB96",28,1,"adult"
"13007",1,"FB96",29,1,"adult"
"13008",1,"FB96",30,1,"adult"
"13009",1,"FB96",31,1,"adult"
"13010",1,"FB96",32,1,"adult"
"13011",1,"FB96",33,1,"adult"
"13012",1,"FB96",34,1,"adult"
"13013",1,"FB96",35,1,"adult"
"13014",1,"FB96",36,1,"adult"
"13015",1,"FB96",37,1,"adult"
"13016",1,"FB96",38,1,"adult"
"13017",1,"FB96",39,1,"adult"
"13018",1,"FB96",40,1,"adult"
"13019",1,"FB96",41,1,"adult"
"13021",1,"FB99",1,1,"juvenile"
"13022",1,"FB99",2,1,"juvenile"
"13023",1,"FB99",3,1,"juvenile"
"13024",1,"FB99",4,1,"juvenile"
"13025",1,"FB99",5,1,"juvenile"
"13026",1,"FB99",6,1,"juvenile"
"13027",1,"FB99",7,1,"adult"
"13028",1,"FB99",8,1,"adult"
"13029",1,"FB99",9,1,"adult"
"13030",1,"FB99",10,1,"adult"
"13031",1,"FB99",11,1,"adult"
"13032",1,"FB99",12,1,"adult"
"13033",1,"FB99",13,1,"adult"
"13034",1,"FB99",14,1,"adult"
"13035",1,"FB99",15,1,"adult"
"13036",1,"FB99",16,1,"adult"
"13037",1,"FB99",17,1,"adult"
"13038",1,"FB99",18,1,"adult"
"13039",1,"FB99",19,1,"adult"
"13040",1,"FB99",20,1,"adult"
"13041",1,"FB99",21,1,"adult"
"13042",1,"FB99",22,1,"adult"
"13043",1,"FB99",23,1,"adult"
"13044",1,"FB99",24,1,"adult"
"13045",1,"FB99",25,1,"adult"
"13046",1,"FB99",26,1,"adult"
"13047",1,"FB99",27,1,"adult"
"13048",1,"FB99",28,1,"adult"
"13049",1,"FB99",29,1,"adult"
"13050",1,"FB99",30,1,"adult"
"13051",1,"FB99",31,1,"adult"
"13052",1,"FB99",32,1,"adult"
"13053",1,"FB99",33,1,"adult"
"13054",1,"FB99",34,1,"adult"
"13055",1,"FB99",35,1,"adult"
"13056",1,"FB99",36,1,"adult"
"13057",1,"FB99",37,1,"adult"
"13058",1,"FB99",38,1,"adult"
"13059",1,"FB99",39,1,"adult"
"13060",1,"FB99",40,1,"adult"
"13061",1,"FB99",41,1,"adult"
"13063",1,"FEAT",1,1,"adult"
"13064",1,"FEAT",2,1,"adult"
"13065",1,"FEAT",3,1,"adult"
"13066",1,"FEAT",4,1,"adult"
"13067",1,"FEAT",5,1,"adult"
"13068",1,"FEAT",6,1,"adult"
"13069",1,"FEAT",7,1,"adult"
"13070",1,"FEAT",8,1,"adult"
"13071",1,"FEAT",9,1,"adult"
"13072",1,"FEAT",10,1,"adult"
"13073",1,"FEAT",11,1,"adult"
"13074",1,"FEAT",12,1,"adult"
"13075",1,"FEAT",13,1,"adult"
"13076",1,"FEAT",14,1,"adult"
"13077",1,"FEAT",15,1,"adult"
"13078",1,"FEAT",16,1,"adult"
"13079",1,"FEAT",17,1,"adult"
"13080",1,"FEAT",18,1,"adult"
"13081",1,"FEAT",19,1,"adult"
"13082",1,"FEAT",20,1,"adult"
"13083",1,"FEAT",21,1,"adult"
"13084",1,"FEAT",22,1,"adult"
"13085",1,"FEAT",23,1,"adult"
"13086",1,"FEAT",24,1,"adult"
"13087",1,"FEAT",25,1,"adult"
"13088",1,"FEAT",26,1,"adult"
"13089",1,"FEAT",27,1,"adult"
"13090",1,"FEAT",28,1,"adult"
"13091",1,"FEAT",29,1,"adult"
"13092",1,"FEAT",30,1,"adult"
"13093",1,"FEAT",31,1,"adult"
"13094",1,"FEAT",32,1,"adult"
"13095",1,"FEAT",33,1,"adult"
"13096",1,"FEAT",34,1,"adult"
"13097",1,"FEAT",35,1,"adult"
"13098",1,"FEAT",36,1,"adult"
"13099",1,"FEAT",37,1,"adult"
"13100",1,"FEAT",38,1,"adult"
"13101",1,"FEAT",39,1,"adult"
"13102",1,"FEAT",40,1,"adult"
"13103",1,"FEAT",41,1,"adult"
"13105",1,"FRN2",1,1,"adult"
"13106",1,"FRN2",2,1,"adult"
"13107",1,"FRN2",3,1,"adult"
"13108",1,"FRN2",4,1,"adult"
"13109",1,"FRN2",5,1,"adult"
"13110",1,"FRN2",6,1,"adult"
"13111",1,"FRN2",7,1,"adult"
"13112",1,"FRN2",8,1,"adult"
"13113",1,"FRN2",9,1,"adult"
"13114",1,"FRN2",10,1,"adult"
"13115",1,"FRN2",11,1,"adult"
"13116",1,"FRN2",12,1,"adult"
"13117",1,"FRN2",13,1,"adult"
"13118",1,"FRN2",14,1,"adult"
"13119",1,"FRN2",15,1,"adult"
"13120",1,"FRN2",16,1,"adult"
"13121",1,"FRN2",17,1,"adult"
"13122",1,"FRN2",18,1,"adult"
"13123",1,"FRN2",19,1,"adult"
"13124",1,"FRN2",20,1,"adult"
"13125",1,"FRN2",21,1,"adult"
"13126",1,"FRN2",22,1,"adult"
"13127",1,"FRN2",23,1,"adult"
"13128",1,"FRN2",24,1,"adult"
"13129",1,"FRN2",25,1,"adult"
"13130",1,"FRN2",26,1,"adult"
"13131",1,"FRN2",27,1,"adult"
"13132",1,"FRN2",28,1,"adult"
"13133",1,"FRN2",29,1,"adult"
"13134",1,"FRN2",30,1,"adult"
"13135",1,"FRN2",31,1,"adult"
"13136",1,"FRN2",32,1,"adult"
"13137",1,"FRN2",33,1,"adult"
"13138",1,"FRN2",34,1,"adult"
"13139",1,"FRN2",35,1,"adult"
"13140",1,"FRN2",36,1,"adult"
"13141",1,"FRN2",37,1,"adult"
"13142",1,"FRN2",38,1,"adult"
"13143",1,"FRN2",39,1,"adult"
"13144",1,"FRN2",40,1,"adult"
"13145",1,"FRN2",41,1,"adult"
"13147",1,"FRN3",1,1,"adult"
"13148",1,"FRN3",2,1,"adult"
"13149",1,"FRN3",3,1,"adult"
"13150",1,"FRN3",4,1,"adult"
"13151",1,"FRN3",5,1,"adult"
"13152",1,"FRN3",6,1,"adult"
"13153",1,"FRN3",7,1,"adult"
"13154",1,"FRN3",8,1,"adult"
"13155",1,"FRN3",9,1,"adult"
"13156",1,"FRN3",10,1,"adult"
"13157",1,"FRN3",11,1,"adult"
"13158",1,"FRN3",12,1,"adult"
"13159",1,"FRN3",13,1,"adult"
"13160",1,"FRN3",14,1,"adult"
"13161",1,"FRN3",15,1,"adult"
"13162",1,"FRN3",16,1,"adult"
"13163",1,"FRN3",17,1,"adult"
"13164",1,"FRN3",18,1,"adult"
"13165",1,"FRN3",19,1,"adult"
"13166",1,"FRN3",20,1,"adult"
"13167",1,"FRN3",21,1,"adult"
"13168",1,"FRN3",22,1,"adult"
"13169",1,"FRN3",23,1,"adult"
"13170",1,"FRN3",24,1,"adult"
"13171",1,"FRN3",25,1,"adult"
"13172",1,"FRN3",26,1,"adult"
"13173",1,"FRN3",27,1,"adult"
"13174",1,"FRN3",28,1,"adult"
"13175",1,"FRN3",29,1,"adult"
"13176",1,"FRN3",30,1,"adult"
"13177",1,"FRN3",31,1,"adult"
"13178",1,"FRN3",32,1,"adult"
"13179",1,"FRN3",33,1,"adult"
"13180",1,"FRN3",34,1,"adult"
"13181",1,"FRN3",35,1,"adult"
"13182",1,"FRN3",36,1,"adult"
"13183",1,"FRN3",37,1,"adult"
"13184",1,"FRN3",38,1,"adult"
"13185",1,"FRN3",39,1,"adult"
"13186",1,"FRN3",40,1,"adult"
"13187",1,"FRN3",41,1,"adult"
"13189",1,"FRNC",1,1,"adult"
"13190",1,"FRNC",2,1,"adult"
"13191",1,"FRNC",3,1,"adult"
"13192",1,"FRNC",4,1,"adult"
"13193",1,"FRNC",5,1,"adult"
"13194",1,"FRNC",6,1,"adult"
"13195",1,"FRNC",7,1,"adult"
"13196",1,"FRNC",8,1,"adult"
"13197",1,"FRNC",9,1,"adult"
"13198",1,"FRNC",10,1,"adult"
"13199",1,"FRNC",11,1,"adult"
"13200",1,"FRNC",12,1,"adult"
"13201",1,"FRNC",13,1,"adult"
"13202",1,"FRNC",14,1,"adult"
"13203",1,"FRNC",15,1,"adult"
"13204",1,"FRNC",16,1,"adult"
"13205",1,"FRNC",17,1,"adult"
"13206",1,"FRNC",18,1,"adult"
"13207",1,"FRNC",19,1,"adult"
"13208",1,"FRNC",20,1,"adult"
"13209",1,"FRNC",21,1,"adult"
"13210",1,"FRNC",22,1,"adult"
"13211",1,"FRNC",23,1,"adult"
"13212",1,"FRNC",24,1,"adult"
"13213",1,"FRNC",25,1,"adult"
"13214",1,"FRNC",26,1,"adult"
"13215",1,"FRNC",27,1,"adult"
"13216",1,"FRNC",28,1,"adult"
"13217",1,"FRNC",29,1,"adult"
"13218",1,"FRNC",30,1,"adult"
"13219",1,"FRNC",31,1,"adult"
"13220",1,"FRNC",32,1,"adult"
"13221",1,"FRNC",33,1,"adult"
"13222",1,"FRNC",34,1,"adult"
"13223",1,"FRNC",35,1,"adult"
"13224",1,"FRNC",36,1,"adult"
"13225",1,"FRNC",37,1,"adult"
"13226",1,"FRNC",38,1,"adult"
"13227",1,"FRNC",39,1,"adult"
"13228",1,"FRNC",40,1,"adult"
"13229",1,"FRNC",41,1,"adult"
"13231",1,"FRNG",1,1,"adult"
"13232",1,"FRNG",2,1,"adult"
"13233",1,"FRNG",3,1,"adult"
"13234",1,"FRNG",4,1,"adult"
"13235",1,"FRNG",5,1,"adult"
"13236",1,"FRNG",6,1,"adult"
"13237",1,"FRNG",7,1,"adult"
"13238",1,"FRNG",8,1,"adult"
"13239",1,"FRNG",9,1,"adult"
"13240",1,"FRNG",10,1,"adult"
"13241",1,"FRNG",11,1,"adult"
"13242",1,"FRNG",12,1,"adult"
"13243",1,"FRNG",13,1,"adult"
"13244",1,"FRNG",14,1,"adult"
"13245",1,"FRNG",15,1,"adult"
"13246",1,"FRNG",16,1,"adult"
"13247",1,"FRNG",17,1,"adult"
"13248",1,"FRNG",18,1,"adult"
"13249",1,"FRNG",19,1,"adult"
"13250",1,"FRNG",20,1,"adult"
"13251",1,"FRNG",21,1,"adult"
"13252",1,"FRNG",22,1,"adult"
"13253",1,"FRNG",23,1,"adult"
"13254",1,"FRNG",24,1,"adult"
"13255",1,"FRNG",25,1,"adult"
"13256",1,"FRNG",26,1,"adult"
"13257",1,"FRNG",27,1,"adult"
"13258",1,"FRNG",28,1,"adult"
"13259",1,"FRNG",29,1,"adult"
"13260",1,"FRNG",30,1,"adult"
"13261",1,"FRNG",31,1,"adult"
"13262",1,"FRNG",32,1,"adult"
"13263",1,"FRNG",33,1,"adult"
"13264",1,"FRNG",34,1,"adult"
"13265",1,"FRNG",35,1,"adult"
"13266",1,"FRNG",36,1,"adult"
"13267",1,"FRNG",37,1,"adult"
"13268",1,"FRNG",38,1,"adult"
"13269",1,"FRNG",39,1,"adult"
"13270",1,"FRNG",40,1,"adult"
"13271",1,"FRNG",41,1,"adult"
"13273",1,"FZJS",1,1,"adult"
"13274",1,"FZJS",2,1,"adult"
"13275",1,"FZJS",3,1,"adult"
"13276",1,"FZJS",4,1,"adult"
"13277",1,"FZJS",5,1,"adult"
"13278",1,"FZJS",6,1,"adult"
"13279",1,"FZJS",7,1,"adult"
"13280",1,"FZJS",8,1,"adult"
"13281",1,"FZJS",9,1,"adult"
"13282",1,"FZJS",10,1,"adult"
"13283",1,"FZJS",11,1,"adult"
"13284",1,"FZJS",12,1,"adult"
"13285",1,"FZJS",13,1,"adult"
"13286",1,"FZJS",14,1,"adult"
"13287",1,"FZJS",15,1,"adult"
"13288",1,"FZJS",16,1,"adult"
"13289",1,"FZJS",17,1,"adult"
"13290",1,"FZJS",18,1,"adult"
"13291",1,"FZJS",19,1,"adult"
"13292",1,"FZJS",20,1,"adult"
"13293",1,"FZJS",21,1,"adult"
"13294",1,"FZJS",22,1,"adult"
"13295",1,"FZJS",23,1,"adult"
"13296",1,"FZJS",24,1,"adult"
"13297",1,"FZJS",25,1,"adult"
"13298",1,"FZJS",26,1,"adult"
"13299",1,"FZJS",27,1,"adult"
"13300",1,"FZJS",28,1,"adult"
"13301",1,"FZJS",29,1,"adult"
"13302",1,"FZJS",30,1,"adult"
"13303",1,"FZJS",31,1,"adult"
"13304",1,"FZJS",32,1,"adult"
"13305",1,"FZJS",33,1,"adult"
"13306",1,"FZJS",34,1,"adult"
"13307",1,"FZJS",35,1,"adult"
"13308",1,"FZJS",36,1,"adult"
"13309",1,"FZJS",37,1,"adult"
"13310",1,"FZJS",38,1,"adult"
"13311",1,"FZJS",39,1,"adult"
"13312",1,"FZJS",40,1,"adult"
"13313",1,"FZJS",41,1,"adult"
"13315",1,"GRGO",1,1,"adult"
"13316",1,"GRGO",2,1,"adult"
"13317",1,"GRGO",3,1,"adult"
"13318",1,"GRGO",4,1,"adult"
"13319",1,"GRGO",5,1,"adult"
"13320",1,"GRGO",6,1,"adult"
"13321",1,"GRGO",7,1,"adult"
"13322",1,"GRGO",8,1,"adult"
"13323",1,"GRGO",9,1,"adult"
"13324",1,"GRGO",10,1,"adult"
"13325",1,"GRGO",11,1,"adult"
"13326",1,"GRGO",12,1,"adult"
"13327",1,"GRGO",13,1,"adult"
"13328",1,"GRGO",14,1,"adult"
"13329",1,"GRGO",15,1,"adult"
"13330",1,"GRGO",16,1,"adult"
"13331",1,"GRGO",17,1,"adult"
"13332",1,"GRGO",18,1,"adult"
"13333",1,"GRGO",19,1,"adult"
"13334",1,"GRGO",20,1,"adult"
"13335",1,"GRGO",21,1,"adult"
"13336",1,"GRGO",22,1,"adult"
"13337",1,"GRGO",23,1,"adult"
"13338",1,"GRGO",24,1,"adult"
"13339",1,"GRGO",25,1,"adult"
"13340",1,"GRGO",26,1,"adult"
"13341",1,"GRGO",27,1,"adult"
"13342",1,"GRGO",28,1,"adult"
"13343",1,"GRGO",29,1,"adult"
"13344",1,"GRGO",30,1,"adult"
"13345",1,"GRGO",31,1,"adult"
"13346",1,"GRGO",32,1,"adult"
"13347",1,"GRGO",33,1,"adult"
"13348",1,"GRGO",34,1,"adult"
"13349",1,"GRGO",35,1,"adult"
"13350",1,"GRGO",36,1,"adult"
"13351",1,"GRGO",37,1,"adult"
"13352",1,"GRGO",38,1,"adult"
"13353",1,"GRGO",39,1,"adult"
"13354",1,"GRGO",40,1,"adult"
"13355",1,"GRGO",41,1,"adult"
"13357",1,"GRWW",1,1,"adult"
"13358",1,"GRWW",2,1,"adult"
"13359",1,"GRWW",3,1,"adult"
"13360",1,"GRWW",4,1,"adult"
"13361",1,"GRWW",5,1,"adult"
"13362",1,"GRWW",6,1,"adult"
"13363",1,"GRWW",7,1,"adult"
"13364",1,"GRWW",8,1,"adult"
"13365",1,"GRWW",9,1,"adult"
"13366",1,"GRWW",10,1,"adult"
"13367",1,"GRWW",11,1,"adult"
"13368",1,"GRWW",12,1,"adult"
"13369",1,"GRWW",13,1,"adult"
"13370",1,"GRWW",14,1,"adult"
"13371",1,"GRWW",15,1,"adult"
"13372",1,"GRWW",16,1,"adult"
"13373",1,"GRWW",17,1,"adult"
"13374",1,"GRWW",18,1,"adult"
"13375",1,"GRWW",19,1,"adult"
"13376",1,"GRWW",20,1,"adult"
"13377",1,"GRWW",21,1,"adult"
"13378",1,"GRWW",22,1,"adult"
"13379",1,"GRWW",23,1,"adult"
"13380",1,"GRWW",24,1,"adult"
"13381",1,"GRWW",25,1,"adult"
"13382",1,"GRWW",26,1,"adult"
"13383",1,"GRWW",27,1,"adult"
"13384",1,"GRWW",28,1,"adult"
"13385",1,"GRWW",29,1,"adult"
"13386",1,"GRWW",30,1,"adult"
"13387",1,"GRWW",31,1,"adult"
"13388",1,"GRWW",32,1,"adult"
"13389",1,"GRWW",33,1,"adult"
"13390",1,"GRWW",34,1,"adult"
"13391",1,"GRWW",35,1,"adult"
"13392",1,"GRWW",36,1,"adult"
"13393",1,"GRWW",37,1,"adult"
"13394",1,"GRWW",38,1,"adult"
"13395",1,"GRWW",39,1,"adult"
"13396",1,"GRWW",40,1,"adult"
"13397",1,"GRWW",41,1,"adult"
"13399",1,"HAIR",1,1,"adult"
"13400",1,"HAIR",2,1,"adult"
"13401",1,"HAIR",3,1,"adult"
"13402",1,"HAIR",4,1,"adult"
"13403",1,"HAIR",5,1,"adult"
"13404",1,"HAIR",6,1,"adult"
"13405",1,"HAIR",7,1,"adult"
"13406",1,"HAIR",8,1,"adult"
"13407",1,"HAIR",9,1,"adult"
"13408",1,"HAIR",10,1,"adult"
"13409",1,"HAIR",11,1,"adult"
"13410",1,"HAIR",12,1,"adult"
"13411",1,"HAIR",13,1,"adult"
"13412",1,"HAIR",14,1,"adult"
"13413",1,"HAIR",15,1,"adult"
"13414",1,"HAIR",16,1,"adult"
"13415",1,"HAIR",17,1,"adult"
"13416",1,"HAIR",18,1,"adult"
"13417",1,"HAIR",19,1,"adult"
"13418",1,"HAIR",20,1,"adult"
"13419",1,"HAIR",21,1,"adult"
"13420",1,"HAIR",22,1,"adult"
"13421",1,"HAIR",23,1,"adult"
"13422",1,"HAIR",24,1,"adult"
"13423",1,"HAIR",25,1,"adult"
"13424",1,"HAIR",26,1,"adult"
"13425",1,"HAIR",27,1,"adult"
"13426",1,"HAIR",28,1,"adult"
"13427",1,"HAIR",29,1,"adult"
"13428",1,"HAIR",30,1,"adult"
"13429",1,"HAIR",31,1,"adult"
"13430",1,"HAIR",32,1,"adult"
"13431",1,"HAIR",33,1,"adult"
"13432",1,"HAIR",34,1,"adult"
"13433",1,"HAIR",35,1,"adult"
"13434",1,"HAIR",36,1,"adult"
"13435",1,"HAIR",37,1,"adult"
"13436",1,"HAIR",38,1,"adult"
"13437",1,"HAIR",39,1,"adult"
"13438",1,"HAIR",40,1,"adult"
"13439",1,"HAIR",41,1,"adult"
"13441",1,"HANG",1,1,"adult"
"13442",1,"HANG",2,1,"adult"
"13443",1,"HANG",3,1,"adult"
"13444",1,"HANG",4,1,"adult"
"13445",1,"HANG",5,1,"adult"
"13446",1,"HANG",6,1,"adult"
"13447",1,"HANG",7,1,"adult"
"13448",1,"HANG",8,1,"adult"
"13449",1,"HANG",9,1,"adult"
"13450",1,"HANG",10,1,"adult"
"13451",1,"HANG",11,1,"adult"
"13452",1,"HANG",12,1,"adult"
"13453",1,"HANG",13,1,"adult"
"13454",1,"HANG",14,1,"adult"
"13455",1,"HANG",15,1,"adult"
"13456",1,"HANG",16,1,"adult"
"13457",1,"HANG",17,1,"adult"
"13458",1,"HANG",18,1,"adult"
"13459",1,"HANG",19,1,"adult"
"13460",1,"HANG",20,1,"adult"
"13461",1,"HANG",21,1,"adult"
"13462",1,"HANG",22,1,"adult"
"13463",1,"HANG",23,1,"adult"
"13464",1,"HANG",24,1,"adult"
"13465",1,"HANG",25,1,"adult"
"13466",1,"HANG",26,1,"adult"
"13467",1,"HANG",27,1,"adult"
"13468",1,"HANG",28,1,"adult"
"13469",1,"HANG",29,1,"adult"
"13470",1,"HANG",30,1,"adult"
"13471",1,"HANG",31,1,"adult"
"13472",1,"HANG",32,1,"adult"
"13473",1,"HANG",33,1,"adult"
"13474",1,"HANG",34,1,"adult"
"13475",1,"HANG",35,1,"adult"
"13476",1,"HANG",36,1,"adult"
"13477",1,"HANG",37,1,"adult"
"13478",1,"HANG",38,1,"adult"
"13479",1,"HANG",39,1,"adult"
"13480",1,"HANG",40,1,"adult"
"13481",1,"HANG",41,1,"adult"
"13483",1,"HAWC",1,1,"unborn"
"13484",1,"HAWC",2,1,"unborn"
"13485",1,"HAWC",3,1,"unborn"
"13486",1,"HAWC",4,1,"unborn"
"13487",1,"HAWC",5,1,"unborn"
"13488",1,"HAWC",6,1,"unborn"
"13489",1,"HAWC",7,1,"unborn"
"13490",1,"HAWC",8,1,"unborn"
"13491",1,"HAWC",9,1,"unborn"
"13492",1,"HAWC",10,1,"unborn"
"13493",1,"HAWC",11,1,"unborn"
"13494",1,"HAWC",12,1,"calf"
"13495",1,"HAWC",13,1,"calf"
"13496",1,"HAWC",14,1,"calf"
"13497",1,"HAWC",15,1,"juvenile"
"13498",1,"HAWC",16,1,"juvenile"
"13499",1,"HAWC",17,1,"juvenile"
"13500",1,"HAWC",18,1,"juvenile"
"13501",1,"HAWC",19,1,"juvenile"
"13502",1,"HAWC",20,1,"juvenile"
"13503",1,"HAWC",21,1,"juvenile"
"13504",1,"HAWC",22,1,"juvenile"
"13505",1,"HAWC",23,1,"juvenile"
"13506",1,"HAWC",24,1,"adult"
"13507",1,"HAWC",25,1,"adult"
"13508",1,"HAWC",26,1,"adult"
"13509",1,"HAWC",27,1,"adult"
"13510",1,"HAWC",28,1,"adult"
"13511",1,"HAWC",29,1,"adult"
"13512",1,"HAWC",30,1,"adult"
"13513",1,"HAWC",31,1,"adult"
"13514",1,"HAWC",32,1,"adult"
"13515",1,"HAWC",33,1,"adult"
"13516",1,"HAWC",34,1,"adult"
"13517",1,"HAWC",35,1,"adult"
"13518",1,"HAWC",36,1,"adult"
"13519",1,"HAWC",37,1,"adult"
"13520",1,"HAWC",38,1,"adult"
"13521",1,"HAWC",39,1,"adult"
"13522",1,"HAWC",40,1,"adult"
"13523",1,"HAWC",41,1,"adult"
"13525",1,"HBM2",1,1,"adult"
"13526",1,"HBM2",2,1,"adult"
"13527",1,"HBM2",3,1,"adult"
"13528",1,"HBM2",4,1,"adult"
"13529",1,"HBM2",5,1,"adult"
"13530",1,"HBM2",6,1,"adult"
"13531",1,"HBM2",7,1,"adult"
"13532",1,"HBM2",8,1,"adult"
"13533",1,"HBM2",9,1,"adult"
"13534",1,"HBM2",10,1,"adult"
"13535",1,"HBM2",11,1,"adult"
"13536",1,"HBM2",12,1,"adult"
"13537",1,"HBM2",13,1,"adult"
"13538",1,"HBM2",14,1,"adult"
"13539",1,"HBM2",15,1,"adult"
"13540",1,"HBM2",16,1,"adult"
"13541",1,"HBM2",17,1,"adult"
"13542",1,"HBM2",18,1,"adult"
"13543",1,"HBM2",19,1,"adult"
"13544",1,"HBM2",20,1,"adult"
"13545",1,"HBM2",21,1,"adult"
"13546",1,"HBM2",22,1,"adult"
"13547",1,"HBM2",23,1,"adult"
"13548",1,"HBM2",24,1,"adult"
"13549",1,"HBM2",25,1,"adult"
"13550",1,"HBM2",26,1,"adult"
"13551",1,"HBM2",27,1,"adult"
"13552",1,"HBM2",28,1,"adult"
"13553",1,"HBM2",29,1,"adult"
"13554",1,"HBM2",30,1,"adult"
"13555",1,"HBM2",31,1,"adult"
"13556",1,"HBM2",32,1,"adult"
"13557",1,"HBM2",33,1,"adult"
"13558",1,"HBM2",34,1,"adult"
"13559",1,"HBM2",35,1,"adult"
"13560",1,"HBM2",36,1,"adult"
"13561",1,"HBM2",37,1,"adult"
"13562",1,"HBM2",38,1,"adult"
"13563",1,"HBM2",39,1,"adult"
"13564",1,"HBM2",40,1,"adult"
"13565",1,"HBM2",41,1,"adult"
"13567",1,"HBM3",1,1,"unborn"
"13568",1,"HBM3",2,1,"unborn"
"13569",1,"HBM3",3,1,"unborn"
"13570",1,"HBM3",4,1,"unborn"
"13571",1,"HBM3",5,1,"unborn"
"13572",1,"HBM3",6,1,"unborn"
"13573",1,"HBM3",7,1,"unborn"
"13574",1,"HBM3",8,1,"unborn"
"13575",1,"HBM3",9,1,"unborn"
"13576",1,"HBM3",10,1,"unborn"
"13577",1,"HBM3",11,1,"unborn"
"13578",1,"HBM3",12,1,"unborn"
"13579",1,"HBM3",13,1,"unborn"
"13580",1,"HBM3",14,1,"unborn"
"13581",1,"HBM3",15,1,"unborn"
"13582",1,"HBM3",16,1,"unborn"
"13583",1,"HBM3",17,1,"unborn"
"13584",1,"HBM3",18,1,"unborn"
"13585",1,"HBM3",19,1,"unborn"
"13586",1,"HBM3",20,1,"unborn"
"13587",1,"HBM3",21,1,"unborn"
"13588",1,"HBM3",22,1,"unborn"
"13589",1,"HBM3",23,1,"unborn"
"13590",1,"HBM3",24,1,"unborn"
"13591",1,"HBM3",25,1,"unborn"
"13592",1,"HBM3",26,1,"calf"
"13593",1,"HBM3",27,1,"calf"
"13594",1,"HBM3",28,1,"calf"
"13595",1,"HBM3",29,1,"calf"
"13596",1,"HBM3",30,1,"calf"
"13597",1,"HBM3",31,1,"calf"
"13598",1,"HBM3",32,1,"calf"
"13599",1,"HBM3",33,1,"calf"
"13600",1,"HBM3",34,1,"calf"
"13601",1,"HBM3",35,1,"calf"
"13602",1,"HBM3",36,1,"calf"
"13603",1,"HBM3",37,1,"calf"
"13604",1,"HBM3",38,1,"calf"
"13605",1,"HBM3",39,1,"calf"
"13606",1,"HBM3",40,1,"calf"
"13607",1,"HBM3",41,1,"calf"
"13609",1,"HBMB",1,1,"adult"
"13610",1,"HBMB",2,1,"adult"
"13611",1,"HBMB",3,1,"adult"
"13612",1,"HBMB",4,1,"adult"
"13613",1,"HBMB",5,1,"adult"
"13614",1,"HBMB",6,1,"adult"
"13615",1,"HBMB",7,1,"adult"
"13616",1,"HBMB",8,1,"adult"
"13617",1,"HBMB",9,1,"adult"
"13618",1,"HBMB",10,1,"adult"
"13619",1,"HBMB",11,1,"adult"
"13620",1,"HBMB",12,1,"adult"
"13621",1,"HBMB",13,1,"adult"
"13622",1,"HBMB",14,1,"adult"
"13623",1,"HBMB",15,1,"adult"
"13624",1,"HBMB",16,1,"adult"
"13625",1,"HBMB",17,1,"adult"
"13626",1,"HBMB",18,1,"adult"
"13627",1,"HBMB",19,1,"adult"
"13628",1,"HBMB",20,1,"adult"
"13629",1,"HBMB",21,1,"adult"
"13630",1,"HBMB",22,1,"adult"
"13631",1,"HBMB",23,1,"adult"
"13632",1,"HBMB",24,1,"adult"
"13633",1,"HBMB",25,1,"adult"
"13634",1,"HBMB",26,1,"adult"
"13635",1,"HBMB",27,1,"adult"
"13636",1,"HBMB",28,1,"adult"
"13637",1,"HBMB",29,1,"adult"
"13638",1,"HBMB",30,1,"adult"
"13639",1,"HBMB",31,1,"adult"
"13640",1,"HBMB",32,1,"adult"
"13641",1,"HBMB",33,1,"adult"
"13642",1,"HBMB",34,1,"adult"
"13643",1,"HBMB",35,1,"adult"
"13644",1,"HBMB",36,1,"adult"
"13645",1,"HBMB",37,1,"adult"
"13646",1,"HBMB",38,1,"adult"
"13647",1,"HBMB",39,1,"adult"
"13648",1,"HBMB",40,1,"adult"
"13649",1,"HBMB",41,1,"adult"
"13651",1,"HFLT",1,1,"adult"
"13652",1,"HFLT",2,1,"adult"
"13653",1,"HFLT",3,1,"adult"
"13654",1,"HFLT",4,1,"adult"
"13655",1,"HFLT",5,1,"adult"
"13656",1,"HFLT",6,1,"adult"
"13657",1,"HFLT",7,1,"adult"
"13658",1,"HFLT",8,1,"adult"
"13659",1,"HFLT",9,1,"adult"
"13660",1,"HFLT",10,1,"adult"
"13661",1,"HFLT",11,1,"adult"
"13662",1,"HFLT",12,1,"adult"
"13663",1,"HFLT",13,1,"adult"
"13664",1,"HFLT",14,1,"adult"
"13665",1,"HFLT",15,1,"adult"
"13666",1,"HFLT",16,1,"adult"
"13667",1,"HFLT",17,1,"adult"
"13668",1,"HFLT",18,1,"adult"
"13669",1,"HFLT",19,1,"adult"
"13670",1,"HFLT",20,1,"adult"
"13671",1,"HFLT",21,1,"adult"
"13672",1,"HFLT",22,1,"adult"
"13673",1,"HFLT",23,1,"adult"
"13674",1,"HFLT",24,1,"adult"
"13675",1,"HFLT",25,1,"adult"
"13676",1,"HFLT",26,1,"adult"
"13677",1,"HFLT",27,1,"adult"
"13678",1,"HFLT",28,1,"adult"
"13679",1,"HFLT",29,1,"adult"
"13680",1,"HFLT",30,1,"adult"
"13681",1,"HFLT",31,1,"adult"
"13682",1,"HFLT",32,1,"adult"
"13683",1,"HFLT",33,1,"adult"
"13684",1,"HFLT",34,1,"adult"
"13685",1,"HFLT",35,1,"adult"
"13686",1,"HFLT",36,1,"adult"
"13687",1,"HFLT",37,1,"adult"
"13688",1,"HFLT",38,1,"adult"
"13689",1,"HFLT",39,1,"adult"
"13690",1,"HFLT",40,1,"adult"
"13691",1,"HFLT",41,1,"adult"
"13693",1,"HIPM",1,1,"adult"
"13694",1,"HIPM",2,1,"adult"
"13695",1,"HIPM",3,1,"adult"
"13696",1,"HIPM",4,1,"adult"
"13697",1,"HIPM",5,1,"adult"
"13698",1,"HIPM",6,1,"adult"
"13699",1,"HIPM",7,1,"adult"
"13700",1,"HIPM",8,1,"adult"
"13701",1,"HIPM",9,1,"adult"
"13702",1,"HIPM",10,1,"adult"
"13703",1,"HIPM",11,1,"adult"
"13704",1,"HIPM",12,1,"adult"
"13705",1,"HIPM",13,1,"adult"
"13706",1,"HIPM",14,1,"adult"
"13707",1,"HIPM",15,1,"adult"
"13708",1,"HIPM",16,1,"adult"
"13709",1,"HIPM",17,1,"adult"
"13710",1,"HIPM",18,1,"adult"
"13711",1,"HIPM",19,1,"adult"
"13712",1,"HIPM",20,1,"adult"
"13713",1,"HIPM",21,1,"adult"
"13714",1,"HIPM",22,1,"adult"
"13715",1,"HIPM",23,1,"adult"
"13716",1,"HIPM",24,1,"adult"
"13717",1,"HIPM",25,1,"adult"
"13718",1,"HIPM",26,1,"adult"
"13719",1,"HIPM",27,1,"adult"
"13720",1,"HIPM",28,1,"adult"
"13721",1,"HIPM",29,1,"adult"
"13722",1,"HIPM",30,1,"adult"
"13723",1,"HIPM",31,1,"adult"
"13724",1,"HIPM",32,1,"adult"
"13725",1,"HIPM",33,1,"adult"
"13726",1,"HIPM",34,1,"adult"
"13727",1,"HIPM",35,1,"adult"
"13728",1,"HIPM",36,1,"adult"
"13729",1,"HIPM",37,1,"adult"
"13730",1,"HIPM",38,1,"adult"
"13731",1,"HIPM",39,1,"adult"
"13732",1,"HIPM",40,1,"adult"
"13733",1,"HIPM",41,1,"adult"
"13735",1,"HIQQ",1,1,"adult"
"13736",1,"HIQQ",2,1,"adult"
"13737",1,"HIQQ",3,1,"adult"
"13738",1,"HIQQ",4,1,"adult"
"13739",1,"HIQQ",5,1,"adult"
"13740",1,"HIQQ",6,1,"adult"
"13741",1,"HIQQ",7,1,"adult"
"13742",1,"HIQQ",8,1,"adult"
"13743",1,"HIQQ",9,1,"adult"
"13744",1,"HIQQ",10,1,"adult"
"13745",1,"HIQQ",11,1,"adult"
"13746",1,"HIQQ",12,1,"adult"
"13747",1,"HIQQ",13,1,"adult"
"13748",1,"HIQQ",14,1,"adult"
"13749",1,"HIQQ",15,1,"adult"
"13750",1,"HIQQ",16,1,"adult"
"13751",1,"HIQQ",17,1,"adult"
"13752",1,"HIQQ",18,1,"adult"
"13753",1,"HIQQ",19,1,"adult"
"13754",1,"HIQQ",20,1,"adult"
"13755",1,"HIQQ",21,1,"adult"
"13756",1,"HIQQ",22,1,"adult"
"13757",1,"HIQQ",23,1,"adult"
"13758",1,"HIQQ",24,1,"adult"
"13759",1,"HIQQ",25,1,"adult"
"13760",1,"HIQQ",26,1,"adult"
"13761",1,"HIQQ",27,1,"adult"
"13762",1,"HIQQ",28,1,"adult"
"13763",1,"HIQQ",29,1,"adult"
"13764",1,"HIQQ",30,1,"adult"
"13765",1,"HIQQ",31,1,"adult"
"13766",1,"HIQQ",32,1,"adult"
"13767",1,"HIQQ",33,1,"adult"
"13768",1,"HIQQ",34,1,"adult"
"13769",1,"HIQQ",35,1,"adult"
"13770",1,"HIQQ",36,1,"adult"
"13771",1,"HIQQ",37,1,"adult"
"13772",1,"HIQQ",38,1,"adult"
"13773",1,"HIQQ",39,1,"adult"
"13774",1,"HIQQ",40,1,"adult"
"13775",1,"HIQQ",41,1,"adult"
"13777",1,"HITS",1,1,"adult"
"13778",1,"HITS",2,1,"adult"
"13779",1,"HITS",3,1,"adult"
"13780",1,"HITS",4,1,"adult"
"13781",1,"HITS",5,1,"adult"
"13782",1,"HITS",6,1,"adult"
"13783",1,"HITS",7,1,"adult"
"13784",1,"HITS",8,1,"adult"
"13785",1,"HITS",9,1,"adult"
"13786",1,"HITS",10,1,"adult"
"13787",1,"HITS",11,1,"adult"
"13788",1,"HITS",12,1,"adult"
"13789",1,"HITS",13,1,"adult"
"13790",1,"HITS",14,1,"adult"
"13791",1,"HITS",15,1,"adult"
"13792",1,"HITS",16,1,"adult"
"13793",1,"HITS",17,1,"adult"
"13794",1,"HITS",18,1,"adult"
"13795",1,"HITS",19,1,"adult"
"13796",1,"HITS",20,1,"adult"
"13797",1,"HITS",21,1,"adult"
"13798",1,"HITS",22,1,"adult"
"13799",1,"HITS",23,1,"adult"
"13800",1,"HITS",24,1,"adult"
"13801",1,"HITS",25,1,"adult"
"13802",1,"HITS",26,1,"adult"
"13803",1,"HITS",27,1,"adult"
"13804",1,"HITS",28,1,"adult"
"13805",1,"HITS",29,1,"adult"
"13806",1,"HITS",30,1,"adult"
"13807",1,"HITS",31,1,"adult"
"13808",1,"HITS",32,1,"adult"
"13809",1,"HITS",33,1,"adult"
"13810",1,"HITS",34,1,"adult"
"13811",1,"HITS",35,1,"adult"
"13812",1,"HITS",36,1,"adult"
"13813",1,"HITS",37,1,"adult"
"13814",1,"HITS",38,1,"adult"
"13815",1,"HITS",39,1,"adult"
"13816",1,"HITS",40,1,"adult"
"13817",1,"HITS",41,1,"adult"
"13819",1,"HLP4",1,1,"unborn"
"13820",1,"HLP4",2,1,"unborn"
"13821",1,"HLP4",3,1,"unborn"
"13822",1,"HLP4",4,1,"unborn"
"13823",1,"HLP4",5,1,"unborn"
"13824",1,"HLP4",6,1,"unborn"
"13825",1,"HLP4",7,1,"unborn"
"13826",1,"HLP4",8,1,"unborn"
"13827",1,"HLP4",9,1,"unborn"
"13828",1,"HLP4",10,1,"unborn"
"13829",1,"HLP4",11,1,"unborn"
"13830",1,"HLP4",12,1,"unborn"
"13831",1,"HLP4",13,1,"unborn"
"13832",1,"HLP4",14,1,"unborn"
"13833",1,"HLP4",15,1,"unborn"
"13834",1,"HLP4",16,1,"unborn"
"13835",1,"HLP4",17,1,"unborn"
"13836",1,"HLP4",18,1,"unborn"
"13837",1,"HLP4",19,1,"unborn"
"13838",1,"HLP4",20,1,"unborn"
"13839",1,"HLP4",21,1,"unborn"
"13840",1,"HLP4",22,1,"unborn"
"13841",1,"HLP4",23,1,"unborn"
"13842",1,"HLP4",24,1,"unborn"
"13843",1,"HLP4",25,1,"unborn"
"13844",1,"HLP4",26,1,"unborn"
"13845",1,"HLP4",27,1,"unborn"
"13846",1,"HLP4",28,1,"unborn"
"13847",1,"HLP4",29,1,"unborn"
"13848",1,"HLP4",30,1,"calf"
"13849",1,"HLP4",31,1,"calf"
"13850",1,"HLP4",32,1,"calf"
"13851",1,"HLP4",33,1,"calf"
"13852",1,"HLP4",34,1,"calf"
"13853",1,"HLP4",35,1,"calf"
"13854",1,"HLP4",36,1,"calf"
"13855",1,"HLP4",37,1,"calf"
"13856",1,"HLP4",38,1,"calf"
"13857",1,"HLP4",39,1,"calf"
"13858",1,"HLP4",40,1,"calf"
"13859",1,"HLP4",41,1,"calf"
"13861",1,"HLPC",1,1,"unborn"
"13862",1,"HLPC",2,1,"unborn"
"13863",1,"HLPC",3,1,"unborn"
"13864",1,"HLPC",4,1,"unborn"
"13865",1,"HLPC",5,1,"unborn"
"13866",1,"HLPC",6,1,"unborn"
"13867",1,"HLPC",7,1,"unborn"
"13868",1,"HLPC",8,1,"unborn"
"13869",1,"HLPC",9,1,"unborn"
"13870",1,"HLPC",10,1,"unborn"
"13871",1,"HLPC",11,1,"unborn"
"13872",1,"HLPC",12,1,"calf"
"13873",1,"HLPC",13,1,"calf"
"13874",1,"HLPC",14,1,"calf"
"13875",1,"HLPC",15,1,"calf"
"13876",1,"HLPC",16,1,"juvenile"
"13877",1,"HLPC",17,1,"juvenile"
"13878",1,"HLPC",18,1,"juvenile"
"13879",1,"HLPC",19,1,"juvenile"
"13880",1,"HLPC",20,1,"juvenile"
"13881",1,"HLPC",21,1,"juvenile"
"13882",1,"HLPC",22,1,"juvenile"
"13883",1,"HLPC",23,1,"juvenile"
"13884",1,"HLPC",24,1,"juvenile"
"13885",1,"HLPC",25,1,"juvenile"
"13886",1,"HLPC",26,1,"adult"
"13887",1,"HLPC",27,1,"adult"
"13888",1,"HLPC",28,1,"adult"
"13889",1,"HLPC",29,1,"adult"
"13890",1,"HLPC",30,1,"adult"
"13891",1,"HLPC",31,1,"adult"
"13892",1,"HLPC",32,1,"adult"
"13893",1,"HLPC",33,1,"adult"
"13894",1,"HLPC",34,1,"adult"
"13895",1,"HLPC",35,1,"adult"
"13896",1,"HLPC",36,1,"adult"
"13897",1,"HLPC",37,1,"adult"
"13898",1,"HLPC",38,1,"adult"
"13899",1,"HLPC",39,1,"adult"
"13900",1,"HLPC",40,1,"adult"
"13901",1,"HLPC",41,1,"adult"
"13903",1,"HMLC",1,1,"adult"
"13904",1,"HMLC",2,1,"adult"
"13905",1,"HMLC",3,1,"adult"
"13906",1,"HMLC",4,1,"adult"
"13907",1,"HMLC",5,1,"adult"
"13908",1,"HMLC",6,1,"adult"
"13909",1,"HMLC",7,1,"adult"
"13910",1,"HMLC",8,1,"adult"
"13911",1,"HMLC",9,1,"adult"
"13912",1,"HMLC",10,1,"adult"
"13913",1,"HMLC",11,1,"adult"
"13914",1,"HMLC",12,1,"adult"
"13915",1,"HMLC",13,1,"adult"
"13916",1,"HMLC",14,1,"adult"
"13917",1,"HMLC",15,1,"adult"
"13918",1,"HMLC",16,1,"adult"
"13919",1,"HMLC",17,1,"adult"
"13920",1,"HMLC",18,1,"adult"
"13921",1,"HMLC",19,1,"adult"
"13922",1,"HMLC",20,1,"adult"
"13923",1,"HMLC",21,1,"adult"
"13924",1,"HMLC",22,1,"adult"
"13925",1,"HMLC",23,1,"adult"
"13926",1,"HMLC",24,1,"adult"
"13927",1,"HMLC",25,1,"adult"
"13928",1,"HMLC",26,1,"adult"
"13929",1,"HMLC",27,1,"adult"
"13930",1,"HMLC",28,1,"adult"
"13931",1,"HMLC",29,1,"adult"
"13932",1,"HMLC",30,1,"adult"
"13933",1,"HMLC",31,1,"adult"
"13934",1,"HMLC",32,1,"adult"
"13935",1,"HMLC",33,1,"adult"
"13936",1,"HMLC",34,1,"adult"
"13937",1,"HMLC",35,1,"adult"
"13938",1,"HMLC",36,1,"adult"
"13939",1,"HMLC",37,1,"adult"
"13940",1,"HMLC",38,1,"adult"
"13941",1,"HMLC",39,1,"adult"
"13942",1,"HMLC",40,1,"adult"
"13943",1,"HMLC",41,1,"adult"
"13945",1,"HMLT",1,1,"adult"
"13946",1,"HMLT",2,1,"adult"
"13947",1,"HMLT",3,1,"adult"
"13948",1,"HMLT",4,1,"adult"
"13949",1,"HMLT",5,1,"adult"
"13950",1,"HMLT",6,1,"adult"
"13951",1,"HMLT",7,1,"adult"
"13952",1,"HMLT",8,1,"adult"
"13953",1,"HMLT",9,1,"adult"
"13954",1,"HMLT",10,1,"adult"
"13955",1,"HMLT",11,1,"adult"
"13956",1,"HMLT",12,1,"adult"
"13957",1,"HMLT",13,1,"adult"
"13958",1,"HMLT",14,1,"adult"
"13959",1,"HMLT",15,1,"adult"
"13960",1,"HMLT",16,1,"adult"
"13961",1,"HMLT",17,1,"adult"
"13962",1,"HMLT",18,1,"adult"
"13963",1,"HMLT",19,1,"adult"
"13964",1,"HMLT",20,1,"adult"
"13965",1,"HMLT",21,1,"adult"
"13966",1,"HMLT",22,1,"adult"
"13967",1,"HMLT",23,1,"adult"
"13968",1,"HMLT",24,1,"adult"
"13969",1,"HMLT",25,1,"adult"
"13970",1,"HMLT",26,1,"adult"
"13971",1,"HMLT",27,1,"adult"
"13972",1,"HMLT",28,1,"adult"
"13973",1,"HMLT",29,1,"adult"
"13974",1,"HMLT",30,1,"adult"
"13975",1,"HMLT",31,1,"adult"
"13976",1,"HMLT",32,1,"adult"
"13977",1,"HMLT",33,1,"adult"
"13978",1,"HMLT",34,1,"adult"
"13979",1,"HMLT",35,1,"adult"
"13980",1,"HMLT",36,1,"adult"
"13981",1,"HMLT",37,1,"adult"
"13982",1,"HMLT",38,1,"adult"
"13983",1,"HMLT",39,1,"adult"
"13984",1,"HMLT",40,1,"adult"
"13985",1,"HMLT",41,1,"adult"
"13987",1,"HSN4",1,1,"unborn"
"13988",1,"HSN4",2,1,"unborn"
"13989",1,"HSN4",3,1,"unborn"
"13990",1,"HSN4",4,1,"unborn"
"13991",1,"HSN4",5,1,"unborn"
"13992",1,"HSN4",6,1,"unborn"
"13993",1,"HSN4",7,1,"unborn"
"13994",1,"HSN4",8,1,"unborn"
"13995",1,"HSN4",9,1,"unborn"
"13996",1,"HSN4",10,1,"unborn"
"13997",1,"HSN4",11,1,"unborn"
"13998",1,"HSN4",12,1,"unborn"
"13999",1,"HSN4",13,1,"unborn"
"14000",1,"HSN4",14,1,"unborn"
"14001",1,"HSN4",15,1,"unborn"
"14002",1,"HSN4",16,1,"unborn"
"14003",1,"HSN4",17,1,"unborn"
"14004",1,"HSN4",18,1,"unborn"
"14005",1,"HSN4",19,1,"unborn"
"14006",1,"HSN4",20,1,"unborn"
"14007",1,"HSN4",21,1,"unborn"
"14008",1,"HSN4",22,1,"unborn"
"14009",1,"HSN4",23,1,"unborn"
"14010",1,"HSN4",24,1,"unborn"
"14011",1,"HSN4",25,1,"unborn"
"14012",1,"HSN4",26,1,"unborn"
"14013",1,"HSN4",27,1,"unborn"
"14014",1,"HSN4",28,1,"unborn"
"14015",1,"HSN4",29,1,"unborn"
"14016",1,"HSN4",30,1,"unborn"
"14017",1,"HSN4",31,1,"unborn"
"14018",1,"HSN4",32,1,"unborn"
"14019",1,"HSN4",33,1,"unborn"
"14020",1,"HSN4",34,1,"unborn"
"14021",1,"HSN4",35,1,"unborn"
"14022",1,"HSN4",36,1,"unborn"
"14023",1,"HSN4",37,1,"calf"
"14024",1,"HSN4",38,1,"calf"
"14025",1,"HSN4",39,1,"calf"
"14026",1,"HSN4",40,1,"calf"
"14027",1,"HSN4",41,1,"calf"
"14029",1,"HSNS",1,1,"adult"
"14030",1,"HSNS",2,1,"adult"
"14031",1,"HSNS",3,1,"adult"
"14032",1,"HSNS",4,1,"adult"
"14033",1,"HSNS",5,1,"adult"
"14034",1,"HSNS",6,1,"adult"
"14035",1,"HSNS",7,1,"adult"
"14036",1,"HSNS",8,1,"adult"
"14037",1,"HSNS",9,1,"adult"
"14038",1,"HSNS",10,1,"adult"
"14039",1,"HSNS",11,1,"adult"
"14040",1,"HSNS",12,1,"adult"
"14041",1,"HSNS",13,1,"adult"
"14042",1,"HSNS",14,1,"adult"
"14043",1,"HSNS",15,1,"adult"
"14044",1,"HSNS",16,1,"adult"
"14045",1,"HSNS",17,1,"adult"
"14046",1,"HSNS",18,1,"adult"
"14047",1,"HSNS",19,1,"adult"
"14048",1,"HSNS",20,1,"adult"
"14049",1,"HSNS",21,1,"adult"
"14050",1,"HSNS",22,1,"adult"
"14051",1,"HSNS",23,1,"adult"
"14052",1,"HSNS",24,1,"adult"
"14053",1,"HSNS",25,1,"adult"
"14054",1,"HSNS",26,1,"adult"
"14055",1,"HSNS",27,1,"adult"
"14056",1,"HSNS",28,1,"adult"
"14057",1,"HSNS",29,1,"adult"
"14058",1,"HSNS",30,1,"adult"
"14059",1,"HSNS",31,1,"adult"
"14060",1,"HSNS",32,1,"adult"
"14061",1,"HSNS",33,1,"adult"
"14062",1,"HSNS",34,1,"adult"
"14063",1,"HSNS",35,1,"adult"
"14064",1,"HSNS",36,1,"adult"
"14065",1,"HSNS",37,1,"adult"
"14066",1,"HSNS",38,1,"adult"
"14067",1,"HSNS",39,1,"adult"
"14068",1,"HSNS",40,1,"adult"
"14069",1,"HSNS",41,1,"adult"
"14071",1,"HVMS",1,1,"adult"
"14072",1,"HVMS",2,1,"adult"
"14073",1,"HVMS",3,1,"adult"
"14074",1,"HVMS",4,1,"adult"
"14075",1,"HVMS",5,1,"adult"
"14076",1,"HVMS",6,1,"adult"
"14077",1,"HVMS",7,1,"adult"
"14078",1,"HVMS",8,1,"adult"
"14079",1,"HVMS",9,1,"adult"
"14080",1,"HVMS",10,1,"adult"
"14081",1,"HVMS",11,1,"adult"
"14082",1,"HVMS",12,1,"adult"
"14083",1,"HVMS",13,1,"adult"
"14084",1,"HVMS",14,1,"adult"
"14085",1,"HVMS",15,1,"adult"
"14086",1,"HVMS",16,1,"adult"
"14087",1,"HVMS",17,1,"adult"
"14088",1,"HVMS",18,1,"adult"
"14089",1,"HVMS",19,1,"adult"
"14090",1,"HVMS",20,1,"adult"
"14091",1,"HVMS",21,1,"adult"
"14092",1,"HVMS",22,1,"adult"
"14093",1,"HVMS",23,1,"adult"
"14094",1,"HVMS",24,1,"adult"
"14095",1,"HVMS",25,1,"adult"
"14096",1,"HVMS",26,1,"adult"
"14097",1,"HVMS",27,1,"adult"
"14098",1,"HVMS",28,1,"adult"
"14099",1,"HVMS",29,1,"adult"
"14100",1,"HVMS",30,1,"adult"
"14101",1,"HVMS",31,1,"adult"
"14102",1,"HVMS",32,1,"adult"
"14103",1,"HVMS",33,1,"adult"
"14104",1,"HVMS",34,1,"adult"
"14105",1,"HVMS",35,1,"adult"
"14106",1,"HVMS",36,1,"adult"
"14107",1,"HVMS",37,1,"adult"
"14108",1,"HVMS",38,1,"adult"
"14109",1,"HVMS",39,1,"adult"
"14110",1,"HVMS",40,1,"adult"
"14111",1,"HVMS",41,1,"adult"
"14113",1,"HWK2",1,1,"unborn"
"14114",1,"HWK2",2,1,"unborn"
"14115",1,"HWK2",3,1,"unborn"
"14116",1,"HWK2",4,1,"unborn"
"14117",1,"HWK2",5,1,"unborn"
"14118",1,"HWK2",6,1,"unborn"
"14119",1,"HWK2",7,1,"unborn"
"14120",1,"HWK2",8,1,"unborn"
"14121",1,"HWK2",9,1,"unborn"
"14122",1,"HWK2",10,1,"unborn"
"14123",1,"HWK2",11,1,"unborn"
"14124",1,"HWK2",12,1,"unborn"
"14125",1,"HWK2",13,1,"unborn"
"14126",1,"HWK2",14,1,"unborn"
"14127",1,"HWK2",15,1,"unborn"
"14128",1,"HWK2",16,1,"calf"
"14129",1,"HWK2",17,1,"calf"
"14130",1,"HWK2",18,1,"calf"
"14131",1,"HWK2",19,1,"calf"
"14132",1,"HWK2",20,1,"calf"
"14133",1,"HWK2",21,1,"calf"
"14134",1,"HWK2",22,1,"calf"
"14135",1,"HWK2",23,1,"calf"
"14136",1,"HWK2",24,1,"juvenile"
"14137",1,"HWK2",25,1,"juvenile"
"14138",1,"HWK2",26,1,"juvenile"
"14139",1,"HWK2",27,1,"juvenile"
"14140",1,"HWK2",28,1,"juvenile"
"14141",1,"HWK2",29,1,"juvenile"
"14142",1,"HWK2",30,1,"juvenile"
"14143",1,"HWK2",31,1,"juvenile"
"14144",1,"HWK2",32,1,"juvenile"
"14145",1,"HWK2",33,1,"juvenile"
"14146",1,"HWK2",34,1,"juvenile"
"14147",1,"HWK2",35,1,"juvenile"
"14148",1,"HWK2",36,1,"juvenile"
"14149",1,"HWK2",37,1,"juvenile"
"14150",1,"HWK2",38,1,"juvenile"
"14151",1,"HWK2",39,1,"juvenile"
"14152",1,"HWK2",40,1,"juvenile"
"14153",1,"HWK2",41,1,"juvenile"
"14155",1,"HWK3",1,1,"unborn"
"14156",1,"HWK3",2,1,"unborn"
"14157",1,"HWK3",3,1,"unborn"
"14158",1,"HWK3",4,1,"unborn"
"14159",1,"HWK3",5,1,"unborn"
"14160",1,"HWK3",6,1,"unborn"
"14161",1,"HWK3",7,1,"unborn"
"14162",1,"HWK3",8,1,"unborn"
"14163",1,"HWK3",9,1,"unborn"
"14164",1,"HWK3",10,1,"unborn"
"14165",1,"HWK3",11,1,"unborn"
"14166",1,"HWK3",12,1,"unborn"
"14167",1,"HWK3",13,1,"unborn"
"14168",1,"HWK3",14,1,"unborn"
"14169",1,"HWK3",15,1,"unborn"
"14170",1,"HWK3",16,1,"unborn"
"14171",1,"HWK3",17,1,"unborn"
"14172",1,"HWK3",18,1,"unborn"
"14173",1,"HWK3",19,1,"unborn"
"14174",1,"HWK3",20,1,"unborn"
"14175",1,"HWK3",21,1,"unborn"
"14176",1,"HWK3",22,1,"unborn"
"14177",1,"HWK3",23,1,"calf"
"14178",1,"HWK3",24,1,"calf"
"14179",1,"HWK3",25,1,"calf"
"14180",1,"HWK3",26,1,"calf"
"14181",1,"HWK3",27,1,"calf"
"14182",1,"HWK3",28,1,"calf"
"14183",1,"HWK3",29,1,"calf"
"14184",1,"HWK3",30,1,"calf"
"14185",1,"HWK3",31,1,"calf"
"14186",1,"HWK3",32,1,"calf"
"14187",1,"HWK3",33,1,"calf"
"14188",1,"HWK3",34,1,"juvenile"
"14189",1,"HWK3",35,1,"juvenile"
"14190",1,"HWK3",36,1,"juvenile"
"14191",1,"HWK3",37,1,"juvenile"
"14192",1,"HWK3",38,1,"juvenile"
"14193",1,"HWK3",39,1,"juvenile"
"14194",1,"HWK3",40,1,"juvenile"
"14195",1,"HWK3",41,1,"juvenile"
"14197",1,"IKN2",1,1,"unborn"
"14198",1,"IKN2",2,1,"unborn"
"14199",1,"IKN2",3,1,"unborn"
"14200",1,"IKN2",4,1,"unborn"
"14201",1,"IKN2",5,1,"unborn"
"14202",1,"IKN2",6,1,"unborn"
"14203",1,"IKN2",7,1,"unborn"
"14204",1,"IKN2",8,1,"unborn"
"14205",1,"IKN2",9,1,"calf"
"14206",1,"IKN2",10,1,"calf"
"14207",1,"IKN2",11,1,"calf"
"14208",1,"IKN2",12,1,"calf"
"14209",1,"IKN2",13,1,"calf"
"14210",1,"IKN2",14,1,"juvenile"
"14211",1,"IKN2",15,1,"juvenile"
"14212",1,"IKN2",16,1,"juvenile"
"14213",1,"IKN2",17,1,"juvenile"
"14214",1,"IKN2",18,1,"juvenile"
"14215",1,"IKN2",19,1,"juvenile"
"14216",1,"IKN2",20,1,"juvenile"
"14217",1,"IKN2",21,1,"adult"
"14218",1,"IKN2",22,1,"adult"
"14219",1,"IKN2",23,1,"adult"
"14220",1,"IKN2",24,1,"adult"
"14221",1,"IKN2",25,1,"adult"
"14222",1,"IKN2",26,1,"adult"
"14223",1,"IKN2",27,1,"adult"
"14224",1,"IKN2",28,1,"adult"
"14225",1,"IKN2",29,1,"adult"
"14226",1,"IKN2",30,1,"adult"
"14227",1,"IKN2",31,1,"adult"
"14228",1,"IKN2",32,1,"adult"
"14229",1,"IKN2",33,1,"adult"
"14230",1,"IKN2",34,1,"adult"
"14231",1,"IKN2",35,1,"adult"
"14232",1,"IKN2",36,1,"adult"
"14233",1,"IKN2",37,1,"adult"
"14234",1,"IKN2",38,1,"adult"
"14235",1,"IKN2",39,1,"adult"
"14236",1,"IKN2",40,1,"adult"
"14237",1,"IKN2",41,1,"adult"
"14239",1,"IKNO",1,1,"adult"
"14240",1,"IKNO",2,1,"adult"
"14241",1,"IKNO",3,1,"adult"
"14242",1,"IKNO",4,1,"adult"
"14243",1,"IKNO",5,1,"adult"
"14244",1,"IKNO",6,1,"adult"
"14245",1,"IKNO",7,1,"adult"
"14246",1,"IKNO",8,1,"adult"
"14247",1,"IKNO",9,1,"adult"
"14248",1,"IKNO",10,1,"adult"
"14249",1,"IKNO",11,1,"adult"
"14250",1,"IKNO",12,1,"adult"
"14251",1,"IKNO",13,1,"adult"
"14252",1,"IKNO",14,1,"adult"
"14253",1,"IKNO",15,1,"adult"
"14254",1,"IKNO",16,1,"adult"
"14255",1,"IKNO",17,1,"adult"
"14256",1,"IKNO",18,1,"adult"
"14257",1,"IKNO",19,1,"adult"
"14258",1,"IKNO",20,1,"adult"
"14259",1,"IKNO",21,1,"adult"
"14260",1,"IKNO",22,1,"adult"
"14261",1,"IKNO",23,1,"adult"
"14262",1,"IKNO",24,1,"adult"
"14263",1,"IKNO",25,1,"adult"
"14264",1,"IKNO",26,1,"adult"
"14265",1,"IKNO",27,1,"adult"
"14266",1,"IKNO",28,1,"adult"
"14267",1,"IKNO",29,1,"adult"
"14268",1,"IKNO",30,1,"adult"
"14269",1,"IKNO",31,1,"adult"
"14270",1,"IKNO",32,1,"adult"
"14271",1,"IKNO",33,1,"adult"
"14272",1,"IKNO",34,1,"adult"
"14273",1,"IKNO",35,1,"adult"
"14274",1,"IKNO",36,1,"adult"
"14275",1,"IKNO",37,1,"adult"
"14276",1,"IKNO",38,1,"adult"
"14277",1,"IKNO",39,1,"adult"
"14278",1,"IKNO",40,1,"adult"
"14279",1,"IKNO",41,1,"adult"
"14281",1,"JETY",1,1,"adult"
"14282",1,"JETY",2,1,"adult"
"14283",1,"JETY",3,1,"adult"
"14284",1,"JETY",4,1,"adult"
"14285",1,"JETY",5,1,"adult"
"14286",1,"JETY",6,1,"adult"
"14287",1,"JETY",7,1,"adult"
"14288",1,"JETY",8,1,"adult"
"14289",1,"JETY",9,1,"adult"
"14290",1,"JETY",10,1,"adult"
"14291",1,"JETY",11,1,"adult"
"14292",1,"JETY",12,1,"adult"
"14293",1,"JETY",13,1,"adult"
"14294",1,"JETY",14,1,"adult"
"14295",1,"JETY",15,1,"adult"
"14296",1,"JETY",16,1,"adult"
"14297",1,"JETY",17,1,"adult"
"14298",1,"JETY",18,1,"adult"
"14299",1,"JETY",19,1,"adult"
"14300",1,"JETY",20,1,"adult"
"14301",1,"JETY",21,1,"adult"
"14302",1,"JETY",22,1,"adult"
"14303",1,"JETY",23,1,"adult"
"14304",1,"JETY",24,1,"adult"
"14305",1,"JETY",25,1,"adult"
"14306",1,"JETY",26,1,"adult"
"14307",1,"JETY",27,1,"adult"
"14308",1,"JETY",28,1,"adult"
"14309",1,"JETY",29,1,"adult"
"14310",1,"JETY",30,1,"adult"
"14311",1,"JETY",31,1,"adult"
"14312",1,"JETY",32,1,"adult"
"14313",1,"JETY",33,1,"adult"
"14314",1,"JETY",34,1,"adult"
"14315",1,"JETY",35,1,"adult"
"14316",1,"JETY",36,1,"adult"
"14317",1,"JETY",37,1,"adult"
"14318",1,"JETY",38,1,"adult"
"14319",1,"JETY",39,1,"adult"
"14320",1,"JETY",40,1,"adult"
"14321",1,"JETY",41,1,"adult"
"14323",1,"JGLD",1,1,"adult"
"14324",1,"JGLD",2,1,"adult"
"14325",1,"JGLD",3,1,"adult"
"14326",1,"JGLD",4,1,"adult"
"14327",1,"JGLD",5,1,"adult"
"14328",1,"JGLD",6,1,"adult"
"14329",1,"JGLD",7,1,"adult"
"14330",1,"JGLD",8,1,"adult"
"14331",1,"JGLD",9,1,"adult"
"14332",1,"JGLD",10,1,"adult"
"14333",1,"JGLD",11,1,"adult"
"14334",1,"JGLD",12,1,"adult"
"14335",1,"JGLD",13,1,"adult"
"14336",1,"JGLD",14,1,"adult"
"14337",1,"JGLD",15,1,"adult"
"14338",1,"JGLD",16,1,"adult"
"14339",1,"JGLD",17,1,"adult"
"14340",1,"JGLD",18,1,"adult"
"14341",1,"JGLD",19,1,"adult"
"14342",1,"JGLD",20,1,"adult"
"14343",1,"JGLD",21,1,"adult"
"14344",1,"JGLD",22,1,"adult"
"14345",1,"JGLD",23,1,"adult"
"14346",1,"JGLD",24,1,"adult"
"14347",1,"JGLD",25,1,"adult"
"14348",1,"JGLD",26,1,"adult"
"14349",1,"JGLD",27,1,"adult"
"14350",1,"JGLD",28,1,"adult"
"14351",1,"JGLD",29,1,"adult"
"14352",1,"JGLD",30,1,"adult"
"14353",1,"JGLD",31,1,"adult"
"14354",1,"JGLD",32,1,"adult"
"14355",1,"JGLD",33,1,"adult"
"14356",1,"JGLD",34,1,"adult"
"14357",1,"JGLD",35,1,"adult"
"14358",1,"JGLD",36,1,"adult"
"14359",1,"JGLD",37,1,"adult"
"14360",1,"JGLD",38,1,"adult"
"14361",1,"JGLD",39,1,"adult"
"14362",1,"JGLD",40,1,"adult"
"14363",1,"JGLD",41,1,"adult"
"14365",1,"JOJO",1,1,"adult"
"14366",1,"JOJO",2,1,"adult"
"14367",1,"JOJO",3,1,"adult"
"14368",1,"JOJO",4,1,"adult"
"14369",1,"JOJO",5,1,"adult"
"14370",1,"JOJO",6,1,"adult"
"14371",1,"JOJO",7,1,"adult"
"14372",1,"JOJO",8,1,"adult"
"14373",1,"JOJO",9,1,"adult"
"14374",1,"JOJO",10,1,"adult"
"14375",1,"JOJO",11,1,"adult"
"14376",1,"JOJO",12,1,"adult"
"14377",1,"JOJO",13,1,"adult"
"14378",1,"JOJO",14,1,"adult"
"14379",1,"JOJO",15,1,"adult"
"14380",1,"JOJO",16,1,"adult"
"14381",1,"JOJO",17,1,"adult"
"14382",1,"JOJO",18,1,"adult"
"14383",1,"JOJO",19,1,"adult"
"14384",1,"JOJO",20,1,"adult"
"14385",1,"JOJO",21,1,"adult"
"14386",1,"JOJO",22,1,"adult"
"14387",1,"JOJO",23,1,"adult"
"14388",1,"JOJO",24,1,"adult"
"14389",1,"JOJO",25,1,"adult"
"14390",1,"JOJO",26,1,"adult"
"14391",1,"JOJO",27,1,"adult"
"14392",1,"JOJO",28,1,"adult"
"14393",1,"JOJO",29,1,"adult"
"14394",1,"JOJO",30,1,"adult"
"14395",1,"JOJO",31,1,"adult"
"14396",1,"JOJO",32,1,"adult"
"14397",1,"JOJO",33,1,"adult"
"14398",1,"JOJO",34,1,"adult"
"14399",1,"JOJO",35,1,"adult"
"14400",1,"JOJO",36,1,"adult"
"14401",1,"JOJO",37,1,"adult"
"14402",1,"JOJO",38,1,"adult"
"14403",1,"JOJO",39,1,"adult"
"14404",1,"JOJO",40,1,"adult"
"14405",1,"JOJO",41,1,"adult"
"14407",1,"JOSC",1,1,"unborn"
"14408",1,"JOSC",2,1,"unborn"
"14409",1,"JOSC",3,1,"unborn"
"14410",1,"JOSC",4,1,"unborn"
"14411",1,"JOSC",5,1,"unborn"
"14412",1,"JOSC",6,1,"unborn"
"14413",1,"JOSC",7,1,"unborn"
"14414",1,"JOSC",8,1,"unborn"
"14415",1,"JOSC",9,1,"calf"
"14416",1,"JOSC",10,1,"calf"
"14417",1,"JOSC",11,1,"calf"
"14418",1,"JOSC",12,1,"calf"
"14419",1,"JOSC",13,1,"calf"
"14420",1,"JOSC",14,1,"juvenile"
"14421",1,"JOSC",15,1,"juvenile"
"14422",1,"JOSC",16,1,"juvenile"
"14423",1,"JOSC",17,1,"juvenile"
"14424",1,"JOSC",18,1,"juvenile"
"14425",1,"JOSC",19,1,"juvenile"
"14426",1,"JOSC",20,1,"juvenile"
"14427",1,"JOSC",21,1,"adult"
"14428",1,"JOSC",22,1,"adult"
"14429",1,"JOSC",23,1,"adult"
"14430",1,"JOSC",24,1,"adult"
"14431",1,"JOSC",25,1,"adult"
"14432",1,"JOSC",26,1,"adult"
"14433",1,"JOSC",27,1,"adult"
"14434",1,"JOSC",28,1,"adult"
"14435",1,"JOSC",29,1,"adult"
"14436",1,"JOSC",30,1,"adult"
"14437",1,"JOSC",31,1,"adult"
"14438",1,"JOSC",32,1,"adult"
"14439",1,"JOSC",33,1,"adult"
"14440",1,"JOSC",34,1,"adult"
"14441",1,"JOSC",35,1,"adult"
"14442",1,"JOSC",36,1,"adult"
"14443",1,"JOSC",37,1,"adult"
"14444",1,"JOSC",38,1,"adult"
"14445",1,"JOSC",39,1,"adult"
"14446",1,"JOSC",40,1,"adult"
"14447",1,"JOSC",41,1,"adult"
"14449",1,"JOSE",1,1,"adult"
"14450",1,"JOSE",2,1,"adult"
"14451",1,"JOSE",3,1,"adult"
"14452",1,"JOSE",4,1,"adult"
"14453",1,"JOSE",5,1,"adult"
"14454",1,"JOSE",6,1,"adult"
"14455",1,"JOSE",7,1,"adult"
"14456",1,"JOSE",8,1,"adult"
"14457",1,"JOSE",9,1,"adult"
"14458",1,"JOSE",10,1,"adult"
"14459",1,"JOSE",11,1,"adult"
"14460",1,"JOSE",12,1,"adult"
"14461",1,"JOSE",13,1,"adult"
"14462",1,"JOSE",14,1,"adult"
"14463",1,"JOSE",15,1,"adult"
"14464",1,"JOSE",16,1,"adult"
"14465",1,"JOSE",17,1,"adult"
"14466",1,"JOSE",18,1,"adult"
"14467",1,"JOSE",19,1,"adult"
"14468",1,"JOSE",20,1,"adult"
"14469",1,"JOSE",21,1,"adult"
"14470",1,"JOSE",22,1,"adult"
"14471",1,"JOSE",23,1,"adult"
"14472",1,"JOSE",24,1,"adult"
"14473",1,"JOSE",25,1,"adult"
"14474",1,"JOSE",26,1,"adult"
"14475",1,"JOSE",27,1,"adult"
"14476",1,"JOSE",28,1,"adult"
"14477",1,"JOSE",29,1,"adult"
"14478",1,"JOSE",30,1,"adult"
"14479",1,"JOSE",31,1,"adult"
"14480",1,"JOSE",32,1,"adult"
"14481",1,"JOSE",33,1,"adult"
"14482",1,"JOSE",34,1,"adult"
"14483",1,"JOSE",35,1,"adult"
"14484",1,"JOSE",36,1,"adult"
"14485",1,"JOSE",37,1,"adult"
"14486",1,"JOSE",38,1,"adult"
"14487",1,"JOSE",39,1,"adult"
"14488",1,"JOSE",40,1,"adult"
"14489",1,"JOSE",41,1,"adult"
"14491",1,"KNOB",1,1,"adult"
"14492",1,"KNOB",2,1,"adult"
"14493",1,"KNOB",3,1,"adult"
"14494",1,"KNOB",4,1,"adult"
"14495",1,"KNOB",5,1,"adult"
"14496",1,"KNOB",6,1,"adult"
"14497",1,"KNOB",7,1,"adult"
"14498",1,"KNOB",8,1,"adult"
"14499",1,"KNOB",9,1,"adult"
"14500",1,"KNOB",10,1,"adult"
"14501",1,"KNOB",11,1,"adult"
"14502",1,"KNOB",12,1,"adult"
"14503",1,"KNOB",13,1,"adult"
"14504",1,"KNOB",14,1,"adult"
"14505",1,"KNOB",15,1,"adult"
"14506",1,"KNOB",16,1,"adult"
"14507",1,"KNOB",17,1,"adult"
"14508",1,"KNOB",18,1,"adult"
"14509",1,"KNOB",19,1,"adult"
"14510",1,"KNOB",20,1,"adult"
"14511",1,"KNOB",21,1,"adult"
"14512",1,"KNOB",22,1,"adult"
"14513",1,"KNOB",23,1,"adult"
"14514",1,"KNOB",24,1,"adult"
"14515",1,"KNOB",25,1,"adult"
"14516",1,"KNOB",26,1,"adult"
"14517",1,"KNOB",27,1,"adult"
"14518",1,"KNOB",28,1,"adult"
"14519",1,"KNOB",29,1,"adult"
"14520",1,"KNOB",30,1,"adult"
"14521",1,"KNOB",31,1,"adult"
"14522",1,"KNOB",32,1,"adult"
"14523",1,"KNOB",33,1,"adult"
"14524",1,"KNOB",34,1,"adult"
"14525",1,"KNOB",35,1,"adult"
"14526",1,"KNOB",36,1,"adult"
"14527",1,"KNOB",37,1,"adult"
"14528",1,"KNOB",38,1,"adult"
"14529",1,"KNOB",39,1,"adult"
"14530",1,"KNOB",40,1,"adult"
"14531",1,"KNOB",41,1,"adult"
"14533",1,"KOKO",1,1,"adult"
"14534",1,"KOKO",2,1,"adult"
"14535",1,"KOKO",3,1,"adult"
"14536",1,"KOKO",4,1,"adult"
"14537",1,"KOKO",5,1,"adult"
"14538",1,"KOKO",6,1,"adult"
"14539",1,"KOKO",7,1,"adult"
"14540",1,"KOKO",8,1,"adult"
"14541",1,"KOKO",9,1,"adult"
"14542",1,"KOKO",10,1,"adult"
"14543",1,"KOKO",11,1,"adult"
"14544",1,"KOKO",12,1,"adult"
"14545",1,"KOKO",13,1,"adult"
"14546",1,"KOKO",14,1,"adult"
"14547",1,"KOKO",15,1,"adult"
"14548",1,"KOKO",16,1,"adult"
"14549",1,"KOKO",17,1,"adult"
"14550",1,"KOKO",18,1,"adult"
"14551",1,"KOKO",19,1,"adult"
"14552",1,"KOKO",20,1,"adult"
"14553",1,"KOKO",21,1,"adult"
"14554",1,"KOKO",22,1,"adult"
"14555",1,"KOKO",23,1,"adult"
"14556",1,"KOKO",24,1,"adult"
"14557",1,"KOKO",25,1,"adult"
"14558",1,"KOKO",26,1,"adult"
"14559",1,"KOKO",27,1,"adult"
"14560",1,"KOKO",28,1,"adult"
"14561",1,"KOKO",29,1,"adult"
"14562",1,"KOKO",30,1,"adult"
"14563",1,"KOKO",31,1,"adult"
"14564",1,"KOKO",32,1,"adult"
"14565",1,"KOKO",33,1,"adult"
"14566",1,"KOKO",34,1,"adult"
"14567",1,"KOKO",35,1,"adult"
"14568",1,"KOKO",36,1,"adult"
"14569",1,"KOKO",37,1,"adult"
"14570",1,"KOKO",38,1,"adult"
"14571",1,"KOKO",39,1,"adult"
"14572",1,"KOKO",40,1,"adult"
"14573",1,"KOKO",41,1,"adult"
"14575",1,"L108",1,1,"adult"
"14576",1,"L108",2,1,"adult"
"14577",1,"L108",3,1,"adult"
"14578",1,"L108",4,1,"adult"
"14579",1,"L108",5,1,"adult"
"14580",1,"L108",6,1,"adult"
"14581",1,"L108",7,1,"adult"
"14582",1,"L108",8,1,"adult"
"14583",1,"L108",9,1,"adult"
"14584",1,"L108",10,1,"adult"
"14585",1,"L108",11,1,"adult"
"14586",1,"L108",12,1,"adult"
"14587",1,"L108",13,1,"adult"
"14588",1,"L108",14,1,"adult"
"14589",1,"L108",15,1,"adult"
"14590",1,"L108",16,1,"adult"
"14591",1,"L108",17,1,"adult"
"14592",1,"L108",18,1,"adult"
"14593",1,"L108",19,1,"adult"
"14594",1,"L108",20,1,"adult"
"14595",1,"L108",21,1,"adult"
"14596",1,"L108",22,1,"adult"
"14597",1,"L108",23,1,"adult"
"14598",1,"L108",24,1,"adult"
"14599",1,"L108",25,1,"adult"
"14600",1,"L108",26,1,"adult"
"14601",1,"L108",27,1,"adult"
"14602",1,"L108",28,1,"adult"
"14603",1,"L108",29,1,"adult"
"14604",1,"L108",30,1,"adult"
"14605",1,"L108",31,1,"adult"
"14606",1,"L108",32,1,"adult"
"14607",1,"L108",33,1,"adult"
"14608",1,"L108",34,1,"adult"
"14609",1,"L108",35,1,"adult"
"14610",1,"L108",36,1,"adult"
"14611",1,"L108",37,1,"adult"
"14612",1,"L108",38,1,"adult"
"14613",1,"L108",39,1,"adult"
"14614",1,"L108",40,1,"adult"
"14615",1,"L108",41,1,"adult"
"14617",1,"LBMA",1,1,"adult"
"14618",1,"LBMA",2,1,"adult"
"14619",1,"LBMA",3,1,"adult"
"14620",1,"LBMA",4,1,"adult"
"14621",1,"LBMA",5,1,"adult"
"14622",1,"LBMA",6,1,"adult"
"14623",1,"LBMA",7,1,"adult"
"14624",1,"LBMA",8,1,"adult"
"14625",1,"LBMA",9,1,"adult"
"14626",1,"LBMA",10,1,"adult"
"14627",1,"LBMA",11,1,"adult"
"14628",1,"LBMA",12,1,"adult"
"14629",1,"LBMA",13,1,"adult"
"14630",1,"LBMA",14,1,"adult"
"14631",1,"LBMA",15,1,"adult"
"14632",1,"LBMA",16,1,"adult"
"14633",1,"LBMA",17,1,"adult"
"14634",1,"LBMA",18,1,"adult"
"14635",1,"LBMA",19,1,"adult"
"14636",1,"LBMA",20,1,"adult"
"14637",1,"LBMA",21,1,"adult"
"14638",1,"LBMA",22,1,"adult"
"14639",1,"LBMA",23,1,"adult"
"14640",1,"LBMA",24,1,"adult"
"14641",1,"LBMA",25,1,"adult"
"14642",1,"LBMA",26,1,"adult"
"14643",1,"LBMA",27,1,"adult"
"14644",1,"LBMA",28,1,"adult"
"14645",1,"LBMA",29,1,"adult"
"14646",1,"LBMA",30,1,"adult"
"14647",1,"LBMA",31,1,"adult"
"14648",1,"LBMA",32,1,"adult"
"14649",1,"LBMA",33,1,"adult"
"14650",1,"LBMA",34,1,"adult"
"14651",1,"LBMA",35,1,"adult"
"14652",1,"LBMA",36,1,"adult"
"14653",1,"LBMA",37,1,"adult"
"14654",1,"LBMA",38,1,"adult"
"14655",1,"LBMA",39,1,"adult"
"14656",1,"LBMA",40,1,"adult"
"14657",1,"LBMA",41,1,"adult"
"14659",1,"LBMN",1,1,"adult"
"14660",1,"LBMN",2,1,"adult"
"14661",1,"LBMN",3,1,"adult"
"14662",1,"LBMN",4,1,"adult"
"14663",1,"LBMN",5,1,"adult"
"14664",1,"LBMN",6,1,"adult"
"14665",1,"LBMN",7,1,"adult"
"14666",1,"LBMN",8,1,"adult"
"14667",1,"LBMN",9,1,"adult"
"14668",1,"LBMN",10,1,"adult"
"14669",1,"LBMN",11,1,"adult"
"14670",1,"LBMN",12,1,"adult"
"14671",1,"LBMN",13,1,"adult"
"14672",1,"LBMN",14,1,"adult"
"14673",1,"LBMN",15,1,"adult"
"14674",1,"LBMN",16,1,"adult"
"14675",1,"LBMN",17,1,"adult"
"14676",1,"LBMN",18,1,"adult"
"14677",1,"LBMN",19,1,"adult"
"14678",1,"LBMN",20,1,"adult"
"14679",1,"LBMN",21,1,"adult"
"14680",1,"LBMN",22,1,"adult"
"14681",1,"LBMN",23,1,"adult"
"14682",1,"LBMN",24,1,"adult"
"14683",1,"LBMN",25,1,"adult"
"14684",1,"LBMN",26,1,"adult"
"14685",1,"LBMN",27,1,"adult"
"14686",1,"LBMN",28,1,"adult"
"14687",1,"LBMN",29,1,"adult"
"14688",1,"LBMN",30,1,"adult"
"14689",1,"LBMN",31,1,"adult"
"14690",1,"LBMN",32,1,"adult"
"14691",1,"LBMN",33,1,"adult"
"14692",1,"LBMN",34,1,"adult"
"14693",1,"LBMN",35,1,"adult"
"14694",1,"LBMN",36,1,"adult"
"14695",1,"LBMN",37,1,"adult"
"14696",1,"LBMN",38,1,"adult"
"14697",1,"LBMN",39,1,"adult"
"14698",1,"LBMN",40,1,"adult"
"14699",1,"LBMN",41,1,"adult"
"14701",1,"LBSL",1,1,"adult"
"14702",1,"LBSL",2,1,"adult"
"14703",1,"LBSL",3,1,"adult"
"14704",1,"LBSL",4,1,"adult"
"14705",1,"LBSL",5,1,"adult"
"14706",1,"LBSL",6,1,"adult"
"14707",1,"LBSL",7,1,"adult"
"14708",1,"LBSL",8,1,"adult"
"14709",1,"LBSL",9,1,"adult"
"14710",1,"LBSL",10,1,"adult"
"14711",1,"LBSL",11,1,"adult"
"14712",1,"LBSL",12,1,"adult"
"14713",1,"LBSL",13,1,"adult"
"14714",1,"LBSL",14,1,"adult"
"14715",1,"LBSL",15,1,"adult"
"14716",1,"LBSL",16,1,"adult"
"14717",1,"LBSL",17,1,"adult"
"14718",1,"LBSL",18,1,"adult"
"14719",1,"LBSL",19,1,"adult"
"14720",1,"LBSL",20,1,"adult"
"14721",1,"LBSL",21,1,"adult"
"14722",1,"LBSL",22,1,"adult"
"14723",1,"LBSL",23,1,"adult"
"14724",1,"LBSL",24,1,"adult"
"14725",1,"LBSL",25,1,"adult"
"14726",1,"LBSL",26,1,"adult"
"14727",1,"LBSL",27,1,"adult"
"14728",1,"LBSL",28,1,"adult"
"14729",1,"LBSL",29,1,"adult"
"14730",1,"LBSL",30,1,"adult"
"14731",1,"LBSL",31,1,"adult"
"14732",1,"LBSL",32,1,"adult"
"14733",1,"LBSL",33,1,"adult"
"14734",1,"LBSL",34,1,"adult"
"14735",1,"LBSL",35,1,"adult"
"14736",1,"LBSL",36,1,"adult"
"14737",1,"LBSL",37,1,"adult"
"14738",1,"LBSL",38,1,"adult"
"14739",1,"LBSL",39,1,"adult"
"14740",1,"LBSL",40,1,"adult"
"14741",1,"LBSL",41,1,"adult"
"14743",1,"LDM3",1,1,"adult"
"14744",1,"LDM3",2,1,"adult"
"14745",1,"LDM3",3,1,"adult"
"14746",1,"LDM3",4,1,"adult"
"14747",1,"LDM3",5,1,"adult"
"14748",1,"LDM3",6,1,"adult"
"14749",1,"LDM3",7,1,"adult"
"14750",1,"LDM3",8,1,"adult"
"14751",1,"LDM3",9,1,"adult"
"14752",1,"LDM3",10,1,"adult"
"14753",1,"LDM3",11,1,"adult"
"14754",1,"LDM3",12,1,"adult"
"14755",1,"LDM3",13,1,"adult"
"14756",1,"LDM3",14,1,"adult"
"14757",1,"LDM3",15,1,"adult"
"14758",1,"LDM3",16,1,"adult"
"14759",1,"LDM3",17,1,"adult"
"14760",1,"LDM3",18,1,"adult"
"14761",1,"LDM3",19,1,"adult"
"14762",1,"LDM3",20,1,"adult"
"14763",1,"LDM3",21,1,"adult"
"14764",1,"LDM3",22,1,"adult"
"14765",1,"LDM3",23,1,"adult"
"14766",1,"LDM3",24,1,"adult"
"14767",1,"LDM3",25,1,"adult"
"14768",1,"LDM3",26,1,"adult"
"14769",1,"LDM3",27,1,"adult"
"14770",1,"LDM3",28,1,"adult"
"14771",1,"LDM3",29,1,"adult"
"14772",1,"LDM3",30,1,"adult"
"14773",1,"LDM3",31,1,"adult"
"14774",1,"LDM3",32,1,"adult"
"14775",1,"LDM3",33,1,"adult"
"14776",1,"LDM3",34,1,"adult"
"14777",1,"LDM3",35,1,"adult"
"14778",1,"LDM3",36,1,"adult"
"14779",1,"LDM3",37,1,"adult"
"14780",1,"LDM3",38,1,"adult"
"14781",1,"LDM3",39,1,"adult"
"14782",1,"LDM3",40,1,"adult"
"14783",1,"LDM3",41,1,"adult"
"14785",1,"LDMA",1,1,"adult"
"14786",1,"LDMA",2,1,"adult"
"14787",1,"LDMA",3,1,"adult"
"14788",1,"LDMA",4,1,"adult"
"14789",1,"LDMA",5,1,"adult"
"14790",1,"LDMA",6,1,"adult"
"14791",1,"LDMA",7,1,"adult"
"14792",1,"LDMA",8,1,"adult"
"14793",1,"LDMA",9,1,"adult"
"14794",1,"LDMA",10,1,"adult"
"14795",1,"LDMA",11,1,"adult"
"14796",1,"LDMA",12,1,"adult"
"14797",1,"LDMA",13,1,"adult"
"14798",1,"LDMA",14,1,"adult"
"14799",1,"LDMA",15,1,"adult"
"14800",1,"LDMA",16,1,"adult"
"14801",1,"LDMA",17,1,"adult"
"14802",1,"LDMA",18,1,"adult"
"14803",1,"LDMA",19,1,"adult"
"14804",1,"LDMA",20,1,"adult"
"14805",1,"LDMA",21,1,"adult"
"14806",1,"LDMA",22,1,"adult"
"14807",1,"LDMA",23,1,"adult"
"14808",1,"LDMA",24,1,"adult"
"14809",1,"LDMA",25,1,"adult"
"14810",1,"LDMA",26,1,"adult"
"14811",1,"LDMA",27,1,"adult"
"14812",1,"LDMA",28,1,"adult"
"14813",1,"LDMA",29,1,"adult"
"14814",1,"LDMA",30,1,"adult"
"14815",1,"LDMA",31,1,"adult"
"14816",1,"LDMA",32,1,"adult"
"14817",1,"LDMA",33,1,"adult"
"14818",1,"LDMA",34,1,"adult"
"14819",1,"LDMA",35,1,"adult"
"14820",1,"LDMA",36,1,"adult"
"14821",1,"LDMA",37,1,"adult"
"14822",1,"LDMA",38,1,"adult"
"14823",1,"LDMA",39,1,"adult"
"14824",1,"LDMA",40,1,"adult"
"14825",1,"LDMA",41,1,"adult"
"14827",1,"LIZD",1,1,"adult"
"14828",1,"LIZD",2,1,"adult"
"14829",1,"LIZD",3,1,"adult"
"14830",1,"LIZD",4,1,"adult"
"14831",1,"LIZD",5,1,"adult"
"14832",1,"LIZD",6,1,"adult"
"14833",1,"LIZD",7,1,"adult"
"14834",1,"LIZD",8,1,"adult"
"14835",1,"LIZD",9,1,"adult"
"14836",1,"LIZD",10,1,"adult"
"14837",1,"LIZD",11,1,"adult"
"14838",1,"LIZD",12,1,"adult"
"14839",1,"LIZD",13,1,"adult"
"14840",1,"LIZD",14,1,"adult"
"14841",1,"LIZD",15,1,"adult"
"14842",1,"LIZD",16,1,"adult"
"14843",1,"LIZD",17,1,"adult"
"14844",1,"LIZD",18,1,"adult"
"14845",1,"LIZD",19,1,"adult"
"14846",1,"LIZD",20,1,"adult"
"14847",1,"LIZD",21,1,"adult"
"14848",1,"LIZD",22,1,"adult"
"14849",1,"LIZD",23,1,"adult"
"14850",1,"LIZD",24,1,"adult"
"14851",1,"LIZD",25,1,"adult"
"14852",1,"LIZD",26,1,"adult"
"14853",1,"LIZD",27,1,"adult"
"14854",1,"LIZD",28,1,"adult"
"14855",1,"LIZD",29,1,"adult"
"14856",1,"LIZD",30,1,"adult"
"14857",1,"LIZD",31,1,"adult"
"14858",1,"LIZD",32,1,"adult"
"14859",1,"LIZD",33,1,"adult"
"14860",1,"LIZD",34,1,"adult"
"14861",1,"LIZD",35,1,"adult"
"14862",1,"LIZD",36,1,"adult"
"14863",1,"LIZD",37,1,"adult"
"14864",1,"LIZD",38,1,"adult"
"14865",1,"LIZD",39,1,"adult"
"14866",1,"LIZD",40,1,"adult"
"14867",1,"LIZD",41,1,"adult"
"14869",1,"LLLN",1,1,"adult"
"14870",1,"LLLN",2,1,"adult"
"14871",1,"LLLN",3,1,"adult"
"14872",1,"LLLN",4,1,"adult"
"14873",1,"LLLN",5,1,"adult"
"14874",1,"LLLN",6,1,"adult"
"14875",1,"LLLN",7,1,"adult"
"14876",1,"LLLN",8,1,"adult"
"14877",1,"LLLN",9,1,"adult"
"14878",1,"LLLN",10,1,"adult"
"14879",1,"LLLN",11,1,"adult"
"14880",1,"LLLN",12,1,"adult"
"14881",1,"LLLN",13,1,"adult"
"14882",1,"LLLN",14,1,"adult"
"14883",1,"LLLN",15,1,"adult"
"14884",1,"LLLN",16,1,"adult"
"14885",1,"LLLN",17,1,"adult"
"14886",1,"LLLN",18,1,"adult"
"14887",1,"LLLN",19,1,"adult"
"14888",1,"LLLN",20,1,"adult"
"14889",1,"LLLN",21,1,"adult"
"14890",1,"LLLN",22,1,"adult"
"14891",1,"LLLN",23,1,"adult"
"14892",1,"LLLN",24,1,"adult"
"14893",1,"LLLN",25,1,"adult"
"14894",1,"LLLN",26,1,"adult"
"14895",1,"LLLN",27,1,"adult"
"14896",1,"LLLN",28,1,"adult"
"14897",1,"LLLN",29,1,"adult"
"14898",1,"LLLN",30,1,"adult"
"14899",1,"LLLN",31,1,"adult"
"14900",1,"LLLN",32,1,"adult"
"14901",1,"LLLN",33,1,"adult"
"14902",1,"LLLN",34,1,"adult"
"14903",1,"LLLN",35,1,"adult"
"14904",1,"LLLN",36,1,"adult"
"14905",1,"LLLN",37,1,"adult"
"14906",1,"LLLN",38,1,"adult"
"14907",1,"LLLN",39,1,"adult"
"14908",1,"LLLN",40,1,"adult"
"14909",1,"LLLN",41,1,"adult"
"14911",1,"LNC2",1,1,"unborn"
"14912",1,"LNC2",2,1,"unborn"
"14913",1,"LNC2",3,1,"unborn"
"14914",1,"LNC2",4,1,"unborn"
"14915",1,"LNC2",5,1,"unborn"
"14916",1,"LNC2",6,1,"unborn"
"14917",1,"LNC2",7,1,"unborn"
"14918",1,"LNC2",8,1,"unborn"
"14919",1,"LNC2",9,1,"unborn"
"14920",1,"LNC2",10,1,"unborn"
"14921",1,"LNC2",11,1,"unborn"
"14922",1,"LNC2",12,1,"unborn"
"14923",1,"LNC2",13,1,"unborn"
"14924",1,"LNC2",14,1,"unborn"
"14925",1,"LNC2",15,1,"unborn"
"14926",1,"LNC2",16,1,"unborn"
"14927",1,"LNC2",17,1,"unborn"
"14928",1,"LNC2",18,1,"unborn"
"14929",1,"LNC2",19,1,"unborn"
"14930",1,"LNC2",20,1,"unborn"
"14931",1,"LNC2",21,1,"unborn"
"14932",1,"LNC2",22,1,"unborn"
"14933",1,"LNC2",23,1,"unborn"
"14934",1,"LNC2",24,1,"unborn"
"14935",1,"LNC2",25,1,"unborn"
"14936",1,"LNC2",26,1,"unborn"
"14937",1,"LNC2",27,1,"unborn"
"14938",1,"LNC2",28,1,"unborn"
"14939",1,"LNC2",29,1,"unborn"
"14940",1,"LNC2",30,1,"unborn"
"14941",1,"LNC2",31,1,"unborn"
"14942",1,"LNC2",32,1,"unborn"
"14943",1,"LNC2",33,1,"unborn"
"14944",1,"LNC2",34,1,"calf"
"14945",1,"LNC2",35,1,"calf"
"14946",1,"LNC2",36,1,"calf"
"14947",1,"LNC2",37,1,"calf"
"14948",1,"LNC2",38,1,"calf"
"14949",1,"LNC2",39,1,"calf"
"14950",1,"LNC2",40,1,"calf"
"14951",1,"LNC2",41,1,"calf"
"14953",1,"LNCC",1,1,"unborn"
"14954",1,"LNCC",2,1,"unborn"
"14955",1,"LNCC",3,1,"unborn"
"14956",1,"LNCC",4,1,"unborn"
"14957",1,"LNCC",5,1,"unborn"
"14958",1,"LNCC",6,1,"unborn"
"14959",1,"LNCC",7,1,"unborn"
"14960",1,"LNCC",8,1,"unborn"
"14961",1,"LNCC",9,1,"unborn"
"14962",1,"LNCC",10,1,"unborn"
"14963",1,"LNCC",11,1,"unborn"
"14964",1,"LNCC",12,1,"unborn"
"14965",1,"LNCC",13,1,"unborn"
"14966",1,"LNCC",14,1,"unborn"
"14967",1,"LNCC",15,1,"unborn"
"14968",1,"LNCC",16,1,"unborn"
"14969",1,"LNCC",17,1,"unborn"
"14970",1,"LNCC",18,1,"unborn"
"14971",1,"LNCC",19,1,"unborn"
"14972",1,"LNCC",20,1,"unborn"
"14973",1,"LNCC",21,1,"calf"
"14974",1,"LNCC",22,1,"calf"
"14975",1,"LNCC",23,1,"calf"
"14976",1,"LNCC",24,1,"calf"
"14977",1,"LNCC",25,1,"calf"
"14978",1,"LNCC",26,1,"calf"
"14979",1,"LNCC",27,1,"calf"
"14980",1,"LNCC",28,1,"calf"
"14981",1,"LNCC",29,1,"calf"
"14982",1,"LNCC",30,1,"juvenile"
"14983",1,"LNCC",31,1,"juvenile"
"14984",1,"LNCC",32,1,"juvenile"
"14985",1,"LNCC",33,1,"juvenile"
"14986",1,"LNCC",34,1,"juvenile"
"14987",1,"LNCC",35,1,"juvenile"
"14988",1,"LNCC",36,1,"juvenile"
"14989",1,"LNCC",37,1,"juvenile"
"14990",1,"LNCC",38,1,"juvenile"
"14991",1,"LNCC",39,1,"juvenile"
"14992",1,"LNCC",40,1,"juvenile"
"14993",1,"LNCC",41,1,"juvenile"
"14995",1,"LNL1",1,1,"unborn"
"14996",1,"LNL1",2,1,"unborn"
"14997",1,"LNL1",3,1,"unborn"
"14998",1,"LNL1",4,1,"unborn"
"14999",1,"LNL1",5,1,"unborn"
"15000",1,"LNL1",6,1,"unborn"
"15001",1,"LNL1",7,1,"unborn"
"15002",1,"LNL1",8,1,"unborn"
"15003",1,"LNL1",9,1,"unborn"
"15004",1,"LNL1",10,1,"unborn"
"15005",1,"LNL1",11,1,"unborn"
"15006",1,"LNL1",12,1,"unborn"
"15007",1,"LNL1",13,1,"unborn"
"15008",1,"LNL1",14,1,"unborn"
"15009",1,"LNL1",15,1,"unborn"
"15010",1,"LNL1",16,1,"unborn"
"15011",1,"LNL1",17,1,"unborn"
"15012",1,"LNL1",18,1,"unborn"
"15013",1,"LNL1",19,1,"unborn"
"15014",1,"LNL1",20,1,"unborn"
"15015",1,"LNL1",21,1,"unborn"
"15016",1,"LNL1",22,1,"unborn"
"15017",1,"LNL1",23,1,"unborn"
"15018",1,"LNL1",24,1,"unborn"
"15019",1,"LNL1",25,1,"unborn"
"15020",1,"LNL1",26,1,"unborn"
"15021",1,"LNL1",27,1,"unborn"
"15022",1,"LNL1",28,1,"unborn"
"15023",1,"LNL1",29,1,"unborn"
"15024",1,"LNL1",30,1,"unborn"
"15025",1,"LNL1",31,1,"unborn"
"15026",1,"LNL1",32,1,"unborn"
"15027",1,"LNL1",33,1,"unborn"
"15028",1,"LNL1",34,1,"calf"
"15029",1,"LNL1",35,1,"calf"
"15030",1,"LNL1",36,1,"calf"
"15031",1,"LNL1",37,1,"calf"
"15032",1,"LNL1",38,1,"calf"
"15033",1,"LNL1",39,1,"calf"
"15034",1,"LNL1",40,1,"calf"
"15035",1,"LNL1",41,1,"calf"
"15037",1,"LNLD",1,1,"adult"
"15038",1,"LNLD",2,1,"adult"
"15039",1,"LNLD",3,1,"adult"
"15040",1,"LNLD",4,1,"adult"
"15041",1,"LNLD",5,1,"adult"
"15042",1,"LNLD",6,1,"adult"
"15043",1,"LNLD",7,1,"adult"
"15044",1,"LNLD",8,1,"adult"
"15045",1,"LNLD",9,1,"adult"
"15046",1,"LNLD",10,1,"adult"
"15047",1,"LNLD",11,1,"adult"
"15048",1,"LNLD",12,1,"adult"
"15049",1,"LNLD",13,1,"adult"
"15050",1,"LNLD",14,1,"adult"
"15051",1,"LNLD",15,1,"adult"
"15052",1,"LNLD",16,1,"adult"
"15053",1,"LNLD",17,1,"adult"
"15054",1,"LNLD",18,1,"adult"
"15055",1,"LNLD",19,1,"adult"
"15056",1,"LNLD",20,1,"adult"
"15057",1,"LNLD",21,1,"adult"
"15058",1,"LNLD",22,1,"adult"
"15059",1,"LNLD",23,1,"adult"
"15060",1,"LNLD",24,1,"adult"
"15061",1,"LNLD",25,1,"adult"
"15062",1,"LNLD",26,1,"adult"
"15063",1,"LNLD",27,1,"adult"
"15064",1,"LNLD",28,1,"adult"
"15065",1,"LNLD",29,1,"adult"
"15066",1,"LNLD",30,1,"adult"
"15067",1,"LNLD",31,1,"adult"
"15068",1,"LNLD",32,1,"adult"
"15069",1,"LNLD",33,1,"adult"
"15070",1,"LNLD",34,1,"adult"
"15071",1,"LNLD",35,1,"adult"
"15072",1,"LNLD",36,1,"adult"
"15073",1,"LNLD",37,1,"adult"
"15074",1,"LNLD",38,1,"adult"
"15075",1,"LNLD",39,1,"adult"
"15076",1,"LNLD",40,1,"adult"
"15077",1,"LNLD",41,1,"adult"
"15079",1,"LNPC",1,1,"adult"
"15080",1,"LNPC",2,1,"adult"
"15081",1,"LNPC",3,1,"adult"
"15082",1,"LNPC",4,1,"adult"
"15083",1,"LNPC",5,1,"adult"
"15084",1,"LNPC",6,1,"adult"
"15085",1,"LNPC",7,1,"adult"
"15086",1,"LNPC",8,1,"adult"
"15087",1,"LNPC",9,1,"adult"
"15088",1,"LNPC",10,1,"adult"
"15089",1,"LNPC",11,1,"adult"
"15090",1,"LNPC",12,1,"adult"
"15091",1,"LNPC",13,1,"adult"
"15092",1,"LNPC",14,1,"adult"
"15093",1,"LNPC",15,1,"adult"
"15094",1,"LNPC",16,1,"adult"
"15095",1,"LNPC",17,1,"adult"
"15096",1,"LNPC",18,1,"adult"
"15097",1,"LNPC",19,1,"adult"
"15098",1,"LNPC",20,1,"adult"
"15099",1,"LNPC",21,1,"adult"
"15100",1,"LNPC",22,1,"adult"
"15101",1,"LNPC",23,1,"adult"
"15102",1,"LNPC",24,1,"adult"
"15103",1,"LNPC",25,1,"adult"
"15104",1,"LNPC",26,1,"adult"
"15105",1,"LNPC",27,1,"adult"
"15106",1,"LNPC",28,1,"adult"
"15107",1,"LNPC",29,1,"adult"
"15108",1,"LNPC",30,1,"adult"
"15109",1,"LNPC",31,1,"adult"
"15110",1,"LNPC",32,1,"adult"
"15111",1,"LNPC",33,1,"adult"
"15112",1,"LNPC",34,1,"adult"
"15113",1,"LNPC",35,1,"adult"
"15114",1,"LNPC",36,1,"adult"
"15115",1,"LNPC",37,1,"adult"
"15116",1,"LNPC",38,1,"adult"
"15117",1,"LNPC",39,1,"adult"
"15118",1,"LNPC",40,1,"adult"
"15119",1,"LNPC",41,1,"adult"
"15121",1,"LNPF",1,1,"adult"
"15122",1,"LNPF",2,1,"adult"
"15123",1,"LNPF",3,1,"adult"
"15124",1,"LNPF",4,1,"adult"
"15125",1,"LNPF",5,1,"adult"
"15126",1,"LNPF",6,1,"adult"
"15127",1,"LNPF",7,1,"adult"
"15128",1,"LNPF",8,1,"adult"
"15129",1,"LNPF",9,1,"adult"
"15130",1,"LNPF",10,1,"adult"
"15131",1,"LNPF",11,1,"adult"
"15132",1,"LNPF",12,1,"adult"
"15133",1,"LNPF",13,1,"adult"
"15134",1,"LNPF",14,1,"adult"
"15135",1,"LNPF",15,1,"adult"
"15136",1,"LNPF",16,1,"adult"
"15137",1,"LNPF",17,1,"adult"
"15138",1,"LNPF",18,1,"adult"
"15139",1,"LNPF",19,1,"adult"
"15140",1,"LNPF",20,1,"adult"
"15141",1,"LNPF",21,1,"adult"
"15142",1,"LNPF",22,1,"adult"
"15143",1,"LNPF",23,1,"adult"
"15144",1,"LNPF",24,1,"adult"
"15145",1,"LNPF",25,1,"adult"
"15146",1,"LNPF",26,1,"adult"
"15147",1,"LNPF",27,1,"adult"
"15148",1,"LNPF",28,1,"adult"
"15149",1,"LNPF",29,1,"adult"
"15150",1,"LNPF",30,1,"adult"
"15151",1,"LNPF",31,1,"adult"
"15152",1,"LNPF",32,1,"adult"
"15153",1,"LNPF",33,1,"adult"
"15154",1,"LNPF",34,1,"adult"
"15155",1,"LNPF",35,1,"adult"
"15156",1,"LNPF",36,1,"adult"
"15157",1,"LNPF",37,1,"adult"
"15158",1,"LNPF",38,1,"adult"
"15159",1,"LNPF",39,1,"adult"
"15160",1,"LNPF",40,1,"adult"
"15161",1,"LNPF",41,1,"adult"
"15163",1,"LOTB",1,1,"adult"
"15164",1,"LOTB",2,1,"adult"
"15165",1,"LOTB",3,1,"adult"
"15166",1,"LOTB",4,1,"adult"
"15167",1,"LOTB",5,1,"adult"
"15168",1,"LOTB",6,1,"adult"
"15169",1,"LOTB",7,1,"adult"
"15170",1,"LOTB",8,1,"adult"
"15171",1,"LOTB",9,1,"adult"
"15172",1,"LOTB",10,1,"adult"
"15173",1,"LOTB",11,1,"adult"
"15174",1,"LOTB",12,1,"adult"
"15175",1,"LOTB",13,1,"adult"
"15176",1,"LOTB",14,1,"adult"
"15177",1,"LOTB",15,1,"adult"
"15178",1,"LOTB",16,1,"adult"
"15179",1,"LOTB",17,1,"adult"
"15180",1,"LOTB",18,1,"adult"
"15181",1,"LOTB",19,1,"adult"
"15182",1,"LOTB",20,1,"adult"
"15183",1,"LOTB",21,1,"adult"
"15184",1,"LOTB",22,1,"adult"
"15185",1,"LOTB",23,1,"adult"
"15186",1,"LOTB",24,1,"adult"
"15187",1,"LOTB",25,1,"adult"
"15188",1,"LOTB",26,1,"adult"
"15189",1,"LOTB",27,1,"adult"
"15190",1,"LOTB",28,1,"adult"
"15191",1,"LOTB",29,1,"adult"
"15192",1,"LOTB",30,1,"adult"
"15193",1,"LOTB",31,1,"adult"
"15194",1,"LOTB",32,1,"adult"
"15195",1,"LOTB",33,1,"adult"
"15196",1,"LOTB",34,1,"adult"
"15197",1,"LOTB",35,1,"adult"
"15198",1,"LOTB",36,1,"adult"
"15199",1,"LOTB",37,1,"adult"
"15200",1,"LOTB",38,1,"adult"
"15201",1,"LOTB",39,1,"adult"
"15202",1,"LOTB",40,1,"adult"
"15203",1,"LOTB",41,1,"adult"
"15205",1,"LWHP",1,1,"adult"
"15206",1,"LWHP",2,1,"adult"
"15207",1,"LWHP",3,1,"adult"
"15208",1,"LWHP",4,1,"adult"
"15209",1,"LWHP",5,1,"adult"
"15210",1,"LWHP",6,1,"adult"
"15211",1,"LWHP",7,1,"adult"
"15212",1,"LWHP",8,1,"adult"
"15213",1,"LWHP",9,1,"adult"
"15214",1,"LWHP",10,1,"adult"
"15215",1,"LWHP",11,1,"adult"
"15216",1,"LWHP",12,1,"adult"
"15217",1,"LWHP",13,1,"adult"
"15218",1,"LWHP",14,1,"adult"
"15219",1,"LWHP",15,1,"adult"
"15220",1,"LWHP",16,1,"adult"
"15221",1,"LWHP",17,1,"adult"
"15222",1,"LWHP",18,1,"adult"
"15223",1,"LWHP",19,1,"adult"
"15224",1,"LWHP",20,1,"adult"
"15225",1,"LWHP",21,1,"adult"
"15226",1,"LWHP",22,1,"adult"
"15227",1,"LWHP",23,1,"adult"
"15228",1,"LWHP",24,1,"adult"
"15229",1,"LWHP",25,1,"adult"
"15230",1,"LWHP",26,1,"adult"
"15231",1,"LWHP",27,1,"adult"
"15232",1,"LWHP",28,1,"adult"
"15233",1,"LWHP",29,1,"adult"
"15234",1,"LWHP",30,1,"adult"
"15235",1,"LWHP",31,1,"adult"
"15236",1,"LWHP",32,1,"adult"
"15237",1,"LWHP",33,1,"adult"
"15238",1,"LWHP",34,1,"adult"
"15239",1,"LWHP",35,1,"adult"
"15240",1,"LWHP",36,1,"adult"
"15241",1,"LWHP",37,1,"adult"
"15242",1,"LWHP",38,1,"adult"
"15243",1,"LWHP",39,1,"adult"
"15244",1,"LWHP",40,1,"adult"
"15245",1,"LWHP",41,1,"adult"
"15247",1,"LWP1",1,1,"unborn"
"15248",1,"LWP1",2,1,"unborn"
"15249",1,"LWP1",3,1,"unborn"
"15250",1,"LWP1",4,1,"unborn"
"15251",1,"LWP1",5,1,"unborn"
"15252",1,"LWP1",6,1,"unborn"
"15253",1,"LWP1",7,1,"unborn"
"15254",1,"LWP1",8,1,"unborn"
"15255",1,"LWP1",9,1,"unborn"
"15256",1,"LWP1",10,1,"unborn"
"15257",1,"LWP1",11,1,"unborn"
"15258",1,"LWP1",12,1,"unborn"
"15259",1,"LWP1",13,1,"unborn"
"15260",1,"LWP1",14,1,"unborn"
"15261",1,"LWP1",15,1,"unborn"
"15262",1,"LWP1",16,1,"calf"
"15263",1,"LWP1",17,1,"calf"
"15264",1,"LWP1",18,1,"calf"
"15265",1,"LWP1",19,1,"calf"
"15266",1,"LWP1",20,1,"calf"
"15267",1,"LWP1",21,1,"calf"
"15268",1,"LWP1",22,1,"calf"
"15269",1,"LWP1",23,1,"calf"
"15270",1,"LWP1",24,1,"juvenile"
"15271",1,"LWP1",25,1,"juvenile"
"15272",1,"LWP1",26,1,"juvenile"
"15273",1,"LWP1",27,1,"juvenile"
"15274",1,"LWP1",28,1,"juvenile"
"15275",1,"LWP1",29,1,"juvenile"
"15276",1,"LWP1",30,1,"juvenile"
"15277",1,"LWP1",31,1,"juvenile"
"15278",1,"LWP1",32,1,"juvenile"
"15279",1,"LWP1",33,1,"juvenile"
"15280",1,"LWP1",34,1,"juvenile"
"15281",1,"LWP1",35,1,"juvenile"
"15282",1,"LWP1",36,1,"juvenile"
"15283",1,"LWP1",37,1,"juvenile"
"15284",1,"LWP1",38,1,"juvenile"
"15285",1,"LWP1",39,1,"juvenile"
"15286",1,"LWP1",40,1,"juvenile"
"15287",1,"LWP1",41,1,"juvenile"
"15289",1,"LWPT",1,1,"adult"
"15290",1,"LWPT",2,1,"adult"
"15291",1,"LWPT",3,1,"adult"
"15292",1,"LWPT",4,1,"adult"
"15293",1,"LWPT",5,1,"adult"
"15294",1,"LWPT",6,1,"adult"
"15295",1,"LWPT",7,1,"adult"
"15296",1,"LWPT",8,1,"adult"
"15297",1,"LWPT",9,1,"adult"
"15298",1,"LWPT",10,1,"adult"
"15299",1,"LWPT",11,1,"adult"
"15300",1,"LWPT",12,1,"adult"
"15301",1,"LWPT",13,1,"adult"
"15302",1,"LWPT",14,1,"adult"
"15303",1,"LWPT",15,1,"adult"
"15304",1,"LWPT",16,1,"adult"
"15305",1,"LWPT",17,1,"adult"
"15306",1,"LWPT",18,1,"adult"
"15307",1,"LWPT",19,1,"adult"
"15308",1,"LWPT",20,1,"adult"
"15309",1,"LWPT",21,1,"adult"
"15310",1,"LWPT",22,1,"adult"
"15311",1,"LWPT",23,1,"adult"
"15312",1,"LWPT",24,1,"adult"
"15313",1,"LWPT",25,1,"adult"
"15314",1,"LWPT",26,1,"adult"
"15315",1,"LWPT",27,1,"adult"
"15316",1,"LWPT",28,1,"adult"
"15317",1,"LWPT",29,1,"adult"
"15318",1,"LWPT",30,1,"adult"
"15319",1,"LWPT",31,1,"adult"
"15320",1,"LWPT",32,1,"adult"
"15321",1,"LWPT",33,1,"adult"
"15322",1,"LWPT",34,1,"adult"
"15323",1,"LWPT",35,1,"adult"
"15324",1,"LWPT",36,1,"adult"
"15325",1,"LWPT",37,1,"adult"
"15326",1,"LWPT",38,1,"adult"
"15327",1,"LWPT",39,1,"adult"
"15328",1,"LWPT",40,1,"adult"
"15329",1,"LWPT",41,1,"adult"
"15331",1,"LYFN",1,1,"adult"
"15332",1,"LYFN",2,1,"adult"
"15333",1,"LYFN",3,1,"adult"
"15334",1,"LYFN",4,1,"adult"
"15335",1,"LYFN",5,1,"adult"
"15336",1,"LYFN",6,1,"adult"
"15337",1,"LYFN",7,1,"adult"
"15338",1,"LYFN",8,1,"adult"
"15339",1,"LYFN",9,1,"adult"
"15340",1,"LYFN",10,1,"adult"
"15341",1,"LYFN",11,1,"adult"
"15342",1,"LYFN",12,1,"adult"
"15343",1,"LYFN",13,1,"adult"
"15344",1,"LYFN",14,1,"adult"
"15345",1,"LYFN",15,1,"adult"
"15346",1,"LYFN",16,1,"adult"
"15347",1,"LYFN",17,1,"adult"
"15348",1,"LYFN",18,1,"adult"
"15349",1,"LYFN",19,1,"adult"
"15350",1,"LYFN",20,1,"adult"
"15351",1,"LYFN",21,1,"adult"
"15352",1,"LYFN",22,1,"adult"
"15353",1,"LYFN",23,1,"adult"
"15354",1,"LYFN",24,1,"adult"
"15355",1,"LYFN",25,1,"adult"
"15356",1,"LYFN",26,1,"adult"
"15357",1,"LYFN",27,1,"adult"
"15358",1,"LYFN",28,1,"adult"
"15359",1,"LYFN",29,1,"adult"
"15360",1,"LYFN",30,1,"adult"
"15361",1,"LYFN",31,1,"adult"
"15362",1,"LYFN",32,1,"adult"
"15363",1,"LYFN",33,1,"adult"
"15364",1,"LYFN",34,1,"adult"
"15365",1,"LYFN",35,1,"adult"
"15366",1,"LYFN",36,1,"adult"
"15367",1,"LYFN",37,1,"adult"
"15368",1,"LYFN",38,1,"adult"
"15369",1,"LYFN",39,1,"adult"
"15370",1,"LYFN",40,1,"adult"
"15371",1,"LYFN",41,1,"adult"
"15373",1,"M145",1,1,"adult"
"15374",1,"M145",2,1,"adult"
"15375",1,"M145",3,1,"adult"
"15376",1,"M145",4,1,"adult"
"15377",1,"M145",5,1,"adult"
"15378",1,"M145",6,1,"adult"
"15379",1,"M145",7,1,"adult"
"15380",1,"M145",8,1,"adult"
"15381",1,"M145",9,1,"adult"
"15382",1,"M145",10,1,"adult"
"15383",1,"M145",11,1,"adult"
"15384",1,"M145",12,1,"adult"
"15385",1,"M145",13,1,"adult"
"15386",1,"M145",14,1,"adult"
"15387",1,"M145",15,1,"adult"
"15388",1,"M145",16,1,"adult"
"15389",1,"M145",17,1,"adult"
"15390",1,"M145",18,1,"adult"
"15391",1,"M145",19,1,"adult"
"15392",1,"M145",20,1,"adult"
"15393",1,"M145",21,1,"adult"
"15394",1,"M145",22,1,"adult"
"15395",1,"M145",23,1,"adult"
"15396",1,"M145",24,1,"adult"
"15397",1,"M145",25,1,"adult"
"15398",1,"M145",26,1,"adult"
"15399",1,"M145",27,1,"adult"
"15400",1,"M145",28,1,"adult"
"15401",1,"M145",29,1,"adult"
"15402",1,"M145",30,1,"adult"
"15403",1,"M145",31,1,"adult"
"15404",1,"M145",32,1,"adult"
"15405",1,"M145",33,1,"adult"
"15406",1,"M145",34,1,"adult"
"15407",1,"M145",35,1,"adult"
"15408",1,"M145",36,1,"adult"
"15409",1,"M145",37,1,"adult"
"15410",1,"M145",38,1,"adult"
"15411",1,"M145",39,1,"adult"
"15412",1,"M145",40,1,"adult"
"15413",1,"M145",41,1,"adult"
"15415",1,"MANT",1,1,"adult"
"15416",1,"MANT",2,1,"adult"
"15417",1,"MANT",3,1,"adult"
"15418",1,"MANT",4,1,"adult"
"15419",1,"MANT",5,1,"adult"
"15420",1,"MANT",6,1,"adult"
"15421",1,"MANT",7,1,"adult"
"15422",1,"MANT",8,1,"adult"
"15423",1,"MANT",9,1,"adult"
"15424",1,"MANT",10,1,"adult"
"15425",1,"MANT",11,1,"adult"
"15426",1,"MANT",12,1,"adult"
"15427",1,"MANT",13,1,"adult"
"15428",1,"MANT",14,1,"adult"
"15429",1,"MANT",15,1,"adult"
"15430",1,"MANT",16,1,"adult"
"15431",1,"MANT",17,1,"adult"
"15432",1,"MANT",18,1,"adult"
"15433",1,"MANT",19,1,"adult"
"15434",1,"MANT",20,1,"adult"
"15435",1,"MANT",21,1,"adult"
"15436",1,"MANT",22,1,"adult"
"15437",1,"MANT",23,1,"adult"
"15438",1,"MANT",24,1,"adult"
"15439",1,"MANT",25,1,"adult"
"15440",1,"MANT",26,1,"adult"
"15441",1,"MANT",27,1,"adult"
"15442",1,"MANT",28,1,"adult"
"15443",1,"MANT",29,1,"adult"
"15444",1,"MANT",30,1,"adult"
"15445",1,"MANT",31,1,"adult"
"15446",1,"MANT",32,1,"adult"
"15447",1,"MANT",33,1,"adult"
"15448",1,"MANT",34,1,"adult"
"15449",1,"MANT",35,1,"adult"
"15450",1,"MANT",36,1,"adult"
"15451",1,"MANT",37,1,"adult"
"15452",1,"MANT",38,1,"adult"
"15453",1,"MANT",39,1,"adult"
"15454",1,"MANT",40,1,"adult"
"15455",1,"MANT",41,1,"adult"
"15457",1,"MCM3",1,1,"unborn"
"15458",1,"MCM3",2,1,"unborn"
"15459",1,"MCM3",3,1,"unborn"
"15460",1,"MCM3",4,1,"unborn"
"15461",1,"MCM3",5,1,"unborn"
"15462",1,"MCM3",6,1,"unborn"
"15463",1,"MCM3",7,1,"unborn"
"15464",1,"MCM3",8,1,"unborn"
"15465",1,"MCM3",9,1,"unborn"
"15466",1,"MCM3",10,1,"unborn"
"15467",1,"MCM3",11,1,"unborn"
"15468",1,"MCM3",12,1,"calf"
"15469",1,"MCM3",13,1,"calf"
"15470",1,"MCM3",14,1,"calf"
"15471",1,"MCM3",15,1,"juvenile"
"15472",1,"MCM3",16,1,"juvenile"
"15473",1,"MCM3",17,1,"juvenile"
"15474",1,"MCM3",18,1,"juvenile"
"15475",1,"MCM3",19,1,"juvenile"
"15476",1,"MCM3",20,1,"juvenile"
"15477",1,"MCM3",21,1,"juvenile"
"15478",1,"MCM3",22,1,"juvenile"
"15479",1,"MCM3",23,1,"juvenile"
"15480",1,"MCM3",24,1,"adult"
"15481",1,"MCM3",25,1,"adult"
"15482",1,"MCM3",26,1,"adult"
"15483",1,"MCM3",27,1,"adult"
"15484",1,"MCM3",28,1,"adult"
"15485",1,"MCM3",29,1,"adult"
"15486",1,"MCM3",30,1,"adult"
"15487",1,"MCM3",31,1,"adult"
"15488",1,"MCM3",32,1,"adult"
"15489",1,"MCM3",33,1,"adult"
"15490",1,"MCM3",34,1,"adult"
"15491",1,"MCM3",35,1,"adult"
"15492",1,"MCM3",36,1,"adult"
"15493",1,"MCM3",37,1,"adult"
"15494",1,"MCM3",38,1,"adult"
"15495",1,"MCM3",39,1,"adult"
"15496",1,"MCM3",40,1,"adult"
"15497",1,"MCM3",41,1,"adult"
"15499",1,"MCMA",1,1,"adult"
"15500",1,"MCMA",2,1,"adult"
"15501",1,"MCMA",3,1,"adult"
"15502",1,"MCMA",4,1,"adult"
"15503",1,"MCMA",5,1,"adult"
"15504",1,"MCMA",6,1,"adult"
"15505",1,"MCMA",7,1,"adult"
"15506",1,"MCMA",8,1,"adult"
"15507",1,"MCMA",9,1,"adult"
"15508",1,"MCMA",10,1,"adult"
"15509",1,"MCMA",11,1,"adult"
"15510",1,"MCMA",12,1,"adult"
"15511",1,"MCMA",13,1,"adult"
"15512",1,"MCMA",14,1,"adult"
"15513",1,"MCMA",15,1,"adult"
"15514",1,"MCMA",16,1,"adult"
"15515",1,"MCMA",17,1,"adult"
"15516",1,"MCMA",18,1,"adult"
"15517",1,"MCMA",19,1,"adult"
"15518",1,"MCMA",20,1,"adult"
"15519",1,"MCMA",21,1,"adult"
"15520",1,"MCMA",22,1,"adult"
"15521",1,"MCMA",23,1,"adult"
"15522",1,"MCMA",24,1,"adult"
"15523",1,"MCMA",25,1,"adult"
"15524",1,"MCMA",26,1,"adult"
"15525",1,"MCMA",27,1,"adult"
"15526",1,"MCMA",28,1,"adult"
"15527",1,"MCMA",29,1,"adult"
"15528",1,"MCMA",30,1,"adult"
"15529",1,"MCMA",31,1,"adult"
"15530",1,"MCMA",32,1,"adult"
"15531",1,"MCMA",33,1,"adult"
"15532",1,"MCMA",34,1,"adult"
"15533",1,"MCMA",35,1,"adult"
"15534",1,"MCMA",36,1,"adult"
"15535",1,"MCMA",37,1,"adult"
"15536",1,"MCMA",38,1,"adult"
"15537",1,"MCMA",39,1,"adult"
"15538",1,"MCMA",40,1,"adult"
"15539",1,"MCMA",41,1,"adult"
"15541",1,"MDNK",1,1,"adult"
"15542",1,"MDNK",2,1,"adult"
"15543",1,"MDNK",3,1,"adult"
"15544",1,"MDNK",4,1,"adult"
"15545",1,"MDNK",5,1,"adult"
"15546",1,"MDNK",6,1,"adult"
"15547",1,"MDNK",7,1,"adult"
"15548",1,"MDNK",8,1,"adult"
"15549",1,"MDNK",9,1,"adult"
"15550",1,"MDNK",10,1,"adult"
"15551",1,"MDNK",11,1,"adult"
"15552",1,"MDNK",12,1,"adult"
"15553",1,"MDNK",13,1,"adult"
"15554",1,"MDNK",14,1,"adult"
"15555",1,"MDNK",15,1,"adult"
"15556",1,"MDNK",16,1,"adult"
"15557",1,"MDNK",17,1,"adult"
"15558",1,"MDNK",18,1,"adult"
"15559",1,"MDNK",19,1,"adult"
"15560",1,"MDNK",20,1,"adult"
"15561",1,"MDNK",21,1,"adult"
"15562",1,"MDNK",22,1,"adult"
"15563",1,"MDNK",23,1,"adult"
"15564",1,"MDNK",24,1,"adult"
"15565",1,"MDNK",25,1,"adult"
"15566",1,"MDNK",26,1,"adult"
"15567",1,"MDNK",27,1,"adult"
"15568",1,"MDNK",28,1,"adult"
"15569",1,"MDNK",29,1,"adult"
"15570",1,"MDNK",30,1,"adult"
"15571",1,"MDNK",31,1,"adult"
"15572",1,"MDNK",32,1,"adult"
"15573",1,"MDNK",33,1,"adult"
"15574",1,"MDNK",34,1,"adult"
"15575",1,"MDNK",35,1,"adult"
"15576",1,"MDNK",36,1,"adult"
"15577",1,"MDNK",37,1,"adult"
"15578",1,"MDNK",38,1,"adult"
"15579",1,"MDNK",39,1,"adult"
"15580",1,"MDNK",40,1,"adult"
"15581",1,"MDNK",41,1,"adult"
"15583",1,"MDPK",1,1,"adult"
"15584",1,"MDPK",2,1,"adult"
"15585",1,"MDPK",3,1,"adult"
"15586",1,"MDPK",4,1,"adult"
"15587",1,"MDPK",5,1,"adult"
"15588",1,"MDPK",6,1,"adult"
"15589",1,"MDPK",7,1,"adult"
"15590",1,"MDPK",8,1,"adult"
"15591",1,"MDPK",9,1,"adult"
"15592",1,"MDPK",10,1,"adult"
"15593",1,"MDPK",11,1,"adult"
"15594",1,"MDPK",12,1,"adult"
"15595",1,"MDPK",13,1,"adult"
"15596",1,"MDPK",14,1,"adult"
"15597",1,"MDPK",15,1,"adult"
"15598",1,"MDPK",16,1,"adult"
"15599",1,"MDPK",17,1,"adult"
"15600",1,"MDPK",18,1,"adult"
"15601",1,"MDPK",19,1,"adult"
"15602",1,"MDPK",20,1,"adult"
"15603",1,"MDPK",21,1,"adult"
"15604",1,"MDPK",22,1,"adult"
"15605",1,"MDPK",23,1,"adult"
"15606",1,"MDPK",24,1,"adult"
"15607",1,"MDPK",25,1,"adult"
"15608",1,"MDPK",26,1,"adult"
"15609",1,"MDPK",27,1,"adult"
"15610",1,"MDPK",28,1,"adult"
"15611",1,"MDPK",29,1,"adult"
"15612",1,"MDPK",30,1,"adult"
"15613",1,"MDPK",31,1,"adult"
"15614",1,"MDPK",32,1,"adult"
"15615",1,"MDPK",33,1,"adult"
"15616",1,"MDPK",34,1,"adult"
"15617",1,"MDPK",35,1,"adult"
"15618",1,"MDPK",36,1,"adult"
"15619",1,"MDPK",37,1,"adult"
"15620",1,"MDPK",38,1,"adult"
"15621",1,"MDPK",39,1,"adult"
"15622",1,"MDPK",40,1,"adult"
"15623",1,"MDPK",41,1,"adult"
"15625",1,"MEAD",1,1,"adult"
"15626",1,"MEAD",2,1,"adult"
"15627",1,"MEAD",3,1,"adult"
"15628",1,"MEAD",4,1,"adult"
"15629",1,"MEAD",5,1,"adult"
"15630",1,"MEAD",6,1,"adult"
"15631",1,"MEAD",7,1,"adult"
"15632",1,"MEAD",8,1,"adult"
"15633",1,"MEAD",9,1,"adult"
"15634",1,"MEAD",10,1,"adult"
"15635",1,"MEAD",11,1,"adult"
"15636",1,"MEAD",12,1,"adult"
"15637",1,"MEAD",13,1,"adult"
"15638",1,"MEAD",14,1,"adult"
"15639",1,"MEAD",15,1,"adult"
"15640",1,"MEAD",16,1,"adult"
"15641",1,"MEAD",17,1,"adult"
"15642",1,"MEAD",18,1,"adult"
"15643",1,"MEAD",19,1,"adult"
"15644",1,"MEAD",20,1,"adult"
"15645",1,"MEAD",21,1,"adult"
"15646",1,"MEAD",22,1,"adult"
"15647",1,"MEAD",23,1,"adult"
"15648",1,"MEAD",24,1,"adult"
"15649",1,"MEAD",25,1,"adult"
"15650",1,"MEAD",26,1,"adult"
"15651",1,"MEAD",27,1,"adult"
"15652",1,"MEAD",28,1,"adult"
"15653",1,"MEAD",29,1,"adult"
"15654",1,"MEAD",30,1,"adult"
"15655",1,"MEAD",31,1,"adult"
"15656",1,"MEAD",32,1,"adult"
"15657",1,"MEAD",33,1,"adult"
"15658",1,"MEAD",34,1,"adult"
"15659",1,"MEAD",35,1,"adult"
"15660",1,"MEAD",36,1,"adult"
"15661",1,"MEAD",37,1,"adult"
"15662",1,"MEAD",38,1,"adult"
"15663",1,"MEAD",39,1,"adult"
"15664",1,"MEAD",40,1,"adult"
"15665",1,"MEAD",41,1,"adult"
"15667",1,"MLVN",1,1,"adult"
"15668",1,"MLVN",2,1,"adult"
"15669",1,"MLVN",3,1,"adult"
"15670",1,"MLVN",4,1,"adult"
"15671",1,"MLVN",5,1,"adult"
"15672",1,"MLVN",6,1,"adult"
"15673",1,"MLVN",7,1,"adult"
"15674",1,"MLVN",8,1,"adult"
"15675",1,"MLVN",9,1,"adult"
"15676",1,"MLVN",10,1,"adult"
"15677",1,"MLVN",11,1,"adult"
"15678",1,"MLVN",12,1,"adult"
"15679",1,"MLVN",13,1,"adult"
"15680",1,"MLVN",14,1,"adult"
"15681",1,"MLVN",15,1,"adult"
"15682",1,"MLVN",16,1,"adult"
"15683",1,"MLVN",17,1,"adult"
"15684",1,"MLVN",18,1,"adult"
"15685",1,"MLVN",19,1,"adult"
"15686",1,"MLVN",20,1,"adult"
"15687",1,"MLVN",21,1,"adult"
"15688",1,"MLVN",22,1,"adult"
"15689",1,"MLVN",23,1,"adult"
"15690",1,"MLVN",24,1,"adult"
"15691",1,"MLVN",25,1,"adult"
"15692",1,"MLVN",26,1,"adult"
"15693",1,"MLVN",27,1,"adult"
"15694",1,"MLVN",28,1,"adult"
"15695",1,"MLVN",29,1,"adult"
"15696",1,"MLVN",30,1,"adult"
"15697",1,"MLVN",31,1,"adult"
"15698",1,"MLVN",32,1,"adult"
"15699",1,"MLVN",33,1,"adult"
"15700",1,"MLVN",34,1,"adult"
"15701",1,"MLVN",35,1,"adult"
"15702",1,"MLVN",36,1,"adult"
"15703",1,"MLVN",37,1,"adult"
"15704",1,"MLVN",38,1,"adult"
"15705",1,"MLVN",39,1,"adult"
"15706",1,"MLVN",40,1,"adult"
"15707",1,"MLVN",41,1,"adult"
"15709",1,"MM72",1,1,"adult"
"15710",1,"MM72",2,1,"adult"
"15711",1,"MM72",3,1,"adult"
"15712",1,"MM72",4,1,"adult"
"15713",1,"MM72",5,1,"adult"
"15714",1,"MM72",6,1,"adult"
"15715",1,"MM72",7,1,"adult"
"15716",1,"MM72",8,1,"adult"
"15717",1,"MM72",9,1,"adult"
"15718",1,"MM72",10,1,"adult"
"15719",1,"MM72",11,1,"adult"
"15720",1,"MM72",12,1,"adult"
"15721",1,"MM72",13,1,"adult"
"15722",1,"MM72",14,1,"adult"
"15723",1,"MM72",15,1,"adult"
"15724",1,"MM72",16,1,"adult"
"15725",1,"MM72",17,1,"adult"
"15726",1,"MM72",18,1,"adult"
"15727",1,"MM72",19,1,"adult"
"15728",1,"MM72",20,1,"adult"
"15729",1,"MM72",21,1,"adult"
"15730",1,"MM72",22,1,"adult"
"15731",1,"MM72",23,1,"adult"
"15732",1,"MM72",24,1,"adult"
"15733",1,"MM72",25,1,"adult"
"15734",1,"MM72",26,1,"adult"
"15735",1,"MM72",27,1,"adult"
"15736",1,"MM72",28,1,"adult"
"15737",1,"MM72",29,1,"adult"
"15738",1,"MM72",30,1,"adult"
"15739",1,"MM72",31,1,"adult"
"15740",1,"MM72",32,1,"adult"
"15741",1,"MM72",33,1,"adult"
"15742",1,"MM72",34,1,"adult"
"15743",1,"MM72",35,1,"adult"
"15744",1,"MM72",36,1,"adult"
"15745",1,"MM72",37,1,"adult"
"15746",1,"MM72",38,1,"adult"
"15747",1,"MM72",39,1,"adult"
"15748",1,"MM72",40,1,"adult"
"15749",1,"MM72",41,1,"adult"
"15751",1,"MNIK",1,1,"adult"
"15752",1,"MNIK",2,1,"adult"
"15753",1,"MNIK",3,1,"adult"
"15754",1,"MNIK",4,1,"adult"
"15755",1,"MNIK",5,1,"adult"
"15756",1,"MNIK",6,1,"adult"
"15757",1,"MNIK",7,1,"adult"
"15758",1,"MNIK",8,1,"adult"
"15759",1,"MNIK",9,1,"adult"
"15760",1,"MNIK",10,1,"adult"
"15761",1,"MNIK",11,1,"adult"
"15762",1,"MNIK",12,1,"adult"
"15763",1,"MNIK",13,1,"adult"
"15764",1,"MNIK",14,1,"adult"
"15765",1,"MNIK",15,1,"adult"
"15766",1,"MNIK",16,1,"adult"
"15767",1,"MNIK",17,1,"adult"
"15768",1,"MNIK",18,1,"adult"
"15769",1,"MNIK",19,1,"adult"
"15770",1,"MNIK",20,1,"adult"
"15771",1,"MNIK",21,1,"adult"
"15772",1,"MNIK",22,1,"adult"
"15773",1,"MNIK",23,1,"adult"
"15774",1,"MNIK",24,1,"adult"
"15775",1,"MNIK",25,1,"adult"
"15776",1,"MNIK",26,1,"adult"
"15777",1,"MNIK",27,1,"adult"
"15778",1,"MNIK",28,1,"adult"
"15779",1,"MNIK",29,1,"adult"
"15780",1,"MNIK",30,1,"adult"
"15781",1,"MNIK",31,1,"adult"
"15782",1,"MNIK",32,1,"adult"
"15783",1,"MNIK",33,1,"adult"
"15784",1,"MNIK",34,1,"adult"
"15785",1,"MNIK",35,1,"adult"
"15786",1,"MNIK",36,1,"adult"
"15787",1,"MNIK",37,1,"adult"
"15788",1,"MNIK",38,1,"adult"
"15789",1,"MNIK",39,1,"adult"
"15790",1,"MNIK",40,1,"adult"
"15791",1,"MNIK",41,1,"adult"
"15793",1,"MOCH",1,1,"adult"
"15794",1,"MOCH",2,1,"adult"
"15795",1,"MOCH",3,1,"adult"
"15796",1,"MOCH",4,1,"adult"
"15797",1,"MOCH",5,1,"adult"
"15798",1,"MOCH",6,1,"adult"
"15799",1,"MOCH",7,1,"adult"
"15800",1,"MOCH",8,1,"adult"
"15801",1,"MOCH",9,1,"adult"
"15802",1,"MOCH",10,1,"adult"
"15803",1,"MOCH",11,1,"adult"
"15804",1,"MOCH",12,1,"adult"
"15805",1,"MOCH",13,1,"adult"
"15806",1,"MOCH",14,1,"adult"
"15807",1,"MOCH",15,1,"adult"
"15808",1,"MOCH",16,1,"adult"
"15809",1,"MOCH",17,1,"adult"
"15810",1,"MOCH",18,1,"adult"
"15811",1,"MOCH",19,1,"adult"
"15812",1,"MOCH",20,1,"adult"
"15813",1,"MOCH",21,1,"adult"
"15814",1,"MOCH",22,1,"adult"
"15815",1,"MOCH",23,1,"adult"
"15816",1,"MOCH",24,1,"adult"
"15817",1,"MOCH",25,1,"adult"
"15818",1,"MOCH",26,1,"adult"
"15819",1,"MOCH",27,1,"adult"
"15820",1,"MOCH",28,1,"adult"
"15821",1,"MOCH",29,1,"adult"
"15822",1,"MOCH",30,1,"adult"
"15823",1,"MOCH",31,1,"adult"
"15824",1,"MOCH",32,1,"adult"
"15825",1,"MOCH",33,1,"adult"
"15826",1,"MOCH",34,1,"adult"
"15827",1,"MOCH",35,1,"adult"
"15828",1,"MOCH",36,1,"adult"
"15829",1,"MOCH",37,1,"adult"
"15830",1,"MOCH",38,1,"adult"
"15831",1,"MOCH",39,1,"adult"
"15832",1,"MOCH",40,1,"adult"
"15833",1,"MOCH",41,1,"adult"
"15835",1,"MPTB",1,1,"adult"
"15836",1,"MPTB",2,1,"adult"
"15837",1,"MPTB",3,1,"adult"
"15838",1,"MPTB",4,1,"adult"
"15839",1,"MPTB",5,1,"adult"
"15840",1,"MPTB",6,1,"adult"
"15841",1,"MPTB",7,1,"adult"
"15842",1,"MPTB",8,1,"adult"
"15843",1,"MPTB",9,1,"adult"
"15844",1,"MPTB",10,1,"adult"
"15845",1,"MPTB",11,1,"adult"
"15846",1,"MPTB",12,1,"adult"
"15847",1,"MPTB",13,1,"adult"
"15848",1,"MPTB",14,1,"adult"
"15849",1,"MPTB",15,1,"adult"
"15850",1,"MPTB",16,1,"adult"
"15851",1,"MPTB",17,1,"adult"
"15852",1,"MPTB",18,1,"adult"
"15853",1,"MPTB",19,1,"adult"
"15854",1,"MPTB",20,1,"adult"
"15855",1,"MPTB",21,1,"adult"
"15856",1,"MPTB",22,1,"adult"
"15857",1,"MPTB",23,1,"adult"
"15858",1,"MPTB",24,1,"adult"
"15859",1,"MPTB",25,1,"adult"
"15860",1,"MPTB",26,1,"adult"
"15861",1,"MPTB",27,1,"adult"
"15862",1,"MPTB",28,1,"adult"
"15863",1,"MPTB",29,1,"adult"
"15864",1,"MPTB",30,1,"adult"
"15865",1,"MPTB",31,1,"adult"
"15866",1,"MPTB",32,1,"adult"
"15867",1,"MPTB",33,1,"adult"
"15868",1,"MPTB",34,1,"adult"
"15869",1,"MPTB",35,1,"adult"
"15870",1,"MPTB",36,1,"adult"
"15871",1,"MPTB",37,1,"adult"
"15872",1,"MPTB",38,1,"adult"
"15873",1,"MPTB",39,1,"adult"
"15874",1,"MPTB",40,1,"adult"
"15875",1,"MPTB",41,1,"adult"
"15877",1,"MSLB",1,1,"adult"
"15878",1,"MSLB",2,1,"adult"
"15879",1,"MSLB",3,1,"adult"
"15880",1,"MSLB",4,1,"adult"
"15881",1,"MSLB",5,1,"adult"
"15882",1,"MSLB",6,1,"adult"
"15883",1,"MSLB",7,1,"adult"
"15884",1,"MSLB",8,1,"adult"
"15885",1,"MSLB",9,1,"adult"
"15886",1,"MSLB",10,1,"adult"
"15887",1,"MSLB",11,1,"adult"
"15888",1,"MSLB",12,1,"adult"
"15889",1,"MSLB",13,1,"adult"
"15890",1,"MSLB",14,1,"adult"
"15891",1,"MSLB",15,1,"adult"
"15892",1,"MSLB",16,1,"adult"
"15893",1,"MSLB",17,1,"adult"
"15894",1,"MSLB",18,1,"adult"
"15895",1,"MSLB",19,1,"adult"
"15896",1,"MSLB",20,1,"adult"
"15897",1,"MSLB",21,1,"adult"
"15898",1,"MSLB",22,1,"adult"
"15899",1,"MSLB",23,1,"adult"
"15900",1,"MSLB",24,1,"adult"
"15901",1,"MSLB",25,1,"adult"
"15902",1,"MSLB",26,1,"adult"
"15903",1,"MSLB",27,1,"adult"
"15904",1,"MSLB",28,1,"adult"
"15905",1,"MSLB",29,1,"adult"
"15906",1,"MSLB",30,1,"adult"
"15907",1,"MSLB",31,1,"adult"
"15908",1,"MSLB",32,1,"adult"
"15909",1,"MSLB",33,1,"adult"
"15910",1,"MSLB",34,1,"adult"
"15911",1,"MSLB",35,1,"adult"
"15912",1,"MSLB",36,1,"adult"
"15913",1,"MSLB",37,1,"adult"
"15914",1,"MSLB",38,1,"adult"
"15915",1,"MSLB",39,1,"adult"
"15916",1,"MSLB",40,1,"adult"
"15917",1,"MSLB",41,1,"adult"
"15919",1,"MSUM",1,1,"adult"
"15920",1,"MSUM",2,1,"adult"
"15921",1,"MSUM",3,1,"adult"
"15922",1,"MSUM",4,1,"adult"
"15923",1,"MSUM",5,1,"adult"
"15924",1,"MSUM",6,1,"adult"
"15925",1,"MSUM",7,1,"adult"
"15926",1,"MSUM",8,1,"adult"
"15927",1,"MSUM",9,1,"adult"
"15928",1,"MSUM",10,1,"adult"
"15929",1,"MSUM",11,1,"adult"
"15930",1,"MSUM",12,1,"adult"
"15931",1,"MSUM",13,1,"adult"
"15932",1,"MSUM",14,1,"adult"
"15933",1,"MSUM",15,1,"adult"
"15934",1,"MSUM",16,1,"adult"
"15935",1,"MSUM",17,1,"adult"
"15936",1,"MSUM",18,1,"adult"
"15937",1,"MSUM",19,1,"adult"
"15938",1,"MSUM",20,1,"adult"
"15939",1,"MSUM",21,1,"adult"
"15940",1,"MSUM",22,1,"adult"
"15941",1,"MSUM",23,1,"adult"
"15942",1,"MSUM",24,1,"adult"
"15943",1,"MSUM",25,1,"adult"
"15944",1,"MSUM",26,1,"adult"
"15945",1,"MSUM",27,1,"adult"
"15946",1,"MSUM",28,1,"adult"
"15947",1,"MSUM",29,1,"adult"
"15948",1,"MSUM",30,1,"adult"
"15949",1,"MSUM",31,1,"adult"
"15950",1,"MSUM",32,1,"adult"
"15951",1,"MSUM",33,1,"adult"
"15952",1,"MSUM",34,1,"adult"
"15953",1,"MSUM",35,1,"adult"
"15954",1,"MSUM",36,1,"adult"
"15955",1,"MSUM",37,1,"adult"
"15956",1,"MSUM",38,1,"adult"
"15957",1,"MSUM",39,1,"adult"
"15958",1,"MSUM",40,1,"adult"
"15959",1,"MSUM",41,1,"adult"
"15961",1,"MTBG",1,1,"adult"
"15962",1,"MTBG",2,1,"adult"
"15963",1,"MTBG",3,1,"adult"
"15964",1,"MTBG",4,1,"adult"
"15965",1,"MTBG",5,1,"adult"
"15966",1,"MTBG",6,1,"adult"
"15967",1,"MTBG",7,1,"adult"
"15968",1,"MTBG",8,1,"adult"
"15969",1,"MTBG",9,1,"adult"
"15970",1,"MTBG",10,1,"adult"
"15971",1,"MTBG",11,1,"adult"
"15972",1,"MTBG",12,1,"adult"
"15973",1,"MTBG",13,1,"adult"
"15974",1,"MTBG",14,1,"adult"
"15975",1,"MTBG",15,1,"adult"
"15976",1,"MTBG",16,1,"adult"
"15977",1,"MTBG",17,1,"adult"
"15978",1,"MTBG",18,1,"adult"
"15979",1,"MTBG",19,1,"adult"
"15980",1,"MTBG",20,1,"adult"
"15981",1,"MTBG",21,1,"adult"
"15982",1,"MTBG",22,1,"adult"
"15983",1,"MTBG",23,1,"adult"
"15984",1,"MTBG",24,1,"adult"
"15985",1,"MTBG",25,1,"adult"
"15986",1,"MTBG",26,1,"adult"
"15987",1,"MTBG",27,1,"adult"
"15988",1,"MTBG",28,1,"adult"
"15989",1,"MTBG",29,1,"adult"
"15990",1,"MTBG",30,1,"adult"
"15991",1,"MTBG",31,1,"adult"
"15992",1,"MTBG",32,1,"adult"
"15993",1,"MTBG",33,1,"adult"
"15994",1,"MTBG",34,1,"adult"
"15995",1,"MTBG",35,1,"adult"
"15996",1,"MTBG",36,1,"adult"
"15997",1,"MTBG",37,1,"adult"
"15998",1,"MTBG",38,1,"adult"
"15999",1,"MTBG",39,1,"adult"
"16000",1,"MTBG",40,1,"adult"
"16001",1,"MTBG",41,1,"adult"
"16003",1,"MTSS",1,1,"adult"
"16004",1,"MTSS",2,1,"adult"
"16005",1,"MTSS",3,1,"adult"
"16006",1,"MTSS",4,1,"adult"
"16007",1,"MTSS",5,1,"adult"
"16008",1,"MTSS",6,1,"adult"
"16009",1,"MTSS",7,1,"adult"
"16010",1,"MTSS",8,1,"adult"
"16011",1,"MTSS",9,1,"adult"
"16012",1,"MTSS",10,1,"adult"
"16013",1,"MTSS",11,1,"adult"
"16014",1,"MTSS",12,1,"adult"
"16015",1,"MTSS",13,1,"adult"
"16016",1,"MTSS",14,1,"adult"
"16017",1,"MTSS",15,1,"adult"
"16018",1,"MTSS",16,1,"adult"
"16019",1,"MTSS",17,1,"adult"
"16020",1,"MTSS",18,1,"adult"
"16021",1,"MTSS",19,1,"adult"
"16022",1,"MTSS",20,1,"adult"
"16023",1,"MTSS",21,1,"adult"
"16024",1,"MTSS",22,1,"adult"
"16025",1,"MTSS",23,1,"adult"
"16026",1,"MTSS",24,1,"adult"
"16027",1,"MTSS",25,1,"adult"
"16028",1,"MTSS",26,1,"adult"
"16029",1,"MTSS",27,1,"adult"
"16030",1,"MTSS",28,1,"adult"
"16031",1,"MTSS",29,1,"adult"
"16032",1,"MTSS",30,1,"adult"
"16033",1,"MTSS",31,1,"adult"
"16034",1,"MTSS",32,1,"adult"
"16035",1,"MTSS",33,1,"adult"
"16036",1,"MTSS",34,1,"adult"
"16037",1,"MTSS",35,1,"adult"
"16038",1,"MTSS",36,1,"adult"
"16039",1,"MTSS",37,1,"adult"
"16040",1,"MTSS",38,1,"adult"
"16041",1,"MTSS",39,1,"adult"
"16042",1,"MTSS",40,1,"adult"
"16043",1,"MTSS",41,1,"adult"
"16045",1,"NIGT",1,1,"adult"
"16046",1,"NIGT",2,1,"adult"
"16047",1,"NIGT",3,1,"adult"
"16048",1,"NIGT",4,1,"adult"
"16049",1,"NIGT",5,1,"adult"
"16050",1,"NIGT",6,1,"adult"
"16051",1,"NIGT",7,1,"adult"
"16052",1,"NIGT",8,1,"adult"
"16053",1,"NIGT",9,1,"adult"
"16054",1,"NIGT",10,1,"adult"
"16055",1,"NIGT",11,1,"adult"
"16056",1,"NIGT",12,1,"adult"
"16057",1,"NIGT",13,1,"adult"
"16058",1,"NIGT",14,1,"adult"
"16059",1,"NIGT",15,1,"adult"
"16060",1,"NIGT",16,1,"adult"
"16061",1,"NIGT",17,1,"adult"
"16062",1,"NIGT",18,1,"adult"
"16063",1,"NIGT",19,1,"adult"
"16064",1,"NIGT",20,1,"adult"
"16065",1,"NIGT",21,1,"adult"
"16066",1,"NIGT",22,1,"adult"
"16067",1,"NIGT",23,1,"adult"
"16068",1,"NIGT",24,1,"adult"
"16069",1,"NIGT",25,1,"adult"
"16070",1,"NIGT",26,1,"adult"
"16071",1,"NIGT",27,1,"adult"
"16072",1,"NIGT",28,1,"adult"
"16073",1,"NIGT",29,1,"adult"
"16074",1,"NIGT",30,1,"adult"
"16075",1,"NIGT",31,1,"adult"
"16076",1,"NIGT",32,1,"adult"
"16077",1,"NIGT",33,1,"adult"
"16078",1,"NIGT",34,1,"adult"
"16079",1,"NIGT",35,1,"adult"
"16080",1,"NIGT",36,1,"adult"
"16081",1,"NIGT",37,1,"adult"
"16082",1,"NIGT",38,1,"adult"
"16083",1,"NIGT",39,1,"adult"
"16084",1,"NIGT",40,1,"adult"
"16085",1,"NIGT",41,1,"adult"
"16087",1,"NIP2",1,1,"adult"
"16088",1,"NIP2",2,1,"adult"
"16089",1,"NIP2",3,1,"adult"
"16090",1,"NIP2",4,1,"adult"
"16091",1,"NIP2",5,1,"adult"
"16092",1,"NIP2",6,1,"adult"
"16093",1,"NIP2",7,1,"adult"
"16094",1,"NIP2",8,1,"adult"
"16095",1,"NIP2",9,1,"adult"
"16096",1,"NIP2",10,1,"adult"
"16097",1,"NIP2",11,1,"adult"
"16098",1,"NIP2",12,1,"adult"
"16099",1,"NIP2",13,1,"adult"
"16100",1,"NIP2",14,1,"adult"
"16101",1,"NIP2",15,1,"adult"
"16102",1,"NIP2",16,1,"adult"
"16103",1,"NIP2",17,1,"adult"
"16104",1,"NIP2",18,1,"adult"
"16105",1,"NIP2",19,1,"adult"
"16106",1,"NIP2",20,1,"adult"
"16107",1,"NIP2",21,1,"adult"
"16108",1,"NIP2",22,1,"adult"
"16109",1,"NIP2",23,1,"adult"
"16110",1,"NIP2",24,1,"adult"
"16111",1,"NIP2",25,1,"adult"
"16112",1,"NIP2",26,1,"adult"
"16113",1,"NIP2",27,1,"adult"
"16114",1,"NIP2",28,1,"adult"
"16115",1,"NIP2",29,1,"adult"
"16116",1,"NIP2",30,1,"adult"
"16117",1,"NIP2",31,1,"adult"
"16118",1,"NIP2",32,1,"adult"
"16119",1,"NIP2",33,1,"adult"
"16120",1,"NIP2",34,1,"adult"
"16121",1,"NIP2",35,1,"adult"
"16122",1,"NIP2",36,1,"adult"
"16123",1,"NIP2",37,1,"adult"
"16124",1,"NIP2",38,1,"adult"
"16125",1,"NIP2",39,1,"adult"
"16126",1,"NIP2",40,1,"adult"
"16127",1,"NIP2",41,1,"adult"
"16129",1,"NKLN",1,1,"adult"
"16130",1,"NKLN",2,1,"adult"
"16131",1,"NKLN",3,1,"adult"
"16132",1,"NKLN",4,1,"adult"
"16133",1,"NKLN",5,1,"adult"
"16134",1,"NKLN",6,1,"adult"
"16135",1,"NKLN",7,1,"adult"
"16136",1,"NKLN",8,1,"adult"
"16137",1,"NKLN",9,1,"adult"
"16138",1,"NKLN",10,1,"adult"
"16139",1,"NKLN",11,1,"adult"
"16140",1,"NKLN",12,1,"adult"
"16141",1,"NKLN",13,1,"adult"
"16142",1,"NKLN",14,1,"adult"
"16143",1,"NKLN",15,1,"adult"
"16144",1,"NKLN",16,1,"adult"
"16145",1,"NKLN",17,1,"adult"
"16146",1,"NKLN",18,1,"adult"
"16147",1,"NKLN",19,1,"adult"
"16148",1,"NKLN",20,1,"adult"
"16149",1,"NKLN",21,1,"adult"
"16150",1,"NKLN",22,1,"adult"
"16151",1,"NKLN",23,1,"adult"
"16152",1,"NKLN",24,1,"adult"
"16153",1,"NKLN",25,1,"adult"
"16154",1,"NKLN",26,1,"adult"
"16155",1,"NKLN",27,1,"adult"
"16156",1,"NKLN",28,1,"adult"
"16157",1,"NKLN",29,1,"adult"
"16158",1,"NKLN",30,1,"adult"
"16159",1,"NKLN",31,1,"adult"
"16160",1,"NKLN",32,1,"adult"
"16161",1,"NKLN",33,1,"adult"
"16162",1,"NKLN",34,1,"adult"
"16163",1,"NKLN",35,1,"adult"
"16164",1,"NKLN",36,1,"adult"
"16165",1,"NKLN",37,1,"adult"
"16166",1,"NKLN",38,1,"adult"
"16167",1,"NKLN",39,1,"adult"
"16168",1,"NKLN",40,1,"adult"
"16169",1,"NKLN",41,1,"adult"
"16171",1,"OIEA",1,1,"adult"
"16172",1,"OIEA",2,1,"adult"
"16173",1,"OIEA",3,1,"adult"
"16174",1,"OIEA",4,1,"adult"
"16175",1,"OIEA",5,1,"adult"
"16176",1,"OIEA",6,1,"adult"
"16177",1,"OIEA",7,1,"adult"
"16178",1,"OIEA",8,1,"adult"
"16179",1,"OIEA",9,1,"adult"
"16180",1,"OIEA",10,1,"adult"
"16181",1,"OIEA",11,1,"adult"
"16182",1,"OIEA",12,1,"adult"
"16183",1,"OIEA",13,1,"adult"
"16184",1,"OIEA",14,1,"adult"
"16185",1,"OIEA",15,1,"adult"
"16186",1,"OIEA",16,1,"adult"
"16187",1,"OIEA",17,1,"adult"
"16188",1,"OIEA",18,1,"adult"
"16189",1,"OIEA",19,1,"adult"
"16190",1,"OIEA",20,1,"adult"
"16191",1,"OIEA",21,1,"adult"
"16192",1,"OIEA",22,1,"adult"
"16193",1,"OIEA",23,1,"adult"
"16194",1,"OIEA",24,1,"adult"
"16195",1,"OIEA",25,1,"adult"
"16196",1,"OIEA",26,1,"adult"
"16197",1,"OIEA",27,1,"adult"
"16198",1,"OIEA",28,1,"adult"
"16199",1,"OIEA",29,1,"adult"
"16200",1,"OIEA",30,1,"adult"
"16201",1,"OIEA",31,1,"adult"
"16202",1,"OIEA",32,1,"adult"
"16203",1,"OIEA",33,1,"adult"
"16204",1,"OIEA",34,1,"adult"
"16205",1,"OIEA",35,1,"adult"
"16206",1,"OIEA",36,1,"adult"
"16207",1,"OIEA",37,1,"adult"
"16208",1,"OIEA",38,1,"adult"
"16209",1,"OIEA",39,1,"adult"
"16210",1,"OIEA",40,1,"adult"
"16211",1,"OIEA",41,1,"adult"
"16213",1,"PAL1",1,1,"adult"
"16214",1,"PAL1",2,1,"adult"
"16215",1,"PAL1",3,1,"adult"
"16216",1,"PAL1",4,1,"adult"
"16217",1,"PAL1",5,1,"adult"
"16218",1,"PAL1",6,1,"adult"
"16219",1,"PAL1",7,1,"adult"
"16220",1,"PAL1",8,1,"adult"
"16221",1,"PAL1",9,1,"adult"
"16222",1,"PAL1",10,1,"adult"
"16223",1,"PAL1",11,1,"adult"
"16224",1,"PAL1",12,1,"adult"
"16225",1,"PAL1",13,1,"adult"
"16226",1,"PAL1",14,1,"adult"
"16227",1,"PAL1",15,1,"adult"
"16228",1,"PAL1",16,1,"adult"
"16229",1,"PAL1",17,1,"adult"
"16230",1,"PAL1",18,1,"adult"
"16231",1,"PAL1",19,1,"adult"
"16232",1,"PAL1",20,1,"adult"
"16233",1,"PAL1",21,1,"adult"
"16234",1,"PAL1",22,1,"adult"
"16235",1,"PAL1",23,1,"adult"
"16236",1,"PAL1",24,1,"adult"
"16237",1,"PAL1",25,1,"adult"
"16238",1,"PAL1",26,1,"adult"
"16239",1,"PAL1",27,1,"adult"
"16240",1,"PAL1",28,1,"adult"
"16241",1,"PAL1",29,1,"adult"
"16242",1,"PAL1",30,1,"adult"
"16243",1,"PAL1",31,1,"adult"
"16244",1,"PAL1",32,1,"adult"
"16245",1,"PAL1",33,1,"adult"
"16246",1,"PAL1",34,1,"adult"
"16247",1,"PAL1",35,1,"adult"
"16248",1,"PAL1",36,1,"adult"
"16249",1,"PAL1",37,1,"adult"
"16250",1,"PAL1",38,1,"adult"
"16251",1,"PAL1",39,1,"adult"
"16252",1,"PAL1",40,1,"adult"
"16253",1,"PAL1",41,1,"adult"
"16255",1,"PITA",1,1,"adult"
"16256",1,"PITA",2,1,"adult"
"16257",1,"PITA",3,1,"adult"
"16258",1,"PITA",4,1,"adult"
"16259",1,"PITA",5,1,"adult"
"16260",1,"PITA",6,1,"adult"
"16261",1,"PITA",7,1,"adult"
"16262",1,"PITA",8,1,"adult"
"16263",1,"PITA",9,1,"adult"
"16264",1,"PITA",10,1,"adult"
"16265",1,"PITA",11,1,"adult"
"16266",1,"PITA",12,1,"adult"
"16267",1,"PITA",13,1,"adult"
"16268",1,"PITA",14,1,"adult"
"16269",1,"PITA",15,1,"adult"
"16270",1,"PITA",16,1,"adult"
"16271",1,"PITA",17,1,"adult"
"16272",1,"PITA",18,1,"adult"
"16273",1,"PITA",19,1,"adult"
"16274",1,"PITA",20,1,"adult"
"16275",1,"PITA",21,1,"adult"
"16276",1,"PITA",22,1,"adult"
"16277",1,"PITA",23,1,"adult"
"16278",1,"PITA",24,1,"adult"
"16279",1,"PITA",25,1,"adult"
"16280",1,"PITA",26,1,"adult"
"16281",1,"PITA",27,1,"adult"
"16282",1,"PITA",28,1,"adult"
"16283",1,"PITA",29,1,"adult"
"16284",1,"PITA",30,1,"adult"
"16285",1,"PITA",31,1,"adult"
"16286",1,"PITA",32,1,"adult"
"16287",1,"PITA",33,1,"adult"
"16288",1,"PITA",34,1,"adult"
"16289",1,"PITA",35,1,"adult"
"16290",1,"PITA",36,1,"adult"
"16291",1,"PITA",37,1,"adult"
"16292",1,"PITA",38,1,"adult"
"16293",1,"PITA",39,1,"adult"
"16294",1,"PITA",40,1,"adult"
"16295",1,"PITA",41,1,"adult"
"16297",1,"PLUG",1,1,"adult"
"16298",1,"PLUG",2,1,"adult"
"16299",1,"PLUG",3,1,"adult"
"16300",1,"PLUG",4,1,"adult"
"16301",1,"PLUG",5,1,"adult"
"16302",1,"PLUG",6,1,"adult"
"16303",1,"PLUG",7,1,"adult"
"16304",1,"PLUG",8,1,"adult"
"16305",1,"PLUG",9,1,"adult"
"16306",1,"PLUG",10,1,"adult"
"16307",1,"PLUG",11,1,"adult"
"16308",1,"PLUG",12,1,"adult"
"16309",1,"PLUG",13,1,"adult"
"16310",1,"PLUG",14,1,"adult"
"16311",1,"PLUG",15,1,"adult"
"16312",1,"PLUG",16,1,"adult"
"16313",1,"PLUG",17,1,"adult"
"16314",1,"PLUG",18,1,"adult"
"16315",1,"PLUG",19,1,"adult"
"16316",1,"PLUG",20,1,"adult"
"16317",1,"PLUG",21,1,"adult"
"16318",1,"PLUG",22,1,"adult"
"16319",1,"PLUG",23,1,"adult"
"16320",1,"PLUG",24,1,"adult"
"16321",1,"PLUG",25,1,"adult"
"16322",1,"PLUG",26,1,"adult"
"16323",1,"PLUG",27,1,"adult"
"16324",1,"PLUG",28,1,"adult"
"16325",1,"PLUG",29,1,"adult"
"16326",1,"PLUG",30,1,"adult"
"16327",1,"PLUG",31,1,"adult"
"16328",1,"PLUG",32,1,"adult"
"16329",1,"PLUG",33,1,"adult"
"16330",1,"PLUG",34,1,"adult"
"16331",1,"PLUG",35,1,"adult"
"16332",1,"PLUG",36,1,"adult"
"16333",1,"PLUG",37,1,"adult"
"16334",1,"PLUG",38,1,"adult"
"16335",1,"PLUG",39,1,"adult"
"16336",1,"PLUG",40,1,"adult"
"16337",1,"PLUG",41,1,"adult"
"16339",1,"PNBC",1,1,"unborn"
"16340",1,"PNBC",2,1,"unborn"
"16341",1,"PNBC",3,1,"unborn"
"16342",1,"PNBC",4,1,"unborn"
"16343",1,"PNBC",5,1,"unborn"
"16344",1,"PNBC",6,1,"unborn"
"16345",1,"PNBC",7,1,"unborn"
"16346",1,"PNBC",8,1,"unborn"
"16347",1,"PNBC",9,1,"unborn"
"16348",1,"PNBC",10,1,"unborn"
"16349",1,"PNBC",11,1,"unborn"
"16350",1,"PNBC",12,1,"unborn"
"16351",1,"PNBC",13,1,"unborn"
"16352",1,"PNBC",14,1,"unborn"
"16353",1,"PNBC",15,1,"unborn"
"16354",1,"PNBC",16,1,"unborn"
"16355",1,"PNBC",17,1,"unborn"
"16356",1,"PNBC",18,1,"unborn"
"16357",1,"PNBC",19,1,"unborn"
"16358",1,"PNBC",20,1,"unborn"
"16359",1,"PNBC",21,1,"calf"
"16360",1,"PNBC",22,1,"calf"
"16361",1,"PNBC",23,1,"calf"
"16362",1,"PNBC",24,1,"calf"
"16363",1,"PNBC",25,1,"calf"
"16364",1,"PNBC",26,1,"calf"
"16365",1,"PNBC",27,1,"calf"
"16366",1,"PNBC",28,1,"calf"
"16367",1,"PNBC",29,1,"calf"
"16368",1,"PNBC",30,1,"juvenile"
"16369",1,"PNBC",31,1,"juvenile"
"16370",1,"PNBC",32,1,"juvenile"
"16371",1,"PNBC",33,1,"juvenile"
"16372",1,"PNBC",34,1,"juvenile"
"16373",1,"PNBC",35,1,"juvenile"
"16374",1,"PNBC",36,1,"juvenile"
"16375",1,"PNBC",37,1,"juvenile"
"16376",1,"PNBC",38,1,"juvenile"
"16377",1,"PNBC",39,1,"juvenile"
"16378",1,"PNBC",40,1,"juvenile"
"16379",1,"PNBC",41,1,"juvenile"
"16381",1,"PNBT",1,1,"adult"
"16382",1,"PNBT",2,1,"adult"
"16383",1,"PNBT",3,1,"adult"
"16384",1,"PNBT",4,1,"adult"
"16385",1,"PNBT",5,1,"adult"
"16386",1,"PNBT",6,1,"adult"
"16387",1,"PNBT",7,1,"adult"
"16388",1,"PNBT",8,1,"adult"
"16389",1,"PNBT",9,1,"adult"
"16390",1,"PNBT",10,1,"adult"
"16391",1,"PNBT",11,1,"adult"
"16392",1,"PNBT",12,1,"adult"
"16393",1,"PNBT",13,1,"adult"
"16394",1,"PNBT",14,1,"adult"
"16395",1,"PNBT",15,1,"adult"
"16396",1,"PNBT",16,1,"adult"
"16397",1,"PNBT",17,1,"adult"
"16398",1,"PNBT",18,1,"adult"
"16399",1,"PNBT",19,1,"adult"
"16400",1,"PNBT",20,1,"adult"
"16401",1,"PNBT",21,1,"adult"
"16402",1,"PNBT",22,1,"adult"
"16403",1,"PNBT",23,1,"adult"
"16404",1,"PNBT",24,1,"adult"
"16405",1,"PNBT",25,1,"adult"
"16406",1,"PNBT",26,1,"adult"
"16407",1,"PNBT",27,1,"adult"
"16408",1,"PNBT",28,1,"adult"
"16409",1,"PNBT",29,1,"adult"
"16410",1,"PNBT",30,1,"adult"
"16411",1,"PNBT",31,1,"adult"
"16412",1,"PNBT",32,1,"adult"
"16413",1,"PNBT",33,1,"adult"
"16414",1,"PNBT",34,1,"adult"
"16415",1,"PNBT",35,1,"adult"
"16416",1,"PNBT",36,1,"adult"
"16417",1,"PNBT",37,1,"adult"
"16418",1,"PNBT",38,1,"adult"
"16419",1,"PNBT",39,1,"adult"
"16420",1,"PNBT",40,1,"adult"
"16421",1,"PNBT",41,1,"adult"
"16423",1,"POOF",1,1,"adult"
"16424",1,"POOF",2,1,"adult"
"16425",1,"POOF",3,1,"adult"
"16426",1,"POOF",4,1,"adult"
"16427",1,"POOF",5,1,"adult"
"16428",1,"POOF",6,1,"adult"
"16429",1,"POOF",7,1,"adult"
"16430",1,"POOF",8,1,"adult"
"16431",1,"POOF",9,1,"adult"
"16432",1,"POOF",10,1,"adult"
"16433",1,"POOF",11,1,"adult"
"16434",1,"POOF",12,1,"adult"
"16435",1,"POOF",13,1,"adult"
"16436",1,"POOF",14,1,"adult"
"16437",1,"POOF",15,1,"adult"
"16438",1,"POOF",16,1,"adult"
"16439",1,"POOF",17,1,"adult"
"16440",1,"POOF",18,1,"adult"
"16441",1,"POOF",19,1,"adult"
"16442",1,"POOF",20,1,"adult"
"16443",1,"POOF",21,1,"adult"
"16444",1,"POOF",22,1,"adult"
"16445",1,"POOF",23,1,"adult"
"16446",1,"POOF",24,1,"adult"
"16447",1,"POOF",25,1,"adult"
"16448",1,"POOF",26,1,"adult"
"16449",1,"POOF",27,1,"adult"
"16450",1,"POOF",28,1,"adult"
"16451",1,"POOF",29,1,"adult"
"16452",1,"POOF",30,1,"adult"
"16453",1,"POOF",31,1,"adult"
"16454",1,"POOF",32,1,"adult"
"16455",1,"POOF",33,1,"adult"
"16456",1,"POOF",34,1,"adult"
"16457",1,"POOF",35,1,"adult"
"16458",1,"POOF",36,1,"adult"
"16459",1,"POOF",37,1,"adult"
"16460",1,"POOF",38,1,"adult"
"16461",1,"POOF",39,1,"adult"
"16462",1,"POOF",40,1,"adult"
"16463",1,"POOF",41,1,"adult"
"16465",1,"PRF2",1,1,"adult"
"16466",1,"PRF2",2,1,"adult"
"16467",1,"PRF2",3,1,"adult"
"16468",1,"PRF2",4,1,"adult"
"16469",1,"PRF2",5,1,"adult"
"16470",1,"PRF2",6,1,"adult"
"16471",1,"PRF2",7,1,"adult"
"16472",1,"PRF2",8,1,"adult"
"16473",1,"PRF2",9,1,"adult"
"16474",1,"PRF2",10,1,"adult"
"16475",1,"PRF2",11,1,"adult"
"16476",1,"PRF2",12,1,"adult"
"16477",1,"PRF2",13,1,"adult"
"16478",1,"PRF2",14,1,"adult"
"16479",1,"PRF2",15,1,"adult"
"16480",1,"PRF2",16,1,"adult"
"16481",1,"PRF2",17,1,"adult"
"16482",1,"PRF2",18,1,"adult"
"16483",1,"PRF2",19,1,"adult"
"16484",1,"PRF2",20,1,"adult"
"16485",1,"PRF2",21,1,"adult"
"16486",1,"PRF2",22,1,"adult"
"16487",1,"PRF2",23,1,"adult"
"16488",1,"PRF2",24,1,"adult"
"16489",1,"PRF2",25,1,"adult"
"16490",1,"PRF2",26,1,"adult"
"16491",1,"PRF2",27,1,"adult"
"16492",1,"PRF2",28,1,"adult"
"16493",1,"PRF2",29,1,"adult"
"16494",1,"PRF2",30,1,"adult"
"16495",1,"PRF2",31,1,"adult"
"16496",1,"PRF2",32,1,"adult"
"16497",1,"PRF2",33,1,"adult"
"16498",1,"PRF2",34,1,"adult"
"16499",1,"PRF2",35,1,"adult"
"16500",1,"PRF2",36,1,"adult"
"16501",1,"PRF2",37,1,"adult"
"16502",1,"PRF2",38,1,"adult"
"16503",1,"PRF2",39,1,"adult"
"16504",1,"PRF2",40,1,"adult"
"16505",1,"PRF2",41,1,"adult"
"16507",1,"PRFR",1,1,"adult"
"16508",1,"PRFR",2,1,"adult"
"16509",1,"PRFR",3,1,"adult"
"16510",1,"PRFR",4,1,"adult"
"16511",1,"PRFR",5,1,"adult"
"16512",1,"PRFR",6,1,"adult"
"16513",1,"PRFR",7,1,"adult"
"16514",1,"PRFR",8,1,"adult"
"16515",1,"PRFR",9,1,"adult"
"16516",1,"PRFR",10,1,"adult"
"16517",1,"PRFR",11,1,"adult"
"16518",1,"PRFR",12,1,"adult"
"16519",1,"PRFR",13,1,"adult"
"16520",1,"PRFR",14,1,"adult"
"16521",1,"PRFR",15,1,"adult"
"16522",1,"PRFR",16,1,"adult"
"16523",1,"PRFR",17,1,"adult"
"16524",1,"PRFR",18,1,"adult"
"16525",1,"PRFR",19,1,"adult"
"16526",1,"PRFR",20,1,"adult"
"16527",1,"PRFR",21,1,"adult"
"16528",1,"PRFR",22,1,"adult"
"16529",1,"PRFR",23,1,"adult"
"16530",1,"PRFR",24,1,"adult"
"16531",1,"PRFR",25,1,"adult"
"16532",1,"PRFR",26,1,"adult"
"16533",1,"PRFR",27,1,"adult"
"16534",1,"PRFR",28,1,"adult"
"16535",1,"PRFR",29,1,"adult"
"16536",1,"PRFR",30,1,"adult"
"16537",1,"PRFR",31,1,"adult"
"16538",1,"PRFR",32,1,"adult"
"16539",1,"PRFR",33,1,"adult"
"16540",1,"PRFR",34,1,"adult"
"16541",1,"PRFR",35,1,"adult"
"16542",1,"PRFR",36,1,"adult"
"16543",1,"PRFR",37,1,"adult"
"16544",1,"PRFR",38,1,"adult"
"16545",1,"PRFR",39,1,"adult"
"16546",1,"PRFR",40,1,"adult"
"16547",1,"PRFR",41,1,"adult"
"16549",1,"PSC3",1,1,"adult"
"16550",1,"PSC3",2,1,"adult"
"16551",1,"PSC3",3,1,"adult"
"16552",1,"PSC3",4,1,"adult"
"16553",1,"PSC3",5,1,"adult"
"16554",1,"PSC3",6,1,"adult"
"16555",1,"PSC3",7,1,"adult"
"16556",1,"PSC3",8,1,"adult"
"16557",1,"PSC3",9,1,"adult"
"16558",1,"PSC3",10,1,"adult"
"16559",1,"PSC3",11,1,"adult"
"16560",1,"PSC3",12,1,"adult"
"16561",1,"PSC3",13,1,"adult"
"16562",1,"PSC3",14,1,"adult"
"16563",1,"PSC3",15,1,"adult"
"16564",1,"PSC3",16,1,"adult"
"16565",1,"PSC3",17,1,"adult"
"16566",1,"PSC3",18,1,"adult"
"16567",1,"PSC3",19,1,"adult"
"16568",1,"PSC3",20,1,"adult"
"16569",1,"PSC3",21,1,"adult"
"16570",1,"PSC3",22,1,"adult"
"16571",1,"PSC3",23,1,"adult"
"16572",1,"PSC3",24,1,"adult"
"16573",1,"PSC3",25,1,"adult"
"16574",1,"PSC3",26,1,"adult"
"16575",1,"PSC3",27,1,"adult"
"16576",1,"PSC3",28,1,"adult"
"16577",1,"PSC3",29,1,"adult"
"16578",1,"PSC3",30,1,"adult"
"16579",1,"PSC3",31,1,"adult"
"16580",1,"PSC3",32,1,"adult"
"16581",1,"PSC3",33,1,"adult"
"16582",1,"PSC3",34,1,"adult"
"16583",1,"PSC3",35,1,"adult"
"16584",1,"PSC3",36,1,"adult"
"16585",1,"PSC3",37,1,"adult"
"16586",1,"PSC3",38,1,"adult"
"16587",1,"PSC3",39,1,"adult"
"16588",1,"PSC3",40,1,"adult"
"16589",1,"PSC3",41,1,"adult"
"16591",1,"PSC5",1,1,"unborn"
"16592",1,"PSC5",2,1,"unborn"
"16593",1,"PSC5",3,1,"unborn"
"16594",1,"PSC5",4,1,"unborn"
"16595",1,"PSC5",5,1,"unborn"
"16596",1,"PSC5",6,1,"unborn"
"16597",1,"PSC5",7,1,"unborn"
"16598",1,"PSC5",8,1,"unborn"
"16599",1,"PSC5",9,1,"unborn"
"16600",1,"PSC5",10,1,"unborn"
"16601",1,"PSC5",11,1,"unborn"
"16602",1,"PSC5",12,1,"unborn"
"16603",1,"PSC5",13,1,"unborn"
"16604",1,"PSC5",14,1,"unborn"
"16605",1,"PSC5",15,1,"unborn"
"16606",1,"PSC5",16,1,"unborn"
"16607",1,"PSC5",17,1,"unborn"
"16608",1,"PSC5",18,1,"unborn"
"16609",1,"PSC5",19,1,"calf"
"16610",1,"PSC5",20,1,"calf"
"16611",1,"PSC5",21,1,"calf"
"16612",1,"PSC5",22,1,"calf"
"16613",1,"PSC5",23,1,"calf"
"16614",1,"PSC5",24,1,"calf"
"16615",1,"PSC5",25,1,"calf"
"16616",1,"PSC5",26,1,"juvenile"
"16617",1,"PSC5",27,1,"juvenile"
"16618",1,"PSC5",28,1,"juvenile"
"16619",1,"PSC5",29,1,"juvenile"
"16620",1,"PSC5",30,1,"juvenile"
"16621",1,"PSC5",31,1,"juvenile"
"16622",1,"PSC5",32,1,"juvenile"
"16623",1,"PSC5",33,1,"juvenile"
"16624",1,"PSC5",34,1,"juvenile"
"16625",1,"PSC5",35,1,"juvenile"
"16626",1,"PSC5",36,1,"juvenile"
"16627",1,"PSC5",37,1,"juvenile"
"16628",1,"PSC5",38,1,"juvenile"
"16629",1,"PSC5",39,1,"juvenile"
"16630",1,"PSC5",40,1,"juvenile"
"16631",1,"PSC5",41,1,"juvenile"
"16633",1,"PSC6",1,1,"unborn"
"16634",1,"PSC6",2,1,"unborn"
"16635",1,"PSC6",3,1,"unborn"
"16636",1,"PSC6",4,1,"unborn"
"16637",1,"PSC6",5,1,"unborn"
"16638",1,"PSC6",6,1,"unborn"
"16639",1,"PSC6",7,1,"unborn"
"16640",1,"PSC6",8,1,"unborn"
"16641",1,"PSC6",9,1,"unborn"
"16642",1,"PSC6",10,1,"unborn"
"16643",1,"PSC6",11,1,"unborn"
"16644",1,"PSC6",12,1,"unborn"
"16645",1,"PSC6",13,1,"unborn"
"16646",1,"PSC6",14,1,"unborn"
"16647",1,"PSC6",15,1,"unborn"
"16648",1,"PSC6",16,1,"unborn"
"16649",1,"PSC6",17,1,"unborn"
"16650",1,"PSC6",18,1,"unborn"
"16651",1,"PSC6",19,1,"unborn"
"16652",1,"PSC6",20,1,"unborn"
"16653",1,"PSC6",21,1,"unborn"
"16654",1,"PSC6",22,1,"unborn"
"16655",1,"PSC6",23,1,"unborn"
"16656",1,"PSC6",24,1,"unborn"
"16657",1,"PSC6",25,1,"unborn"
"16658",1,"PSC6",26,1,"calf"
"16659",1,"PSC6",27,1,"calf"
"16660",1,"PSC6",28,1,"calf"
"16661",1,"PSC6",29,1,"calf"
"16662",1,"PSC6",30,1,"calf"
"16663",1,"PSC6",31,1,"calf"
"16664",1,"PSC6",32,1,"calf"
"16665",1,"PSC6",33,1,"calf"
"16666",1,"PSC6",34,1,"calf"
"16667",1,"PSC6",35,1,"calf"
"16668",1,"PSC6",36,1,"calf"
"16669",1,"PSC6",37,1,"calf"
"16670",1,"PSC6",38,1,"calf"
"16671",1,"PSC6",39,1,"calf"
"16672",1,"PSC6",40,1,"calf"
"16673",1,"PSC6",41,1,"calf"
"16675",1,"PSDQ",1,1,"adult"
"16676",1,"PSDQ",2,1,"adult"
"16677",1,"PSDQ",3,1,"adult"
"16678",1,"PSDQ",4,1,"adult"
"16679",1,"PSDQ",5,1,"adult"
"16680",1,"PSDQ",6,1,"adult"
"16681",1,"PSDQ",7,1,"adult"
"16682",1,"PSDQ",8,1,"adult"
"16683",1,"PSDQ",9,1,"adult"
"16684",1,"PSDQ",10,1,"adult"
"16685",1,"PSDQ",11,1,"adult"
"16686",1,"PSDQ",12,1,"adult"
"16687",1,"PSDQ",13,1,"adult"
"16688",1,"PSDQ",14,1,"adult"
"16689",1,"PSDQ",15,1,"adult"
"16690",1,"PSDQ",16,1,"adult"
"16691",1,"PSDQ",17,1,"adult"
"16692",1,"PSDQ",18,1,"adult"
"16693",1,"PSDQ",19,1,"adult"
"16694",1,"PSDQ",20,1,"adult"
"16695",1,"PSDQ",21,1,"adult"
"16696",1,"PSDQ",22,1,"adult"
"16697",1,"PSDQ",23,1,"adult"
"16698",1,"PSDQ",24,1,"adult"
"16699",1,"PSDQ",25,1,"adult"
"16700",1,"PSDQ",26,1,"adult"
"16701",1,"PSDQ",27,1,"adult"
"16702",1,"PSDQ",28,1,"adult"
"16703",1,"PSDQ",29,1,"adult"
"16704",1,"PSDQ",30,1,"adult"
"16705",1,"PSDQ",31,1,"adult"
"16706",1,"PSDQ",32,1,"adult"
"16707",1,"PSDQ",33,1,"adult"
"16708",1,"PSDQ",34,1,"adult"
"16709",1,"PSDQ",35,1,"adult"
"16710",1,"PSDQ",36,1,"adult"
"16711",1,"PSDQ",37,1,"adult"
"16712",1,"PSDQ",38,1,"adult"
"16713",1,"PSDQ",39,1,"adult"
"16714",1,"PSDQ",40,1,"adult"
"16715",1,"PSDQ",41,1,"adult"
"16717",1,"PUMP",1,1,"adult"
"16718",1,"PUMP",2,1,"adult"
"16719",1,"PUMP",3,1,"adult"
"16720",1,"PUMP",4,1,"adult"
"16721",1,"PUMP",5,1,"adult"
"16722",1,"PUMP",6,1,"adult"
"16723",1,"PUMP",7,1,"adult"
"16724",1,"PUMP",8,1,"adult"
"16725",1,"PUMP",9,1,"adult"
"16726",1,"PUMP",10,1,"adult"
"16727",1,"PUMP",11,1,"adult"
"16728",1,"PUMP",12,1,"adult"
"16729",1,"PUMP",13,1,"adult"
"16730",1,"PUMP",14,1,"adult"
"16731",1,"PUMP",15,1,"adult"
"16732",1,"PUMP",16,1,"adult"
"16733",1,"PUMP",17,1,"adult"
"16734",1,"PUMP",18,1,"adult"
"16735",1,"PUMP",19,1,"adult"
"16736",1,"PUMP",20,1,"adult"
"16737",1,"PUMP",21,1,"adult"
"16738",1,"PUMP",22,1,"adult"
"16739",1,"PUMP",23,1,"adult"
"16740",1,"PUMP",24,1,"adult"
"16741",1,"PUMP",25,1,"adult"
"16742",1,"PUMP",26,1,"adult"
"16743",1,"PUMP",27,1,"adult"
"16744",1,"PUMP",28,1,"adult"
"16745",1,"PUMP",29,1,"adult"
"16746",1,"PUMP",30,1,"adult"
"16747",1,"PUMP",31,1,"adult"
"16748",1,"PUMP",32,1,"adult"
"16749",1,"PUMP",33,1,"adult"
"16750",1,"PUMP",34,1,"adult"
"16751",1,"PUMP",35,1,"adult"
"16752",1,"PUMP",36,1,"adult"
"16753",1,"PUMP",37,1,"adult"
"16754",1,"PUMP",38,1,"adult"
"16755",1,"PUMP",39,1,"adult"
"16756",1,"PUMP",40,1,"adult"
"16757",1,"PUMP",41,1,"adult"
"16759",1,"QECD",1,1,"unborn"
"16760",1,"QECD",2,1,"unborn"
"16761",1,"QECD",3,1,"unborn"
"16762",1,"QECD",4,1,"unborn"
"16763",1,"QECD",5,1,"unborn"
"16764",1,"QECD",6,1,"unborn"
"16765",1,"QECD",7,1,"unborn"
"16766",1,"QECD",8,1,"unborn"
"16767",1,"QECD",9,1,"unborn"
"16768",1,"QECD",10,1,"unborn"
"16769",1,"QECD",11,1,"unborn"
"16770",1,"QECD",12,1,"calf"
"16771",1,"QECD",13,1,"calf"
"16772",1,"QECD",14,1,"calf"
"16773",1,"QECD",15,1,"juvenile"
"16774",1,"QECD",16,1,"juvenile"
"16775",1,"QECD",17,1,"juvenile"
"16776",1,"QECD",18,1,"juvenile"
"16777",1,"QECD",19,1,"juvenile"
"16778",1,"QECD",20,1,"juvenile"
"16779",1,"QECD",21,1,"juvenile"
"16780",1,"QECD",22,1,"juvenile"
"16781",1,"QECD",23,1,"juvenile"
"16782",1,"QECD",24,1,"adult"
"16783",1,"QECD",25,1,"adult"
"16784",1,"QECD",26,1,"adult"
"16785",1,"QECD",27,1,"adult"
"16786",1,"QECD",28,1,"adult"
"16787",1,"QECD",29,1,"adult"
"16788",1,"QECD",30,1,"adult"
"16789",1,"QECD",31,1,"adult"
"16790",1,"QECD",32,1,"adult"
"16791",1,"QECD",33,1,"adult"
"16792",1,"QECD",34,1,"adult"
"16793",1,"QECD",35,1,"adult"
"16794",1,"QECD",36,1,"adult"
"16795",1,"QECD",37,1,"adult"
"16796",1,"QECD",38,1,"adult"
"16797",1,"QECD",39,1,"adult"
"16798",1,"QECD",40,1,"adult"
"16799",1,"QECD",41,1,"adult"
"16801",1,"RTM2",1,1,"unborn"
"16802",1,"RTM2",2,1,"unborn"
"16803",1,"RTM2",3,1,"unborn"
"16804",1,"RTM2",4,1,"unborn"
"16805",1,"RTM2",5,1,"unborn"
"16806",1,"RTM2",6,1,"unborn"
"16807",1,"RTM2",7,1,"unborn"
"16808",1,"RTM2",8,1,"unborn"
"16809",1,"RTM2",9,1,"calf"
"16810",1,"RTM2",10,1,"calf"
"16811",1,"RTM2",11,1,"calf"
"16812",1,"RTM2",12,1,"calf"
"16813",1,"RTM2",13,1,"calf"
"16814",1,"RTM2",14,1,"juvenile"
"16815",1,"RTM2",15,1,"juvenile"
"16816",1,"RTM2",16,1,"juvenile"
"16817",1,"RTM2",17,1,"juvenile"
"16818",1,"RTM2",18,1,"juvenile"
"16819",1,"RTM2",19,1,"juvenile"
"16820",1,"RTM2",20,1,"juvenile"
"16821",1,"RTM2",21,1,"adult"
"16822",1,"RTM2",22,1,"adult"
"16823",1,"RTM2",23,1,"adult"
"16824",1,"RTM2",24,1,"adult"
"16825",1,"RTM2",25,1,"adult"
"16826",1,"RTM2",26,1,"adult"
"16827",1,"RTM2",27,1,"adult"
"16828",1,"RTM2",28,1,"adult"
"16829",1,"RTM2",29,1,"adult"
"16830",1,"RTM2",30,1,"adult"
"16831",1,"RTM2",31,1,"adult"
"16832",1,"RTM2",32,1,"adult"
"16833",1,"RTM2",33,1,"adult"
"16834",1,"RTM2",34,1,"adult"
"16835",1,"RTM2",35,1,"adult"
"16836",1,"RTM2",36,1,"adult"
"16837",1,"RTM2",37,1,"adult"
"16838",1,"RTM2",38,1,"adult"
"16839",1,"RTM2",39,1,"adult"
"16840",1,"RTM2",40,1,"adult"
"16841",1,"RTM2",41,1,"adult"
"16843",1,"RTM3",1,1,"unborn"
"16844",1,"RTM3",2,1,"unborn"
"16845",1,"RTM3",3,1,"unborn"
"16846",1,"RTM3",4,1,"unborn"
"16847",1,"RTM3",5,1,"unborn"
"16848",1,"RTM3",6,1,"unborn"
"16849",1,"RTM3",7,1,"unborn"
"16850",1,"RTM3",8,1,"unborn"
"16851",1,"RTM3",9,1,"unborn"
"16852",1,"RTM3",10,1,"unborn"
"16853",1,"RTM3",11,1,"unborn"
"16854",1,"RTM3",12,1,"unborn"
"16855",1,"RTM3",13,1,"unborn"
"16856",1,"RTM3",14,1,"unborn"
"16857",1,"RTM3",15,1,"unborn"
"16858",1,"RTM3",16,1,"calf"
"16859",1,"RTM3",17,1,"calf"
"16860",1,"RTM3",18,1,"calf"
"16861",1,"RTM3",19,1,"calf"
"16862",1,"RTM3",20,1,"calf"
"16863",1,"RTM3",21,1,"calf"
"16864",1,"RTM3",22,1,"calf"
"16865",1,"RTM3",23,1,"calf"
"16866",1,"RTM3",24,1,"juvenile"
"16867",1,"RTM3",25,1,"juvenile"
"16868",1,"RTM3",26,1,"juvenile"
"16869",1,"RTM3",27,1,"juvenile"
"16870",1,"RTM3",28,1,"juvenile"
"16871",1,"RTM3",29,1,"juvenile"
"16872",1,"RTM3",30,1,"juvenile"
"16873",1,"RTM3",31,1,"juvenile"
"16874",1,"RTM3",32,1,"juvenile"
"16875",1,"RTM3",33,1,"juvenile"
"16876",1,"RTM3",34,1,"juvenile"
"16877",1,"RTM3",35,1,"juvenile"
"16878",1,"RTM3",36,1,"juvenile"
"16879",1,"RTM3",37,1,"juvenile"
"16880",1,"RTM3",38,1,"juvenile"
"16881",1,"RTM3",39,1,"juvenile"
"16882",1,"RTM3",40,1,"juvenile"
"16883",1,"RTM3",41,1,"juvenile"
"16885",1,"RTM4",1,1,"unborn"
"16886",1,"RTM4",2,1,"unborn"
"16887",1,"RTM4",3,1,"unborn"
"16888",1,"RTM4",4,1,"unborn"
"16889",1,"RTM4",5,1,"unborn"
"16890",1,"RTM4",6,1,"unborn"
"16891",1,"RTM4",7,1,"unborn"
"16892",1,"RTM4",8,1,"unborn"
"16893",1,"RTM4",9,1,"unborn"
"16894",1,"RTM4",10,1,"unborn"
"16895",1,"RTM4",11,1,"unborn"
"16896",1,"RTM4",12,1,"unborn"
"16897",1,"RTM4",13,1,"unborn"
"16898",1,"RTM4",14,1,"unborn"
"16899",1,"RTM4",15,1,"unborn"
"16900",1,"RTM4",16,1,"unborn"
"16901",1,"RTM4",17,1,"unborn"
"16902",1,"RTM4",18,1,"unborn"
"16903",1,"RTM4",19,1,"unborn"
"16904",1,"RTM4",20,1,"unborn"
"16905",1,"RTM4",21,1,"unborn"
"16906",1,"RTM4",22,1,"unborn"
"16907",1,"RTM4",23,1,"unborn"
"16908",1,"RTM4",24,1,"unborn"
"16909",1,"RTM4",25,1,"unborn"
"16910",1,"RTM4",26,1,"calf"
"16911",1,"RTM4",27,1,"calf"
"16912",1,"RTM4",28,1,"calf"
"16913",1,"RTM4",29,1,"calf"
"16914",1,"RTM4",30,1,"calf"
"16915",1,"RTM4",31,1,"calf"
"16916",1,"RTM4",32,1,"calf"
"16917",1,"RTM4",33,1,"calf"
"16918",1,"RTM4",34,1,"calf"
"16919",1,"RTM4",35,1,"calf"
"16920",1,"RTM4",36,1,"calf"
"16921",1,"RTM4",37,1,"calf"
"16922",1,"RTM4",38,1,"calf"
"16923",1,"RTM4",39,1,"calf"
"16924",1,"RTM4",40,1,"calf"
"16925",1,"RTM4",41,1,"calf"
"16927",1,"RTM5",1,1,"unborn"
"16928",1,"RTM5",2,1,"unborn"
"16929",1,"RTM5",3,1,"unborn"
"16930",1,"RTM5",4,1,"unborn"
"16931",1,"RTM5",5,1,"unborn"
"16932",1,"RTM5",6,1,"unborn"
"16933",1,"RTM5",7,1,"unborn"
"16934",1,"RTM5",8,1,"unborn"
"16935",1,"RTM5",9,1,"unborn"
"16936",1,"RTM5",10,1,"unborn"
"16937",1,"RTM5",11,1,"unborn"
"16938",1,"RTM5",12,1,"unborn"
"16939",1,"RTM5",13,1,"unborn"
"16940",1,"RTM5",14,1,"unborn"
"16941",1,"RTM5",15,1,"unborn"
"16942",1,"RTM5",16,1,"unborn"
"16943",1,"RTM5",17,1,"unborn"
"16944",1,"RTM5",18,1,"unborn"
"16945",1,"RTM5",19,1,"unborn"
"16946",1,"RTM5",20,1,"unborn"
"16947",1,"RTM5",21,1,"unborn"
"16948",1,"RTM5",22,1,"unborn"
"16949",1,"RTM5",23,1,"unborn"
"16950",1,"RTM5",24,1,"unborn"
"16951",1,"RTM5",25,1,"unborn"
"16952",1,"RTM5",26,1,"unborn"
"16953",1,"RTM5",27,1,"unborn"
"16954",1,"RTM5",28,1,"unborn"
"16955",1,"RTM5",29,1,"unborn"
"16956",1,"RTM5",30,1,"unborn"
"16957",1,"RTM5",31,1,"unborn"
"16958",1,"RTM5",32,1,"unborn"
"16959",1,"RTM5",33,1,"unborn"
"16960",1,"RTM5",34,1,"unborn"
"16961",1,"RTM5",35,1,"unborn"
"16962",1,"RTM5",36,1,"unborn"
"16963",1,"RTM5",37,1,"calf"
"16964",1,"RTM5",38,1,"calf"
"16965",1,"RTM5",39,1,"calf"
"16966",1,"RTM5",40,1,"calf"
"16967",1,"RTM5",41,1,"calf"
"16969",1,"RTMW",1,1,"adult"
"16970",1,"RTMW",2,1,"adult"
"16971",1,"RTMW",3,1,"adult"
"16972",1,"RTMW",4,1,"adult"
"16973",1,"RTMW",5,1,"adult"
"16974",1,"RTMW",6,1,"adult"
"16975",1,"RTMW",7,1,"adult"
"16976",1,"RTMW",8,1,"adult"
"16977",1,"RTMW",9,1,"adult"
"16978",1,"RTMW",10,1,"adult"
"16979",1,"RTMW",11,1,"adult"
"16980",1,"RTMW",12,1,"adult"
"16981",1,"RTMW",13,1,"adult"
"16982",1,"RTMW",14,1,"adult"
"16983",1,"RTMW",15,1,"adult"
"16984",1,"RTMW",16,1,"adult"
"16985",1,"RTMW",17,1,"adult"
"16986",1,"RTMW",18,1,"adult"
"16987",1,"RTMW",19,1,"adult"
"16988",1,"RTMW",20,1,"adult"
"16989",1,"RTMW",21,1,"adult"
"16990",1,"RTMW",22,1,"adult"
"16991",1,"RTMW",23,1,"adult"
"16992",1,"RTMW",24,1,"adult"
"16993",1,"RTMW",25,1,"adult"
"16994",1,"RTMW",26,1,"adult"
"16995",1,"RTMW",27,1,"adult"
"16996",1,"RTMW",28,1,"adult"
"16997",1,"RTMW",29,1,"adult"
"16998",1,"RTMW",30,1,"adult"
"16999",1,"RTMW",31,1,"adult"
"17000",1,"RTMW",32,1,"adult"
"17001",1,"RTMW",33,1,"adult"
"17002",1,"RTMW",34,1,"adult"
"17003",1,"RTMW",35,1,"adult"
"17004",1,"RTMW",36,1,"adult"
"17005",1,"RTMW",37,1,"adult"
"17006",1,"RTMW",38,1,"adult"
"17007",1,"RTMW",39,1,"adult"
"17008",1,"RTMW",40,1,"adult"
"17009",1,"RTMW",41,1,"adult"
"17011",1,"RY34",1,1,"adult"
"17012",1,"RY34",2,1,"adult"
"17013",1,"RY34",3,1,"adult"
"17014",1,"RY34",4,1,"adult"
"17015",1,"RY34",5,1,"adult"
"17016",1,"RY34",6,1,"adult"
"17017",1,"RY34",7,1,"adult"
"17018",1,"RY34",8,1,"adult"
"17019",1,"RY34",9,1,"adult"
"17020",1,"RY34",10,1,"adult"
"17021",1,"RY34",11,1,"adult"
"17022",1,"RY34",12,1,"adult"
"17023",1,"RY34",13,1,"adult"
"17024",1,"RY34",14,1,"adult"
"17025",1,"RY34",15,1,"adult"
"17026",1,"RY34",16,1,"adult"
"17027",1,"RY34",17,1,"adult"
"17028",1,"RY34",18,1,"adult"
"17029",1,"RY34",19,1,"adult"
"17030",1,"RY34",20,1,"adult"
"17031",1,"RY34",21,1,"adult"
"17032",1,"RY34",22,1,"adult"
"17033",1,"RY34",23,1,"adult"
"17034",1,"RY34",24,1,"adult"
"17035",1,"RY34",25,1,"adult"
"17036",1,"RY34",26,1,"adult"
"17037",1,"RY34",27,1,"adult"
"17038",1,"RY34",28,1,"adult"
"17039",1,"RY34",29,1,"adult"
"17040",1,"RY34",30,1,"adult"
"17041",1,"RY34",31,1,"adult"
"17042",1,"RY34",32,1,"adult"
"17043",1,"RY34",33,1,"adult"
"17044",1,"RY34",34,1,"adult"
"17045",1,"RY34",35,1,"adult"
"17046",1,"RY34",36,1,"adult"
"17047",1,"RY34",37,1,"adult"
"17048",1,"RY34",38,1,"adult"
"17049",1,"RY34",39,1,"adult"
"17050",1,"RY34",40,1,"adult"
"17051",1,"RY34",41,1,"adult"
"17053",1,"SBDO",1,1,"adult"
"17054",1,"SBDO",2,1,"adult"
"17055",1,"SBDO",3,1,"adult"
"17056",1,"SBDO",4,1,"adult"
"17057",1,"SBDO",5,1,"adult"
"17058",1,"SBDO",6,1,"adult"
"17059",1,"SBDO",7,1,"adult"
"17060",1,"SBDO",8,1,"adult"
"17061",1,"SBDO",9,1,"adult"
"17062",1,"SBDO",10,1,"adult"
"17063",1,"SBDO",11,1,"adult"
"17064",1,"SBDO",12,1,"adult"
"17065",1,"SBDO",13,1,"adult"
"17066",1,"SBDO",14,1,"adult"
"17067",1,"SBDO",15,1,"adult"
"17068",1,"SBDO",16,1,"adult"
"17069",1,"SBDO",17,1,"adult"
"17070",1,"SBDO",18,1,"adult"
"17071",1,"SBDO",19,1,"adult"
"17072",1,"SBDO",20,1,"adult"
"17073",1,"SBDO",21,1,"adult"
"17074",1,"SBDO",22,1,"adult"
"17075",1,"SBDO",23,1,"adult"
"17076",1,"SBDO",24,1,"adult"
"17077",1,"SBDO",25,1,"adult"
"17078",1,"SBDO",26,1,"adult"
"17079",1,"SBDO",27,1,"adult"
"17080",1,"SBDO",28,1,"adult"
"17081",1,"SBDO",29,1,"adult"
"17082",1,"SBDO",30,1,"adult"
"17083",1,"SBDO",31,1,"adult"
"17084",1,"SBDO",32,1,"adult"
"17085",1,"SBDO",33,1,"adult"
"17086",1,"SBDO",34,1,"adult"
"17087",1,"SBDO",35,1,"adult"
"17088",1,"SBDO",36,1,"adult"
"17089",1,"SBDO",37,1,"adult"
"17090",1,"SBDO",38,1,"adult"
"17091",1,"SBDO",39,1,"adult"
"17092",1,"SBDO",40,1,"adult"
"17093",1,"SBDO",41,1,"adult"
"17095",1,"SCS1",1,1,"unborn"
"17096",1,"SCS1",2,1,"unborn"
"17097",1,"SCS1",3,1,"unborn"
"17098",1,"SCS1",4,1,"unborn"
"17099",1,"SCS1",5,1,"unborn"
"17100",1,"SCS1",6,1,"unborn"
"17101",1,"SCS1",7,1,"unborn"
"17102",1,"SCS1",8,1,"unborn"
"17103",1,"SCS1",9,1,"unborn"
"17104",1,"SCS1",10,1,"unborn"
"17105",1,"SCS1",11,1,"unborn"
"17106",1,"SCS1",12,1,"unborn"
"17107",1,"SCS1",13,1,"unborn"
"17108",1,"SCS1",14,1,"unborn"
"17109",1,"SCS1",15,1,"unborn"
"17110",1,"SCS1",16,1,"unborn"
"17111",1,"SCS1",17,1,"unborn"
"17112",1,"SCS1",18,1,"unborn"
"17113",1,"SCS1",19,1,"calf"
"17114",1,"SCS1",20,1,"calf"
"17115",1,"SCS1",21,1,"calf"
"17116",1,"SCS1",22,1,"calf"
"17117",1,"SCS1",23,1,"calf"
"17118",1,"SCS1",24,1,"calf"
"17119",1,"SCS1",25,1,"calf"
"17120",1,"SCS1",26,1,"juvenile"
"17121",1,"SCS1",27,1,"juvenile"
"17122",1,"SCS1",28,1,"juvenile"
"17123",1,"SCS1",29,1,"juvenile"
"17124",1,"SCS1",30,1,"juvenile"
"17125",1,"SCS1",31,1,"juvenile"
"17126",1,"SCS1",32,1,"juvenile"
"17127",1,"SCS1",33,1,"juvenile"
"17128",1,"SCS1",34,1,"juvenile"
"17129",1,"SCS1",35,1,"juvenile"
"17130",1,"SCS1",36,1,"juvenile"
"17131",1,"SCS1",37,1,"juvenile"
"17132",1,"SCS1",38,1,"juvenile"
"17133",1,"SCS1",39,1,"juvenile"
"17134",1,"SCS1",40,1,"juvenile"
"17135",1,"SCS1",41,1,"juvenile"
"17137",1,"SCS2",1,1,"unborn"
"17138",1,"SCS2",2,1,"unborn"
"17139",1,"SCS2",3,1,"unborn"
"17140",1,"SCS2",4,1,"unborn"
"17141",1,"SCS2",5,1,"unborn"
"17142",1,"SCS2",6,1,"unborn"
"17143",1,"SCS2",7,1,"unborn"
"17144",1,"SCS2",8,1,"unborn"
"17145",1,"SCS2",9,1,"unborn"
"17146",1,"SCS2",10,1,"unborn"
"17147",1,"SCS2",11,1,"unborn"
"17148",1,"SCS2",12,1,"unborn"
"17149",1,"SCS2",13,1,"unborn"
"17150",1,"SCS2",14,1,"unborn"
"17151",1,"SCS2",15,1,"unborn"
"17152",1,"SCS2",16,1,"unborn"
"17153",1,"SCS2",17,1,"unborn"
"17154",1,"SCS2",18,1,"unborn"
"17155",1,"SCS2",19,1,"unborn"
"17156",1,"SCS2",20,1,"unborn"
"17157",1,"SCS2",21,1,"unborn"
"17158",1,"SCS2",22,1,"unborn"
"17159",1,"SCS2",23,1,"calf"
"17160",1,"SCS2",24,1,"calf"
"17161",1,"SCS2",25,1,"calf"
"17162",1,"SCS2",26,1,"calf"
"17163",1,"SCS2",27,1,"calf"
"17164",1,"SCS2",28,1,"calf"
"17165",1,"SCS2",29,1,"calf"
"17166",1,"SCS2",30,1,"calf"
"17167",1,"SCS2",31,1,"calf"
"17168",1,"SCS2",32,1,"calf"
"17169",1,"SCS2",33,1,"calf"
"17170",1,"SCS2",34,1,"juvenile"
"17171",1,"SCS2",35,1,"juvenile"
"17172",1,"SCS2",36,1,"juvenile"
"17173",1,"SCS2",37,1,"juvenile"
"17174",1,"SCS2",38,1,"juvenile"
"17175",1,"SCS2",39,1,"juvenile"
"17176",1,"SCS2",40,1,"juvenile"
"17177",1,"SCS2",41,1,"juvenile"
"17179",1,"SCSM",1,1,"adult"
"17180",1,"SCSM",2,1,"adult"
"17181",1,"SCSM",3,1,"adult"
"17182",1,"SCSM",4,1,"adult"
"17183",1,"SCSM",5,1,"adult"
"17184",1,"SCSM",6,1,"adult"
"17185",1,"SCSM",7,1,"adult"
"17186",1,"SCSM",8,1,"adult"
"17187",1,"SCSM",9,1,"adult"
"17188",1,"SCSM",10,1,"adult"
"17189",1,"SCSM",11,1,"adult"
"17190",1,"SCSM",12,1,"adult"
"17191",1,"SCSM",13,1,"adult"
"17192",1,"SCSM",14,1,"adult"
"17193",1,"SCSM",15,1,"adult"
"17194",1,"SCSM",16,1,"adult"
"17195",1,"SCSM",17,1,"adult"
"17196",1,"SCSM",18,1,"adult"
"17197",1,"SCSM",19,1,"adult"
"17198",1,"SCSM",20,1,"adult"
"17199",1,"SCSM",21,1,"adult"
"17200",1,"SCSM",22,1,"adult"
"17201",1,"SCSM",23,1,"adult"
"17202",1,"SCSM",24,1,"adult"
"17203",1,"SCSM",25,1,"adult"
"17204",1,"SCSM",26,1,"adult"
"17205",1,"SCSM",27,1,"adult"
"17206",1,"SCSM",28,1,"adult"
"17207",1,"SCSM",29,1,"adult"
"17208",1,"SCSM",30,1,"adult"
"17209",1,"SCSM",31,1,"adult"
"17210",1,"SCSM",32,1,"adult"
"17211",1,"SCSM",33,1,"adult"
"17212",1,"SCSM",34,1,"adult"
"17213",1,"SCSM",35,1,"adult"
"17214",1,"SCSM",36,1,"adult"
"17215",1,"SCSM",37,1,"adult"
"17216",1,"SCSM",38,1,"adult"
"17217",1,"SCSM",39,1,"adult"
"17218",1,"SCSM",40,1,"adult"
"17219",1,"SCSM",41,1,"adult"
"17221",1,"SGL1",1,1,"adult"
"17222",1,"SGL1",2,1,"adult"
"17223",1,"SGL1",3,1,"adult"
"17224",1,"SGL1",4,1,"adult"
"17225",1,"SGL1",5,1,"adult"
"17226",1,"SGL1",6,1,"adult"
"17227",1,"SGL1",7,1,"adult"
"17228",1,"SGL1",8,1,"adult"
"17229",1,"SGL1",9,1,"adult"
"17230",1,"SGL1",10,1,"adult"
"17231",1,"SGL1",11,1,"adult"
"17232",1,"SGL1",12,1,"adult"
"17233",1,"SGL1",13,1,"adult"
"17234",1,"SGL1",14,1,"adult"
"17235",1,"SGL1",15,1,"adult"
"17236",1,"SGL1",16,1,"adult"
"17237",1,"SGL1",17,1,"adult"
"17238",1,"SGL1",18,1,"adult"
"17239",1,"SGL1",19,1,"adult"
"17240",1,"SGL1",20,1,"adult"
"17241",1,"SGL1",21,1,"adult"
"17242",1,"SGL1",22,1,"adult"
"17243",1,"SGL1",23,1,"adult"
"17244",1,"SGL1",24,1,"adult"
"17245",1,"SGL1",25,1,"adult"
"17246",1,"SGL1",26,1,"adult"
"17247",1,"SGL1",27,1,"adult"
"17248",1,"SGL1",28,1,"adult"
"17249",1,"SGL1",29,1,"adult"
"17250",1,"SGL1",30,1,"adult"
"17251",1,"SGL1",31,1,"adult"
"17252",1,"SGL1",32,1,"adult"
"17253",1,"SGL1",33,1,"adult"
"17254",1,"SGL1",34,1,"adult"
"17255",1,"SGL1",35,1,"adult"
"17256",1,"SGL1",36,1,"adult"
"17257",1,"SGL1",37,1,"adult"
"17258",1,"SGL1",38,1,"adult"
"17259",1,"SGL1",39,1,"adult"
"17260",1,"SGL1",40,1,"adult"
"17261",1,"SGL1",41,1,"adult"
"17263",1,"SGLA",1,1,"adult"
"17264",1,"SGLA",2,1,"adult"
"17265",1,"SGLA",3,1,"adult"
"17266",1,"SGLA",4,1,"adult"
"17267",1,"SGLA",5,1,"adult"
"17268",1,"SGLA",6,1,"adult"
"17269",1,"SGLA",7,1,"adult"
"17270",1,"SGLA",8,1,"adult"
"17271",1,"SGLA",9,1,"adult"
"17272",1,"SGLA",10,1,"adult"
"17273",1,"SGLA",11,1,"adult"
"17274",1,"SGLA",12,1,"adult"
"17275",1,"SGLA",13,1,"adult"
"17276",1,"SGLA",14,1,"adult"
"17277",1,"SGLA",15,1,"adult"
"17278",1,"SGLA",16,1,"adult"
"17279",1,"SGLA",17,1,"adult"
"17280",1,"SGLA",18,1,"adult"
"17281",1,"SGLA",19,1,"adult"
"17282",1,"SGLA",20,1,"adult"
"17283",1,"SGLA",21,1,"adult"
"17284",1,"SGLA",22,1,"adult"
"17285",1,"SGLA",23,1,"adult"
"17286",1,"SGLA",24,1,"adult"
"17287",1,"SGLA",25,1,"adult"
"17288",1,"SGLA",26,1,"adult"
"17289",1,"SGLA",27,1,"adult"
"17290",1,"SGLA",28,1,"adult"
"17291",1,"SGLA",29,1,"adult"
"17292",1,"SGLA",30,1,"adult"
"17293",1,"SGLA",31,1,"adult"
"17294",1,"SGLA",32,1,"adult"
"17295",1,"SGLA",33,1,"adult"
"17296",1,"SGLA",34,1,"adult"
"17297",1,"SGLA",35,1,"adult"
"17298",1,"SGLA",36,1,"adult"
"17299",1,"SGLA",37,1,"adult"
"17300",1,"SGLA",38,1,"adult"
"17301",1,"SGLA",39,1,"adult"
"17302",1,"SGLA",40,1,"adult"
"17303",1,"SGLA",41,1,"adult"
"17305",1,"SHTC",1,1,"adult"
"17306",1,"SHTC",2,1,"adult"
"17307",1,"SHTC",3,1,"adult"
"17308",1,"SHTC",4,1,"adult"
"17309",1,"SHTC",5,1,"adult"
"17310",1,"SHTC",6,1,"adult"
"17311",1,"SHTC",7,1,"adult"
"17312",1,"SHTC",8,1,"adult"
"17313",1,"SHTC",9,1,"adult"
"17314",1,"SHTC",10,1,"adult"
"17315",1,"SHTC",11,1,"adult"
"17316",1,"SHTC",12,1,"adult"
"17317",1,"SHTC",13,1,"adult"
"17318",1,"SHTC",14,1,"adult"
"17319",1,"SHTC",15,1,"adult"
"17320",1,"SHTC",16,1,"adult"
"17321",1,"SHTC",17,1,"adult"
"17322",1,"SHTC",18,1,"adult"
"17323",1,"SHTC",19,1,"adult"
"17324",1,"SHTC",20,1,"adult"
"17325",1,"SHTC",21,1,"adult"
"17326",1,"SHTC",22,1,"adult"
"17327",1,"SHTC",23,1,"adult"
"17328",1,"SHTC",24,1,"adult"
"17329",1,"SHTC",25,1,"adult"
"17330",1,"SHTC",26,1,"adult"
"17331",1,"SHTC",27,1,"adult"
"17332",1,"SHTC",28,1,"adult"
"17333",1,"SHTC",29,1,"adult"
"17334",1,"SHTC",30,1,"adult"
"17335",1,"SHTC",31,1,"adult"
"17336",1,"SHTC",32,1,"adult"
"17337",1,"SHTC",33,1,"adult"
"17338",1,"SHTC",34,1,"adult"
"17339",1,"SHTC",35,1,"adult"
"17340",1,"SHTC",36,1,"adult"
"17341",1,"SHTC",37,1,"adult"
"17342",1,"SHTC",38,1,"adult"
"17343",1,"SHTC",39,1,"adult"
"17344",1,"SHTC",40,1,"adult"
"17345",1,"SHTC",41,1,"adult"
"17347",1,"SIMP",1,1,"adult"
"17348",1,"SIMP",2,1,"adult"
"17349",1,"SIMP",3,1,"adult"
"17350",1,"SIMP",4,1,"adult"
"17351",1,"SIMP",5,1,"adult"
"17352",1,"SIMP",6,1,"adult"
"17353",1,"SIMP",7,1,"adult"
"17354",1,"SIMP",8,1,"adult"
"17355",1,"SIMP",9,1,"adult"
"17356",1,"SIMP",10,1,"adult"
"17357",1,"SIMP",11,1,"adult"
"17358",1,"SIMP",12,1,"adult"
"17359",1,"SIMP",13,1,"adult"
"17360",1,"SIMP",14,1,"adult"
"17361",1,"SIMP",15,1,"adult"
"17362",1,"SIMP",16,1,"adult"
"17363",1,"SIMP",17,1,"adult"
"17364",1,"SIMP",18,1,"adult"
"17365",1,"SIMP",19,1,"adult"
"17366",1,"SIMP",20,1,"adult"
"17367",1,"SIMP",21,1,"adult"
"17368",1,"SIMP",22,1,"adult"
"17369",1,"SIMP",23,1,"adult"
"17370",1,"SIMP",24,1,"adult"
"17371",1,"SIMP",25,1,"adult"
"17372",1,"SIMP",26,1,"adult"
"17373",1,"SIMP",27,1,"adult"
"17374",1,"SIMP",28,1,"adult"
"17375",1,"SIMP",29,1,"adult"
"17376",1,"SIMP",30,1,"adult"
"17377",1,"SIMP",31,1,"adult"
"17378",1,"SIMP",32,1,"adult"
"17379",1,"SIMP",33,1,"adult"
"17380",1,"SIMP",34,1,"adult"
"17381",1,"SIMP",35,1,"adult"
"17382",1,"SIMP",36,1,"adult"
"17383",1,"SIMP",37,1,"adult"
"17384",1,"SIMP",38,1,"adult"
"17385",1,"SIMP",39,1,"adult"
"17386",1,"SIMP",40,1,"adult"
"17387",1,"SIMP",41,1,"adult"
"17389",1,"SLLA",1,1,"adult"
"17390",1,"SLLA",2,1,"adult"
"17391",1,"SLLA",3,1,"adult"
"17392",1,"SLLA",4,1,"adult"
"17393",1,"SLLA",5,1,"adult"
"17394",1,"SLLA",6,1,"adult"
"17395",1,"SLLA",7,1,"adult"
"17396",1,"SLLA",8,1,"adult"
"17397",1,"SLLA",9,1,"adult"
"17398",1,"SLLA",10,1,"adult"
"17399",1,"SLLA",11,1,"adult"
"17400",1,"SLLA",12,1,"adult"
"17401",1,"SLLA",13,1,"adult"
"17402",1,"SLLA",14,1,"adult"
"17403",1,"SLLA",15,1,"adult"
"17404",1,"SLLA",16,1,"adult"
"17405",1,"SLLA",17,1,"adult"
"17406",1,"SLLA",18,1,"adult"
"17407",1,"SLLA",19,1,"adult"
"17408",1,"SLLA",20,1,"adult"
"17409",1,"SLLA",21,1,"adult"
"17410",1,"SLLA",22,1,"adult"
"17411",1,"SLLA",23,1,"adult"
"17412",1,"SLLA",24,1,"adult"
"17413",1,"SLLA",25,1,"adult"
"17414",1,"SLLA",26,1,"adult"
"17415",1,"SLLA",27,1,"adult"
"17416",1,"SLLA",28,1,"adult"
"17417",1,"SLLA",29,1,"adult"
"17418",1,"SLLA",30,1,"adult"
"17419",1,"SLLA",31,1,"adult"
"17420",1,"SLLA",32,1,"adult"
"17421",1,"SLLA",33,1,"adult"
"17422",1,"SLLA",34,1,"adult"
"17423",1,"SLLA",35,1,"adult"
"17424",1,"SLLA",36,1,"adult"
"17425",1,"SLLA",37,1,"adult"
"17426",1,"SLLA",38,1,"adult"
"17427",1,"SLLA",39,1,"adult"
"17428",1,"SLLA",40,1,"adult"
"17429",1,"SLLA",41,1,"adult"
"17431",1,"SOLB",1,1,"adult"
"17432",1,"SOLB",2,1,"adult"
"17433",1,"SOLB",3,1,"adult"
"17434",1,"SOLB",4,1,"adult"
"17435",1,"SOLB",5,1,"adult"
"17436",1,"SOLB",6,1,"adult"
"17437",1,"SOLB",7,1,"adult"
"17438",1,"SOLB",8,1,"adult"
"17439",1,"SOLB",9,1,"adult"
"17440",1,"SOLB",10,1,"adult"
"17441",1,"SOLB",11,1,"adult"
"17442",1,"SOLB",12,1,"adult"
"17443",1,"SOLB",13,1,"adult"
"17444",1,"SOLB",14,1,"adult"
"17445",1,"SOLB",15,1,"adult"
"17446",1,"SOLB",16,1,"adult"
"17447",1,"SOLB",17,1,"adult"
"17448",1,"SOLB",18,1,"adult"
"17449",1,"SOLB",19,1,"adult"
"17450",1,"SOLB",20,1,"adult"
"17451",1,"SOLB",21,1,"adult"
"17452",1,"SOLB",22,1,"adult"
"17453",1,"SOLB",23,1,"adult"
"17454",1,"SOLB",24,1,"adult"
"17455",1,"SOLB",25,1,"adult"
"17456",1,"SOLB",26,1,"adult"
"17457",1,"SOLB",27,1,"adult"
"17458",1,"SOLB",28,1,"adult"
"17459",1,"SOLB",29,1,"adult"
"17460",1,"SOLB",30,1,"adult"
"17461",1,"SOLB",31,1,"adult"
"17462",1,"SOLB",32,1,"adult"
"17463",1,"SOLB",33,1,"adult"
"17464",1,"SOLB",34,1,"adult"
"17465",1,"SOLB",35,1,"adult"
"17466",1,"SOLB",36,1,"adult"
"17467",1,"SOLB",37,1,"adult"
"17468",1,"SOLB",38,1,"adult"
"17469",1,"SOLB",39,1,"adult"
"17470",1,"SOLB",40,1,"adult"
"17471",1,"SOLB",41,1,"adult"
"17473",1,"STE1",1,1,"unborn"
"17474",1,"STE1",2,1,"unborn"
"17475",1,"STE1",3,1,"unborn"
"17476",1,"STE1",4,1,"unborn"
"17477",1,"STE1",5,1,"unborn"
"17478",1,"STE1",6,1,"unborn"
"17479",1,"STE1",7,1,"unborn"
"17480",1,"STE1",8,1,"unborn"
"17481",1,"STE1",9,1,"unborn"
"17482",1,"STE1",10,1,"unborn"
"17483",1,"STE1",11,1,"unborn"
"17484",1,"STE1",12,1,"unborn"
"17485",1,"STE1",13,1,"unborn"
"17486",1,"STE1",14,1,"unborn"
"17487",1,"STE1",15,1,"unborn"
"17488",1,"STE1",16,1,"unborn"
"17489",1,"STE1",17,1,"unborn"
"17490",1,"STE1",18,1,"unborn"
"17491",1,"STE1",19,1,"unborn"
"17492",1,"STE1",20,1,"unborn"
"17493",1,"STE1",21,1,"unborn"
"17494",1,"STE1",22,1,"unborn"
"17495",1,"STE1",23,1,"calf"
"17496",1,"STE1",24,1,"calf"
"17497",1,"STE1",25,1,"calf"
"17498",1,"STE1",26,1,"calf"
"17499",1,"STE1",27,1,"calf"
"17500",1,"STE1",28,1,"calf"
"17501",1,"STE1",29,1,"calf"
"17502",1,"STE1",30,1,"calf"
"17503",1,"STE1",31,1,"calf"
"17504",1,"STE1",32,1,"calf"
"17505",1,"STE1",33,1,"calf"
"17506",1,"STE1",34,1,"juvenile"
"17507",1,"STE1",35,1,"juvenile"
"17508",1,"STE1",36,1,"juvenile"
"17509",1,"STE1",37,1,"juvenile"
"17510",1,"STE1",38,1,"juvenile"
"17511",1,"STE1",39,1,"juvenile"
"17512",1,"STE1",40,1,"juvenile"
"17513",1,"STE1",41,1,"juvenile"
"17515",1,"STEW",1,1,"adult"
"17516",1,"STEW",2,1,"adult"
"17517",1,"STEW",3,1,"adult"
"17518",1,"STEW",4,1,"adult"
"17519",1,"STEW",5,1,"adult"
"17520",1,"STEW",6,1,"adult"
"17521",1,"STEW",7,1,"adult"
"17522",1,"STEW",8,1,"adult"
"17523",1,"STEW",9,1,"adult"
"17524",1,"STEW",10,1,"adult"
"17525",1,"STEW",11,1,"adult"
"17526",1,"STEW",12,1,"adult"
"17527",1,"STEW",13,1,"adult"
"17528",1,"STEW",14,1,"adult"
"17529",1,"STEW",15,1,"adult"
"17530",1,"STEW",16,1,"adult"
"17531",1,"STEW",17,1,"adult"
"17532",1,"STEW",18,1,"adult"
"17533",1,"STEW",19,1,"adult"
"17534",1,"STEW",20,1,"adult"
"17535",1,"STEW",21,1,"adult"
"17536",1,"STEW",22,1,"adult"
"17537",1,"STEW",23,1,"adult"
"17538",1,"STEW",24,1,"adult"
"17539",1,"STEW",25,1,"adult"
"17540",1,"STEW",26,1,"adult"
"17541",1,"STEW",27,1,"adult"
"17542",1,"STEW",28,1,"adult"
"17543",1,"STEW",29,1,"adult"
"17544",1,"STEW",30,1,"adult"
"17545",1,"STEW",31,1,"adult"
"17546",1,"STEW",32,1,"adult"
"17547",1,"STEW",33,1,"adult"
"17548",1,"STEW",34,1,"adult"
"17549",1,"STEW",35,1,"adult"
"17550",1,"STEW",36,1,"adult"
"17551",1,"STEW",37,1,"adult"
"17552",1,"STEW",38,1,"adult"
"17553",1,"STEW",39,1,"adult"
"17554",1,"STEW",40,1,"adult"
"17555",1,"STEW",41,1,"adult"
"17557",1,"SUMO",1,1,"adult"
"17558",1,"SUMO",2,1,"adult"
"17559",1,"SUMO",3,1,"adult"
"17560",1,"SUMO",4,1,"adult"
"17561",1,"SUMO",5,1,"adult"
"17562",1,"SUMO",6,1,"adult"
"17563",1,"SUMO",7,1,"adult"
"17564",1,"SUMO",8,1,"adult"
"17565",1,"SUMO",9,1,"adult"
"17566",1,"SUMO",10,1,"adult"
"17567",1,"SUMO",11,1,"adult"
"17568",1,"SUMO",12,1,"adult"
"17569",1,"SUMO",13,1,"adult"
"17570",1,"SUMO",14,1,"adult"
"17571",1,"SUMO",15,1,"adult"
"17572",1,"SUMO",16,1,"adult"
"17573",1,"SUMO",17,1,"adult"
"17574",1,"SUMO",18,1,"adult"
"17575",1,"SUMO",19,1,"adult"
"17576",1,"SUMO",20,1,"adult"
"17577",1,"SUMO",21,1,"adult"
"17578",1,"SUMO",22,1,"adult"
"17579",1,"SUMO",23,1,"adult"
"17580",1,"SUMO",24,1,"adult"
"17581",1,"SUMO",25,1,"adult"
"17582",1,"SUMO",26,1,"adult"
"17583",1,"SUMO",27,1,"adult"
"17584",1,"SUMO",28,1,"adult"
"17585",1,"SUMO",29,1,"adult"
"17586",1,"SUMO",30,1,"adult"
"17587",1,"SUMO",31,1,"adult"
"17588",1,"SUMO",32,1,"adult"
"17589",1,"SUMO",33,1,"adult"
"17590",1,"SUMO",34,1,"adult"
"17591",1,"SUMO",35,1,"adult"
"17592",1,"SUMO",36,1,"adult"
"17593",1,"SUMO",37,1,"adult"
"17594",1,"SUMO",38,1,"adult"
"17595",1,"SUMO",39,1,"adult"
"17596",1,"SUMO",40,1,"adult"
"17597",1,"SUMO",41,1,"adult"
"17599",1,"TABB",1,1,"adult"
"17600",1,"TABB",2,1,"adult"
"17601",1,"TABB",3,1,"adult"
"17602",1,"TABB",4,1,"adult"
"17603",1,"TABB",5,1,"adult"
"17604",1,"TABB",6,1,"adult"
"17605",1,"TABB",7,1,"adult"
"17606",1,"TABB",8,1,"adult"
"17607",1,"TABB",9,1,"adult"
"17608",1,"TABB",10,1,"adult"
"17609",1,"TABB",11,1,"adult"
"17610",1,"TABB",12,1,"adult"
"17611",1,"TABB",13,1,"adult"
"17612",1,"TABB",14,1,"adult"
"17613",1,"TABB",15,1,"adult"
"17614",1,"TABB",16,1,"adult"
"17615",1,"TABB",17,1,"adult"
"17616",1,"TABB",18,1,"adult"
"17617",1,"TABB",19,1,"adult"
"17618",1,"TABB",20,1,"adult"
"17619",1,"TABB",21,1,"adult"
"17620",1,"TABB",22,1,"adult"
"17621",1,"TABB",23,1,"adult"
"17622",1,"TABB",24,1,"adult"
"17623",1,"TABB",25,1,"adult"
"17624",1,"TABB",26,1,"adult"
"17625",1,"TABB",27,1,"adult"
"17626",1,"TABB",28,1,"adult"
"17627",1,"TABB",29,1,"adult"
"17628",1,"TABB",30,1,"adult"
"17629",1,"TABB",31,1,"adult"
"17630",1,"TABB",32,1,"adult"
"17631",1,"TABB",33,1,"adult"
"17632",1,"TABB",34,1,"adult"
"17633",1,"TABB",35,1,"adult"
"17634",1,"TABB",36,1,"adult"
"17635",1,"TABB",37,1,"adult"
"17636",1,"TABB",38,1,"adult"
"17637",1,"TABB",39,1,"adult"
"17638",1,"TABB",40,1,"adult"
"17639",1,"TABB",41,1,"adult"
"17641",1,"TCT1",1,1,"unborn"
"17642",1,"TCT1",2,1,"unborn"
"17643",1,"TCT1",3,1,"unborn"
"17644",1,"TCT1",4,1,"unborn"
"17645",1,"TCT1",5,1,"unborn"
"17646",1,"TCT1",6,1,"unborn"
"17647",1,"TCT1",7,1,"unborn"
"17648",1,"TCT1",8,1,"unborn"
"17649",1,"TCT1",9,1,"unborn"
"17650",1,"TCT1",10,1,"unborn"
"17651",1,"TCT1",11,1,"unborn"
"17652",1,"TCT1",12,1,"unborn"
"17653",1,"TCT1",13,1,"unborn"
"17654",1,"TCT1",14,1,"unborn"
"17655",1,"TCT1",15,1,"unborn"
"17656",1,"TCT1",16,1,"unborn"
"17657",1,"TCT1",17,1,"unborn"
"17658",1,"TCT1",18,1,"unborn"
"17659",1,"TCT1",19,1,"unborn"
"17660",1,"TCT1",20,1,"unborn"
"17661",1,"TCT1",21,1,"unborn"
"17662",1,"TCT1",22,1,"unborn"
"17663",1,"TCT1",23,1,"unborn"
"17664",1,"TCT1",24,1,"calf"
"17665",1,"TCT1",25,1,"calf"
"17666",1,"TCT1",26,1,"calf"
"17667",1,"TCT1",27,1,"calf"
"17668",1,"TCT1",28,1,"calf"
"17669",1,"TCT1",29,1,"calf"
"17670",1,"TCT1",30,1,"calf"
"17671",1,"TCT1",31,1,"calf"
"17672",1,"TCT1",32,1,"calf"
"17673",1,"TCT1",33,1,"calf"
"17674",1,"TCT1",34,1,"calf"
"17675",1,"TCT1",35,1,"calf"
"17676",1,"TCT1",36,1,"calf"
"17677",1,"TCT1",37,1,"juvenile"
"17678",1,"TCT1",38,1,"juvenile"
"17679",1,"TCT1",39,1,"juvenile"
"17680",1,"TCT1",40,1,"juvenile"
"17681",1,"TCT1",41,1,"juvenile"
"17683",1,"TCTV",1,1,"adult"
"17684",1,"TCTV",2,1,"adult"
"17685",1,"TCTV",3,1,"adult"
"17686",1,"TCTV",4,1,"adult"
"17687",1,"TCTV",5,1,"adult"
"17688",1,"TCTV",6,1,"adult"
"17689",1,"TCTV",7,1,"adult"
"17690",1,"TCTV",8,1,"adult"
"17691",1,"TCTV",9,1,"adult"
"17692",1,"TCTV",10,1,"adult"
"17693",1,"TCTV",11,1,"adult"
"17694",1,"TCTV",12,1,"adult"
"17695",1,"TCTV",13,1,"adult"
"17696",1,"TCTV",14,1,"adult"
"17697",1,"TCTV",15,1,"adult"
"17698",1,"TCTV",16,1,"adult"
"17699",1,"TCTV",17,1,"adult"
"17700",1,"TCTV",18,1,"adult"
"17701",1,"TCTV",19,1,"adult"
"17702",1,"TCTV",20,1,"adult"
"17703",1,"TCTV",21,1,"adult"
"17704",1,"TCTV",22,1,"adult"
"17705",1,"TCTV",23,1,"adult"
"17706",1,"TCTV",24,1,"adult"
"17707",1,"TCTV",25,1,"adult"
"17708",1,"TCTV",26,1,"adult"
"17709",1,"TCTV",27,1,"adult"
"17710",1,"TCTV",28,1,"adult"
"17711",1,"TCTV",29,1,"adult"
"17712",1,"TCTV",30,1,"adult"
"17713",1,"TCTV",31,1,"adult"
"17714",1,"TCTV",32,1,"adult"
"17715",1,"TCTV",33,1,"adult"
"17716",1,"TCTV",34,1,"adult"
"17717",1,"TCTV",35,1,"adult"
"17718",1,"TCTV",36,1,"adult"
"17719",1,"TCTV",37,1,"adult"
"17720",1,"TCTV",38,1,"adult"
"17721",1,"TCTV",39,1,"adult"
"17722",1,"TCTV",40,1,"adult"
"17723",1,"TCTV",41,1,"adult"
"17725",1,"TDTC",1,1,"unborn"
"17726",1,"TDTC",2,1,"unborn"
"17727",1,"TDTC",3,1,"unborn"
"17728",1,"TDTC",4,1,"unborn"
"17729",1,"TDTC",5,1,"unborn"
"17730",1,"TDTC",6,1,"unborn"
"17731",1,"TDTC",7,1,"unborn"
"17732",1,"TDTC",8,1,"unborn"
"17733",1,"TDTC",9,1,"unborn"
"17734",1,"TDTC",10,1,"unborn"
"17735",1,"TDTC",11,1,"unborn"
"17736",1,"TDTC",12,1,"unborn"
"17737",1,"TDTC",13,1,"unborn"
"17738",1,"TDTC",14,1,"unborn"
"17739",1,"TDTC",15,1,"unborn"
"17740",1,"TDTC",16,1,"unborn"
"17741",1,"TDTC",17,1,"unborn"
"17742",1,"TDTC",18,1,"unborn"
"17743",1,"TDTC",19,1,"unborn"
"17744",1,"TDTC",20,1,"unborn"
"17745",1,"TDTC",21,1,"calf"
"17746",1,"TDTC",22,1,"calf"
"17747",1,"TDTC",23,1,"calf"
"17748",1,"TDTC",24,1,"calf"
"17749",1,"TDTC",25,1,"calf"
"17750",1,"TDTC",26,1,"calf"
"17751",1,"TDTC",27,1,"calf"
"17752",1,"TDTC",28,1,"calf"
"17753",1,"TDTC",29,1,"calf"
"17754",1,"TDTC",30,1,"juvenile"
"17755",1,"TDTC",31,1,"juvenile"
"17756",1,"TDTC",32,1,"juvenile"
"17757",1,"TDTC",33,1,"juvenile"
"17758",1,"TDTC",34,1,"juvenile"
"17759",1,"TDTC",35,1,"juvenile"
"17760",1,"TDTC",36,1,"juvenile"
"17761",1,"TDTC",37,1,"juvenile"
"17762",1,"TDTC",38,1,"juvenile"
"17763",1,"TDTC",39,1,"juvenile"
"17764",1,"TDTC",40,1,"juvenile"
"17765",1,"TDTC",41,1,"juvenile"
"17767",1,"TDTL",1,1,"adult"
"17768",1,"TDTL",2,1,"adult"
"17769",1,"TDTL",3,1,"adult"
"17770",1,"TDTL",4,1,"adult"
"17771",1,"TDTL",5,1,"adult"
"17772",1,"TDTL",6,1,"adult"
"17773",1,"TDTL",7,1,"adult"
"17774",1,"TDTL",8,1,"adult"
"17775",1,"TDTL",9,1,"adult"
"17776",1,"TDTL",10,1,"adult"
"17777",1,"TDTL",11,1,"adult"
"17778",1,"TDTL",12,1,"adult"
"17779",1,"TDTL",13,1,"adult"
"17780",1,"TDTL",14,1,"adult"
"17781",1,"TDTL",15,1,"adult"
"17782",1,"TDTL",16,1,"adult"
"17783",1,"TDTL",17,1,"adult"
"17784",1,"TDTL",18,1,"adult"
"17785",1,"TDTL",19,1,"adult"
"17786",1,"TDTL",20,1,"adult"
"17787",1,"TDTL",21,1,"adult"
"17788",1,"TDTL",22,1,"adult"
"17789",1,"TDTL",23,1,"adult"
"17790",1,"TDTL",24,1,"adult"
"17791",1,"TDTL",25,1,"adult"
"17792",1,"TDTL",26,1,"adult"
"17793",1,"TDTL",27,1,"adult"
"17794",1,"TDTL",28,1,"adult"
"17795",1,"TDTL",29,1,"adult"
"17796",1,"TDTL",30,1,"adult"
"17797",1,"TDTL",31,1,"adult"
"17798",1,"TDTL",32,1,"adult"
"17799",1,"TDTL",33,1,"adult"
"17800",1,"TDTL",34,1,"adult"
"17801",1,"TDTL",35,1,"adult"
"17802",1,"TDTL",36,1,"adult"
"17803",1,"TDTL",37,1,"adult"
"17804",1,"TDTL",38,1,"adult"
"17805",1,"TDTL",39,1,"adult"
"17806",1,"TDTL",40,1,"adult"
"17807",1,"TDTL",41,1,"adult"
"17809",1,"TEEN",1,1,"adult"
"17810",1,"TEEN",2,1,"adult"
"17811",1,"TEEN",3,1,"adult"
"17812",1,"TEEN",4,1,"adult"
"17813",1,"TEEN",5,1,"adult"
"17814",1,"TEEN",6,1,"adult"
"17815",1,"TEEN",7,1,"adult"
"17816",1,"TEEN",8,1,"adult"
"17817",1,"TEEN",9,1,"adult"
"17818",1,"TEEN",10,1,"adult"
"17819",1,"TEEN",11,1,"adult"
"17820",1,"TEEN",12,1,"adult"
"17821",1,"TEEN",13,1,"adult"
"17822",1,"TEEN",14,1,"adult"
"17823",1,"TEEN",15,1,"adult"
"17824",1,"TEEN",16,1,"adult"
"17825",1,"TEEN",17,1,"adult"
"17826",1,"TEEN",18,1,"adult"
"17827",1,"TEEN",19,1,"adult"
"17828",1,"TEEN",20,1,"adult"
"17829",1,"TEEN",21,1,"adult"
"17830",1,"TEEN",22,1,"adult"
"17831",1,"TEEN",23,1,"adult"
"17832",1,"TEEN",24,1,"adult"
"17833",1,"TEEN",25,1,"adult"
"17834",1,"TEEN",26,1,"adult"
"17835",1,"TEEN",27,1,"adult"
"17836",1,"TEEN",28,1,"adult"
"17837",1,"TEEN",29,1,"adult"
"17838",1,"TEEN",30,1,"adult"
"17839",1,"TEEN",31,1,"adult"
"17840",1,"TEEN",32,1,"adult"
"17841",1,"TEEN",33,1,"adult"
"17842",1,"TEEN",34,1,"adult"
"17843",1,"TEEN",35,1,"adult"
"17844",1,"TEEN",36,1,"adult"
"17845",1,"TEEN",37,1,"adult"
"17846",1,"TEEN",38,1,"adult"
"17847",1,"TEEN",39,1,"adult"
"17848",1,"TEEN",40,1,"adult"
"17849",1,"TEEN",41,1,"adult"
"17851",1,"TELE",1,1,"adult"
"17852",1,"TELE",2,1,"adult"
"17853",1,"TELE",3,1,"adult"
"17854",1,"TELE",4,1,"adult"
"17855",1,"TELE",5,1,"adult"
"17856",1,"TELE",6,1,"adult"
"17857",1,"TELE",7,1,"adult"
"17858",1,"TELE",8,1,"adult"
"17859",1,"TELE",9,1,"adult"
"17860",1,"TELE",10,1,"adult"
"17861",1,"TELE",11,1,"adult"
"17862",1,"TELE",12,1,"adult"
"17863",1,"TELE",13,1,"adult"
"17864",1,"TELE",14,1,"adult"
"17865",1,"TELE",15,1,"adult"
"17866",1,"TELE",16,1,"adult"
"17867",1,"TELE",17,1,"adult"
"17868",1,"TELE",18,1,"adult"
"17869",1,"TELE",19,1,"adult"
"17870",1,"TELE",20,1,"adult"
"17871",1,"TELE",21,1,"adult"
"17872",1,"TELE",22,1,"adult"
"17873",1,"TELE",23,1,"adult"
"17874",1,"TELE",24,1,"adult"
"17875",1,"TELE",25,1,"adult"
"17876",1,"TELE",26,1,"adult"
"17877",1,"TELE",27,1,"adult"
"17878",1,"TELE",28,1,"adult"
"17879",1,"TELE",29,1,"adult"
"17880",1,"TELE",30,1,"adult"
"17881",1,"TELE",31,1,"adult"
"17882",1,"TELE",32,1,"adult"
"17883",1,"TELE",33,1,"adult"
"17884",1,"TELE",34,1,"adult"
"17885",1,"TELE",35,1,"adult"
"17886",1,"TELE",36,1,"adult"
"17887",1,"TELE",37,1,"adult"
"17888",1,"TELE",38,1,"adult"
"17889",1,"TELE",39,1,"adult"
"17890",1,"TELE",40,1,"adult"
"17891",1,"TELE",41,1,"adult"
"17893",1,"TSMV",1,1,"adult"
"17894",1,"TSMV",2,1,"adult"
"17895",1,"TSMV",3,1,"adult"
"17896",1,"TSMV",4,1,"adult"
"17897",1,"TSMV",5,1,"adult"
"17898",1,"TSMV",6,1,"adult"
"17899",1,"TSMV",7,1,"adult"
"17900",1,"TSMV",8,1,"adult"
"17901",1,"TSMV",9,1,"adult"
"17902",1,"TSMV",10,1,"adult"
"17903",1,"TSMV",11,1,"adult"
"17904",1,"TSMV",12,1,"adult"
"17905",1,"TSMV",13,1,"adult"
"17906",1,"TSMV",14,1,"adult"
"17907",1,"TSMV",15,1,"adult"
"17908",1,"TSMV",16,1,"adult"
"17909",1,"TSMV",17,1,"adult"
"17910",1,"TSMV",18,1,"adult"
"17911",1,"TSMV",19,1,"adult"
"17912",1,"TSMV",20,1,"adult"
"17913",1,"TSMV",21,1,"adult"
"17914",1,"TSMV",22,1,"adult"
"17915",1,"TSMV",23,1,"adult"
"17916",1,"TSMV",24,1,"adult"
"17917",1,"TSMV",25,1,"adult"
"17918",1,"TSMV",26,1,"adult"
"17919",1,"TSMV",27,1,"adult"
"17920",1,"TSMV",28,1,"adult"
"17921",1,"TSMV",29,1,"adult"
"17922",1,"TSMV",30,1,"adult"
"17923",1,"TSMV",31,1,"adult"
"17924",1,"TSMV",32,1,"adult"
"17925",1,"TSMV",33,1,"adult"
"17926",1,"TSMV",34,1,"adult"
"17927",1,"TSMV",35,1,"adult"
"17928",1,"TSMV",36,1,"adult"
"17929",1,"TSMV",37,1,"adult"
"17930",1,"TSMV",38,1,"adult"
"17931",1,"TSMV",39,1,"adult"
"17932",1,"TSMV",40,1,"adult"
"17933",1,"TSMV",41,1,"adult"
"17935",1,"ULY2",1,1,"unborn"
"17936",1,"ULY2",2,1,"unborn"
"17937",1,"ULY2",3,1,"unborn"
"17938",1,"ULY2",4,1,"unborn"
"17939",1,"ULY2",5,1,"unborn"
"17940",1,"ULY2",6,1,"unborn"
"17941",1,"ULY2",7,1,"unborn"
"17942",1,"ULY2",8,1,"unborn"
"17943",1,"ULY2",9,1,"unborn"
"17944",1,"ULY2",10,1,"unborn"
"17945",1,"ULY2",11,1,"unborn"
"17946",1,"ULY2",12,1,"unborn"
"17947",1,"ULY2",13,1,"unborn"
"17948",1,"ULY2",14,1,"unborn"
"17949",1,"ULY2",15,1,"unborn"
"17950",1,"ULY2",16,1,"unborn"
"17951",1,"ULY2",17,1,"unborn"
"17952",1,"ULY2",18,1,"unborn"
"17953",1,"ULY2",19,1,"unborn"
"17954",1,"ULY2",20,1,"unborn"
"17955",1,"ULY2",21,1,"calf"
"17956",1,"ULY2",22,1,"calf"
"17957",1,"ULY2",23,1,"calf"
"17958",1,"ULY2",24,1,"calf"
"17959",1,"ULY2",25,1,"calf"
"17960",1,"ULY2",26,1,"calf"
"17961",1,"ULY2",27,1,"calf"
"17962",1,"ULY2",28,1,"calf"
"17963",1,"ULY2",29,1,"calf"
"17964",1,"ULY2",30,1,"juvenile"
"17965",1,"ULY2",31,1,"juvenile"
"17966",1,"ULY2",32,1,"juvenile"
"17967",1,"ULY2",33,1,"juvenile"
"17968",1,"ULY2",34,1,"juvenile"
"17969",1,"ULY2",35,1,"juvenile"
"17970",1,"ULY2",36,1,"juvenile"
"17971",1,"ULY2",37,1,"juvenile"
"17972",1,"ULY2",38,1,"juvenile"
"17973",1,"ULY2",39,1,"juvenile"
"17974",1,"ULY2",40,1,"juvenile"
"17975",1,"ULY2",41,1,"juvenile"
"17977",1,"ULY3",1,1,"unborn"
"17978",1,"ULY3",2,1,"unborn"
"17979",1,"ULY3",3,1,"unborn"
"17980",1,"ULY3",4,1,"unborn"
"17981",1,"ULY3",5,1,"unborn"
"17982",1,"ULY3",6,1,"unborn"
"17983",1,"ULY3",7,1,"unborn"
"17984",1,"ULY3",8,1,"unborn"
"17985",1,"ULY3",9,1,"unborn"
"17986",1,"ULY3",10,1,"unborn"
"17987",1,"ULY3",11,1,"unborn"
"17988",1,"ULY3",12,1,"unborn"
"17989",1,"ULY3",13,1,"unborn"
"17990",1,"ULY3",14,1,"unborn"
"17991",1,"ULY3",15,1,"unborn"
"17992",1,"ULY3",16,1,"unborn"
"17993",1,"ULY3",17,1,"unborn"
"17994",1,"ULY3",18,1,"unborn"
"17995",1,"ULY3",19,1,"unborn"
"17996",1,"ULY3",20,1,"unborn"
"17997",1,"ULY3",21,1,"unborn"
"17998",1,"ULY3",22,1,"unborn"
"17999",1,"ULY3",23,1,"unborn"
"18000",1,"ULY3",24,1,"unborn"
"18001",1,"ULY3",25,1,"unborn"
"18002",1,"ULY3",26,1,"calf"
"18003",1,"ULY3",27,1,"calf"
"18004",1,"ULY3",28,1,"calf"
"18005",1,"ULY3",29,1,"calf"
"18006",1,"ULY3",30,1,"calf"
"18007",1,"ULY3",31,1,"calf"
"18008",1,"ULY3",32,1,"calf"
"18009",1,"ULY3",33,1,"calf"
"18010",1,"ULY3",34,1,"calf"
"18011",1,"ULY3",35,1,"calf"
"18012",1,"ULY3",36,1,"calf"
"18013",1,"ULY3",37,1,"calf"
"18014",1,"ULY3",38,1,"calf"
"18015",1,"ULY3",39,1,"calf"
"18016",1,"ULY3",40,1,"calf"
"18017",1,"ULY3",41,1,"calf"
"18019",1,"ULYS",1,1,"adult"
"18020",1,"ULYS",2,1,"adult"
"18021",1,"ULYS",3,1,"adult"
"18022",1,"ULYS",4,1,"adult"
"18023",1,"ULYS",5,1,"adult"
"18024",1,"ULYS",6,1,"adult"
"18025",1,"ULYS",7,1,"adult"
"18026",1,"ULYS",8,1,"adult"
"18027",1,"ULYS",9,1,"adult"
"18028",1,"ULYS",10,1,"adult"
"18029",1,"ULYS",11,1,"adult"
"18030",1,"ULYS",12,1,"adult"
"18031",1,"ULYS",13,1,"adult"
"18032",1,"ULYS",14,1,"adult"
"18033",1,"ULYS",15,1,"adult"
"18034",1,"ULYS",16,1,"adult"
"18035",1,"ULYS",17,1,"adult"
"18036",1,"ULYS",18,1,"adult"
"18037",1,"ULYS",19,1,"adult"
"18038",1,"ULYS",20,1,"adult"
"18039",1,"ULYS",21,1,"adult"
"18040",1,"ULYS",22,1,"adult"
"18041",1,"ULYS",23,1,"adult"
"18042",1,"ULYS",24,1,"adult"
"18043",1,"ULYS",25,1,"adult"
"18044",1,"ULYS",26,1,"adult"
"18045",1,"ULYS",27,1,"adult"
"18046",1,"ULYS",28,1,"adult"
"18047",1,"ULYS",29,1,"adult"
"18048",1,"ULYS",30,1,"adult"
"18049",1,"ULYS",31,1,"adult"
"18050",1,"ULYS",32,1,"adult"
"18051",1,"ULYS",33,1,"adult"
"18052",1,"ULYS",34,1,"adult"
"18053",1,"ULYS",35,1,"adult"
"18054",1,"ULYS",36,1,"adult"
"18055",1,"ULYS",37,1,"adult"
"18056",1,"ULYS",38,1,"adult"
"18057",1,"ULYS",39,1,"adult"
"18058",1,"ULYS",40,1,"adult"
"18059",1,"ULYS",41,1,"adult"
"18061",1,"UNDG",1,1,"adult"
"18062",1,"UNDG",2,1,"adult"
"18063",1,"UNDG",3,1,"adult"
"18064",1,"UNDG",4,1,"adult"
"18065",1,"UNDG",5,1,"adult"
"18066",1,"UNDG",6,1,"adult"
"18067",1,"UNDG",7,1,"adult"
"18068",1,"UNDG",8,1,"adult"
"18069",1,"UNDG",9,1,"adult"
"18070",1,"UNDG",10,1,"adult"
"18071",1,"UNDG",11,1,"adult"
"18072",1,"UNDG",12,1,"adult"
"18073",1,"UNDG",13,1,"adult"
"18074",1,"UNDG",14,1,"adult"
"18075",1,"UNDG",15,1,"adult"
"18076",1,"UNDG",16,1,"adult"
"18077",1,"UNDG",17,1,"adult"
"18078",1,"UNDG",18,1,"adult"
"18079",1,"UNDG",19,1,"adult"
"18080",1,"UNDG",20,1,"adult"
"18081",1,"UNDG",21,1,"adult"
"18082",1,"UNDG",22,1,"adult"
"18083",1,"UNDG",23,1,"adult"
"18084",1,"UNDG",24,1,"adult"
"18085",1,"UNDG",25,1,"adult"
"18086",1,"UNDG",26,1,"adult"
"18087",1,"UNDG",27,1,"adult"
"18088",1,"UNDG",28,1,"adult"
"18089",1,"UNDG",29,1,"adult"
"18090",1,"UNDG",30,1,"adult"
"18091",1,"UNDG",31,1,"adult"
"18092",1,"UNDG",32,1,"adult"
"18093",1,"UNDG",33,1,"adult"
"18094",1,"UNDG",34,1,"adult"
"18095",1,"UNDG",35,1,"adult"
"18096",1,"UNDG",36,1,"adult"
"18097",1,"UNDG",37,1,"adult"
"18098",1,"UNDG",38,1,"adult"
"18099",1,"UNDG",39,1,"adult"
"18100",1,"UNDG",40,1,"adult"
"18101",1,"UNDG",41,1,"adult"
"18103",1,"VSTC",1,1,"unborn"
"18104",1,"VSTC",2,1,"unborn"
"18105",1,"VSTC",3,1,"unborn"
"18106",1,"VSTC",4,1,"unborn"
"18107",1,"VSTC",5,1,"unborn"
"18108",1,"VSTC",6,1,"unborn"
"18109",1,"VSTC",7,1,"unborn"
"18110",1,"VSTC",8,1,"unborn"
"18111",1,"VSTC",9,1,"unborn"
"18112",1,"VSTC",10,1,"unborn"
"18113",1,"VSTC",11,1,"unborn"
"18114",1,"VSTC",12,1,"unborn"
"18115",1,"VSTC",13,1,"unborn"
"18116",1,"VSTC",14,1,"unborn"
"18117",1,"VSTC",15,1,"unborn"
"18118",1,"VSTC",16,1,"unborn"
"18119",1,"VSTC",17,1,"unborn"
"18120",1,"VSTC",18,1,"unborn"
"18121",1,"VSTC",19,1,"unborn"
"18122",1,"VSTC",20,1,"unborn"
"18123",1,"VSTC",21,1,"calf"
"18124",1,"VSTC",22,1,"calf"
"18125",1,"VSTC",23,1,"calf"
"18126",1,"VSTC",24,1,"calf"
"18127",1,"VSTC",25,1,"calf"
"18128",1,"VSTC",26,1,"calf"
"18129",1,"VSTC",27,1,"calf"
"18130",1,"VSTC",28,1,"calf"
"18131",1,"VSTC",29,1,"calf"
"18132",1,"VSTC",30,1,"juvenile"
"18133",1,"VSTC",31,1,"juvenile"
"18134",1,"VSTC",32,1,"juvenile"
"18135",1,"VSTC",33,1,"juvenile"
"18136",1,"VSTC",34,1,"juvenile"
"18137",1,"VSTC",35,1,"juvenile"
"18138",1,"VSTC",36,1,"juvenile"
"18139",1,"VSTC",37,1,"juvenile"
"18140",1,"VSTC",38,1,"juvenile"
"18141",1,"VSTC",39,1,"juvenile"
"18142",1,"VSTC",40,1,"juvenile"
"18143",1,"VSTC",41,1,"juvenile"
"18145",1,"VSTH",1,1,"adult"
"18146",1,"VSTH",2,1,"adult"
"18147",1,"VSTH",3,1,"adult"
"18148",1,"VSTH",4,1,"adult"
"18149",1,"VSTH",5,1,"adult"
"18150",1,"VSTH",6,1,"adult"
"18151",1,"VSTH",7,1,"adult"
"18152",1,"VSTH",8,1,"adult"
"18153",1,"VSTH",9,1,"adult"
"18154",1,"VSTH",10,1,"adult"
"18155",1,"VSTH",11,1,"adult"
"18156",1,"VSTH",12,1,"adult"
"18157",1,"VSTH",13,1,"adult"
"18158",1,"VSTH",14,1,"adult"
"18159",1,"VSTH",15,1,"adult"
"18160",1,"VSTH",16,1,"adult"
"18161",1,"VSTH",17,1,"adult"
"18162",1,"VSTH",18,1,"adult"
"18163",1,"VSTH",19,1,"adult"
"18164",1,"VSTH",20,1,"adult"
"18165",1,"VSTH",21,1,"adult"
"18166",1,"VSTH",22,1,"adult"
"18167",1,"VSTH",23,1,"adult"
"18168",1,"VSTH",24,1,"adult"
"18169",1,"VSTH",25,1,"adult"
"18170",1,"VSTH",26,1,"adult"
"18171",1,"VSTH",27,1,"adult"
"18172",1,"VSTH",28,1,"adult"
"18173",1,"VSTH",29,1,"adult"
"18174",1,"VSTH",30,1,"adult"
"18175",1,"VSTH",31,1,"adult"
"18176",1,"VSTH",32,1,"adult"
"18177",1,"VSTH",33,1,"adult"
"18178",1,"VSTH",34,1,"adult"
"18179",1,"VSTH",35,1,"adult"
"18180",1,"VSTH",36,1,"adult"
"18181",1,"VSTH",37,1,"adult"
"18182",1,"VSTH",38,1,"adult"
"18183",1,"VSTH",39,1,"adult"
"18184",1,"VSTH",40,1,"adult"
"18185",1,"VSTH",41,1,"adult"
"18187",1,"WAND",1,1,"adult"
"18188",1,"WAND",2,1,"adult"
"18189",1,"WAND",3,1,"adult"
"18190",1,"WAND",4,1,"adult"
"18191",1,"WAND",5,1,"adult"
"18192",1,"WAND",6,1,"adult"
"18193",1,"WAND",7,1,"adult"
"18194",1,"WAND",8,1,"adult"
"18195",1,"WAND",9,1,"adult"
"18196",1,"WAND",10,1,"adult"
"18197",1,"WAND",11,1,"adult"
"18198",1,"WAND",12,1,"adult"
"18199",1,"WAND",13,1,"adult"
"18200",1,"WAND",14,1,"adult"
"18201",1,"WAND",15,1,"adult"
"18202",1,"WAND",16,1,"adult"
"18203",1,"WAND",17,1,"adult"
"18204",1,"WAND",18,1,"adult"
"18205",1,"WAND",19,1,"adult"
"18206",1,"WAND",20,1,"adult"
"18207",1,"WAND",21,1,"adult"
"18208",1,"WAND",22,1,"adult"
"18209",1,"WAND",23,1,"adult"
"18210",1,"WAND",24,1,"adult"
"18211",1,"WAND",25,1,"adult"
"18212",1,"WAND",26,1,"adult"
"18213",1,"WAND",27,1,"adult"
"18214",1,"WAND",28,1,"adult"
"18215",1,"WAND",29,1,"adult"
"18216",1,"WAND",30,1,"adult"
"18217",1,"WAND",31,1,"adult"
"18218",1,"WAND",32,1,"adult"
"18219",1,"WAND",33,1,"adult"
"18220",1,"WAND",34,1,"adult"
"18221",1,"WAND",35,1,"adult"
"18222",1,"WAND",36,1,"adult"
"18223",1,"WAND",37,1,"adult"
"18224",1,"WAND",38,1,"adult"
"18225",1,"WAND",39,1,"adult"
"18226",1,"WAND",40,1,"adult"
"18227",1,"WAND",41,1,"adult"
"18229",1,"WENT",1,1,"adult"
"18230",1,"WENT",2,1,"adult"
"18231",1,"WENT",3,1,"adult"
"18232",1,"WENT",4,1,"adult"
"18233",1,"WENT",5,1,"adult"
"18234",1,"WENT",6,1,"adult"
"18235",1,"WENT",7,1,"adult"
"18236",1,"WENT",8,1,"adult"
"18237",1,"WENT",9,1,"adult"
"18238",1,"WENT",10,1,"adult"
"18239",1,"WENT",11,1,"adult"
"18240",1,"WENT",12,1,"adult"
"18241",1,"WENT",13,1,"adult"
"18242",1,"WENT",14,1,"adult"
"18243",1,"WENT",15,1,"adult"
"18244",1,"WENT",16,1,"adult"
"18245",1,"WENT",17,1,"adult"
"18246",1,"WENT",18,1,"adult"
"18247",1,"WENT",19,1,"adult"
"18248",1,"WENT",20,1,"adult"
"18249",1,"WENT",21,1,"adult"
"18250",1,"WENT",22,1,"adult"
"18251",1,"WENT",23,1,"adult"
"18252",1,"WENT",24,1,"adult"
"18253",1,"WENT",25,1,"adult"
"18254",1,"WENT",26,1,"adult"
"18255",1,"WENT",27,1,"adult"
"18256",1,"WENT",28,1,"adult"
"18257",1,"WENT",29,1,"adult"
"18258",1,"WENT",30,1,"adult"
"18259",1,"WENT",31,1,"adult"
"18260",1,"WENT",32,1,"adult"
"18261",1,"WENT",33,1,"adult"
"18262",1,"WENT",34,1,"adult"
"18263",1,"WENT",35,1,"adult"
"18264",1,"WENT",36,1,"adult"
"18265",1,"WENT",37,1,"adult"
"18266",1,"WENT",38,1,"adult"
"18267",1,"WENT",39,1,"adult"
"18268",1,"WENT",40,1,"adult"
"18269",1,"WENT",41,1,"adult"
"18271",1,"WHOO",1,1,"adult"
"18272",1,"WHOO",2,1,"adult"
"18273",1,"WHOO",3,1,"adult"
"18274",1,"WHOO",4,1,"adult"
"18275",1,"WHOO",5,1,"adult"
"18276",1,"WHOO",6,1,"adult"
"18277",1,"WHOO",7,1,"adult"
"18278",1,"WHOO",8,1,"adult"
"18279",1,"WHOO",9,1,"adult"
"18280",1,"WHOO",10,1,"adult"
"18281",1,"WHOO",11,1,"adult"
"18282",1,"WHOO",12,1,"adult"
"18283",1,"WHOO",13,1,"adult"
"18284",1,"WHOO",14,1,"adult"
"18285",1,"WHOO",15,1,"adult"
"18286",1,"WHOO",16,1,"adult"
"18287",1,"WHOO",17,1,"adult"
"18288",1,"WHOO",18,1,"adult"
"18289",1,"WHOO",19,1,"adult"
"18290",1,"WHOO",20,1,"adult"
"18291",1,"WHOO",21,1,"adult"
"18292",1,"WHOO",22,1,"adult"
"18293",1,"WHOO",23,1,"adult"
"18294",1,"WHOO",24,1,"adult"
"18295",1,"WHOO",25,1,"adult"
"18296",1,"WHOO",26,1,"adult"
"18297",1,"WHOO",27,1,"adult"
"18298",1,"WHOO",28,1,"adult"
"18299",1,"WHOO",29,1,"adult"
"18300",1,"WHOO",30,1,"adult"
"18301",1,"WHOO",31,1,"adult"
"18302",1,"WHOO",32,1,"adult"
"18303",1,"WHOO",33,1,"adult"
"18304",1,"WHOO",34,1,"adult"
"18305",1,"WHOO",35,1,"adult"
"18306",1,"WHOO",36,1,"adult"
"18307",1,"WHOO",37,1,"adult"
"18308",1,"WHOO",38,1,"adult"
"18309",1,"WHOO",39,1,"adult"
"18310",1,"WHOO",40,1,"adult"
"18311",1,"WHOO",41,1,"adult"
"18313",1,"WIFF",1,1,"adult"
"18314",1,"WIFF",2,1,"adult"
"18315",1,"WIFF",3,1,"adult"
"18316",1,"WIFF",4,1,"adult"
"18317",1,"WIFF",5,1,"adult"
"18318",1,"WIFF",6,1,"adult"
"18319",1,"WIFF",7,1,"adult"
"18320",1,"WIFF",8,1,"adult"
"18321",1,"WIFF",9,1,"adult"
"18322",1,"WIFF",10,1,"adult"
"18323",1,"WIFF",11,1,"adult"
"18324",1,"WIFF",12,1,"adult"
"18325",1,"WIFF",13,1,"adult"
"18326",1,"WIFF",14,1,"adult"
"18327",1,"WIFF",15,1,"adult"
"18328",1,"WIFF",16,1,"adult"
"18329",1,"WIFF",17,1,"adult"
"18330",1,"WIFF",18,1,"adult"
"18331",1,"WIFF",19,1,"adult"
"18332",1,"WIFF",20,1,"adult"
"18333",1,"WIFF",21,1,"adult"
"18334",1,"WIFF",22,1,"adult"
"18335",1,"WIFF",23,1,"adult"
"18336",1,"WIFF",24,1,"adult"
"18337",1,"WIFF",25,1,"adult"
"18338",1,"WIFF",26,1,"adult"
"18339",1,"WIFF",27,1,"adult"
"18340",1,"WIFF",28,1,"adult"
"18341",1,"WIFF",29,1,"adult"
"18342",1,"WIFF",30,1,"adult"
"18343",1,"WIFF",31,1,"adult"
"18344",1,"WIFF",32,1,"adult"
"18345",1,"WIFF",33,1,"adult"
"18346",1,"WIFF",34,1,"adult"
"18347",1,"WIFF",35,1,"adult"
"18348",1,"WIFF",36,1,"adult"
"18349",1,"WIFF",37,1,"adult"
"18350",1,"WIFF",38,1,"adult"
"18351",1,"WIFF",39,1,"adult"
"18352",1,"WIFF",40,1,"adult"
"18353",1,"WIFF",41,1,"adult"
"18355",1,"WLET",1,1,"adult"
"18356",1,"WLET",2,1,"adult"
"18357",1,"WLET",3,1,"adult"
"18358",1,"WLET",4,1,"adult"
"18359",1,"WLET",5,1,"adult"
"18360",1,"WLET",6,1,"adult"
"18361",1,"WLET",7,1,"adult"
"18362",1,"WLET",8,1,"adult"
"18363",1,"WLET",9,1,"adult"
"18364",1,"WLET",10,1,"adult"
"18365",1,"WLET",11,1,"adult"
"18366",1,"WLET",12,1,"adult"
"18367",1,"WLET",13,1,"adult"
"18368",1,"WLET",14,1,"adult"
"18369",1,"WLET",15,1,"adult"
"18370",1,"WLET",16,1,"adult"
"18371",1,"WLET",17,1,"adult"
"18372",1,"WLET",18,1,"adult"
"18373",1,"WLET",19,1,"adult"
"18374",1,"WLET",20,1,"adult"
"18375",1,"WLET",21,1,"adult"
"18376",1,"WLET",22,1,"adult"
"18377",1,"WLET",23,1,"adult"
"18378",1,"WLET",24,1,"adult"
"18379",1,"WLET",25,1,"adult"
"18380",1,"WLET",26,1,"adult"
"18381",1,"WLET",27,1,"adult"
"18382",1,"WLET",28,1,"adult"
"18383",1,"WLET",29,1,"adult"
"18384",1,"WLET",30,1,"adult"
"18385",1,"WLET",31,1,"adult"
"18386",1,"WLET",32,1,"adult"
"18387",1,"WLET",33,1,"adult"
"18388",1,"WLET",34,1,"adult"
"18389",1,"WLET",35,1,"adult"
"18390",1,"WLET",36,1,"adult"
"18391",1,"WLET",37,1,"adult"
"18392",1,"WLET",38,1,"adult"
"18393",1,"WLET",39,1,"adult"
"18394",1,"WLET",40,1,"adult"
"18395",1,"WLET",41,1,"adult"
"18397",1,"WORM",1,1,"adult"
"18398",1,"WORM",2,1,"adult"
"18399",1,"WORM",3,1,"adult"
"18400",1,"WORM",4,1,"adult"
"18401",1,"WORM",5,1,"adult"
"18402",1,"WORM",6,1,"adult"
"18403",1,"WORM",7,1,"adult"
"18404",1,"WORM",8,1,"adult"
"18405",1,"WORM",9,1,"adult"
"18406",1,"WORM",10,1,"adult"
"18407",1,"WORM",11,1,"adult"
"18408",1,"WORM",12,1,"adult"
"18409",1,"WORM",13,1,"adult"
"18410",1,"WORM",14,1,"adult"
"18411",1,"WORM",15,1,"adult"
"18412",1,"WORM",16,1,"adult"
"18413",1,"WORM",17,1,"adult"
"18414",1,"WORM",18,1,"adult"
"18415",1,"WORM",19,1,"adult"
"18416",1,"WORM",20,1,"adult"
"18417",1,"WORM",21,1,"adult"
"18418",1,"WORM",22,1,"adult"
"18419",1,"WORM",23,1,"adult"
"18420",1,"WORM",24,1,"adult"
"18421",1,"WORM",25,1,"adult"
"18422",1,"WORM",26,1,"adult"
"18423",1,"WORM",27,1,"adult"
"18424",1,"WORM",28,1,"adult"
"18425",1,"WORM",29,1,"adult"
"18426",1,"WORM",30,1,"adult"
"18427",1,"WORM",31,1,"adult"
"18428",1,"WORM",32,1,"adult"
"18429",1,"WORM",33,1,"adult"
"18430",1,"WORM",34,1,"adult"
"18431",1,"WORM",35,1,"adult"
"18432",1,"WORM",36,1,"adult"
"18433",1,"WORM",37,1,"adult"
"18434",1,"WORM",38,1,"adult"
"18435",1,"WORM",39,1,"adult"
"18436",1,"WORM",40,1,"adult"
"18437",1,"WORM",41,1,"adult"
"18439",1,"WTMA",1,1,"adult"
"18440",1,"WTMA",2,1,"adult"
"18441",1,"WTMA",3,1,"adult"
"18442",1,"WTMA",4,1,"adult"
"18443",1,"WTMA",5,1,"adult"
"18444",1,"WTMA",6,1,"adult"
"18445",1,"WTMA",7,1,"adult"
"18446",1,"WTMA",8,1,"adult"
"18447",1,"WTMA",9,1,"adult"
"18448",1,"WTMA",10,1,"adult"
"18449",1,"WTMA",11,1,"adult"
"18450",1,"WTMA",12,1,"adult"
"18451",1,"WTMA",13,1,"adult"
"18452",1,"WTMA",14,1,"adult"
"18453",1,"WTMA",15,1,"adult"
"18454",1,"WTMA",16,1,"adult"
"18455",1,"WTMA",17,1,"adult"
"18456",1,"WTMA",18,1,"adult"
"18457",1,"WTMA",19,1,"adult"
"18458",1,"WTMA",20,1,"adult"
"18459",1,"WTMA",21,1,"adult"
"18460",1,"WTMA",22,1,"adult"
"18461",1,"WTMA",23,1,"adult"
"18462",1,"WTMA",24,1,"adult"
"18463",1,"WTMA",25,1,"adult"
"18464",1,"WTMA",26,1,"adult"
"18465",1,"WTMA",27,1,"adult"
"18466",1,"WTMA",28,1,"adult"
"18467",1,"WTMA",29,1,"adult"
"18468",1,"WTMA",30,1,"adult"
"18469",1,"WTMA",31,1,"adult"
"18470",1,"WTMA",32,1,"adult"
"18471",1,"WTMA",33,1,"adult"
"18472",1,"WTMA",34,1,"adult"
"18473",1,"WTMA",35,1,"adult"
"18474",1,"WTMA",36,1,"adult"
"18475",1,"WTMA",37,1,"adult"
"18476",1,"WTMA",38,1,"adult"
"18477",1,"WTMA",39,1,"adult"
"18478",1,"WTMA",40,1,"adult"
"18479",1,"WTMA",41,1,"adult"
"18481",1,"WWJD",1,1,"unborn"
"18482",1,"WWJD",2,1,"unborn"
"18483",1,"WWJD",3,1,"unborn"
"18484",1,"WWJD",4,1,"unborn"
"18485",1,"WWJD",5,1,"unborn"
"18486",1,"WWJD",6,1,"unborn"
"18487",1,"WWJD",7,1,"unborn"
"18488",1,"WWJD",8,1,"unborn"
"18489",1,"WWJD",9,1,"unborn"
"18490",1,"WWJD",10,1,"unborn"
"18491",1,"WWJD",11,1,"unborn"
"18492",1,"WWJD",12,1,"unborn"
"18493",1,"WWJD",13,1,"unborn"
"18494",1,"WWJD",14,1,"unborn"
"18495",1,"WWJD",15,1,"unborn"
"18496",1,"WWJD",16,1,"calf"
"18497",1,"WWJD",17,1,"calf"
"18498",1,"WWJD",18,1,"calf"
"18499",1,"WWJD",19,1,"calf"
"18500",1,"WWJD",20,1,"calf"
"18501",1,"WWJD",21,1,"calf"
"18502",1,"WWJD",22,1,"calf"
"18503",1,"WWJD",23,1,"calf"
"18504",1,"WWJD",24,1,"juvenile"
"18505",1,"WWJD",25,1,"juvenile"
"18506",1,"WWJD",26,1,"juvenile"
"18507",1,"WWJD",27,1,"juvenile"
"18508",1,"WWJD",28,1,"juvenile"
"18509",1,"WWJD",29,1,"juvenile"
"18510",1,"WWJD",30,1,"juvenile"
"18511",1,"WWJD",31,1,"juvenile"
"18512",1,"WWJD",32,1,"juvenile"
"18513",1,"WWJD",33,1,"juvenile"
"18514",1,"WWJD",34,1,"juvenile"
"18515",1,"WWJD",35,1,"juvenile"
"18516",1,"WWJD",36,1,"juvenile"
"18517",1,"WWJD",37,1,"juvenile"
"18518",1,"WWJD",38,1,"juvenile"
"18519",1,"WWJD",39,1,"juvenile"
"18520",1,"WWJD",40,1,"juvenile"
"18521",1,"WWJD",41,1,"juvenile"
"18523",1,"YANK",1,1,"adult"
"18524",1,"YANK",2,1,"adult"
"18525",1,"YANK",3,1,"adult"
"18526",1,"YANK",4,1,"adult"
"18527",1,"YANK",5,1,"adult"
"18528",1,"YANK",6,1,"adult"
"18529",1,"YANK",7,1,"adult"
"18530",1,"YANK",8,1,"adult"
"18531",1,"YANK",9,1,"adult"
"18532",1,"YANK",10,1,"adult"
"18533",1,"YANK",11,1,"adult"
"18534",1,"YANK",12,1,"adult"
"18535",1,"YANK",13,1,"adult"
"18536",1,"YANK",14,1,"adult"
"18537",1,"YANK",15,1,"adult"
"18538",1,"YANK",16,1,"adult"
"18539",1,"YANK",17,1,"adult"
"18540",1,"YANK",18,1,"adult"
"18541",1,"YANK",19,1,"adult"
"18542",1,"YANK",20,1,"adult"
"18543",1,"YANK",21,1,"adult"
"18544",1,"YANK",22,1,"adult"
"18545",1,"YANK",23,1,"adult"
"18546",1,"YANK",24,1,"adult"
"18547",1,"YANK",25,1,"adult"
"18548",1,"YANK",26,1,"adult"
"18549",1,"YANK",27,1,"adult"
"18550",1,"YANK",28,1,"adult"
"18551",1,"YANK",29,1,"adult"
"18552",1,"YANK",30,1,"adult"
"18553",1,"YANK",31,1,"adult"
"18554",1,"YANK",32,1,"adult"
"18555",1,"YANK",33,1,"adult"
"18556",1,"YANK",34,1,"adult"
"18557",1,"YANK",35,1,"adult"
"18558",1,"YANK",36,1,"adult"
"18559",1,"YANK",37,1,"adult"
"18560",1,"YANK",38,1,"adult"
"18561",1,"YANK",39,1,"adult"
"18562",1,"YANK",40,1,"adult"
"18563",1,"YANK",41,1,"adult"
"18565",1,"YELP",1,1,"adult"
"18566",1,"YELP",2,1,"adult"
"18567",1,"YELP",3,1,"adult"
"18568",1,"YELP",4,1,"adult"
"18569",1,"YELP",5,1,"adult"
"18570",1,"YELP",6,1,"adult"
"18571",1,"YELP",7,1,"adult"
"18572",1,"YELP",8,1,"adult"
"18573",1,"YELP",9,1,"adult"
"18574",1,"YELP",10,1,"adult"
"18575",1,"YELP",11,1,"adult"
"18576",1,"YELP",12,1,"adult"
"18577",1,"YELP",13,1,"adult"
"18578",1,"YELP",14,1,"adult"
"18579",1,"YELP",15,1,"adult"
"18580",1,"YELP",16,1,"adult"
"18581",1,"YELP",17,1,"adult"
"18582",1,"YELP",18,1,"adult"
"18583",1,"YELP",19,1,"adult"
"18584",1,"YELP",20,1,"adult"
"18585",1,"YELP",21,1,"adult"
"18586",1,"YELP",22,1,"adult"
"18587",1,"YELP",23,1,"adult"
"18588",1,"YELP",24,1,"adult"
"18589",1,"YELP",25,1,"adult"
"18590",1,"YELP",26,1,"adult"
"18591",1,"YELP",27,1,"adult"
"18592",1,"YELP",28,1,"adult"
"18593",1,"YELP",29,1,"adult"
"18594",1,"YELP",30,1,"adult"
"18595",1,"YELP",31,1,"adult"
"18596",1,"YELP",32,1,"adult"
"18597",1,"YELP",33,1,"adult"
"18598",1,"YELP",34,1,"adult"
"18599",1,"YELP",35,1,"adult"
"18600",1,"YELP",36,1,"adult"
"18601",1,"YELP",37,1,"adult"
"18602",1,"YELP",38,1,"adult"
"18603",1,"YELP",39,1,"adult"
"18604",1,"YELP",40,1,"adult"
"18605",1,"YELP",41,1,"adult"
"18607",1,"ZEDC",1,1,"adult"
"18608",1,"ZEDC",2,1,"adult"
"18609",1,"ZEDC",3,1,"adult"
"18610",1,"ZEDC",4,1,"adult"
"18611",1,"ZEDC",5,1,"adult"
"18612",1,"ZEDC",6,1,"adult"
"18613",1,"ZEDC",7,1,"adult"
"18614",1,"ZEDC",8,1,"adult"
"18615",1,"ZEDC",9,1,"adult"
"18616",1,"ZEDC",10,1,"adult"
"18617",1,"ZEDC",11,1,"adult"
"18618",1,"ZEDC",12,1,"adult"
"18619",1,"ZEDC",13,1,"adult"
"18620",1,"ZEDC",14,1,"adult"
"18621",1,"ZEDC",15,1,"adult"
"18622",1,"ZEDC",16,1,"adult"
"18623",1,"ZEDC",17,1,"adult"
"18624",1,"ZEDC",18,1,"adult"
"18625",1,"ZEDC",19,1,"adult"
"18626",1,"ZEDC",20,1,"adult"
"18627",1,"ZEDC",21,1,"adult"
"18628",1,"ZEDC",22,1,"adult"
"18629",1,"ZEDC",23,1,"adult"
"18630",1,"ZEDC",24,1,"adult"
"18631",1,"ZEDC",25,1,"adult"
"18632",1,"ZEDC",26,1,"adult"
"18633",1,"ZEDC",27,1,"adult"
"18634",1,"ZEDC",28,1,"adult"
"18635",1,"ZEDC",29,1,"adult"
"18636",1,"ZEDC",30,1,"adult"
"18637",1,"ZEDC",31,1,"adult"
"18638",1,"ZEDC",32,1,"adult"
"18639",1,"ZEDC",33,1,"adult"
"18640",1,"ZEDC",34,1,"adult"
"18641",1,"ZEDC",35,1,"adult"
"18642",1,"ZEDC",36,1,"adult"
"18643",1,"ZEDC",37,1,"adult"
"18644",1,"ZEDC",38,1,"adult"
"18645",1,"ZEDC",39,1,"adult"
"18646",1,"ZEDC",40,1,"adult"
"18647",1,"ZEDC",41,1,"adult"
"18649",1,"ZEL1",1,1,"unborn"
"18650",1,"ZEL1",2,1,"unborn"
"18651",1,"ZEL1",3,1,"unborn"
"18652",1,"ZEL1",4,1,"unborn"
"18653",1,"ZEL1",5,1,"unborn"
"18654",1,"ZEL1",6,1,"unborn"
"18655",1,"ZEL1",7,1,"unborn"
"18656",1,"ZEL1",8,1,"unborn"
"18657",1,"ZEL1",9,1,"unborn"
"18658",1,"ZEL1",10,1,"unborn"
"18659",1,"ZEL1",11,1,"unborn"
"18660",1,"ZEL1",12,1,"calf"
"18661",1,"ZEL1",13,1,"calf"
"18662",1,"ZEL1",14,1,"calf"
"18663",1,"ZEL1",15,1,"calf"
"18664",1,"ZEL1",16,1,"juvenile"
"18665",1,"ZEL1",17,1,"juvenile"
"18666",1,"ZEL1",18,1,"juvenile"
"18667",1,"ZEL1",19,1,"juvenile"
"18668",1,"ZEL1",20,1,"juvenile"
"18669",1,"ZEL1",21,1,"juvenile"
"18670",1,"ZEL1",22,1,"juvenile"
"18671",1,"ZEL1",23,1,"juvenile"
"18672",1,"ZEL1",24,1,"juvenile"
"18673",1,"ZEL1",25,1,"juvenile"
"18674",1,"ZEL1",26,1,"adult"
"18675",1,"ZEL1",27,1,"adult"
"18676",1,"ZEL1",28,1,"adult"
"18677",1,"ZEL1",29,1,"adult"
"18678",1,"ZEL1",30,1,"adult"
"18679",1,"ZEL1",31,1,"adult"
"18680",1,"ZEL1",32,1,"adult"
"18681",1,"ZEL1",33,1,"adult"
"18682",1,"ZEL1",34,1,"adult"
"18683",1,"ZEL1",35,1,"adult"
"18684",1,"ZEL1",36,1,"adult"
"18685",1,"ZEL1",37,1,"adult"
"18686",1,"ZEL1",38,1,"adult"
"18687",1,"ZEL1",39,1,"adult"
"18688",1,"ZEL1",40,1,"adult"
"18689",1,"ZEL1",41,1,"adult"
"18691",1,"ZEL2",1,1,"adult"
"18692",1,"ZEL2",2,1,"adult"
"18693",1,"ZEL2",3,1,"adult"
"18694",1,"ZEL2",4,1,"adult"
"18695",1,"ZEL2",5,1,"adult"
"18696",1,"ZEL2",6,1,"adult"
"18697",1,"ZEL2",7,1,"adult"
"18698",1,"ZEL2",8,1,"adult"
"18699",1,"ZEL2",9,1,"adult"
"18700",1,"ZEL2",10,1,"adult"
"18701",1,"ZEL2",11,1,"adult"
"18702",1,"ZEL2",12,1,"adult"
"18703",1,"ZEL2",13,1,"adult"
"18704",1,"ZEL2",14,1,"adult"
"18705",1,"ZEL2",15,1,"adult"
"18706",1,"ZEL2",16,1,"adult"
"18707",1,"ZEL2",17,1,"adult"
"18708",1,"ZEL2",18,1,"adult"
"18709",1,"ZEL2",19,1,"adult"
"18710",1,"ZEL2",20,1,"adult"
"18711",1,"ZEL2",21,1,"adult"
"18712",1,"ZEL2",22,1,"adult"
"18713",1,"ZEL2",23,1,"adult"
"18714",1,"ZEL2",24,1,"adult"
"18715",1,"ZEL2",25,1,"adult"
"18716",1,"ZEL2",26,1,"adult"
"18717",1,"ZEL2",27,1,"adult"
"18718",1,"ZEL2",28,1,"adult"
"18719",1,"ZEL2",29,1,"adult"
"18720",1,"ZEL2",30,1,"adult"
"18721",1,"ZEL2",31,1,"adult"
"18722",1,"ZEL2",32,1,"adult"
"18723",1,"ZEL2",33,1,"adult"
"18724",1,"ZEL2",34,1,"adult"
"18725",1,"ZEL2",35,1,"adult"
"18726",1,"ZEL2",36,1,"adult"
"18727",1,"ZEL2",37,1,"adult"
"18728",1,"ZEL2",38,1,"adult"
"18729",1,"ZEL2",39,1,"adult"
"18730",1,"ZEL2",40,1,"adult"
"18731",1,"ZEL2",41,1,"adult"
"18733",1,"ZELD",1,1,"adult"
"18734",1,"ZELD",2,1,"adult"
"18735",1,"ZELD",3,1,"adult"
"18736",1,"ZELD",4,1,"adult"
"18737",1,"ZELD",5,1,"adult"
"18738",1,"ZELD",6,1,"adult"
"18739",1,"ZELD",7,1,"adult"
"18740",1,"ZELD",8,1,"adult"
"18741",1,"ZELD",9,1,"adult"
"18742",1,"ZELD",10,1,"adult"
"18743",1,"ZELD",11,1,"adult"
"18744",1,"ZELD",12,1,"adult"
"18745",1,"ZELD",13,1,"adult"
"18746",1,"ZELD",14,1,"adult"
"18747",1,"ZELD",15,1,"adult"
"18748",1,"ZELD",16,1,"adult"
"18749",1,"ZELD",17,1,"adult"
"18750",1,"ZELD",18,1,"adult"
"18751",1,"ZELD",19,1,"adult"
"18752",1,"ZELD",20,1,"adult"
"18753",1,"ZELD",21,1,"adult"
"18754",1,"ZELD",22,1,"adult"
"18755",1,"ZELD",23,1,"adult"
"18756",1,"ZELD",24,1,"adult"
"18757",1,"ZELD",25,1,"adult"
"18758",1,"ZELD",26,1,"adult"
"18759",1,"ZELD",27,1,"adult"
"18760",1,"ZELD",28,1,"adult"
"18761",1,"ZELD",29,1,"adult"
"18762",1,"ZELD",30,1,"adult"
"18763",1,"ZELD",31,1,"adult"
"18764",1,"ZELD",32,1,"adult"
"18765",1,"ZELD",33,1,"adult"
"18766",1,"ZELD",34,1,"adult"
"18767",1,"ZELD",35,1,"adult"
"18768",1,"ZELD",36,1,"adult"
"18769",1,"ZELD",37,1,"adult"
"18770",1,"ZELD",38,1,"adult"
"18771",1,"ZELD",39,1,"adult"
"18772",1,"ZELD",40,1,"adult"
"18773",1,"ZELD",41,1,"adult"
"18775",1,"ZRBA",1,1,"adult"
"18776",1,"ZRBA",2,1,"adult"
"18777",1,"ZRBA",3,1,"adult"
"18778",1,"ZRBA",4,1,"adult"
"18779",1,"ZRBA",5,1,"adult"
"18780",1,"ZRBA",6,1,"adult"
"18781",1,"ZRBA",7,1,"adult"
"18782",1,"ZRBA",8,1,"adult"
"18783",1,"ZRBA",9,1,"adult"
"18784",1,"ZRBA",10,1,"adult"
"18785",1,"ZRBA",11,1,"adult"
"18786",1,"ZRBA",12,1,"adult"
"18787",1,"ZRBA",13,1,"adult"
"18788",1,"ZRBA",14,1,"adult"
"18789",1,"ZRBA",15,1,"adult"
"18790",1,"ZRBA",16,1,"adult"
"18791",1,"ZRBA",17,1,"adult"
"18792",1,"ZRBA",18,1,"adult"
"18793",1,"ZRBA",19,1,"adult"
"18794",1,"ZRBA",20,1,"adult"
"18795",1,"ZRBA",21,1,"adult"
"18796",1,"ZRBA",22,1,"adult"
"18797",1,"ZRBA",23,1,"adult"
"18798",1,"ZRBA",24,1,"adult"
"18799",1,"ZRBA",25,1,"adult"
"18800",1,"ZRBA",26,1,"adult"
"18801",1,"ZRBA",27,1,"adult"
"18802",1,"ZRBA",28,1,"adult"
"18803",1,"ZRBA",29,1,"adult"
"18804",1,"ZRBA",30,1,"adult"
"18805",1,"ZRBA",31,1,"adult"
"18806",1,"ZRBA",32,1,"adult"
"18807",1,"ZRBA",33,1,"adult"
"18808",1,"ZRBA",34,1,"adult"
"18809",1,"ZRBA",35,1,"adult"
"18810",1,"ZRBA",36,1,"adult"
"18811",1,"ZRBA",37,1,"adult"
"18812",1,"ZRBA",38,1,"adult"
"18813",1,"ZRBA",39,1,"adult"
"18814",1,"ZRBA",40,1,"adult"
"18815",1,"ZRBA",41,1,"adult"
"18817",1,"ZRBC",1,1,"unborn"
"18818",1,"ZRBC",2,1,"unborn"
"18819",1,"ZRBC",3,1,"unborn"
"18820",1,"ZRBC",4,1,"unborn"
"18821",1,"ZRBC",5,1,"unborn"
"18822",1,"ZRBC",6,1,"unborn"
"18823",1,"ZRBC",7,1,"unborn"
"18824",1,"ZRBC",8,1,"unborn"
"18825",1,"ZRBC",9,1,"unborn"
"18826",1,"ZRBC",10,1,"unborn"
"18827",1,"ZRBC",11,1,"unborn"
"18828",1,"ZRBC",12,1,"calf"
"18829",1,"ZRBC",13,1,"calf"
"18830",1,"ZRBC",14,1,"calf"
"18831",1,"ZRBC",15,1,"juvenile"
"18832",1,"ZRBC",16,1,"juvenile"
"18833",1,"ZRBC",17,1,"juvenile"
"18834",1,"ZRBC",18,1,"juvenile"
"18835",1,"ZRBC",19,1,"juvenile"
"18836",1,"ZRBC",20,1,"juvenile"
"18837",1,"ZRBC",21,1,"juvenile"
"18838",1,"ZRBC",22,1,"juvenile"
"18839",1,"ZRBC",23,1,"juvenile"
"18840",1,"ZRBC",24,1,"adult"
"18841",1,"ZRBC",25,1,"adult"
"18842",1,"ZRBC",26,1,"adult"
"18843",1,"ZRBC",27,1,"adult"
"18844",1,"ZRBC",28,1,"adult"
"18845",1,"ZRBC",29,1,"adult"
"18846",1,"ZRBC",30,1,"adult"
"18847",1,"ZRBC",31,1,"adult"
"18848",1,"ZRBC",32,1,"adult"
"18849",1,"ZRBC",33,1,"adult"
"18850",1,"ZRBC",34,1,"adult"
"18851",1,"ZRBC",35,1,"adult"
"18852",1,"ZRBC",36,1,"adult"
"18853",1,"ZRBC",37,1,"adult"
"18854",1,"ZRBC",38,1,"adult"
"18855",1,"ZRBC",39,1,"adult"
"18856",1,"ZRBC",40,1,"adult"
"18857",1,"ZRBC",41,1,"adult"
