"","trial","id","time","age_group"
"1",1,"1054",1,"calf"
"2",1,"1054",2,"calf"
"3",1,"1054",3,"juvenile"
"4",1,"1054",4,"juvenile"
"5",1,"1054",5,"juvenile"
"6",1,"1054",6,"adult"
"7",1,"1054",7,"adult"
"8",1,"1054",8,"adult"
"9",1,"1054",9,"adult"
"10",1,"1054",10,"adult"
"11",1,"1054",11,"adult"
"12",1,"1054",12,"adult"
"13",1,"1054",13,"adult"
"14",1,"1054",14,"adult"
"15",1,"1054",15,"adult"
"16",1,"1091",1,"unborn"
"17",1,"1091",2,"unborn"
"18",1,"1091",3,"unborn"
"19",1,"1091",4,"unborn"
"20",1,"1091",5,"unborn"
"21",1,"1091",6,"unborn"
"22",1,"1091",7,"unborn"
"23",1,"1091",8,"unborn"
"24",1,"1091",9,"unborn"
"25",1,"1091",10,"unborn"
"26",1,"1091",11,"unborn"
"27",1,"1091",12,"calf"
"28",1,"1091",13,"calf"
"29",1,"1091",14,"juvenile"
"30",1,"1091",15,"juvenile"
"31",1,"1092",1,"unborn"
"32",1,"1092",2,"unborn"
"33",1,"1092",3,"unborn"
"34",1,"1092",4,"unborn"
"35",1,"1092",5,"unborn"
"36",1,"1092",6,"unborn"
"37",1,"1092",7,"unborn"
"38",1,"1092",8,"unborn"
"39",1,"1092",9,"unborn"
"40",1,"1092",10,"unborn"
"41",1,"1092",11,"unborn"
"42",1,"1092",12,"unborn"
"43",1,"1092",13,"unborn"
"44",1,"1092",14,"calf"
"45",1,"1092",15,"calf"
"46",1,"1093",1,"unborn"
"47",1,"1093",2,"unborn"
"48",1,"1093",3,"unborn"
"49",1,"1093",4,"unborn"
"50",1,"1093",5,"unborn"
"51",1,"1093",6,"unborn"
"52",1,"1093",7,"unborn"
"53",1,"1093",8,"unborn"
"54",1,"1093",9,"unborn"
"55",1,"1093",10,"unborn"
"56",1,"1093",11,"unborn"
"57",1,"1093",12,"unborn"
"58",1,"1093",13,"unborn"
"59",1,"1093",14,"unborn"
"60",1,"1093",15,"unborn"
"61",1,"1132",1,"unborn"
"62",1,"1132",2,"unborn"
"63",1,"1132",3,"unborn"
"64",1,"1132",4,"unborn"
"65",1,"1132",5,"unborn"
"66",1,"1132",6,"unborn"
"67",1,"1132",7,"unborn"
"68",1,"1132",8,"unborn"
"69",1,"1132",9,"unborn"
"70",1,"1132",10,"unborn"
"71",1,"1132",11,"unborn"
"72",1,"1132",12,"unborn"
"73",1,"1132",13,"calf"
"74",1,"1132",14,"juvenile"
"75",1,"1132",15,"juvenile"
"76",1,"1134",1,"unborn"
"77",1,"1134",2,"unborn"
"78",1,"1134",3,"unborn"
"79",1,"1134",4,"unborn"
"80",1,"1134",5,"unborn"
"81",1,"1134",6,"unborn"
"82",1,"1134",7,"unborn"
"83",1,"1134",8,"unborn"
"84",1,"1134",9,"unborn"
"85",1,"1134",10,"unborn"
"86",1,"1134",11,"unborn"
"87",1,"1134",12,"unborn"
"88",1,"1134",13,"unborn"
"89",1,"1134",14,"unborn"
"90",1,"1134",15,"unborn"
"91",1,"1135",1,"unborn"
"92",1,"1135",2,"unborn"
"93",1,"1135",3,"unborn"
"94",1,"1135",4,"unborn"
"95",1,"1135",5,"unborn"
"96",1,"1135",6,"unborn"
"97",1,"1135",7,"unborn"
"98",1,"1135",8,"unborn"
"99",1,"1135",9,"unborn"
"100",1,"1135",10,"unborn"
"101",1,"1135",11,"unborn"
"102",1,"1135",12,"unborn"
"103",1,"1135",13,"unborn"
"104",1,"1135",14,"unborn"
"105",1,"1135",15,"unborn"
"106",1,"1231",1,"unborn"
"107",1,"1231",2,"unborn"
"108",1,"1231",3,"unborn"
"109",1,"1231",4,"unborn"
"110",1,"1231",5,"unborn"
"111",1,"1231",6,"unborn"
"112",1,"1231",7,"unborn"
"113",1,"1231",8,"unborn"
"114",1,"1231",9,"unborn"
"115",1,"1231",10,"unborn"
"116",1,"1231",11,"unborn"
"117",1,"1231",12,"unborn"
"118",1,"1231",13,"unborn"
"119",1,"1231",14,"unborn"
"120",1,"1231",15,"calf"
"121",1,"1251",1,"unborn"
"122",1,"1251",2,"unborn"
"123",1,"1251",3,"unborn"
"124",1,"1251",4,"unborn"
"125",1,"1251",5,"unborn"
"126",1,"1251",6,"unborn"
"127",1,"1251",7,"calf"
"128",1,"1251",8,"calf"
"129",1,"1251",9,"calf"
"130",1,"1251",10,"calf"
"131",1,"1251",11,"calf"
"132",1,"1251",12,"calf"
"133",1,"1251",13,"calf"
"134",1,"1251",14,"juvenile"
"135",1,"1251",15,"juvenile"
"136",1,"1253",1,"unborn"
"137",1,"1253",2,"unborn"
"138",1,"1253",3,"unborn"
"139",1,"1253",4,"unborn"
"140",1,"1253",5,"unborn"
"141",1,"1253",6,"unborn"
"142",1,"1253",7,"unborn"
"143",1,"1253",8,"unborn"
"144",1,"1253",9,"unborn"
"145",1,"1253",10,"unborn"
"146",1,"1253",11,"unborn"
"147",1,"1253",12,"unborn"
"148",1,"1253",13,"unborn"
"149",1,"1253",14,"calf"
"150",1,"1253",15,"calf"
"151",1,"1313",1,"unborn"
"152",1,"1313",2,"unborn"
"153",1,"1313",3,"unborn"
"154",1,"1313",4,"unborn"
"155",1,"1313",5,"unborn"
"156",1,"1313",6,"calf"
"157",1,"1313",7,"calf"
"158",1,"1313",8,"calf"
"159",1,"1313",9,"calf"
"160",1,"1313",10,"calf"
"161",1,"1313",11,"calf"
"162",1,"1313",12,"juvenile"
"163",1,"1313",13,"juvenile"
"164",1,"1313",14,"adult"
"165",1,"1313",15,"adult"
"166",1,"1314",1,"unborn"
"167",1,"1314",2,"unborn"
"168",1,"1314",3,"unborn"
"169",1,"1314",4,"unborn"
"170",1,"1314",5,"unborn"
"171",1,"1314",6,"calf"
"172",1,"1314",7,"calf"
"173",1,"1314",8,"calf"
"174",1,"1314",9,"calf"
"175",1,"1314",10,"calf"
"176",1,"1314",11,"calf"
"177",1,"1314",12,"calf"
"178",1,"1314",13,"calf"
"179",1,"1314",14,"juvenile"
"180",1,"1314",15,"juvenile"
"181",1,"1315",1,"unborn"
"182",1,"1315",2,"unborn"
"183",1,"1315",3,"unborn"
"184",1,"1315",4,"unborn"
"185",1,"1315",5,"unborn"
"186",1,"1315",6,"unborn"
"187",1,"1315",7,"unborn"
"188",1,"1315",8,"unborn"
"189",1,"1315",9,"unborn"
"190",1,"1315",10,"unborn"
"191",1,"1315",11,"unborn"
"192",1,"1315",12,"calf"
"193",1,"1315",13,"calf"
"194",1,"1315",14,"juvenile"
"195",1,"1315",15,"juvenile"
"196",1,"1316",1,"unborn"
"197",1,"1316",2,"unborn"
"198",1,"1316",3,"unborn"
"199",1,"1316",4,"unborn"
"200",1,"1316",5,"unborn"
"201",1,"1316",6,"unborn"
"202",1,"1316",7,"unborn"
"203",1,"1316",8,"unborn"
"204",1,"1316",9,"unborn"
"205",1,"1316",10,"unborn"
"206",1,"1316",11,"unborn"
"207",1,"1316",12,"unborn"
"208",1,"1316",13,"unborn"
"209",1,"1316",14,"calf"
"210",1,"1316",15,"calf"
"211",1,"1317",1,"unborn"
"212",1,"1317",2,"unborn"
"213",1,"1317",3,"unborn"
"214",1,"1317",4,"unborn"
"215",1,"1317",5,"unborn"
"216",1,"1317",6,"unborn"
"217",1,"1317",7,"unborn"
"218",1,"1317",8,"unborn"
"219",1,"1317",9,"unborn"
"220",1,"1317",10,"unborn"
"221",1,"1317",11,"unborn"
"222",1,"1317",12,"unborn"
"223",1,"1317",13,"unborn"
"224",1,"1317",14,"unborn"
"225",1,"1317",15,"unborn"
"226",1,"1351",1,"unborn"
"227",1,"1351",2,"unborn"
"228",1,"1351",3,"unborn"
"229",1,"1351",4,"unborn"
"230",1,"1351",5,"unborn"
"231",1,"1351",6,"unborn"
"232",1,"1351",7,"unborn"
"233",1,"1351",8,"unborn"
"234",1,"1351",9,"unborn"
"235",1,"1351",10,"unborn"
"236",1,"1351",11,"unborn"
"237",1,"1351",12,"unborn"
"238",1,"1351",13,"unborn"
"239",1,"1351",14,"calf"
"240",1,"1351",15,"calf"
"241",1,"1373",1,"unborn"
"242",1,"1373",2,"unborn"
"243",1,"1373",3,"unborn"
"244",1,"1373",4,"unborn"
"245",1,"1373",5,"unborn"
"246",1,"1373",6,"unborn"
"247",1,"1373",7,"unborn"
"248",1,"1373",8,"unborn"
"249",1,"1373",9,"unborn"
"250",1,"1373",10,"unborn"
"251",1,"1373",11,"unborn"
"252",1,"1373",12,"unborn"
"253",1,"1373",13,"unborn"
"254",1,"1373",14,"unborn"
"255",1,"1373",15,"unborn"
"256",1,"1412",1,"unborn"
"257",1,"1412",2,"unborn"
"258",1,"1412",3,"unborn"
"259",1,"1412",4,"unborn"
"260",1,"1412",5,"unborn"
"261",1,"1412",6,"calf"
"262",1,"1412",7,"calf"
"263",1,"1412",8,"calf"
"264",1,"1412",9,"calf"
"265",1,"1412",10,"calf"
"266",1,"1412",11,"calf"
"267",1,"1412",12,"calf"
"268",1,"1412",13,"calf"
"269",1,"1412",14,"juvenile"
"270",1,"1412",15,"juvenile"
"271",1,"1414",1,"unborn"
"272",1,"1414",2,"unborn"
"273",1,"1414",3,"unborn"
"274",1,"1414",4,"unborn"
"275",1,"1414",5,"unborn"
"276",1,"1414",6,"unborn"
"277",1,"1414",7,"unborn"
"278",1,"1414",8,"unborn"
"279",1,"1414",9,"unborn"
"280",1,"1414",10,"unborn"
"281",1,"1414",11,"unborn"
"282",1,"1414",12,"unborn"
"283",1,"1414",13,"unborn"
"284",1,"1414",14,"calf"
"285",1,"1414",15,"calf"
"286",1,"1415",1,"unborn"
"287",1,"1415",2,"unborn"
"288",1,"1415",3,"unborn"
"289",1,"1415",4,"unborn"
"290",1,"1415",5,"unborn"
"291",1,"1415",6,"unborn"
"292",1,"1415",7,"unborn"
"293",1,"1415",8,"unborn"
"294",1,"1415",9,"unborn"
"295",1,"1415",10,"unborn"
"296",1,"1415",11,"unborn"
"297",1,"1415",12,"unborn"
"298",1,"1415",13,"unborn"
"299",1,"1415",14,"unborn"
"300",1,"1415",15,"unborn"
"301",1,"1452",1,"juvenile"
"302",1,"1452",2,"adult"
"303",1,"1452",3,"adult"
"304",1,"1452",4,"adult"
"305",1,"1452",5,"adult"
"306",1,"1452",6,"adult"
"307",1,"1452",7,"adult"
"308",1,"1452",8,"adult"
"309",1,"1452",9,"adult"
"310",1,"1452",10,"adult"
"311",1,"1452",11,"adult"
"312",1,"1452",12,"adult"
"313",1,"1452",13,"adult"
"314",1,"1452",14,"adult"
"315",1,"1452",15,"adult"
"316",1,"1453",1,"unborn"
"317",1,"1453",2,"unborn"
"318",1,"1453",3,"unborn"
"319",1,"1453",4,"unborn"
"320",1,"1453",5,"unborn"
"321",1,"1453",6,"calf"
"322",1,"1453",7,"calf"
"323",1,"1453",8,"calf"
"324",1,"1453",9,"calf"
"325",1,"1453",10,"calf"
"326",1,"1453",11,"calf"
"327",1,"1453",12,"juvenile"
"328",1,"1453",13,"juvenile"
"329",1,"1453",14,"adult"
"330",1,"1453",15,"adult"
"331",1,"1454",1,"juvenile"
"332",1,"1454",2,"adult"
"333",1,"1454",3,"adult"
"334",1,"1454",4,"adult"
"335",1,"1454",5,"adult"
"336",1,"1454",6,"adult"
"337",1,"1454",7,"adult"
"338",1,"1454",8,"adult"
"339",1,"1454",9,"adult"
"340",1,"1454",10,"adult"
"341",1,"1454",11,"adult"
"342",1,"1454",12,"adult"
"343",1,"1454",13,"adult"
"344",1,"1454",14,"adult"
"345",1,"1454",15,"adult"
"346",1,"1455",1,"unborn"
"347",1,"1455",2,"unborn"
"348",1,"1455",3,"unborn"
"349",1,"1455",4,"unborn"
"350",1,"1455",5,"unborn"
"351",1,"1455",6,"unborn"
"352",1,"1455",7,"unborn"
"353",1,"1455",8,"unborn"
"354",1,"1455",9,"unborn"
"355",1,"1455",10,"unborn"
"356",1,"1455",11,"unborn"
"357",1,"1455",12,"unborn"
"358",1,"1455",13,"unborn"
"359",1,"1455",14,"calf"
"360",1,"1455",15,"juvenile"
"361",1,"1456",1,"unborn"
"362",1,"1456",2,"unborn"
"363",1,"1456",3,"unborn"
"364",1,"1456",4,"unborn"
"365",1,"1456",5,"unborn"
"366",1,"1456",6,"unborn"
"367",1,"1456",7,"unborn"
"368",1,"1456",8,"unborn"
"369",1,"1456",9,"unborn"
"370",1,"1456",10,"unborn"
"371",1,"1456",11,"unborn"
"372",1,"1456",12,"unborn"
"373",1,"1456",13,"unborn"
"374",1,"1456",14,"calf"
"375",1,"1456",15,"calf"
"376",1,"1457",1,"unborn"
"377",1,"1457",2,"unborn"
"378",1,"1457",3,"unborn"
"379",1,"1457",4,"unborn"
"380",1,"1457",5,"unborn"
"381",1,"1457",6,"unborn"
"382",1,"1457",7,"unborn"
"383",1,"1457",8,"unborn"
"384",1,"1457",9,"unborn"
"385",1,"1457",10,"unborn"
"386",1,"1457",11,"unborn"
"387",1,"1457",12,"unborn"
"388",1,"1457",13,"unborn"
"389",1,"1457",14,"unborn"
"390",1,"1457",15,"unborn"
"391",1,"1494",1,"unborn"
"392",1,"1494",2,"unborn"
"393",1,"1494",3,"unborn"
"394",1,"1494",4,"unborn"
"395",1,"1494",5,"unborn"
"396",1,"1494",6,"unborn"
"397",1,"1494",7,"calf"
"398",1,"1494",8,"calf"
"399",1,"1494",9,"calf"
"400",1,"1494",10,"calf"
"401",1,"1494",11,"calf"
"402",1,"1494",12,"calf"
"403",1,"1494",13,"calf"
"404",1,"1494",14,"juvenile"
"405",1,"1494",15,"juvenile"
"406",1,"1495",1,"unborn"
"407",1,"1495",2,"unborn"
"408",1,"1495",3,"unborn"
"409",1,"1495",4,"unborn"
"410",1,"1495",5,"unborn"
"411",1,"1495",6,"unborn"
"412",1,"1495",7,"unborn"
"413",1,"1495",8,"unborn"
"414",1,"1495",9,"unborn"
"415",1,"1495",10,"unborn"
"416",1,"1495",11,"unborn"
"417",1,"1495",12,"unborn"
"418",1,"1495",13,"unborn"
"419",1,"1495",14,"calf"
"420",1,"1495",15,"calf"
"421",1,"1496",1,"unborn"
"422",1,"1496",2,"unborn"
"423",1,"1496",3,"unborn"
"424",1,"1496",4,"unborn"
"425",1,"1496",5,"unborn"
"426",1,"1496",6,"unborn"
"427",1,"1496",7,"unborn"
"428",1,"1496",8,"unborn"
"429",1,"1496",9,"unborn"
"430",1,"1496",10,"unborn"
"431",1,"1496",11,"unborn"
"432",1,"1496",12,"unborn"
"433",1,"1496",13,"unborn"
"434",1,"1496",14,"unborn"
"435",1,"1496",15,"unborn"
"436",1,"1511",1,"unborn"
"437",1,"1511",2,"unborn"
"438",1,"1511",3,"unborn"
"439",1,"1511",4,"unborn"
"440",1,"1511",5,"unborn"
"441",1,"1511",6,"unborn"
"442",1,"1511",7,"unborn"
"443",1,"1511",8,"unborn"
"444",1,"1511",9,"unborn"
"445",1,"1511",10,"unborn"
"446",1,"1511",11,"unborn"
"447",1,"1511",12,"unborn"
"448",1,"1511",13,"unborn"
"449",1,"1511",14,"calf"
"450",1,"1511",15,"calf"
"451",1,"1535",1,"unborn"
"452",1,"1535",2,"unborn"
"453",1,"1535",3,"calf"
"454",1,"1535",4,"calf"
"455",1,"1535",5,"calf"
"456",1,"1535",6,"adult"
"457",1,"1535",7,"adult"
"458",1,"1535",8,"adult"
"459",1,"1535",9,"adult"
"460",1,"1535",10,"adult"
"461",1,"1535",11,"adult"
"462",1,"1535",12,"adult"
"463",1,"1535",13,"adult"
"464",1,"1535",14,"adult"
"465",1,"1535",15,"adult"
"466",1,"1536",1,"unborn"
"467",1,"1536",2,"unborn"
"468",1,"1536",3,"unborn"
"469",1,"1536",4,"unborn"
"470",1,"1536",5,"unborn"
"471",1,"1536",6,"juvenile"
"472",1,"1536",7,"juvenile"
"473",1,"1536",8,"juvenile"
"474",1,"1536",9,"juvenile"
"475",1,"1536",10,"juvenile"
"476",1,"1536",11,"juvenile"
"477",1,"1536",12,"juvenile"
"478",1,"1536",13,"juvenile"
"479",1,"1536",14,"adult"
"480",1,"1536",15,"adult"
"481",1,"1551",1,"unborn"
"482",1,"1551",2,"unborn"
"483",1,"1551",3,"unborn"
"484",1,"1551",4,"unborn"
"485",1,"1551",5,"unborn"
"486",1,"1551",6,"juvenile"
"487",1,"1551",7,"juvenile"
"488",1,"1551",8,"juvenile"
"489",1,"1551",9,"juvenile"
"490",1,"1551",10,"juvenile"
"491",1,"1551",11,"juvenile"
"492",1,"1551",12,"juvenile"
"493",1,"1551",13,"juvenile"
"494",1,"1551",14,"adult"
"495",1,"1551",15,"adult"
"496",1,"1555",1,"unborn"
"497",1,"1555",2,"unborn"
"498",1,"1555",3,"unborn"
"499",1,"1555",4,"unborn"
"500",1,"1555",5,"unborn"
"501",1,"1555",6,"unborn"
"502",1,"1555",7,"unborn"
"503",1,"1555",8,"unborn"
"504",1,"1555",9,"unborn"
"505",1,"1555",10,"unborn"
"506",1,"1555",11,"unborn"
"507",1,"1555",12,"unborn"
"508",1,"1555",13,"unborn"
"509",1,"1555",14,"unborn"
"510",1,"1555",15,"calf"
"511",1,"1556",1,"unborn"
"512",1,"1556",2,"unborn"
"513",1,"1556",3,"unborn"
"514",1,"1556",4,"unborn"
"515",1,"1556",5,"unborn"
"516",1,"1556",6,"unborn"
"517",1,"1556",7,"unborn"
"518",1,"1556",8,"unborn"
"519",1,"1556",9,"unborn"
"520",1,"1556",10,"unborn"
"521",1,"1556",11,"unborn"
"522",1,"1556",12,"unborn"
"523",1,"1556",13,"unborn"
"524",1,"1556",14,"unborn"
"525",1,"1556",15,"unborn"
"526",1,"1575",1,"unborn"
"527",1,"1575",2,"unborn"
"528",1,"1575",3,"unborn"
"529",1,"1575",4,"unborn"
"530",1,"1575",5,"unborn"
"531",1,"1575",6,"unborn"
"532",1,"1575",7,"unborn"
"533",1,"1575",8,"unborn"
"534",1,"1575",9,"unborn"
"535",1,"1575",10,"unborn"
"536",1,"1575",11,"unborn"
"537",1,"1575",12,"unborn"
"538",1,"1575",13,"unborn"
"539",1,"1575",14,"calf"
"540",1,"1575",15,"juvenile"
"541",1,"1591",1,"unborn"
"542",1,"1591",2,"unborn"
"543",1,"1591",3,"unborn"
"544",1,"1591",4,"unborn"
"545",1,"1591",5,"unborn"
"546",1,"1591",6,"unborn"
"547",1,"1591",7,"unborn"
"548",1,"1591",8,"unborn"
"549",1,"1591",9,"unborn"
"550",1,"1591",10,"unborn"
"551",1,"1591",11,"unborn"
"552",1,"1591",12,"unborn"
"553",1,"1591",13,"unborn"
"554",1,"1591",14,"calf"
"555",1,"1591",15,"juvenile"
"556",1,"1593",1,"unborn"
"557",1,"1593",2,"unborn"
"558",1,"1593",3,"unborn"
"559",1,"1593",4,"unborn"
"560",1,"1593",5,"unborn"
"561",1,"1593",6,"unborn"
"562",1,"1593",7,"unborn"
"563",1,"1593",8,"unborn"
"564",1,"1593",9,"unborn"
"565",1,"1593",10,"unborn"
"566",1,"1593",11,"unborn"
"567",1,"1593",12,"unborn"
"568",1,"1593",13,"unborn"
"569",1,"1593",14,"unborn"
"570",1,"1593",15,"unborn"
"571",1,"1651",1,"unborn"
"572",1,"1651",2,"unborn"
"573",1,"1651",3,"unborn"
"574",1,"1651",4,"unborn"
"575",1,"1651",5,"unborn"
"576",1,"1651",6,"unborn"
"577",1,"1651",7,"unborn"
"578",1,"1651",8,"unborn"
"579",1,"1651",9,"unborn"
"580",1,"1651",10,"unborn"
"581",1,"1651",11,"unborn"
"582",1,"1651",12,"unborn"
"583",1,"1651",13,"unborn"
"584",1,"1651",14,"calf"
"585",1,"1651",15,"calf"
"586",1,"1672",1,"unborn"
"587",1,"1672",2,"unborn"
"588",1,"1672",3,"unborn"
"589",1,"1672",4,"unborn"
"590",1,"1672",5,"unborn"
"591",1,"1672",6,"unborn"
"592",1,"1672",7,"calf"
"593",1,"1672",8,"calf"
"594",1,"1672",9,"calf"
"595",1,"1672",10,"calf"
"596",1,"1672",11,"calf"
"597",1,"1672",12,"calf"
"598",1,"1672",13,"calf"
"599",1,"1672",14,"juvenile"
"600",1,"1672",15,"juvenile"
"601",1,"1673",1,"unborn"
"602",1,"1673",2,"unborn"
"603",1,"1673",3,"unborn"
"604",1,"1673",4,"unborn"
"605",1,"1673",5,"unborn"
"606",1,"1673",6,"unborn"
"607",1,"1673",7,"unborn"
"608",1,"1673",8,"unborn"
"609",1,"1673",9,"unborn"
"610",1,"1673",10,"unborn"
"611",1,"1673",11,"unborn"
"612",1,"1673",12,"unborn"
"613",1,"1673",13,"unborn"
"614",1,"1673",14,"calf"
"615",1,"1673",15,"calf"
"616",1,"1674",1,"unborn"
"617",1,"1674",2,"unborn"
"618",1,"1674",3,"unborn"
"619",1,"1674",4,"unborn"
"620",1,"1674",5,"unborn"
"621",1,"1674",6,"unborn"
"622",1,"1674",7,"unborn"
"623",1,"1674",8,"unborn"
"624",1,"1674",9,"unborn"
"625",1,"1674",10,"unborn"
"626",1,"1674",11,"unborn"
"627",1,"1674",12,"unborn"
"628",1,"1674",13,"unborn"
"629",1,"1674",14,"unborn"
"630",1,"1674",15,"unborn"
"631",1,"1711",1,"unborn"
"632",1,"1711",2,"unborn"
"633",1,"1711",3,"unborn"
"634",1,"1711",4,"unborn"
"635",1,"1711",5,"unborn"
"636",1,"1711",6,"unborn"
"637",1,"1711",7,"unborn"
"638",1,"1711",8,"unborn"
"639",1,"1711",9,"unborn"
"640",1,"1711",10,"unborn"
"641",1,"1711",11,"unborn"
"642",1,"1711",12,"unborn"
"643",1,"1711",13,"unborn"
"644",1,"1711",14,"unborn"
"645",1,"1711",15,"calf"
"646",1,"1753",1,"unborn"
"647",1,"1753",2,"unborn"
"648",1,"1753",3,"unborn"
"649",1,"1753",4,"unborn"
"650",1,"1753",5,"unborn"
"651",1,"1753",6,"unborn"
"652",1,"1753",7,"unborn"
"653",1,"1753",8,"unborn"
"654",1,"1753",9,"unborn"
"655",1,"1753",10,"unborn"
"656",1,"1753",11,"unborn"
"657",1,"1753",12,"unborn"
"658",1,"1753",13,"unborn"
"659",1,"1753",14,"calf"
"660",1,"1753",15,"juvenile"
"661",1,"1791",1,"unborn"
"662",1,"1791",2,"unborn"
"663",1,"1791",3,"unborn"
"664",1,"1791",4,"unborn"
"665",1,"1791",5,"unborn"
"666",1,"1791",6,"unborn"
"667",1,"1791",7,"unborn"
"668",1,"1791",8,"unborn"
"669",1,"1791",9,"unborn"
"670",1,"1791",10,"unborn"
"671",1,"1791",11,"unborn"
"672",1,"1791",12,"unborn"
"673",1,"1791",13,"unborn"
"674",1,"1791",14,"unborn"
"675",1,"1791",15,"unborn"
"676",1,"1813",1,"unborn"
"677",1,"1813",2,"unborn"
"678",1,"1813",3,"unborn"
"679",1,"1813",4,"unborn"
"680",1,"1813",5,"unborn"
"681",1,"1813",6,"unborn"
"682",1,"1813",7,"unborn"
"683",1,"1813",8,"unborn"
"684",1,"1813",9,"unborn"
"685",1,"1813",10,"unborn"
"686",1,"1813",11,"unborn"
"687",1,"1813",12,"unborn"
"688",1,"1813",13,"unborn"
"689",1,"1813",14,"calf"
"690",1,"1813",15,"juvenile"
"691",1,"1832",1,"calf"
"692",1,"1832",2,"calf"
"693",1,"1832",3,"calf"
"694",1,"1832",4,"juvenile"
"695",1,"1832",5,"juvenile"
"696",1,"1832",6,"adult"
"697",1,"1832",7,"adult"
"698",1,"1832",8,"adult"
"699",1,"1832",9,"adult"
"700",1,"1832",10,"adult"
"701",1,"1832",11,"adult"
"702",1,"1832",12,"adult"
"703",1,"1832",13,"adult"
"704",1,"1832",14,"adult"
"705",1,"1832",15,"adult"
"706",1,"1833",1,"unborn"
"707",1,"1833",2,"unborn"
"708",1,"1833",3,"unborn"
"709",1,"1833",4,"unborn"
"710",1,"1833",5,"calf"
"711",1,"1833",6,"juvenile"
"712",1,"1833",7,"juvenile"
"713",1,"1833",8,"juvenile"
"714",1,"1833",9,"juvenile"
"715",1,"1833",10,"juvenile"
"716",1,"1833",11,"juvenile"
"717",1,"1833",12,"juvenile"
"718",1,"1833",13,"adult"
"719",1,"1833",14,"adult"
"720",1,"1833",15,"adult"
"721",1,"1834",1,"unborn"
"722",1,"1834",2,"unborn"
"723",1,"1834",3,"unborn"
"724",1,"1834",4,"unborn"
"725",1,"1834",5,"unborn"
"726",1,"1834",6,"unborn"
"727",1,"1834",7,"unborn"
"728",1,"1834",8,"unborn"
"729",1,"1834",9,"unborn"
"730",1,"1834",10,"unborn"
"731",1,"1834",11,"unborn"
"732",1,"1834",12,"calf"
"733",1,"1834",13,"calf"
"734",1,"1834",14,"juvenile"
"735",1,"1834",15,"juvenile"
"736",1,"1991",1,"unborn"
"737",1,"1991",2,"unborn"
"738",1,"1991",3,"unborn"
"739",1,"1991",4,"unborn"
"740",1,"1991",5,"unborn"
"741",1,"1991",6,"unborn"
"742",1,"1991",7,"unborn"
"743",1,"1991",8,"unborn"
"744",1,"1991",9,"unborn"
"745",1,"1991",10,"unborn"
"746",1,"1991",11,"unborn"
"747",1,"1991",12,"unborn"
"748",1,"1991",13,"unborn"
"749",1,"1991",14,"calf"
"750",1,"1991",15,"calf"
"751",1,"1992",1,"unborn"
"752",1,"1992",2,"unborn"
"753",1,"1992",3,"unborn"
"754",1,"1992",4,"unborn"
"755",1,"1992",5,"unborn"
"756",1,"1992",6,"unborn"
"757",1,"1992",7,"unborn"
"758",1,"1992",8,"unborn"
"759",1,"1992",9,"unborn"
"760",1,"1992",10,"unborn"
"761",1,"1992",11,"unborn"
"762",1,"1992",12,"unborn"
"763",1,"1992",13,"unborn"
"764",1,"1992",14,"unborn"
"765",1,"1992",15,"unborn"
"766",1,"2071",1,"unborn"
"767",1,"2071",2,"unborn"
"768",1,"2071",3,"unborn"
"769",1,"2071",4,"unborn"
"770",1,"2071",5,"unborn"
"771",1,"2071",6,"unborn"
"772",1,"2071",7,"unborn"
"773",1,"2071",8,"unborn"
"774",1,"2071",9,"unborn"
"775",1,"2071",10,"unborn"
"776",1,"2071",11,"unborn"
"777",1,"2071",12,"unborn"
"778",1,"2071",13,"unborn"
"779",1,"2071",14,"unborn"
"780",1,"2071",15,"unborn"
"781",1,"2091",1,"unborn"
"782",1,"2091",2,"unborn"
"783",1,"2091",3,"unborn"
"784",1,"2091",4,"unborn"
"785",1,"2091",5,"unborn"
"786",1,"2091",6,"unborn"
"787",1,"2091",7,"unborn"
"788",1,"2091",8,"unborn"
"789",1,"2091",9,"unborn"
"790",1,"2091",10,"unborn"
"791",1,"2091",11,"unborn"
"792",1,"2091",12,"unborn"
"793",1,"2091",13,"unborn"
"794",1,"2091",14,"unborn"
"795",1,"2091",15,"unborn"
"796",1,"2102",1,"juvenile"
"797",1,"2102",2,"adult"
"798",1,"2102",3,"adult"
"799",1,"2102",4,"adult"
"800",1,"2102",5,"adult"
"801",1,"2102",6,"adult"
"802",1,"2102",7,"adult"
"803",1,"2102",8,"adult"
"804",1,"2102",9,"adult"
"805",1,"2102",10,"adult"
"806",1,"2102",11,"adult"
"807",1,"2102",12,"adult"
"808",1,"2102",13,"adult"
"809",1,"2102",14,"adult"
"810",1,"2102",15,"adult"
"811",1,"2151",1,"unborn"
"812",1,"2151",2,"unborn"
"813",1,"2151",3,"unborn"
"814",1,"2151",4,"unborn"
"815",1,"2151",5,"unborn"
"816",1,"2151",6,"unborn"
"817",1,"2151",7,"unborn"
"818",1,"2151",8,"unborn"
"819",1,"2151",9,"unborn"
"820",1,"2151",10,"unborn"
"821",1,"2151",11,"unborn"
"822",1,"2151",12,"unborn"
"823",1,"2151",13,"unborn"
"824",1,"2151",14,"calf"
"825",1,"2151",15,"calf"
"826",1,"2152",1,"unborn"
"827",1,"2152",2,"unborn"
"828",1,"2152",3,"unborn"
"829",1,"2152",4,"unborn"
"830",1,"2152",5,"unborn"
"831",1,"2152",6,"unborn"
"832",1,"2152",7,"unborn"
"833",1,"2152",8,"unborn"
"834",1,"2152",9,"unborn"
"835",1,"2152",10,"unborn"
"836",1,"2152",11,"unborn"
"837",1,"2152",12,"unborn"
"838",1,"2152",13,"unborn"
"839",1,"2152",14,"unborn"
"840",1,"2152",15,"unborn"
"841",1,"2193",1,"unborn"
"842",1,"2193",2,"unborn"
"843",1,"2193",3,"unborn"
"844",1,"2193",4,"unborn"
"845",1,"2193",5,"unborn"
"846",1,"2193",6,"unborn"
"847",1,"2193",7,"unborn"
"848",1,"2193",8,"unborn"
"849",1,"2193",9,"unborn"
"850",1,"2193",10,"unborn"
"851",1,"2193",11,"unborn"
"852",1,"2193",12,"unborn"
"853",1,"2193",13,"unborn"
"854",1,"2193",14,"calf"
"855",1,"2193",15,"calf"
"856",1,"2194",1,"unborn"
"857",1,"2194",2,"unborn"
"858",1,"2194",3,"unborn"
"859",1,"2194",4,"unborn"
"860",1,"2194",5,"unborn"
"861",1,"2194",6,"unborn"
"862",1,"2194",7,"unborn"
"863",1,"2194",8,"unborn"
"864",1,"2194",9,"unborn"
"865",1,"2194",10,"unborn"
"866",1,"2194",11,"unborn"
"867",1,"2194",12,"unborn"
"868",1,"2194",13,"unborn"
"869",1,"2194",14,"unborn"
"870",1,"2194",15,"unborn"
"871",1,"2231",1,"unborn"
"872",1,"2231",2,"unborn"
"873",1,"2231",3,"unborn"
"874",1,"2231",4,"unborn"
"875",1,"2231",5,"unborn"
"876",1,"2231",6,"unborn"
"877",1,"2231",7,"unborn"
"878",1,"2231",8,"unborn"
"879",1,"2231",9,"unborn"
"880",1,"2231",10,"unborn"
"881",1,"2231",11,"unborn"
"882",1,"2231",12,"unborn"
"883",1,"2231",13,"unborn"
"884",1,"2231",14,"unborn"
"885",1,"2231",15,"unborn"
"886",1,"2252",1,"juvenile"
"887",1,"2252",2,"adult"
"888",1,"2252",3,"adult"
"889",1,"2252",4,"adult"
"890",1,"2252",5,"adult"
"891",1,"2252",6,"adult"
"892",1,"2252",7,"adult"
"893",1,"2252",8,"adult"
"894",1,"2252",9,"adult"
"895",1,"2252",10,"adult"
"896",1,"2252",11,"adult"
"897",1,"2252",12,"adult"
"898",1,"2252",13,"adult"
"899",1,"2252",14,"adult"
"900",1,"2252",15,"adult"
"901",1,"2253",1,"unborn"
"902",1,"2253",2,"unborn"
"903",1,"2253",3,"unborn"
"904",1,"2253",4,"unborn"
"905",1,"2253",5,"unborn"
"906",1,"2253",6,"unborn"
"907",1,"2253",7,"unborn"
"908",1,"2253",8,"unborn"
"909",1,"2253",9,"unborn"
"910",1,"2253",10,"unborn"
"911",1,"2253",11,"unborn"
"912",1,"2253",12,"unborn"
"913",1,"2253",13,"unborn"
"914",1,"2253",14,"calf"
"915",1,"2253",15,"calf"
"916",1,"226C",1,"unborn"
"917",1,"226C",2,"unborn"
"918",1,"226C",3,"unborn"
"919",1,"226C",4,"unborn"
"920",1,"226C",5,"unborn"
"921",1,"226C",6,"unborn"
"922",1,"226C",7,"unborn"
"923",1,"226C",8,"unborn"
"924",1,"226C",9,"unborn"
"925",1,"226C",10,"unborn"
"926",1,"226C",11,"unborn"
"927",1,"226C",12,"unborn"
"928",1,"226C",13,"calf"
"929",1,"226C",14,"juvenile"
"930",1,"226C",15,"juvenile"
"931",1,"2271",1,"unborn"
"932",1,"2271",2,"unborn"
"933",1,"2271",3,"unborn"
"934",1,"2271",4,"unborn"
"935",1,"2271",5,"unborn"
"936",1,"2271",6,"unborn"
"937",1,"2271",7,"unborn"
"938",1,"2271",8,"unborn"
"939",1,"2271",9,"unborn"
"940",1,"2271",10,"unborn"
"941",1,"2271",11,"unborn"
"942",1,"2271",12,"unborn"
"943",1,"2271",13,"unborn"
"944",1,"2271",14,"unborn"
"945",1,"2271",15,"unborn"
"946",1,"2313",1,"unborn"
"947",1,"2313",2,"unborn"
"948",1,"2313",3,"unborn"
"949",1,"2313",4,"unborn"
"950",1,"2313",5,"unborn"
"951",1,"2313",6,"unborn"
"952",1,"2313",7,"unborn"
"953",1,"2313",8,"unborn"
"954",1,"2313",9,"unborn"
"955",1,"2313",10,"unborn"
"956",1,"2313",11,"unborn"
"957",1,"2313",12,"unborn"
"958",1,"2313",13,"unborn"
"959",1,"2313",14,"unborn"
"960",1,"2313",15,"calf"
"961",1,"2SCT",1,"unborn"
"962",1,"2SCT",2,"unborn"
"963",1,"2SCT",3,"unborn"
"964",1,"2SCT",4,"unborn"
"965",1,"2SCT",5,"unborn"
"966",1,"2SCT",6,"unborn"
"967",1,"2SCT",7,"unborn"
"968",1,"2SCT",8,"unborn"
"969",1,"2SCT",9,"unborn"
"970",1,"2SCT",10,"unborn"
"971",1,"2SCT",11,"unborn"
"972",1,"2SCT",12,"calf"
"973",1,"2SCT",13,"calf"
"974",1,"2SCT",14,"juvenile"
"975",1,"2SCT",15,"juvenile"
"976",1,"2SDN",1,"juvenile"
"977",1,"2SDN",2,"adult"
"978",1,"2SDN",3,"adult"
"979",1,"2SDN",4,"adult"
"980",1,"2SDN",5,"adult"
"981",1,"2SDN",6,"adult"
"982",1,"2SDN",7,"adult"
"983",1,"2SDN",8,"adult"
"984",1,"2SDN",9,"adult"
"985",1,"2SDN",10,"adult"
"986",1,"2SDN",11,"adult"
"987",1,"2SDN",12,"adult"
"988",1,"2SDN",13,"adult"
"989",1,"2SDN",14,"adult"
"990",1,"2SDN",15,"adult"
"991",1,"2XUU",1,"juvenile"
"992",1,"2XUU",2,"adult"
"993",1,"2XUU",3,"adult"
"994",1,"2XUU",4,"adult"
"995",1,"2XUU",5,"adult"
"996",1,"2XUU",6,"adult"
"997",1,"2XUU",7,"adult"
"998",1,"2XUU",8,"adult"
"999",1,"2XUU",9,"adult"
"1000",1,"2XUU",10,"adult"
"1001",1,"2XUU",11,"adult"
"1002",1,"2XUU",12,"adult"
"1003",1,"2XUU",13,"adult"
"1004",1,"2XUU",14,"adult"
"1005",1,"2XUU",15,"adult"
"1006",1,"2YEL",1,"unborn"
"1007",1,"2YEL",2,"unborn"
"1008",1,"2YEL",3,"unborn"
"1009",1,"2YEL",4,"unborn"
"1010",1,"2YEL",5,"unborn"
"1011",1,"2YEL",6,"unborn"
"1012",1,"2YEL",7,"unborn"
"1013",1,"2YEL",8,"unborn"
"1014",1,"2YEL",9,"unborn"
"1015",1,"2YEL",10,"unborn"
"1016",1,"2YEL",11,"unborn"
"1017",1,"2YEL",12,"unborn"
"1018",1,"2YEL",13,"unborn"
"1019",1,"2YEL",14,"calf"
"1020",1,"2YEL",15,"juvenile"
"1021",1,"49C3",1,"juvenile"
"1022",1,"49C3",2,"adult"
"1023",1,"49C3",3,"adult"
"1024",1,"49C3",4,"adult"
"1025",1,"49C3",5,"adult"
"1026",1,"49C3",6,"adult"
"1027",1,"49C3",7,"adult"
"1028",1,"49C3",8,"adult"
"1029",1,"49C3",9,"adult"
"1030",1,"49C3",10,"adult"
"1031",1,"49C3",11,"adult"
"1032",1,"49C3",12,"adult"
"1033",1,"49C3",13,"adult"
"1034",1,"49C3",14,"adult"
"1035",1,"49C3",15,"adult"
"1036",1,"49IS",1,"juvenile"
"1037",1,"49IS",2,"adult"
"1038",1,"49IS",3,"adult"
"1039",1,"49IS",4,"adult"
"1040",1,"49IS",5,"adult"
"1041",1,"49IS",6,"adult"
"1042",1,"49IS",7,"adult"
"1043",1,"49IS",8,"adult"
"1044",1,"49IS",9,"adult"
"1045",1,"49IS",10,"adult"
"1046",1,"49IS",11,"adult"
"1047",1,"49IS",12,"adult"
"1048",1,"49IS",13,"adult"
"1049",1,"49IS",14,"adult"
"1050",1,"49IS",15,"adult"
"1051",1,"49LA",1,"juvenile"
"1052",1,"49LA",2,"adult"
"1053",1,"49LA",3,"adult"
"1054",1,"49LA",4,"adult"
"1055",1,"49LA",5,"adult"
"1056",1,"49LA",6,"adult"
"1057",1,"49LA",7,"adult"
"1058",1,"49LA",8,"adult"
"1059",1,"49LA",9,"adult"
"1060",1,"49LA",10,"adult"
"1061",1,"49LA",11,"adult"
"1062",1,"49LA",12,"adult"
"1063",1,"49LA",13,"adult"
"1064",1,"49LA",14,"adult"
"1065",1,"49LA",15,"adult"
"1066",1,"4C42",1,"unborn"
"1067",1,"4C42",2,"unborn"
"1068",1,"4C42",3,"unborn"
"1069",1,"4C42",4,"unborn"
"1070",1,"4C42",5,"unborn"
"1071",1,"4C42",6,"unborn"
"1072",1,"4C42",7,"unborn"
"1073",1,"4C42",8,"unborn"
"1074",1,"4C42",9,"unborn"
"1075",1,"4C42",10,"unborn"
"1076",1,"4C42",11,"unborn"
"1077",1,"4C42",12,"unborn"
"1078",1,"4C42",13,"unborn"
"1079",1,"4C42",14,"calf"
"1080",1,"4C42",15,"juvenile"
"1081",1,"4C4C",1,"unborn"
"1082",1,"4C4C",2,"unborn"
"1083",1,"4C4C",3,"unborn"
"1084",1,"4C4C",4,"unborn"
"1085",1,"4C4C",5,"unborn"
"1086",1,"4C4C",6,"calf"
"1087",1,"4C4C",7,"calf"
"1088",1,"4C4C",8,"calf"
"1089",1,"4C4C",9,"calf"
"1090",1,"4C4C",10,"calf"
"1091",1,"4C4C",11,"calf"
"1092",1,"4C4C",12,"calf"
"1093",1,"4C4C",13,"juvenile"
"1094",1,"4C4C",14,"juvenile"
"1095",1,"4C4C",15,"adult"
"1096",1,"AARD",1,"juvenile"
"1097",1,"AARD",2,"adult"
"1098",1,"AARD",3,"adult"
"1099",1,"AARD",4,"adult"
"1100",1,"AARD",5,"adult"
"1101",1,"AARD",6,"adult"
"1102",1,"AARD",7,"adult"
"1103",1,"AARD",8,"adult"
"1104",1,"AARD",9,"adult"
"1105",1,"AARD",10,"adult"
"1106",1,"AARD",11,"adult"
"1107",1,"AARD",12,"adult"
"1108",1,"AARD",13,"adult"
"1109",1,"AARD",14,"adult"
"1110",1,"AARD",15,"adult"
"1111",1,"AAXE",1,"juvenile"
"1112",1,"AAXE",2,"adult"
"1113",1,"AAXE",3,"adult"
"1114",1,"AAXE",4,"adult"
"1115",1,"AAXE",5,"adult"
"1116",1,"AAXE",6,"adult"
"1117",1,"AAXE",7,"adult"
"1118",1,"AAXE",8,"adult"
"1119",1,"AAXE",9,"adult"
"1120",1,"AAXE",10,"adult"
"1121",1,"AAXE",11,"adult"
"1122",1,"AAXE",12,"adult"
"1123",1,"AAXE",13,"adult"
"1124",1,"AAXE",14,"adult"
"1125",1,"AAXE",15,"adult"
"1126",1,"ABGL",1,"juvenile"
"1127",1,"ABGL",2,"adult"
"1128",1,"ABGL",3,"adult"
"1129",1,"ABGL",4,"adult"
"1130",1,"ABGL",5,"adult"
"1131",1,"ABGL",6,"adult"
"1132",1,"ABGL",7,"adult"
"1133",1,"ABGL",8,"adult"
"1134",1,"ABGL",9,"adult"
"1135",1,"ABGL",10,"adult"
"1136",1,"ABGL",11,"adult"
"1137",1,"ABGL",12,"adult"
"1138",1,"ABGL",13,"adult"
"1139",1,"ABGL",14,"adult"
"1140",1,"ABGL",15,"adult"
"1141",1,"ALH2",1,"juvenile"
"1142",1,"ALH2",2,"adult"
"1143",1,"ALH2",3,"adult"
"1144",1,"ALH2",4,"adult"
"1145",1,"ALH2",5,"adult"
"1146",1,"ALH2",6,"adult"
"1147",1,"ALH2",7,"adult"
"1148",1,"ALH2",8,"adult"
"1149",1,"ALH2",9,"adult"
"1150",1,"ALH2",10,"adult"
"1151",1,"ALH2",11,"adult"
"1152",1,"ALH2",12,"adult"
"1153",1,"ALH2",13,"adult"
"1154",1,"ALH2",14,"adult"
"1155",1,"ALH2",15,"adult"
"1156",1,"ALH3",1,"unborn"
"1157",1,"ALH3",2,"unborn"
"1158",1,"ALH3",3,"unborn"
"1159",1,"ALH3",4,"unborn"
"1160",1,"ALH3",5,"unborn"
"1161",1,"ALH3",6,"calf"
"1162",1,"ALH3",7,"calf"
"1163",1,"ALH3",8,"calf"
"1164",1,"ALH3",9,"calf"
"1165",1,"ALH3",10,"calf"
"1166",1,"ALH3",11,"calf"
"1167",1,"ALH3",12,"calf"
"1168",1,"ALH3",13,"calf"
"1169",1,"ALH3",14,"juvenile"
"1170",1,"ALH3",15,"juvenile"
"1171",1,"ALHK",1,"juvenile"
"1172",1,"ALHK",2,"adult"
"1173",1,"ALHK",3,"adult"
"1174",1,"ALHK",4,"adult"
"1175",1,"ALHK",5,"adult"
"1176",1,"ALHK",6,"adult"
"1177",1,"ALHK",7,"adult"
"1178",1,"ALHK",8,"adult"
"1179",1,"ALHK",9,"adult"
"1180",1,"ALHK",10,"adult"
"1181",1,"ALHK",11,"adult"
"1182",1,"ALHK",12,"adult"
"1183",1,"ALHK",13,"adult"
"1184",1,"ALHK",14,"adult"
"1185",1,"ALHK",15,"adult"
"1186",1,"ALKC",1,"juvenile"
"1187",1,"ALKC",2,"adult"
"1188",1,"ALKC",3,"adult"
"1189",1,"ALKC",4,"adult"
"1190",1,"ALKC",5,"adult"
"1191",1,"ALKC",6,"adult"
"1192",1,"ALKC",7,"adult"
"1193",1,"ALKC",8,"adult"
"1194",1,"ALKC",9,"adult"
"1195",1,"ALKC",10,"adult"
"1196",1,"ALKC",11,"adult"
"1197",1,"ALKC",12,"adult"
"1198",1,"ALKC",13,"adult"
"1199",1,"ALKC",14,"adult"
"1200",1,"ALKC",15,"adult"
"1201",1,"ALOT",1,"juvenile"
"1202",1,"ALOT",2,"adult"
"1203",1,"ALOT",3,"adult"
"1204",1,"ALOT",4,"adult"
"1205",1,"ALOT",5,"adult"
"1206",1,"ALOT",6,"adult"
"1207",1,"ALOT",7,"adult"
"1208",1,"ALOT",8,"adult"
"1209",1,"ALOT",9,"adult"
"1210",1,"ALOT",10,"adult"
"1211",1,"ALOT",11,"adult"
"1212",1,"ALOT",12,"adult"
"1213",1,"ALOT",13,"adult"
"1214",1,"ALOT",14,"adult"
"1215",1,"ALOT",15,"adult"
"1216",1,"AMTS",1,"juvenile"
"1217",1,"AMTS",2,"adult"
"1218",1,"AMTS",3,"adult"
"1219",1,"AMTS",4,"adult"
"1220",1,"AMTS",5,"adult"
"1221",1,"AMTS",6,"adult"
"1222",1,"AMTS",7,"adult"
"1223",1,"AMTS",8,"adult"
"1224",1,"AMTS",9,"adult"
"1225",1,"AMTS",10,"adult"
"1226",1,"AMTS",11,"adult"
"1227",1,"AMTS",12,"adult"
"1228",1,"AMTS",13,"adult"
"1229",1,"AMTS",14,"adult"
"1230",1,"AMTS",15,"adult"
"1231",1,"AMV1",1,"unborn"
"1232",1,"AMV1",2,"unborn"
"1233",1,"AMV1",3,"unborn"
"1234",1,"AMV1",4,"unborn"
"1235",1,"AMV1",5,"unborn"
"1236",1,"AMV1",6,"unborn"
"1237",1,"AMV1",7,"unborn"
"1238",1,"AMV1",8,"unborn"
"1239",1,"AMV1",9,"unborn"
"1240",1,"AMV1",10,"unborn"
"1241",1,"AMV1",11,"unborn"
"1242",1,"AMV1",12,"unborn"
"1243",1,"AMV1",13,"unborn"
"1244",1,"AMV1",14,"calf"
"1245",1,"AMV1",15,"calf"
"1246",1,"AMVM",1,"juvenile"
"1247",1,"AMVM",2,"adult"
"1248",1,"AMVM",3,"adult"
"1249",1,"AMVM",4,"adult"
"1250",1,"AMVM",5,"adult"
"1251",1,"AMVM",6,"adult"
"1252",1,"AMVM",7,"adult"
"1253",1,"AMVM",8,"adult"
"1254",1,"AMVM",9,"adult"
"1255",1,"AMVM",10,"adult"
"1256",1,"AMVM",11,"adult"
"1257",1,"AMVM",12,"adult"
"1258",1,"AMVM",13,"adult"
"1259",1,"AMVM",14,"adult"
"1260",1,"AMVM",15,"adult"
"1261",1,"APEM",1,"juvenile"
"1262",1,"APEM",2,"adult"
"1263",1,"APEM",3,"adult"
"1264",1,"APEM",4,"adult"
"1265",1,"APEM",5,"adult"
"1266",1,"APEM",6,"adult"
"1267",1,"APEM",7,"adult"
"1268",1,"APEM",8,"adult"
"1269",1,"APEM",9,"adult"
"1270",1,"APEM",10,"adult"
"1271",1,"APEM",11,"adult"
"1272",1,"APEM",12,"adult"
"1273",1,"APEM",13,"adult"
"1274",1,"APEM",14,"adult"
"1275",1,"APEM",15,"adult"
"1276",1,"APLO",1,"juvenile"
"1277",1,"APLO",2,"adult"
"1278",1,"APLO",3,"adult"
"1279",1,"APLO",4,"adult"
"1280",1,"APLO",5,"adult"
"1281",1,"APLO",6,"adult"
"1282",1,"APLO",7,"adult"
"1283",1,"APLO",8,"adult"
"1284",1,"APLO",9,"adult"
"1285",1,"APLO",10,"adult"
"1286",1,"APLO",11,"adult"
"1287",1,"APLO",12,"adult"
"1288",1,"APLO",13,"adult"
"1289",1,"APLO",14,"adult"
"1290",1,"APLO",15,"adult"
"1291",1,"ARCE",1,"juvenile"
"1292",1,"ARCE",2,"adult"
"1293",1,"ARCE",3,"adult"
"1294",1,"ARCE",4,"adult"
"1295",1,"ARCE",5,"adult"
"1296",1,"ARCE",6,"adult"
"1297",1,"ARCE",7,"adult"
"1298",1,"ARCE",8,"adult"
"1299",1,"ARCE",9,"adult"
"1300",1,"ARCE",10,"adult"
"1301",1,"ARCE",11,"adult"
"1302",1,"ARCE",12,"adult"
"1303",1,"ARCE",13,"adult"
"1304",1,"ARCE",14,"adult"
"1305",1,"ARCE",15,"adult"
"1306",1,"ARRC",1,"unborn"
"1307",1,"ARRC",2,"unborn"
"1308",1,"ARRC",3,"unborn"
"1309",1,"ARRC",4,"unborn"
"1310",1,"ARRC",5,"unborn"
"1311",1,"ARRC",6,"calf"
"1312",1,"ARRC",7,"calf"
"1313",1,"ARRC",8,"calf"
"1314",1,"ARRC",9,"calf"
"1315",1,"ARRC",10,"calf"
"1316",1,"ARRC",11,"calf"
"1317",1,"ARRC",12,"calf"
"1318",1,"ARRC",13,"calf"
"1319",1,"ARRC",14,"juvenile"
"1320",1,"ARRC",15,"juvenile"
"1321",1,"ARRR",1,"juvenile"
"1322",1,"ARRR",2,"adult"
"1323",1,"ARRR",3,"adult"
"1324",1,"ARRR",4,"adult"
"1325",1,"ARRR",5,"adult"
"1326",1,"ARRR",6,"adult"
"1327",1,"ARRR",7,"adult"
"1328",1,"ARRR",8,"adult"
"1329",1,"ARRR",9,"adult"
"1330",1,"ARRR",10,"adult"
"1331",1,"ARRR",11,"adult"
"1332",1,"ARRR",12,"adult"
"1333",1,"ARRR",13,"adult"
"1334",1,"ARRR",14,"adult"
"1335",1,"ARRR",15,"adult"
"1336",1,"ASPK",1,"juvenile"
"1337",1,"ASPK",2,"adult"
"1338",1,"ASPK",3,"adult"
"1339",1,"ASPK",4,"adult"
"1340",1,"ASPK",5,"adult"
"1341",1,"ASPK",6,"adult"
"1342",1,"ASPK",7,"adult"
"1343",1,"ASPK",8,"adult"
"1344",1,"ASPK",9,"adult"
"1345",1,"ASPK",10,"adult"
"1346",1,"ASPK",11,"adult"
"1347",1,"ASPK",12,"adult"
"1348",1,"ASPK",13,"adult"
"1349",1,"ASPK",14,"adult"
"1350",1,"ASPK",15,"adult"
"1351",1,"ATMM",1,"unborn"
"1352",1,"ATMM",2,"unborn"
"1353",1,"ATMM",3,"unborn"
"1354",1,"ATMM",4,"calf"
"1355",1,"ATMM",5,"calf"
"1356",1,"ATMM",6,"juvenile"
"1357",1,"ATMM",7,"juvenile"
"1358",1,"ATMM",8,"juvenile"
"1359",1,"ATMM",9,"juvenile"
"1360",1,"ATMM",10,"juvenile"
"1361",1,"ATMM",11,"juvenile"
"1362",1,"ATMM",12,"adult"
"1363",1,"ATMM",13,"adult"
"1364",1,"ATMM",14,"adult"
"1365",1,"ATMM",15,"adult"
"1366",1,"ATNA",1,"juvenile"
"1367",1,"ATNA",2,"adult"
"1368",1,"ATNA",3,"adult"
"1369",1,"ATNA",4,"adult"
"1370",1,"ATNA",5,"adult"
"1371",1,"ATNA",6,"adult"
"1372",1,"ATNA",7,"adult"
"1373",1,"ATNA",8,"adult"
"1374",1,"ATNA",9,"adult"
"1375",1,"ATNA",10,"adult"
"1376",1,"ATNA",11,"adult"
"1377",1,"ATNA",12,"adult"
"1378",1,"ATNA",13,"adult"
"1379",1,"ATNA",14,"adult"
"1380",1,"ATNA",15,"adult"
"1381",1,"ATRD",1,"juvenile"
"1382",1,"ATRD",2,"adult"
"1383",1,"ATRD",3,"adult"
"1384",1,"ATRD",4,"adult"
"1385",1,"ATRD",5,"adult"
"1386",1,"ATRD",6,"adult"
"1387",1,"ATRD",7,"adult"
"1388",1,"ATRD",8,"adult"
"1389",1,"ATRD",9,"adult"
"1390",1,"ATRD",10,"adult"
"1391",1,"ATRD",11,"adult"
"1392",1,"ATRD",12,"adult"
"1393",1,"ATRD",13,"adult"
"1394",1,"ATRD",14,"adult"
"1395",1,"ATRD",15,"adult"
"1396",1,"B026",1,"juvenile"
"1397",1,"B026",2,"adult"
"1398",1,"B026",3,"adult"
"1399",1,"B026",4,"adult"
"1400",1,"B026",5,"adult"
"1401",1,"B026",6,"adult"
"1402",1,"B026",7,"adult"
"1403",1,"B026",8,"adult"
"1404",1,"B026",9,"adult"
"1405",1,"B026",10,"adult"
"1406",1,"B026",11,"adult"
"1407",1,"B026",12,"adult"
"1408",1,"B026",13,"adult"
"1409",1,"B026",14,"adult"
"1410",1,"B026",15,"adult"
"1411",1,"B032",1,"juvenile"
"1412",1,"B032",2,"adult"
"1413",1,"B032",3,"adult"
"1414",1,"B032",4,"adult"
"1415",1,"B032",5,"adult"
"1416",1,"B032",6,"adult"
"1417",1,"B032",7,"adult"
"1418",1,"B032",8,"adult"
"1419",1,"B032",9,"adult"
"1420",1,"B032",10,"adult"
"1421",1,"B032",11,"adult"
"1422",1,"B032",12,"adult"
"1423",1,"B032",13,"adult"
"1424",1,"B032",14,"adult"
"1425",1,"B032",15,"adult"
"1426",1,"B033",1,"juvenile"
"1427",1,"B033",2,"adult"
"1428",1,"B033",3,"adult"
"1429",1,"B033",4,"adult"
"1430",1,"B033",5,"adult"
"1431",1,"B033",6,"adult"
"1432",1,"B033",7,"adult"
"1433",1,"B033",8,"adult"
"1434",1,"B033",9,"adult"
"1435",1,"B033",10,"adult"
"1436",1,"B033",11,"adult"
"1437",1,"B033",12,"adult"
"1438",1,"B033",13,"adult"
"1439",1,"B033",14,"adult"
"1440",1,"B033",15,"adult"
"1441",1,"B053",1,"juvenile"
"1442",1,"B053",2,"adult"
"1443",1,"B053",3,"adult"
"1444",1,"B053",4,"adult"
"1445",1,"B053",5,"adult"
"1446",1,"B053",6,"adult"
"1447",1,"B053",7,"adult"
"1448",1,"B053",8,"adult"
"1449",1,"B053",9,"adult"
"1450",1,"B053",10,"adult"
"1451",1,"B053",11,"adult"
"1452",1,"B053",12,"adult"
"1453",1,"B053",13,"adult"
"1454",1,"B053",14,"adult"
"1455",1,"B053",15,"adult"
"1456",1,"B207",1,"juvenile"
"1457",1,"B207",2,"adult"
"1458",1,"B207",3,"adult"
"1459",1,"B207",4,"adult"
"1460",1,"B207",5,"adult"
"1461",1,"B207",6,"adult"
"1462",1,"B207",7,"adult"
"1463",1,"B207",8,"adult"
"1464",1,"B207",9,"adult"
"1465",1,"B207",10,"adult"
"1466",1,"B207",11,"adult"
"1467",1,"B207",12,"adult"
"1468",1,"B207",13,"adult"
"1469",1,"B207",14,"adult"
"1470",1,"B207",15,"adult"
"1471",1,"B226",1,"juvenile"
"1472",1,"B226",2,"adult"
"1473",1,"B226",3,"adult"
"1474",1,"B226",4,"adult"
"1475",1,"B226",5,"adult"
"1476",1,"B226",6,"adult"
"1477",1,"B226",7,"adult"
"1478",1,"B226",8,"adult"
"1479",1,"B226",9,"adult"
"1480",1,"B226",10,"adult"
"1481",1,"B226",11,"adult"
"1482",1,"B226",12,"adult"
"1483",1,"B226",13,"adult"
"1484",1,"B226",14,"adult"
"1485",1,"B226",15,"adult"
"1486",1,"B531",1,"unborn"
"1487",1,"B531",2,"unborn"
"1488",1,"B531",3,"unborn"
"1489",1,"B531",4,"unborn"
"1490",1,"B531",5,"unborn"
"1491",1,"B531",6,"unborn"
"1492",1,"B531",7,"unborn"
"1493",1,"B531",8,"unborn"
"1494",1,"B531",9,"unborn"
"1495",1,"B531",10,"unborn"
"1496",1,"B531",11,"unborn"
"1497",1,"B531",12,"unborn"
"1498",1,"B531",13,"unborn"
"1499",1,"B531",14,"unborn"
"1500",1,"B531",15,"unborn"
"1501",1,"BASH",1,"juvenile"
"1502",1,"BASH",2,"adult"
"1503",1,"BASH",3,"adult"
"1504",1,"BASH",4,"adult"
"1505",1,"BASH",5,"adult"
"1506",1,"BASH",6,"adult"
"1507",1,"BASH",7,"adult"
"1508",1,"BASH",8,"adult"
"1509",1,"BASH",9,"adult"
"1510",1,"BASH",10,"adult"
"1511",1,"BASH",11,"adult"
"1512",1,"BASH",12,"adult"
"1513",1,"BASH",13,"adult"
"1514",1,"BASH",14,"adult"
"1515",1,"BASH",15,"adult"
"1516",1,"BBL2",1,"calf"
"1517",1,"BBL2",2,"calf"
"1518",1,"BBL2",3,"calf"
"1519",1,"BBL2",4,"juvenile"
"1520",1,"BBL2",5,"juvenile"
"1521",1,"BBL2",6,"adult"
"1522",1,"BBL2",7,"adult"
"1523",1,"BBL2",8,"adult"
"1524",1,"BBL2",9,"adult"
"1525",1,"BBL2",10,"adult"
"1526",1,"BBL2",11,"adult"
"1527",1,"BBL2",12,"adult"
"1528",1,"BBL2",13,"adult"
"1529",1,"BBL2",14,"adult"
"1530",1,"BBL2",15,"adult"
"1531",1,"BBL3",1,"juvenile"
"1532",1,"BBL3",2,"adult"
"1533",1,"BBL3",3,"adult"
"1534",1,"BBL3",4,"adult"
"1535",1,"BBL3",5,"adult"
"1536",1,"BBL3",6,"adult"
"1537",1,"BBL3",7,"adult"
"1538",1,"BBL3",8,"adult"
"1539",1,"BBL3",9,"adult"
"1540",1,"BBL3",10,"adult"
"1541",1,"BBL3",11,"adult"
"1542",1,"BBL3",12,"adult"
"1543",1,"BBL3",13,"adult"
"1544",1,"BBL3",14,"adult"
"1545",1,"BBL3",15,"adult"
"1546",1,"BBLN",1,"juvenile"
"1547",1,"BBLN",2,"adult"
"1548",1,"BBLN",3,"adult"
"1549",1,"BBLN",4,"adult"
"1550",1,"BBLN",5,"adult"
"1551",1,"BBLN",6,"adult"
"1552",1,"BBLN",7,"adult"
"1553",1,"BBLN",8,"adult"
"1554",1,"BBLN",9,"adult"
"1555",1,"BBLN",10,"adult"
"1556",1,"BBLN",11,"adult"
"1557",1,"BBLN",12,"adult"
"1558",1,"BBLN",13,"adult"
"1559",1,"BBLN",14,"adult"
"1560",1,"BBLN",15,"adult"
"1561",1,"BBMM",1,"juvenile"
"1562",1,"BBMM",2,"adult"
"1563",1,"BBMM",3,"adult"
"1564",1,"BBMM",4,"adult"
"1565",1,"BBMM",5,"adult"
"1566",1,"BBMM",6,"adult"
"1567",1,"BBMM",7,"adult"
"1568",1,"BBMM",8,"adult"
"1569",1,"BBMM",9,"adult"
"1570",1,"BBMM",10,"adult"
"1571",1,"BBMM",11,"adult"
"1572",1,"BBMM",12,"adult"
"1573",1,"BBMM",13,"adult"
"1574",1,"BBMM",14,"adult"
"1575",1,"BBMM",15,"adult"
"1576",1,"BDSP",1,"juvenile"
"1577",1,"BDSP",2,"adult"
"1578",1,"BDSP",3,"adult"
"1579",1,"BDSP",4,"adult"
"1580",1,"BDSP",5,"adult"
"1581",1,"BDSP",6,"adult"
"1582",1,"BDSP",7,"adult"
"1583",1,"BDSP",8,"adult"
"1584",1,"BDSP",9,"adult"
"1585",1,"BDSP",10,"adult"
"1586",1,"BDSP",11,"adult"
"1587",1,"BDSP",12,"adult"
"1588",1,"BDSP",13,"adult"
"1589",1,"BDSP",14,"adult"
"1590",1,"BDSP",15,"adult"
"1591",1,"BEAN",1,"juvenile"
"1592",1,"BEAN",2,"adult"
"1593",1,"BEAN",3,"adult"
"1594",1,"BEAN",4,"adult"
"1595",1,"BEAN",5,"adult"
"1596",1,"BEAN",6,"adult"
"1597",1,"BEAN",7,"adult"
"1598",1,"BEAN",8,"adult"
"1599",1,"BEAN",9,"adult"
"1600",1,"BEAN",10,"adult"
"1601",1,"BEAN",11,"adult"
"1602",1,"BEAN",12,"adult"
"1603",1,"BEAN",13,"adult"
"1604",1,"BEAN",14,"adult"
"1605",1,"BEAN",15,"adult"
"1606",1,"BEGR",1,"adult"
"1607",1,"BEGR",2,"adult"
"1608",1,"BEGR",3,"adult"
"1609",1,"BEGR",4,"adult"
"1610",1,"BEGR",5,"adult"
"1611",1,"BEGR",6,"adult"
"1612",1,"BEGR",7,"adult"
"1613",1,"BEGR",8,"adult"
"1614",1,"BEGR",9,"adult"
"1615",1,"BEGR",10,"adult"
"1616",1,"BEGR",11,"adult"
"1617",1,"BEGR",12,"adult"
"1618",1,"BEGR",13,"adult"
"1619",1,"BEGR",14,"adult"
"1620",1,"BEGR",15,"adult"
"1621",1,"BESR",1,"juvenile"
"1622",1,"BESR",2,"adult"
"1623",1,"BESR",3,"adult"
"1624",1,"BESR",4,"adult"
"1625",1,"BESR",5,"adult"
"1626",1,"BESR",6,"adult"
"1627",1,"BESR",7,"adult"
"1628",1,"BESR",8,"adult"
"1629",1,"BESR",9,"adult"
"1630",1,"BESR",10,"adult"
"1631",1,"BESR",11,"adult"
"1632",1,"BESR",12,"adult"
"1633",1,"BESR",13,"adult"
"1634",1,"BESR",14,"adult"
"1635",1,"BESR",15,"adult"
"1636",1,"BEWT",1,"juvenile"
"1637",1,"BEWT",2,"adult"
"1638",1,"BEWT",3,"adult"
"1639",1,"BEWT",4,"adult"
"1640",1,"BEWT",5,"adult"
"1641",1,"BEWT",6,"adult"
"1642",1,"BEWT",7,"adult"
"1643",1,"BEWT",8,"adult"
"1644",1,"BEWT",9,"adult"
"1645",1,"BEWT",10,"adult"
"1646",1,"BEWT",11,"adult"
"1647",1,"BEWT",12,"adult"
"1648",1,"BEWT",13,"adult"
"1649",1,"BEWT",14,"adult"
"1650",1,"BEWT",15,"adult"
"1651",1,"BGET",1,"juvenile"
"1652",1,"BGET",2,"adult"
"1653",1,"BGET",3,"adult"
"1654",1,"BGET",4,"adult"
"1655",1,"BGET",5,"adult"
"1656",1,"BGET",6,"adult"
"1657",1,"BGET",7,"adult"
"1658",1,"BGET",8,"adult"
"1659",1,"BGET",9,"adult"
"1660",1,"BGET",10,"adult"
"1661",1,"BGET",11,"adult"
"1662",1,"BGET",12,"adult"
"1663",1,"BGET",13,"adult"
"1664",1,"BGET",14,"adult"
"1665",1,"BGET",15,"adult"
"1666",1,"BGSQ",1,"juvenile"
"1667",1,"BGSQ",2,"adult"
"1668",1,"BGSQ",3,"adult"
"1669",1,"BGSQ",4,"adult"
"1670",1,"BGSQ",5,"adult"
"1671",1,"BGSQ",6,"adult"
"1672",1,"BGSQ",7,"adult"
"1673",1,"BGSQ",8,"adult"
"1674",1,"BGSQ",9,"adult"
"1675",1,"BGSQ",10,"adult"
"1676",1,"BGSQ",11,"adult"
"1677",1,"BGSQ",12,"adult"
"1678",1,"BGSQ",13,"adult"
"1679",1,"BGSQ",14,"adult"
"1680",1,"BGSQ",15,"adult"
"1681",1,"BIK1",1,"juvenile"
"1682",1,"BIK1",2,"adult"
"1683",1,"BIK1",3,"adult"
"1684",1,"BIK1",4,"adult"
"1685",1,"BIK1",5,"adult"
"1686",1,"BIK1",6,"adult"
"1687",1,"BIK1",7,"adult"
"1688",1,"BIK1",8,"adult"
"1689",1,"BIK1",9,"adult"
"1690",1,"BIK1",10,"adult"
"1691",1,"BIK1",11,"adult"
"1692",1,"BIK1",12,"adult"
"1693",1,"BIK1",13,"adult"
"1694",1,"BIK1",14,"adult"
"1695",1,"BIK1",15,"adult"
"1696",1,"BIK2",1,"unborn"
"1697",1,"BIK2",2,"unborn"
"1698",1,"BIK2",3,"unborn"
"1699",1,"BIK2",4,"unborn"
"1700",1,"BIK2",5,"unborn"
"1701",1,"BIK2",6,"unborn"
"1702",1,"BIK2",7,"unborn"
"1703",1,"BIK2",8,"unborn"
"1704",1,"BIK2",9,"unborn"
"1705",1,"BIK2",10,"unborn"
"1706",1,"BIK2",11,"unborn"
"1707",1,"BIK2",12,"unborn"
"1708",1,"BIK2",13,"unborn"
"1709",1,"BIK2",14,"calf"
"1710",1,"BIK2",15,"calf"
"1711",1,"BIKO",1,"juvenile"
"1712",1,"BIKO",2,"adult"
"1713",1,"BIKO",3,"adult"
"1714",1,"BIKO",4,"adult"
"1715",1,"BIKO",5,"adult"
"1716",1,"BIKO",6,"adult"
"1717",1,"BIKO",7,"adult"
"1718",1,"BIKO",8,"adult"
"1719",1,"BIKO",9,"adult"
"1720",1,"BIKO",10,"adult"
"1721",1,"BIKO",11,"adult"
"1722",1,"BIKO",12,"adult"
"1723",1,"BIKO",13,"adult"
"1724",1,"BIKO",14,"adult"
"1725",1,"BIKO",15,"adult"
"1726",1,"BKH1",1,"juvenile"
"1727",1,"BKH1",2,"adult"
"1728",1,"BKH1",3,"adult"
"1729",1,"BKH1",4,"adult"
"1730",1,"BKH1",5,"adult"
"1731",1,"BKH1",6,"adult"
"1732",1,"BKH1",7,"adult"
"1733",1,"BKH1",8,"adult"
"1734",1,"BKH1",9,"adult"
"1735",1,"BKH1",10,"adult"
"1736",1,"BKH1",11,"adult"
"1737",1,"BKH1",12,"adult"
"1738",1,"BKH1",13,"adult"
"1739",1,"BKH1",14,"adult"
"1740",1,"BKH1",15,"adult"
"1741",1,"BKH2",1,"juvenile"
"1742",1,"BKH2",2,"adult"
"1743",1,"BKH2",3,"adult"
"1744",1,"BKH2",4,"adult"
"1745",1,"BKH2",5,"adult"
"1746",1,"BKH2",6,"adult"
"1747",1,"BKH2",7,"adult"
"1748",1,"BKH2",8,"adult"
"1749",1,"BKH2",9,"adult"
"1750",1,"BKH2",10,"adult"
"1751",1,"BKH2",11,"adult"
"1752",1,"BKH2",12,"adult"
"1753",1,"BKH2",13,"adult"
"1754",1,"BKH2",14,"adult"
"1755",1,"BKH2",15,"adult"
"1756",1,"BKH3",1,"juvenile"
"1757",1,"BKH3",2,"adult"
"1758",1,"BKH3",3,"adult"
"1759",1,"BKH3",4,"adult"
"1760",1,"BKH3",5,"adult"
"1761",1,"BKH3",6,"adult"
"1762",1,"BKH3",7,"adult"
"1763",1,"BKH3",8,"adult"
"1764",1,"BKH3",9,"adult"
"1765",1,"BKH3",10,"adult"
"1766",1,"BKH3",11,"adult"
"1767",1,"BKH3",12,"adult"
"1768",1,"BKH3",13,"adult"
"1769",1,"BKH3",14,"adult"
"1770",1,"BKH3",15,"adult"
"1771",1,"BKHO",1,"juvenile"
"1772",1,"BKHO",2,"adult"
"1773",1,"BKHO",3,"adult"
"1774",1,"BKHO",4,"adult"
"1775",1,"BKHO",5,"adult"
"1776",1,"BKHO",6,"adult"
"1777",1,"BKHO",7,"adult"
"1778",1,"BKHO",8,"adult"
"1779",1,"BKHO",9,"adult"
"1780",1,"BKHO",10,"adult"
"1781",1,"BKHO",11,"adult"
"1782",1,"BKHO",12,"adult"
"1783",1,"BKHO",13,"adult"
"1784",1,"BKHO",14,"adult"
"1785",1,"BKHO",15,"adult"
"1786",1,"BKTL",1,"juvenile"
"1787",1,"BKTL",2,"adult"
"1788",1,"BKTL",3,"adult"
"1789",1,"BKTL",4,"adult"
"1790",1,"BKTL",5,"adult"
"1791",1,"BKTL",6,"adult"
"1792",1,"BKTL",7,"adult"
"1793",1,"BKTL",8,"adult"
"1794",1,"BKTL",9,"adult"
"1795",1,"BKTL",10,"adult"
"1796",1,"BKTL",11,"adult"
"1797",1,"BKTL",12,"adult"
"1798",1,"BKTL",13,"adult"
"1799",1,"BKTL",14,"adult"
"1800",1,"BKTL",15,"adult"
"1801",1,"BKTS",1,"juvenile"
"1802",1,"BKTS",2,"adult"
"1803",1,"BKTS",3,"adult"
"1804",1,"BKTS",4,"adult"
"1805",1,"BKTS",5,"adult"
"1806",1,"BKTS",6,"adult"
"1807",1,"BKTS",7,"adult"
"1808",1,"BKTS",8,"adult"
"1809",1,"BKTS",9,"adult"
"1810",1,"BKTS",10,"adult"
"1811",1,"BKTS",11,"adult"
"1812",1,"BKTS",12,"adult"
"1813",1,"BKTS",13,"adult"
"1814",1,"BKTS",14,"adult"
"1815",1,"BKTS",15,"adult"
"1816",1,"BKUS",1,"juvenile"
"1817",1,"BKUS",2,"adult"
"1818",1,"BKUS",3,"adult"
"1819",1,"BKUS",4,"adult"
"1820",1,"BKUS",5,"adult"
"1821",1,"BKUS",6,"adult"
"1822",1,"BKUS",7,"adult"
"1823",1,"BKUS",8,"adult"
"1824",1,"BKUS",9,"adult"
"1825",1,"BKUS",10,"adult"
"1826",1,"BKUS",11,"adult"
"1827",1,"BKUS",12,"adult"
"1828",1,"BKUS",13,"adult"
"1829",1,"BKUS",14,"adult"
"1830",1,"BKUS",15,"adult"
"1831",1,"BLNK",1,"juvenile"
"1832",1,"BLNK",2,"adult"
"1833",1,"BLNK",3,"adult"
"1834",1,"BLNK",4,"adult"
"1835",1,"BLNK",5,"adult"
"1836",1,"BLNK",6,"adult"
"1837",1,"BLNK",7,"adult"
"1838",1,"BLNK",8,"adult"
"1839",1,"BLNK",9,"adult"
"1840",1,"BLNK",10,"adult"
"1841",1,"BLNK",11,"adult"
"1842",1,"BLNK",12,"adult"
"1843",1,"BLNK",13,"adult"
"1844",1,"BLNK",14,"adult"
"1845",1,"BLNK",15,"adult"
"1846",1,"BLTR",1,"juvenile"
"1847",1,"BLTR",2,"adult"
"1848",1,"BLTR",3,"adult"
"1849",1,"BLTR",4,"adult"
"1850",1,"BLTR",5,"adult"
"1851",1,"BLTR",6,"adult"
"1852",1,"BLTR",7,"adult"
"1853",1,"BLTR",8,"adult"
"1854",1,"BLTR",9,"adult"
"1855",1,"BLTR",10,"adult"
"1856",1,"BLTR",11,"adult"
"1857",1,"BLTR",12,"adult"
"1858",1,"BLTR",13,"adult"
"1859",1,"BLTR",14,"adult"
"1860",1,"BLTR",15,"adult"
"1861",1,"BMRD",1,"juvenile"
"1862",1,"BMRD",2,"adult"
"1863",1,"BMRD",3,"adult"
"1864",1,"BMRD",4,"adult"
"1865",1,"BMRD",5,"adult"
"1866",1,"BMRD",6,"adult"
"1867",1,"BMRD",7,"adult"
"1868",1,"BMRD",8,"adult"
"1869",1,"BMRD",9,"adult"
"1870",1,"BMRD",10,"adult"
"1871",1,"BMRD",11,"adult"
"1872",1,"BMRD",12,"adult"
"1873",1,"BMRD",13,"adult"
"1874",1,"BMRD",14,"adult"
"1875",1,"BMRD",15,"adult"
"1876",1,"BNDS",1,"juvenile"
"1877",1,"BNDS",2,"adult"
"1878",1,"BNDS",3,"adult"
"1879",1,"BNDS",4,"adult"
"1880",1,"BNDS",5,"adult"
"1881",1,"BNDS",6,"adult"
"1882",1,"BNDS",7,"adult"
"1883",1,"BNDS",8,"adult"
"1884",1,"BNDS",9,"adult"
"1885",1,"BNDS",10,"adult"
"1886",1,"BNDS",11,"adult"
"1887",1,"BNDS",12,"adult"
"1888",1,"BNDS",13,"adult"
"1889",1,"BNDS",14,"adult"
"1890",1,"BNDS",15,"adult"
"1891",1,"BNKP",1,"juvenile"
"1892",1,"BNKP",2,"adult"
"1893",1,"BNKP",3,"adult"
"1894",1,"BNKP",4,"adult"
"1895",1,"BNKP",5,"adult"
"1896",1,"BNKP",6,"adult"
"1897",1,"BNKP",7,"adult"
"1898",1,"BNKP",8,"adult"
"1899",1,"BNKP",9,"adult"
"1900",1,"BNKP",10,"adult"
"1901",1,"BNKP",11,"adult"
"1902",1,"BNKP",12,"adult"
"1903",1,"BNKP",13,"adult"
"1904",1,"BNKP",14,"adult"
"1905",1,"BNKP",15,"adult"
"1906",1,"BNSE",1,"juvenile"
"1907",1,"BNSE",2,"adult"
"1908",1,"BNSE",3,"adult"
"1909",1,"BNSE",4,"adult"
"1910",1,"BNSE",5,"adult"
"1911",1,"BNSE",6,"adult"
"1912",1,"BNSE",7,"adult"
"1913",1,"BNSE",8,"adult"
"1914",1,"BNSE",9,"adult"
"1915",1,"BNSE",10,"adult"
"1916",1,"BNSE",11,"adult"
"1917",1,"BNSE",12,"adult"
"1918",1,"BNSE",13,"adult"
"1919",1,"BNSE",14,"adult"
"1920",1,"BNSE",15,"adult"
"1921",1,"BOO2",1,"juvenile"
"1922",1,"BOO2",2,"adult"
"1923",1,"BOO2",3,"adult"
"1924",1,"BOO2",4,"adult"
"1925",1,"BOO2",5,"adult"
"1926",1,"BOO2",6,"adult"
"1927",1,"BOO2",7,"adult"
"1928",1,"BOO2",8,"adult"
"1929",1,"BOO2",9,"adult"
"1930",1,"BOO2",10,"adult"
"1931",1,"BOO2",11,"adult"
"1932",1,"BOO2",12,"adult"
"1933",1,"BOO2",13,"adult"
"1934",1,"BOO2",14,"adult"
"1935",1,"BOO2",15,"adult"
"1936",1,"BOO3",1,"unborn"
"1937",1,"BOO3",2,"unborn"
"1938",1,"BOO3",3,"unborn"
"1939",1,"BOO3",4,"unborn"
"1940",1,"BOO3",5,"unborn"
"1941",1,"BOO3",6,"unborn"
"1942",1,"BOO3",7,"unborn"
"1943",1,"BOO3",8,"unborn"
"1944",1,"BOO3",9,"unborn"
"1945",1,"BOO3",10,"unborn"
"1946",1,"BOO3",11,"unborn"
"1947",1,"BOO3",12,"unborn"
"1948",1,"BOO3",13,"unborn"
"1949",1,"BOO3",14,"unborn"
"1950",1,"BOO3",15,"unborn"
"1951",1,"BOOC",1,"juvenile"
"1952",1,"BOOC",2,"adult"
"1953",1,"BOOC",3,"adult"
"1954",1,"BOOC",4,"adult"
"1955",1,"BOOC",5,"adult"
"1956",1,"BOOC",6,"adult"
"1957",1,"BOOC",7,"adult"
"1958",1,"BOOC",8,"adult"
"1959",1,"BOOC",9,"adult"
"1960",1,"BOOC",10,"adult"
"1961",1,"BOOC",11,"adult"
"1962",1,"BOOC",12,"adult"
"1963",1,"BOOC",13,"adult"
"1964",1,"BOOC",14,"adult"
"1965",1,"BOOC",15,"adult"
"1966",1,"BOOT",1,"juvenile"
"1967",1,"BOOT",2,"adult"
"1968",1,"BOOT",3,"adult"
"1969",1,"BOOT",4,"adult"
"1970",1,"BOOT",5,"adult"
"1971",1,"BOOT",6,"adult"
"1972",1,"BOOT",7,"adult"
"1973",1,"BOOT",8,"adult"
"1974",1,"BOOT",9,"adult"
"1975",1,"BOOT",10,"adult"
"1976",1,"BOOT",11,"adult"
"1977",1,"BOOT",12,"adult"
"1978",1,"BOOT",13,"adult"
"1979",1,"BOOT",14,"adult"
"1980",1,"BOOT",15,"adult"
"1981",1,"BOX1",1,"unborn"
"1982",1,"BOX1",2,"unborn"
"1983",1,"BOX1",3,"unborn"
"1984",1,"BOX1",4,"unborn"
"1985",1,"BOX1",5,"unborn"
"1986",1,"BOX1",6,"unborn"
"1987",1,"BOX1",7,"unborn"
"1988",1,"BOX1",8,"unborn"
"1989",1,"BOX1",9,"unborn"
"1990",1,"BOX1",10,"unborn"
"1991",1,"BOX1",11,"unborn"
"1992",1,"BOX1",12,"calf"
"1993",1,"BOX1",13,"calf"
"1994",1,"BOX1",14,"juvenile"
"1995",1,"BOX1",15,"juvenile"
"1996",1,"BOXR",1,"juvenile"
"1997",1,"BOXR",2,"adult"
"1998",1,"BOXR",3,"adult"
"1999",1,"BOXR",4,"adult"
"2000",1,"BOXR",5,"adult"
"2001",1,"BOXR",6,"adult"
"2002",1,"BOXR",7,"adult"
"2003",1,"BOXR",8,"adult"
"2004",1,"BOXR",9,"adult"
"2005",1,"BOXR",10,"adult"
"2006",1,"BOXR",11,"adult"
"2007",1,"BOXR",12,"adult"
"2008",1,"BOXR",13,"adult"
"2009",1,"BOXR",14,"adult"
"2010",1,"BOXR",15,"adult"
"2011",1,"BRAC",1,"juvenile"
"2012",1,"BRAC",2,"adult"
"2013",1,"BRAC",3,"adult"
"2014",1,"BRAC",4,"adult"
"2015",1,"BRAC",5,"adult"
"2016",1,"BRAC",6,"adult"
"2017",1,"BRAC",7,"adult"
"2018",1,"BRAC",8,"adult"
"2019",1,"BRAC",9,"adult"
"2020",1,"BRAC",10,"adult"
"2021",1,"BRAC",11,"adult"
"2022",1,"BRAC",12,"adult"
"2023",1,"BRAC",13,"adult"
"2024",1,"BRAC",14,"adult"
"2025",1,"BRAC",15,"adult"
"2026",1,"BRAN",1,"juvenile"
"2027",1,"BRAN",2,"adult"
"2028",1,"BRAN",3,"adult"
"2029",1,"BRAN",4,"adult"
"2030",1,"BRAN",5,"adult"
"2031",1,"BRAN",6,"adult"
"2032",1,"BRAN",7,"adult"
"2033",1,"BRAN",8,"adult"
"2034",1,"BRAN",9,"adult"
"2035",1,"BRAN",10,"adult"
"2036",1,"BRAN",11,"adult"
"2037",1,"BRAN",12,"adult"
"2038",1,"BRAN",13,"adult"
"2039",1,"BRAN",14,"adult"
"2040",1,"BRAN",15,"adult"
"2041",1,"BRC3",1,"juvenile"
"2042",1,"BRC3",2,"adult"
"2043",1,"BRC3",3,"adult"
"2044",1,"BRC3",4,"adult"
"2045",1,"BRC3",5,"adult"
"2046",1,"BRC3",6,"adult"
"2047",1,"BRC3",7,"adult"
"2048",1,"BRC3",8,"adult"
"2049",1,"BRC3",9,"adult"
"2050",1,"BRC3",10,"adult"
"2051",1,"BRC3",11,"adult"
"2052",1,"BRC3",12,"adult"
"2053",1,"BRC3",13,"adult"
"2054",1,"BRC3",14,"adult"
"2055",1,"BRC3",15,"adult"
"2056",1,"BRC4",1,"juvenile"
"2057",1,"BRC4",2,"adult"
"2058",1,"BRC4",3,"adult"
"2059",1,"BRC4",4,"adult"
"2060",1,"BRC4",5,"adult"
"2061",1,"BRC4",6,"adult"
"2062",1,"BRC4",7,"adult"
"2063",1,"BRC4",8,"adult"
"2064",1,"BRC4",9,"adult"
"2065",1,"BRC4",10,"adult"
"2066",1,"BRC4",11,"adult"
"2067",1,"BRC4",12,"adult"
"2068",1,"BRC4",13,"adult"
"2069",1,"BRC4",14,"adult"
"2070",1,"BRC4",15,"adult"
"2071",1,"BRCH",1,"juvenile"
"2072",1,"BRCH",2,"adult"
"2073",1,"BRCH",3,"adult"
"2074",1,"BRCH",4,"adult"
"2075",1,"BRCH",5,"adult"
"2076",1,"BRCH",6,"adult"
"2077",1,"BRCH",7,"adult"
"2078",1,"BRCH",8,"adult"
"2079",1,"BRCH",9,"adult"
"2080",1,"BRCH",10,"adult"
"2081",1,"BRCH",11,"adult"
"2082",1,"BRCH",12,"adult"
"2083",1,"BRCH",13,"adult"
"2084",1,"BRCH",14,"adult"
"2085",1,"BRCH",15,"adult"
"2086",1,"BRD2",1,"unborn"
"2087",1,"BRD2",2,"unborn"
"2088",1,"BRD2",3,"unborn"
"2089",1,"BRD2",4,"calf"
"2090",1,"BRD2",5,"calf"
"2091",1,"BRD2",6,"juvenile"
"2092",1,"BRD2",7,"adult"
"2093",1,"BRD2",8,"adult"
"2094",1,"BRD2",9,"adult"
"2095",1,"BRD2",10,"adult"
"2096",1,"BRD2",11,"adult"
"2097",1,"BRD2",12,"adult"
"2098",1,"BRD2",13,"adult"
"2099",1,"BRD2",14,"adult"
"2100",1,"BRD2",15,"adult"
"2101",1,"BRD3",1,"unborn"
"2102",1,"BRD3",2,"unborn"
"2103",1,"BRD3",3,"unborn"
"2104",1,"BRD3",4,"unborn"
"2105",1,"BRD3",5,"unborn"
"2106",1,"BRD3",6,"calf"
"2107",1,"BRD3",7,"juvenile"
"2108",1,"BRD3",8,"juvenile"
"2109",1,"BRD3",9,"juvenile"
"2110",1,"BRD3",10,"juvenile"
"2111",1,"BRD3",11,"juvenile"
"2112",1,"BRD3",12,"juvenile"
"2113",1,"BRD3",13,"juvenile"
"2114",1,"BRD3",14,"adult"
"2115",1,"BRD3",15,"adult"
"2116",1,"BRDO",1,"adult"
"2117",1,"BRDO",2,"adult"
"2118",1,"BRDO",3,"adult"
"2119",1,"BRDO",4,"adult"
"2120",1,"BRDO",5,"adult"
"2121",1,"BRDO",6,"adult"
"2122",1,"BRDO",7,"adult"
"2123",1,"BRDO",8,"adult"
"2124",1,"BRDO",9,"adult"
"2125",1,"BRDO",10,"adult"
"2126",1,"BRDO",11,"adult"
"2127",1,"BRDO",12,"adult"
"2128",1,"BRDO",13,"adult"
"2129",1,"BRDO",14,"adult"
"2130",1,"BRDO",15,"adult"
"2131",1,"BREA",1,"juvenile"
"2132",1,"BREA",2,"adult"
"2133",1,"BREA",3,"adult"
"2134",1,"BREA",4,"adult"
"2135",1,"BREA",5,"adult"
"2136",1,"BREA",6,"adult"
"2137",1,"BREA",7,"adult"
"2138",1,"BREA",8,"adult"
"2139",1,"BREA",9,"adult"
"2140",1,"BREA",10,"adult"
"2141",1,"BREA",11,"adult"
"2142",1,"BREA",12,"adult"
"2143",1,"BREA",13,"adult"
"2144",1,"BREA",14,"adult"
"2145",1,"BREA",15,"adult"
"2146",1,"BRIS",1,"juvenile"
"2147",1,"BRIS",2,"adult"
"2148",1,"BRIS",3,"adult"
"2149",1,"BRIS",4,"adult"
"2150",1,"BRIS",5,"adult"
"2151",1,"BRIS",6,"adult"
"2152",1,"BRIS",7,"adult"
"2153",1,"BRIS",8,"adult"
"2154",1,"BRIS",9,"adult"
"2155",1,"BRIS",10,"adult"
"2156",1,"BRIS",11,"adult"
"2157",1,"BRIS",12,"adult"
"2158",1,"BRIS",13,"adult"
"2159",1,"BRIS",14,"adult"
"2160",1,"BRIS",15,"adult"
"2161",1,"BRN1",1,"juvenile"
"2162",1,"BRN1",2,"adult"
"2163",1,"BRN1",3,"adult"
"2164",1,"BRN1",4,"adult"
"2165",1,"BRN1",5,"adult"
"2166",1,"BRN1",6,"adult"
"2167",1,"BRN1",7,"adult"
"2168",1,"BRN1",8,"adult"
"2169",1,"BRN1",9,"adult"
"2170",1,"BRN1",10,"adult"
"2171",1,"BRN1",11,"adult"
"2172",1,"BRN1",12,"adult"
"2173",1,"BRN1",13,"adult"
"2174",1,"BRN1",14,"adult"
"2175",1,"BRN1",15,"adult"
"2176",1,"BTCH",1,"juvenile"
"2177",1,"BTCH",2,"adult"
"2178",1,"BTCH",3,"adult"
"2179",1,"BTCH",4,"adult"
"2180",1,"BTCH",5,"adult"
"2181",1,"BTCH",6,"adult"
"2182",1,"BTCH",7,"adult"
"2183",1,"BTCH",8,"adult"
"2184",1,"BTCH",9,"adult"
"2185",1,"BTCH",10,"adult"
"2186",1,"BTCH",11,"adult"
"2187",1,"BTCH",12,"adult"
"2188",1,"BTCH",13,"adult"
"2189",1,"BTCH",14,"adult"
"2190",1,"BTCH",15,"adult"
"2191",1,"BTHS",1,"juvenile"
"2192",1,"BTHS",2,"adult"
"2193",1,"BTHS",3,"adult"
"2194",1,"BTHS",4,"adult"
"2195",1,"BTHS",5,"adult"
"2196",1,"BTHS",6,"adult"
"2197",1,"BTHS",7,"adult"
"2198",1,"BTHS",8,"adult"
"2199",1,"BTHS",9,"adult"
"2200",1,"BTHS",10,"adult"
"2201",1,"BTHS",11,"adult"
"2202",1,"BTHS",12,"adult"
"2203",1,"BTHS",13,"adult"
"2204",1,"BTHS",14,"adult"
"2205",1,"BTHS",15,"adult"
"2206",1,"BTHV",1,"juvenile"
"2207",1,"BTHV",2,"adult"
"2208",1,"BTHV",3,"adult"
"2209",1,"BTHV",4,"adult"
"2210",1,"BTHV",5,"adult"
"2211",1,"BTHV",6,"adult"
"2212",1,"BTHV",7,"adult"
"2213",1,"BTHV",8,"adult"
"2214",1,"BTHV",9,"adult"
"2215",1,"BTHV",10,"adult"
"2216",1,"BTHV",11,"adult"
"2217",1,"BTHV",12,"adult"
"2218",1,"BTHV",13,"adult"
"2219",1,"BTHV",14,"adult"
"2220",1,"BTHV",15,"adult"
"2221",1,"BTLE",1,"juvenile"
"2222",1,"BTLE",2,"adult"
"2223",1,"BTLE",3,"adult"
"2224",1,"BTLE",4,"adult"
"2225",1,"BTLE",5,"adult"
"2226",1,"BTLE",6,"adult"
"2227",1,"BTLE",7,"adult"
"2228",1,"BTLE",8,"adult"
"2229",1,"BTLE",9,"adult"
"2230",1,"BTLE",10,"adult"
"2231",1,"BTLE",11,"adult"
"2232",1,"BTLE",12,"adult"
"2233",1,"BTLE",13,"adult"
"2234",1,"BTLE",14,"adult"
"2235",1,"BTLE",15,"adult"
"2236",1,"BTLN",1,"juvenile"
"2237",1,"BTLN",2,"adult"
"2238",1,"BTLN",3,"adult"
"2239",1,"BTLN",4,"adult"
"2240",1,"BTLN",5,"adult"
"2241",1,"BTLN",6,"adult"
"2242",1,"BTLN",7,"adult"
"2243",1,"BTLN",8,"adult"
"2244",1,"BTLN",9,"adult"
"2245",1,"BTLN",10,"adult"
"2246",1,"BTLN",11,"adult"
"2247",1,"BTLN",12,"adult"
"2248",1,"BTLN",13,"adult"
"2249",1,"BTLN",14,"adult"
"2250",1,"BTLN",15,"adult"
"2251",1,"BTM2",1,"juvenile"
"2252",1,"BTM2",2,"adult"
"2253",1,"BTM2",3,"adult"
"2254",1,"BTM2",4,"adult"
"2255",1,"BTM2",5,"adult"
"2256",1,"BTM2",6,"adult"
"2257",1,"BTM2",7,"adult"
"2258",1,"BTM2",8,"adult"
"2259",1,"BTM2",9,"adult"
"2260",1,"BTM2",10,"adult"
"2261",1,"BTM2",11,"adult"
"2262",1,"BTM2",12,"adult"
"2263",1,"BTM2",13,"adult"
"2264",1,"BTM2",14,"adult"
"2265",1,"BTM2",15,"adult"
"2266",1,"BTMV",1,"juvenile"
"2267",1,"BTMV",2,"adult"
"2268",1,"BTMV",3,"adult"
"2269",1,"BTMV",4,"adult"
"2270",1,"BTMV",5,"adult"
"2271",1,"BTMV",6,"adult"
"2272",1,"BTMV",7,"adult"
"2273",1,"BTMV",8,"adult"
"2274",1,"BTMV",9,"adult"
"2275",1,"BTMV",10,"adult"
"2276",1,"BTMV",11,"adult"
"2277",1,"BTMV",12,"adult"
"2278",1,"BTMV",13,"adult"
"2279",1,"BTMV",14,"adult"
"2280",1,"BTMV",15,"adult"
"2281",1,"BTTC",1,"juvenile"
"2282",1,"BTTC",2,"adult"
"2283",1,"BTTC",3,"adult"
"2284",1,"BTTC",4,"adult"
"2285",1,"BTTC",5,"adult"
"2286",1,"BTTC",6,"adult"
"2287",1,"BTTC",7,"adult"
"2288",1,"BTTC",8,"adult"
"2289",1,"BTTC",9,"adult"
"2290",1,"BTTC",10,"adult"
"2291",1,"BTTC",11,"adult"
"2292",1,"BTTC",12,"adult"
"2293",1,"BTTC",13,"adult"
"2294",1,"BTTC",14,"adult"
"2295",1,"BTTC",15,"adult"
"2296",1,"BTTV",1,"juvenile"
"2297",1,"BTTV",2,"adult"
"2298",1,"BTTV",3,"adult"
"2299",1,"BTTV",4,"adult"
"2300",1,"BTTV",5,"adult"
"2301",1,"BTTV",6,"adult"
"2302",1,"BTTV",7,"adult"
"2303",1,"BTTV",8,"adult"
"2304",1,"BTTV",9,"adult"
"2305",1,"BTTV",10,"adult"
"2306",1,"BTTV",11,"adult"
"2307",1,"BTTV",12,"adult"
"2308",1,"BTTV",13,"adult"
"2309",1,"BTTV",14,"adult"
"2310",1,"BTTV",15,"adult"
"2311",1,"BTWO",1,"juvenile"
"2312",1,"BTWO",2,"adult"
"2313",1,"BTWO",3,"adult"
"2314",1,"BTWO",4,"adult"
"2315",1,"BTWO",5,"adult"
"2316",1,"BTWO",6,"adult"
"2317",1,"BTWO",7,"adult"
"2318",1,"BTWO",8,"adult"
"2319",1,"BTWO",9,"adult"
"2320",1,"BTWO",10,"adult"
"2321",1,"BTWO",11,"adult"
"2322",1,"BTWO",12,"adult"
"2323",1,"BTWO",13,"adult"
"2324",1,"BTWO",14,"adult"
"2325",1,"BTWO",15,"adult"
"2326",1,"BUMI",1,"juvenile"
"2327",1,"BUMI",2,"adult"
"2328",1,"BUMI",3,"adult"
"2329",1,"BUMI",4,"adult"
"2330",1,"BUMI",5,"adult"
"2331",1,"BUMI",6,"adult"
"2332",1,"BUMI",7,"adult"
"2333",1,"BUMI",8,"adult"
"2334",1,"BUMI",9,"adult"
"2335",1,"BUMI",10,"adult"
"2336",1,"BUMI",11,"adult"
"2337",1,"BUMI",12,"adult"
"2338",1,"BUMI",13,"adult"
"2339",1,"BUMI",14,"adult"
"2340",1,"BUMI",15,"adult"
"2341",1,"BUZL",1,"juvenile"
"2342",1,"BUZL",2,"adult"
"2343",1,"BUZL",3,"adult"
"2344",1,"BUZL",4,"adult"
"2345",1,"BUZL",5,"adult"
"2346",1,"BUZL",6,"adult"
"2347",1,"BUZL",7,"adult"
"2348",1,"BUZL",8,"adult"
"2349",1,"BUZL",9,"adult"
"2350",1,"BUZL",10,"adult"
"2351",1,"BUZL",11,"adult"
"2352",1,"BUZL",12,"adult"
"2353",1,"BUZL",13,"adult"
"2354",1,"BUZL",14,"adult"
"2355",1,"BUZL",15,"adult"
"2356",1,"C073",1,"unborn"
"2357",1,"C073",2,"unborn"
"2358",1,"C073",3,"unborn"
"2359",1,"C073",4,"calf"
"2360",1,"C073",5,"calf"
"2361",1,"C073",6,"juvenile"
"2362",1,"C073",7,"adult"
"2363",1,"C073",8,"adult"
"2364",1,"C073",9,"adult"
"2365",1,"C073",10,"adult"
"2366",1,"C073",11,"adult"
"2367",1,"C073",12,"adult"
"2368",1,"C073",13,"adult"
"2369",1,"C073",14,"adult"
"2370",1,"C073",15,"adult"
"2371",1,"C075",1,"unborn"
"2372",1,"C075",2,"unborn"
"2373",1,"C075",3,"unborn"
"2374",1,"C075",4,"unborn"
"2375",1,"C075",5,"unborn"
"2376",1,"C075",6,"calf"
"2377",1,"C075",7,"calf"
"2378",1,"C075",8,"calf"
"2379",1,"C075",9,"calf"
"2380",1,"C075",10,"calf"
"2381",1,"C075",11,"calf"
"2382",1,"C075",12,"juvenile"
"2383",1,"C075",13,"juvenile"
"2384",1,"C075",14,"adult"
"2385",1,"C075",15,"adult"
"2386",1,"C076",1,"unborn"
"2387",1,"C076",2,"unborn"
"2388",1,"C076",3,"unborn"
"2389",1,"C076",4,"unborn"
"2390",1,"C076",5,"unborn"
"2391",1,"C076",6,"unborn"
"2392",1,"C076",7,"calf"
"2393",1,"C076",8,"calf"
"2394",1,"C076",9,"calf"
"2395",1,"C076",10,"calf"
"2396",1,"C076",11,"calf"
"2397",1,"C076",12,"calf"
"2398",1,"C076",13,"calf"
"2399",1,"C076",14,"juvenile"
"2400",1,"C076",15,"juvenile"
"2401",1,"C077",1,"unborn"
"2402",1,"C077",2,"unborn"
"2403",1,"C077",3,"unborn"
"2404",1,"C077",4,"unborn"
"2405",1,"C077",5,"unborn"
"2406",1,"C077",6,"unborn"
"2407",1,"C077",7,"unborn"
"2408",1,"C077",8,"unborn"
"2409",1,"C077",9,"unborn"
"2410",1,"C077",10,"unborn"
"2411",1,"C077",11,"unborn"
"2412",1,"C077",12,"unborn"
"2413",1,"C077",13,"calf"
"2414",1,"C077",14,"juvenile"
"2415",1,"C077",15,"juvenile"
"2416",1,"C096",1,"unborn"
"2417",1,"C096",2,"unborn"
"2418",1,"C096",3,"unborn"
"2419",1,"C096",4,"unborn"
"2420",1,"C096",5,"unborn"
"2421",1,"C096",6,"unborn"
"2422",1,"C096",7,"unborn"
"2423",1,"C096",8,"unborn"
"2424",1,"C096",9,"unborn"
"2425",1,"C096",10,"unborn"
"2426",1,"C096",11,"unborn"
"2427",1,"C096",12,"unborn"
"2428",1,"C096",13,"unborn"
"2429",1,"C096",14,"calf"
"2430",1,"C096",15,"calf"
"2431",1,"C114",1,"unborn"
"2432",1,"C114",2,"unborn"
"2433",1,"C114",3,"unborn"
"2434",1,"C114",4,"unborn"
"2435",1,"C114",5,"unborn"
"2436",1,"C114",6,"unborn"
"2437",1,"C114",7,"unborn"
"2438",1,"C114",8,"unborn"
"2439",1,"C114",9,"unborn"
"2440",1,"C114",10,"unborn"
"2441",1,"C114",11,"unborn"
"2442",1,"C114",12,"unborn"
"2443",1,"C114",13,"unborn"
"2444",1,"C114",14,"unborn"
"2445",1,"C114",15,"calf"
"2446",1,"C254",1,"unborn"
"2447",1,"C254",2,"unborn"
"2448",1,"C254",3,"unborn"
"2449",1,"C254",4,"unborn"
"2450",1,"C254",5,"unborn"
"2451",1,"C254",6,"juvenile"
"2452",1,"C254",7,"juvenile"
"2453",1,"C254",8,"juvenile"
"2454",1,"C254",9,"juvenile"
"2455",1,"C254",10,"juvenile"
"2456",1,"C254",11,"juvenile"
"2457",1,"C254",12,"juvenile"
"2458",1,"C254",13,"juvenile"
"2459",1,"C254",14,"adult"
"2460",1,"C254",15,"adult"
"2461",1,"C255",1,"unborn"
"2462",1,"C255",2,"unborn"
"2463",1,"C255",3,"unborn"
"2464",1,"C255",4,"unborn"
"2465",1,"C255",5,"unborn"
"2466",1,"C255",6,"calf"
"2467",1,"C255",7,"calf"
"2468",1,"C255",8,"calf"
"2469",1,"C255",9,"calf"
"2470",1,"C255",10,"calf"
"2471",1,"C255",11,"calf"
"2472",1,"C255",12,"juvenile"
"2473",1,"C255",13,"juvenile"
"2474",1,"C255",14,"adult"
"2475",1,"C255",15,"adult"
"2476",1,"C258",1,"unborn"
"2477",1,"C258",2,"unborn"
"2478",1,"C258",3,"unborn"
"2479",1,"C258",4,"unborn"
"2480",1,"C258",5,"unborn"
"2481",1,"C258",6,"unborn"
"2482",1,"C258",7,"unborn"
"2483",1,"C258",8,"unborn"
"2484",1,"C258",9,"unborn"
"2485",1,"C258",10,"unborn"
"2486",1,"C258",11,"unborn"
"2487",1,"C258",12,"unborn"
"2488",1,"C258",13,"unborn"
"2489",1,"C258",14,"calf"
"2490",1,"C258",15,"calf"
"2491",1,"C259",1,"unborn"
"2492",1,"C259",2,"unborn"
"2493",1,"C259",3,"unborn"
"2494",1,"C259",4,"unborn"
"2495",1,"C259",5,"unborn"
"2496",1,"C259",6,"unborn"
"2497",1,"C259",7,"unborn"
"2498",1,"C259",8,"unborn"
"2499",1,"C259",9,"unborn"
"2500",1,"C259",10,"unborn"
"2501",1,"C259",11,"unborn"
"2502",1,"C259",12,"unborn"
"2503",1,"C259",13,"unborn"
"2504",1,"C259",14,"unborn"
"2505",1,"C259",15,"unborn"
"2506",1,"C272",1,"unborn"
"2507",1,"C272",2,"unborn"
"2508",1,"C272",3,"unborn"
"2509",1,"C272",4,"calf"
"2510",1,"C272",5,"calf"
"2511",1,"C272",6,"juvenile"
"2512",1,"C272",7,"juvenile"
"2513",1,"C272",8,"juvenile"
"2514",1,"C272",9,"juvenile"
"2515",1,"C272",10,"juvenile"
"2516",1,"C272",11,"juvenile"
"2517",1,"C272",12,"adult"
"2518",1,"C272",13,"adult"
"2519",1,"C272",14,"adult"
"2520",1,"C272",15,"adult"
"2521",1,"C273",1,"unborn"
"2522",1,"C273",2,"unborn"
"2523",1,"C273",3,"unborn"
"2524",1,"C273",4,"unborn"
"2525",1,"C273",5,"unborn"
"2526",1,"C273",6,"juvenile"
"2527",1,"C273",7,"juvenile"
"2528",1,"C273",8,"juvenile"
"2529",1,"C273",9,"juvenile"
"2530",1,"C273",10,"juvenile"
"2531",1,"C273",11,"juvenile"
"2532",1,"C273",12,"juvenile"
"2533",1,"C273",13,"juvenile"
"2534",1,"C273",14,"adult"
"2535",1,"C273",15,"adult"
"2536",1,"C275",1,"unborn"
"2537",1,"C275",2,"unborn"
"2538",1,"C275",3,"unborn"
"2539",1,"C275",4,"unborn"
"2540",1,"C275",5,"unborn"
"2541",1,"C275",6,"unborn"
"2542",1,"C275",7,"calf"
"2543",1,"C275",8,"calf"
"2544",1,"C275",9,"calf"
"2545",1,"C275",10,"calf"
"2546",1,"C275",11,"calf"
"2547",1,"C275",12,"calf"
"2548",1,"C275",13,"calf"
"2549",1,"C275",14,"juvenile"
"2550",1,"C275",15,"juvenile"
"2551",1,"C276",1,"unborn"
"2552",1,"C276",2,"unborn"
"2553",1,"C276",3,"unborn"
"2554",1,"C276",4,"unborn"
"2555",1,"C276",5,"unborn"
"2556",1,"C276",6,"unborn"
"2557",1,"C276",7,"unborn"
"2558",1,"C276",8,"unborn"
"2559",1,"C276",9,"unborn"
"2560",1,"C276",10,"unborn"
"2561",1,"C276",11,"unborn"
"2562",1,"C276",12,"unborn"
"2563",1,"C276",13,"unborn"
"2564",1,"C276",14,"calf"
"2565",1,"C276",15,"juvenile"
"2566",1,"C295",1,"unborn"
"2567",1,"C295",2,"unborn"
"2568",1,"C295",3,"unborn"
"2569",1,"C295",4,"calf"
"2570",1,"C295",5,"calf"
"2571",1,"C295",6,"juvenile"
"2572",1,"C295",7,"adult"
"2573",1,"C295",8,"adult"
"2574",1,"C295",9,"adult"
"2575",1,"C295",10,"adult"
"2576",1,"C295",11,"adult"
"2577",1,"C295",12,"adult"
"2578",1,"C295",13,"adult"
"2579",1,"C295",14,"adult"
"2580",1,"C295",15,"adult"
"2581",1,"C296",1,"unborn"
"2582",1,"C296",2,"unborn"
"2583",1,"C296",3,"unborn"
"2584",1,"C296",4,"unborn"
"2585",1,"C296",5,"calf"
"2586",1,"C296",6,"juvenile"
"2587",1,"C296",7,"juvenile"
"2588",1,"C296",8,"juvenile"
"2589",1,"C296",9,"juvenile"
"2590",1,"C296",10,"juvenile"
"2591",1,"C296",11,"juvenile"
"2592",1,"C296",12,"juvenile"
"2593",1,"C296",13,"adult"
"2594",1,"C296",14,"adult"
"2595",1,"C296",15,"adult"
"2596",1,"C330",1,"unborn"
"2597",1,"C330",2,"unborn"
"2598",1,"C330",3,"unborn"
"2599",1,"C330",4,"unborn"
"2600",1,"C330",5,"unborn"
"2601",1,"C330",6,"unborn"
"2602",1,"C330",7,"unborn"
"2603",1,"C330",8,"unborn"
"2604",1,"C330",9,"unborn"
"2605",1,"C330",10,"unborn"
"2606",1,"C330",11,"unborn"
"2607",1,"C330",12,"unborn"
"2608",1,"C330",13,"unborn"
"2609",1,"C330",14,"unborn"
"2610",1,"C330",15,"unborn"
"2611",1,"C335",1,"unborn"
"2612",1,"C335",2,"unborn"
"2613",1,"C335",3,"unborn"
"2614",1,"C335",4,"unborn"
"2615",1,"C335",5,"unborn"
"2616",1,"C335",6,"juvenile"
"2617",1,"C335",7,"juvenile"
"2618",1,"C335",8,"juvenile"
"2619",1,"C335",9,"juvenile"
"2620",1,"C335",10,"juvenile"
"2621",1,"C335",11,"juvenile"
"2622",1,"C335",12,"juvenile"
"2623",1,"C335",13,"juvenile"
"2624",1,"C335",14,"adult"
"2625",1,"C335",15,"adult"
"2626",1,"C336",1,"unborn"
"2627",1,"C336",2,"unborn"
"2628",1,"C336",3,"unborn"
"2629",1,"C336",4,"unborn"
"2630",1,"C336",5,"unborn"
"2631",1,"C336",6,"calf"
"2632",1,"C336",7,"juvenile"
"2633",1,"C336",8,"juvenile"
"2634",1,"C336",9,"juvenile"
"2635",1,"C336",10,"juvenile"
"2636",1,"C336",11,"juvenile"
"2637",1,"C336",12,"juvenile"
"2638",1,"C336",13,"juvenile"
"2639",1,"C336",14,"adult"
"2640",1,"C336",15,"adult"
"2641",1,"C391",1,"unborn"
"2642",1,"C391",2,"calf"
"2643",1,"C391",3,"calf"
"2644",1,"C391",4,"calf"
"2645",1,"C391",5,"juvenile"
"2646",1,"C391",6,"adult"
"2647",1,"C391",7,"adult"
"2648",1,"C391",8,"adult"
"2649",1,"C391",9,"adult"
"2650",1,"C391",10,"adult"
"2651",1,"C391",11,"adult"
"2652",1,"C391",12,"adult"
"2653",1,"C391",13,"adult"
"2654",1,"C391",14,"adult"
"2655",1,"C391",15,"adult"
"2656",1,"C546",1,"unborn"
"2657",1,"C546",2,"unborn"
"2658",1,"C546",3,"unborn"
"2659",1,"C546",4,"unborn"
"2660",1,"C546",5,"unborn"
"2661",1,"C546",6,"calf"
"2662",1,"C546",7,"calf"
"2663",1,"C546",8,"calf"
"2664",1,"C546",9,"calf"
"2665",1,"C546",10,"calf"
"2666",1,"C546",11,"calf"
"2667",1,"C546",12,"calf"
"2668",1,"C546",13,"calf"
"2669",1,"C546",14,"juvenile"
"2670",1,"C546",15,"juvenile"
"2671",1,"C548",1,"unborn"
"2672",1,"C548",2,"unborn"
"2673",1,"C548",3,"unborn"
"2674",1,"C548",4,"unborn"
"2675",1,"C548",5,"unborn"
"2676",1,"C548",6,"unborn"
"2677",1,"C548",7,"unborn"
"2678",1,"C548",8,"unborn"
"2679",1,"C548",9,"unborn"
"2680",1,"C548",10,"unborn"
"2681",1,"C548",11,"unborn"
"2682",1,"C548",12,"unborn"
"2683",1,"C548",13,"unborn"
"2684",1,"C548",14,"unborn"
"2685",1,"C548",15,"calf"
"2686",1,"C554",1,"unborn"
"2687",1,"C554",2,"unborn"
"2688",1,"C554",3,"unborn"
"2689",1,"C554",4,"unborn"
"2690",1,"C554",5,"unborn"
"2691",1,"C554",6,"unborn"
"2692",1,"C554",7,"unborn"
"2693",1,"C554",8,"unborn"
"2694",1,"C554",9,"unborn"
"2695",1,"C554",10,"unborn"
"2696",1,"C554",11,"unborn"
"2697",1,"C554",12,"unborn"
"2698",1,"C554",13,"unborn"
"2699",1,"C554",14,"calf"
"2700",1,"C554",15,"calf"
"2701",1,"C555",1,"unborn"
"2702",1,"C555",2,"unborn"
"2703",1,"C555",3,"unborn"
"2704",1,"C555",4,"unborn"
"2705",1,"C555",5,"unborn"
"2706",1,"C555",6,"unborn"
"2707",1,"C555",7,"unborn"
"2708",1,"C555",8,"unborn"
"2709",1,"C555",9,"unborn"
"2710",1,"C555",10,"unborn"
"2711",1,"C555",11,"unborn"
"2712",1,"C555",12,"unborn"
"2713",1,"C555",13,"unborn"
"2714",1,"C555",14,"unborn"
"2715",1,"C555",15,"calf"
"2716",1,"C574",1,"unborn"
"2717",1,"C574",2,"unborn"
"2718",1,"C574",3,"unborn"
"2719",1,"C574",4,"calf"
"2720",1,"C574",5,"calf"
"2721",1,"C574",6,"juvenile"
"2722",1,"C574",7,"adult"
"2723",1,"C574",8,"adult"
"2724",1,"C574",9,"adult"
"2725",1,"C574",10,"adult"
"2726",1,"C574",11,"adult"
"2727",1,"C574",12,"adult"
"2728",1,"C574",13,"adult"
"2729",1,"C574",14,"adult"
"2730",1,"C574",15,"adult"
"2731",1,"C595",1,"unborn"
"2732",1,"C595",2,"calf"
"2733",1,"C595",3,"calf"
"2734",1,"C595",4,"calf"
"2735",1,"C595",5,"juvenile"
"2736",1,"C595",6,"adult"
"2737",1,"C595",7,"adult"
"2738",1,"C595",8,"adult"
"2739",1,"C595",9,"adult"
"2740",1,"C595",10,"adult"
"2741",1,"C595",11,"adult"
"2742",1,"C595",12,"adult"
"2743",1,"C595",13,"adult"
"2744",1,"C595",14,"adult"
"2745",1,"C595",15,"adult"
"2746",1,"C596",1,"unborn"
"2747",1,"C596",2,"unborn"
"2748",1,"C596",3,"unborn"
"2749",1,"C596",4,"unborn"
"2750",1,"C596",5,"calf"
"2751",1,"C596",6,"juvenile"
"2752",1,"C596",7,"juvenile"
"2753",1,"C596",8,"juvenile"
"2754",1,"C596",9,"juvenile"
"2755",1,"C596",10,"juvenile"
"2756",1,"C596",11,"juvenile"
"2757",1,"C596",12,"juvenile"
"2758",1,"C596",13,"adult"
"2759",1,"C596",14,"adult"
"2760",1,"C596",15,"adult"
"2761",1,"C597",1,"unborn"
"2762",1,"C597",2,"unborn"
"2763",1,"C597",3,"unborn"
"2764",1,"C597",4,"unborn"
"2765",1,"C597",5,"unborn"
"2766",1,"C597",6,"calf"
"2767",1,"C597",7,"calf"
"2768",1,"C597",8,"calf"
"2769",1,"C597",9,"calf"
"2770",1,"C597",10,"calf"
"2771",1,"C597",11,"calf"
"2772",1,"C597",12,"juvenile"
"2773",1,"C597",13,"juvenile"
"2774",1,"C597",14,"adult"
"2775",1,"C597",15,"adult"
"2776",1,"C652",1,"unborn"
"2777",1,"C652",2,"calf"
"2778",1,"C652",3,"calf"
"2779",1,"C652",4,"calf"
"2780",1,"C652",5,"juvenile"
"2781",1,"C652",6,"adult"
"2782",1,"C652",7,"adult"
"2783",1,"C652",8,"adult"
"2784",1,"C652",9,"adult"
"2785",1,"C652",10,"adult"
"2786",1,"C652",11,"adult"
"2787",1,"C652",12,"adult"
"2788",1,"C652",13,"adult"
"2789",1,"C652",14,"adult"
"2790",1,"C652",15,"adult"
"2791",1,"C655",1,"unborn"
"2792",1,"C655",2,"unborn"
"2793",1,"C655",3,"unborn"
"2794",1,"C655",4,"unborn"
"2795",1,"C655",5,"unborn"
"2796",1,"C655",6,"unborn"
"2797",1,"C655",7,"unborn"
"2798",1,"C655",8,"unborn"
"2799",1,"C655",9,"unborn"
"2800",1,"C655",10,"unborn"
"2801",1,"C655",11,"unborn"
"2802",1,"C655",12,"unborn"
"2803",1,"C655",13,"unborn"
"2804",1,"C655",14,"calf"
"2805",1,"C655",15,"calf"
"2806",1,"C656",1,"unborn"
"2807",1,"C656",2,"unborn"
"2808",1,"C656",3,"unborn"
"2809",1,"C656",4,"unborn"
"2810",1,"C656",5,"unborn"
"2811",1,"C656",6,"unborn"
"2812",1,"C656",7,"unborn"
"2813",1,"C656",8,"unborn"
"2814",1,"C656",9,"unborn"
"2815",1,"C656",10,"unborn"
"2816",1,"C656",11,"unborn"
"2817",1,"C656",12,"unborn"
"2818",1,"C656",13,"unborn"
"2819",1,"C656",14,"unborn"
"2820",1,"C656",15,"unborn"
"2821",1,"C717",1,"unborn"
"2822",1,"C717",2,"unborn"
"2823",1,"C717",3,"unborn"
"2824",1,"C717",4,"calf"
"2825",1,"C717",5,"calf"
"2826",1,"C717",6,"juvenile"
"2827",1,"C717",7,"adult"
"2828",1,"C717",8,"adult"
"2829",1,"C717",9,"adult"
"2830",1,"C717",10,"adult"
"2831",1,"C717",11,"adult"
"2832",1,"C717",12,"adult"
"2833",1,"C717",13,"adult"
"2834",1,"C717",14,"adult"
"2835",1,"C717",15,"adult"
"2836",1,"C755",1,"unborn"
"2837",1,"C755",2,"unborn"
"2838",1,"C755",3,"unborn"
"2839",1,"C755",4,"calf"
"2840",1,"C755",5,"calf"
"2841",1,"C755",6,"juvenile"
"2842",1,"C755",7,"adult"
"2843",1,"C755",8,"adult"
"2844",1,"C755",9,"adult"
"2845",1,"C755",10,"adult"
"2846",1,"C755",11,"adult"
"2847",1,"C755",12,"adult"
"2848",1,"C755",13,"adult"
"2849",1,"C755",14,"adult"
"2850",1,"C755",15,"adult"
"2851",1,"C793",1,"unborn"
"2852",1,"C793",2,"unborn"
"2853",1,"C793",3,"unborn"
"2854",1,"C793",4,"unborn"
"2855",1,"C793",5,"unborn"
"2856",1,"C793",6,"juvenile"
"2857",1,"C793",7,"juvenile"
"2858",1,"C793",8,"juvenile"
"2859",1,"C793",9,"juvenile"
"2860",1,"C793",10,"juvenile"
"2861",1,"C793",11,"juvenile"
"2862",1,"C793",12,"juvenile"
"2863",1,"C793",13,"juvenile"
"2864",1,"C793",14,"adult"
"2865",1,"C793",15,"adult"
"2866",1,"C794",1,"unborn"
"2867",1,"C794",2,"unborn"
"2868",1,"C794",3,"unborn"
"2869",1,"C794",4,"unborn"
"2870",1,"C794",5,"unborn"
"2871",1,"C794",6,"calf"
"2872",1,"C794",7,"juvenile"
"2873",1,"C794",8,"juvenile"
"2874",1,"C794",9,"juvenile"
"2875",1,"C794",10,"juvenile"
"2876",1,"C794",11,"juvenile"
"2877",1,"C794",12,"juvenile"
"2878",1,"C794",13,"juvenile"
"2879",1,"C794",14,"adult"
"2880",1,"C794",15,"adult"
"2881",1,"C795",1,"unborn"
"2882",1,"C795",2,"unborn"
"2883",1,"C795",3,"unborn"
"2884",1,"C795",4,"unborn"
"2885",1,"C795",5,"unborn"
"2886",1,"C795",6,"calf"
"2887",1,"C795",7,"calf"
"2888",1,"C795",8,"calf"
"2889",1,"C795",9,"calf"
"2890",1,"C795",10,"calf"
"2891",1,"C795",11,"calf"
"2892",1,"C795",12,"calf"
"2893",1,"C795",13,"calf"
"2894",1,"C795",14,"juvenile"
"2895",1,"C795",15,"juvenile"
"2896",1,"C797",1,"unborn"
"2897",1,"C797",2,"unborn"
"2898",1,"C797",3,"unborn"
"2899",1,"C797",4,"unborn"
"2900",1,"C797",5,"unborn"
"2901",1,"C797",6,"unborn"
"2902",1,"C797",7,"unborn"
"2903",1,"C797",8,"unborn"
"2904",1,"C797",9,"unborn"
"2905",1,"C797",10,"unborn"
"2906",1,"C797",11,"unborn"
"2907",1,"C797",12,"unborn"
"2908",1,"C797",13,"unborn"
"2909",1,"C797",14,"calf"
"2910",1,"C797",15,"calf"
"2911",1,"C798",1,"unborn"
"2912",1,"C798",2,"unborn"
"2913",1,"C798",3,"unborn"
"2914",1,"C798",4,"unborn"
"2915",1,"C798",5,"unborn"
"2916",1,"C798",6,"unborn"
"2917",1,"C798",7,"unborn"
"2918",1,"C798",8,"unborn"
"2919",1,"C798",9,"unborn"
"2920",1,"C798",10,"unborn"
"2921",1,"C798",11,"unborn"
"2922",1,"C798",12,"unborn"
"2923",1,"C798",13,"unborn"
"2924",1,"C798",14,"unborn"
"2925",1,"C798",15,"calf"
"2926",1,"C834",1,"calf"
"2927",1,"C834",2,"calf"
"2928",1,"C834",3,"calf"
"2929",1,"C834",4,"juvenile"
"2930",1,"C834",5,"juvenile"
"2931",1,"C834",6,"adult"
"2932",1,"C834",7,"adult"
"2933",1,"C834",8,"adult"
"2934",1,"C834",9,"adult"
"2935",1,"C834",10,"adult"
"2936",1,"C834",11,"adult"
"2937",1,"C834",12,"adult"
"2938",1,"C834",13,"adult"
"2939",1,"C834",14,"adult"
"2940",1,"C834",15,"adult"
"2941",1,"C835",1,"unborn"
"2942",1,"C835",2,"unborn"
"2943",1,"C835",3,"unborn"
"2944",1,"C835",4,"unborn"
"2945",1,"C835",5,"calf"
"2946",1,"C835",6,"juvenile"
"2947",1,"C835",7,"juvenile"
"2948",1,"C835",8,"juvenile"
"2949",1,"C835",9,"juvenile"
"2950",1,"C835",10,"juvenile"
"2951",1,"C835",11,"juvenile"
"2952",1,"C835",12,"juvenile"
"2953",1,"C835",13,"adult"
"2954",1,"C835",14,"adult"
"2955",1,"C835",15,"adult"
"2956",1,"C871",1,"unborn"
"2957",1,"C871",2,"unborn"
"2958",1,"C871",3,"unborn"
"2959",1,"C871",4,"calf"
"2960",1,"C871",5,"calf"
"2961",1,"C871",6,"juvenile"
"2962",1,"C871",7,"adult"
"2963",1,"C871",8,"adult"
"2964",1,"C871",9,"adult"
"2965",1,"C871",10,"adult"
"2966",1,"C871",11,"adult"
"2967",1,"C871",12,"adult"
"2968",1,"C871",13,"adult"
"2969",1,"C871",14,"adult"
"2970",1,"C871",15,"adult"
"2971",1,"C872",1,"unborn"
"2972",1,"C872",2,"unborn"
"2973",1,"C872",3,"unborn"
"2974",1,"C872",4,"unborn"
"2975",1,"C872",5,"unborn"
"2976",1,"C872",6,"unborn"
"2977",1,"C872",7,"calf"
"2978",1,"C872",8,"calf"
"2979",1,"C872",9,"calf"
"2980",1,"C872",10,"calf"
"2981",1,"C872",11,"calf"
"2982",1,"C872",12,"calf"
"2983",1,"C872",13,"calf"
"2984",1,"C872",14,"juvenile"
"2985",1,"C872",15,"juvenile"
"2986",1,"C873",1,"unborn"
"2987",1,"C873",2,"unborn"
"2988",1,"C873",3,"unborn"
"2989",1,"C873",4,"unborn"
"2990",1,"C873",5,"unborn"
"2991",1,"C873",6,"unborn"
"2992",1,"C873",7,"unborn"
"2993",1,"C873",8,"unborn"
"2994",1,"C873",9,"unborn"
"2995",1,"C873",10,"unborn"
"2996",1,"C873",11,"unborn"
"2997",1,"C873",12,"unborn"
"2998",1,"C873",13,"calf"
"2999",1,"C873",14,"juvenile"
"3000",1,"C873",15,"juvenile"
"3001",1,"C874",1,"unborn"
"3002",1,"C874",2,"unborn"
"3003",1,"C874",3,"unborn"
"3004",1,"C874",4,"unborn"
"3005",1,"C874",5,"unborn"
"3006",1,"C874",6,"unborn"
"3007",1,"C874",7,"unborn"
"3008",1,"C874",8,"unborn"
"3009",1,"C874",9,"unborn"
"3010",1,"C874",10,"unborn"
"3011",1,"C874",11,"unborn"
"3012",1,"C874",12,"unborn"
"3013",1,"C874",13,"unborn"
"3014",1,"C874",14,"calf"
"3015",1,"C874",15,"calf"
"3016",1,"C911",1,"unborn"
"3017",1,"C911",2,"unborn"
"3018",1,"C911",3,"unborn"
"3019",1,"C911",4,"unborn"
"3020",1,"C911",5,"unborn"
"3021",1,"C911",6,"unborn"
"3022",1,"C911",7,"unborn"
"3023",1,"C911",8,"unborn"
"3024",1,"C911",9,"unborn"
"3025",1,"C911",10,"unborn"
"3026",1,"C911",11,"unborn"
"3027",1,"C911",12,"unborn"
"3028",1,"C911",13,"calf"
"3029",1,"C911",14,"juvenile"
"3030",1,"C911",15,"juvenile"
"3031",1,"C912",1,"unborn"
"3032",1,"C912",2,"unborn"
"3033",1,"C912",3,"unborn"
"3034",1,"C912",4,"unborn"
"3035",1,"C912",5,"unborn"
"3036",1,"C912",6,"unborn"
"3037",1,"C912",7,"unborn"
"3038",1,"C912",8,"unborn"
"3039",1,"C912",9,"unborn"
"3040",1,"C912",10,"unborn"
"3041",1,"C912",11,"unborn"
"3042",1,"C912",12,"unborn"
"3043",1,"C912",13,"unborn"
"3044",1,"C912",14,"calf"
"3045",1,"C912",15,"calf"
"3046",1,"C931",1,"unborn"
"3047",1,"C931",2,"unborn"
"3048",1,"C931",3,"unborn"
"3049",1,"C931",4,"unborn"
"3050",1,"C931",5,"calf"
"3051",1,"C931",6,"juvenile"
"3052",1,"C931",7,"juvenile"
"3053",1,"C931",8,"juvenile"
"3054",1,"C931",9,"juvenile"
"3055",1,"C931",10,"juvenile"
"3056",1,"C931",11,"juvenile"
"3057",1,"C931",12,"juvenile"
"3058",1,"C931",13,"adult"
"3059",1,"C931",14,"adult"
"3060",1,"C931",15,"adult"
"3061",1,"C932",1,"unborn"
"3062",1,"C932",2,"unborn"
"3063",1,"C932",3,"unborn"
"3064",1,"C932",4,"unborn"
"3065",1,"C932",5,"unborn"
"3066",1,"C932",6,"juvenile"
"3067",1,"C932",7,"juvenile"
"3068",1,"C932",8,"juvenile"
"3069",1,"C932",9,"juvenile"
"3070",1,"C932",10,"juvenile"
"3071",1,"C932",11,"juvenile"
"3072",1,"C932",12,"juvenile"
"3073",1,"C932",13,"juvenile"
"3074",1,"C932",14,"adult"
"3075",1,"C932",15,"adult"
"3076",1,"C933",1,"unborn"
"3077",1,"C933",2,"unborn"
"3078",1,"C933",3,"unborn"
"3079",1,"C933",4,"unborn"
"3080",1,"C933",5,"unborn"
"3081",1,"C933",6,"calf"
"3082",1,"C933",7,"calf"
"3083",1,"C933",8,"calf"
"3084",1,"C933",9,"calf"
"3085",1,"C933",10,"calf"
"3086",1,"C933",11,"calf"
"3087",1,"C933",12,"calf"
"3088",1,"C933",13,"calf"
"3089",1,"C933",14,"juvenile"
"3090",1,"C933",15,"juvenile"
"3091",1,"C935",1,"unborn"
"3092",1,"C935",2,"unborn"
"3093",1,"C935",3,"unborn"
"3094",1,"C935",4,"unborn"
"3095",1,"C935",5,"unborn"
"3096",1,"C935",6,"unborn"
"3097",1,"C935",7,"unborn"
"3098",1,"C935",8,"unborn"
"3099",1,"C935",9,"unborn"
"3100",1,"C935",10,"unborn"
"3101",1,"C935",11,"unborn"
"3102",1,"C935",12,"unborn"
"3103",1,"C935",13,"unborn"
"3104",1,"C935",14,"calf"
"3105",1,"C935",15,"calf"
"3106",1,"C936",1,"unborn"
"3107",1,"C936",2,"unborn"
"3108",1,"C936",3,"unborn"
"3109",1,"C936",4,"unborn"
"3110",1,"C936",5,"unborn"
"3111",1,"C936",6,"unborn"
"3112",1,"C936",7,"unborn"
"3113",1,"C936",8,"unborn"
"3114",1,"C936",9,"unborn"
"3115",1,"C936",10,"unborn"
"3116",1,"C936",11,"unborn"
"3117",1,"C936",12,"unborn"
"3118",1,"C936",13,"unborn"
"3119",1,"C936",14,"unborn"
"3120",1,"C936",15,"calf"
"3121",1,"C991",1,"unborn"
"3122",1,"C991",2,"calf"
"3123",1,"C991",3,"calf"
"3124",1,"C991",4,"calf"
"3125",1,"C991",5,"juvenile"
"3126",1,"C991",6,"adult"
"3127",1,"C991",7,"adult"
"3128",1,"C991",8,"adult"
"3129",1,"C991",9,"adult"
"3130",1,"C991",10,"adult"
"3131",1,"C991",11,"adult"
"3132",1,"C991",12,"adult"
"3133",1,"C991",13,"adult"
"3134",1,"C991",14,"adult"
"3135",1,"C991",15,"adult"
"3136",1,"CAES",1,"juvenile"
"3137",1,"CAES",2,"adult"
"3138",1,"CAES",3,"adult"
"3139",1,"CAES",4,"adult"
"3140",1,"CAES",5,"adult"
"3141",1,"CAES",6,"adult"
"3142",1,"CAES",7,"adult"
"3143",1,"CAES",8,"adult"
"3144",1,"CAES",9,"adult"
"3145",1,"CAES",10,"adult"
"3146",1,"CAES",11,"adult"
"3147",1,"CAES",12,"adult"
"3148",1,"CAES",13,"adult"
"3149",1,"CAES",14,"adult"
"3150",1,"CAES",15,"adult"
"3151",1,"CAM1",1,"juvenile"
"3152",1,"CAM1",2,"adult"
"3153",1,"CAM1",3,"adult"
"3154",1,"CAM1",4,"adult"
"3155",1,"CAM1",5,"adult"
"3156",1,"CAM1",6,"adult"
"3157",1,"CAM1",7,"adult"
"3158",1,"CAM1",8,"adult"
"3159",1,"CAM1",9,"adult"
"3160",1,"CAM1",10,"adult"
"3161",1,"CAM1",11,"adult"
"3162",1,"CAM1",12,"adult"
"3163",1,"CAM1",13,"adult"
"3164",1,"CAM1",14,"adult"
"3165",1,"CAM1",15,"adult"
"3166",1,"CATW",1,"juvenile"
"3167",1,"CATW",2,"adult"
"3168",1,"CATW",3,"adult"
"3169",1,"CATW",4,"adult"
"3170",1,"CATW",5,"adult"
"3171",1,"CATW",6,"adult"
"3172",1,"CATW",7,"adult"
"3173",1,"CATW",8,"adult"
"3174",1,"CATW",9,"adult"
"3175",1,"CATW",10,"adult"
"3176",1,"CATW",11,"adult"
"3177",1,"CATW",12,"adult"
"3178",1,"CATW",13,"adult"
"3179",1,"CATW",14,"adult"
"3180",1,"CATW",15,"adult"
"3181",1,"CBTA",1,"juvenile"
"3182",1,"CBTA",2,"adult"
"3183",1,"CBTA",3,"adult"
"3184",1,"CBTA",4,"adult"
"3185",1,"CBTA",5,"adult"
"3186",1,"CBTA",6,"adult"
"3187",1,"CBTA",7,"adult"
"3188",1,"CBTA",8,"adult"
"3189",1,"CBTA",9,"adult"
"3190",1,"CBTA",10,"adult"
"3191",1,"CBTA",11,"adult"
"3192",1,"CBTA",12,"adult"
"3193",1,"CBTA",13,"adult"
"3194",1,"CBTA",14,"adult"
"3195",1,"CBTA",15,"adult"
"3196",1,"CCL6",1,"unborn"
"3197",1,"CCL6",2,"unborn"
"3198",1,"CCL6",3,"unborn"
"3199",1,"CCL6",4,"unborn"
"3200",1,"CCL6",5,"unborn"
"3201",1,"CCL6",6,"juvenile"
"3202",1,"CCL6",7,"juvenile"
"3203",1,"CCL6",8,"juvenile"
"3204",1,"CCL6",9,"juvenile"
"3205",1,"CCL6",10,"juvenile"
"3206",1,"CCL6",11,"juvenile"
"3207",1,"CCL6",12,"juvenile"
"3208",1,"CCL6",13,"juvenile"
"3209",1,"CCL6",14,"adult"
"3210",1,"CCL6",15,"adult"
"3211",1,"CDS2",1,"unborn"
"3212",1,"CDS2",2,"unborn"
"3213",1,"CDS2",3,"unborn"
"3214",1,"CDS2",4,"unborn"
"3215",1,"CDS2",5,"unborn"
"3216",1,"CDS2",6,"juvenile"
"3217",1,"CDS2",7,"juvenile"
"3218",1,"CDS2",8,"juvenile"
"3219",1,"CDS2",9,"juvenile"
"3220",1,"CDS2",10,"juvenile"
"3221",1,"CDS2",11,"juvenile"
"3222",1,"CDS2",12,"juvenile"
"3223",1,"CDS2",13,"juvenile"
"3224",1,"CDS2",14,"adult"
"3225",1,"CDS2",15,"adult"
"3226",1,"CENT",1,"juvenile"
"3227",1,"CENT",2,"adult"
"3228",1,"CENT",3,"adult"
"3229",1,"CENT",4,"adult"
"3230",1,"CENT",5,"adult"
"3231",1,"CENT",6,"adult"
"3232",1,"CENT",7,"adult"
"3233",1,"CENT",8,"adult"
"3234",1,"CENT",9,"adult"
"3235",1,"CENT",10,"adult"
"3236",1,"CENT",11,"adult"
"3237",1,"CENT",12,"adult"
"3238",1,"CENT",13,"adult"
"3239",1,"CENT",14,"adult"
"3240",1,"CENT",15,"adult"
"3241",1,"CHAD",1,"juvenile"
"3242",1,"CHAD",2,"adult"
"3243",1,"CHAD",3,"adult"
"3244",1,"CHAD",4,"adult"
"3245",1,"CHAD",5,"adult"
"3246",1,"CHAD",6,"adult"
"3247",1,"CHAD",7,"adult"
"3248",1,"CHAD",8,"adult"
"3249",1,"CHAD",9,"adult"
"3250",1,"CHAD",10,"adult"
"3251",1,"CHAD",11,"adult"
"3252",1,"CHAD",12,"adult"
"3253",1,"CHAD",13,"adult"
"3254",1,"CHAD",14,"adult"
"3255",1,"CHAD",15,"adult"
"3256",1,"CHK2",1,"juvenile"
"3257",1,"CHK2",2,"adult"
"3258",1,"CHK2",3,"adult"
"3259",1,"CHK2",4,"adult"
"3260",1,"CHK2",5,"adult"
"3261",1,"CHK2",6,"adult"
"3262",1,"CHK2",7,"adult"
"3263",1,"CHK2",8,"adult"
"3264",1,"CHK2",9,"adult"
"3265",1,"CHK2",10,"adult"
"3266",1,"CHK2",11,"adult"
"3267",1,"CHK2",12,"adult"
"3268",1,"CHK2",13,"adult"
"3269",1,"CHK2",14,"adult"
"3270",1,"CHK2",15,"adult"
"3271",1,"CHMA",1,"juvenile"
"3272",1,"CHMA",2,"adult"
"3273",1,"CHMA",3,"adult"
"3274",1,"CHMA",4,"adult"
"3275",1,"CHMA",5,"adult"
"3276",1,"CHMA",6,"adult"
"3277",1,"CHMA",7,"adult"
"3278",1,"CHMA",8,"adult"
"3279",1,"CHMA",9,"adult"
"3280",1,"CHMA",10,"adult"
"3281",1,"CHMA",11,"adult"
"3282",1,"CHMA",12,"adult"
"3283",1,"CHMA",13,"adult"
"3284",1,"CHMA",14,"adult"
"3285",1,"CHMA",15,"adult"
"3286",1,"CHOC",1,"juvenile"
"3287",1,"CHOC",2,"adult"
"3288",1,"CHOC",3,"adult"
"3289",1,"CHOC",4,"adult"
"3290",1,"CHOC",5,"adult"
"3291",1,"CHOC",6,"adult"
"3292",1,"CHOC",7,"adult"
"3293",1,"CHOC",8,"adult"
"3294",1,"CHOC",9,"adult"
"3295",1,"CHOC",10,"adult"
"3296",1,"CHOC",11,"adult"
"3297",1,"CHOC",12,"adult"
"3298",1,"CHOC",13,"adult"
"3299",1,"CHOC",14,"adult"
"3300",1,"CHOC",15,"adult"
"3301",1,"CHSL",1,"juvenile"
"3302",1,"CHSL",2,"adult"
"3303",1,"CHSL",3,"adult"
"3304",1,"CHSL",4,"adult"
"3305",1,"CHSL",5,"adult"
"3306",1,"CHSL",6,"adult"
"3307",1,"CHSL",7,"adult"
"3308",1,"CHSL",8,"adult"
"3309",1,"CHSL",9,"adult"
"3310",1,"CHSL",10,"adult"
"3311",1,"CHSL",11,"adult"
"3312",1,"CHSL",12,"adult"
"3313",1,"CHSL",13,"adult"
"3314",1,"CHSL",14,"adult"
"3315",1,"CHSL",15,"adult"
"3316",1,"CHTO",1,"juvenile"
"3317",1,"CHTO",2,"juvenile"
"3318",1,"CHTO",3,"juvenile"
"3319",1,"CHTO",4,"adult"
"3320",1,"CHTO",5,"adult"
"3321",1,"CHTO",6,"adult"
"3322",1,"CHTO",7,"adult"
"3323",1,"CHTO",8,"adult"
"3324",1,"CHTO",9,"adult"
"3325",1,"CHTO",10,"adult"
"3326",1,"CHTO",11,"adult"
"3327",1,"CHTO",12,"adult"
"3328",1,"CHTO",13,"adult"
"3329",1,"CHTO",14,"adult"
"3330",1,"CHTO",15,"adult"
"3331",1,"CIER",1,"juvenile"
"3332",1,"CIER",2,"adult"
"3333",1,"CIER",3,"adult"
"3334",1,"CIER",4,"adult"
"3335",1,"CIER",5,"adult"
"3336",1,"CIER",6,"adult"
"3337",1,"CIER",7,"adult"
"3338",1,"CIER",8,"adult"
"3339",1,"CIER",9,"adult"
"3340",1,"CIER",10,"adult"
"3341",1,"CIER",11,"adult"
"3342",1,"CIER",12,"adult"
"3343",1,"CIER",13,"adult"
"3344",1,"CIER",14,"adult"
"3345",1,"CIER",15,"adult"
"3346",1,"CKB2",1,"juvenile"
"3347",1,"CKB2",2,"adult"
"3348",1,"CKB2",3,"adult"
"3349",1,"CKB2",4,"adult"
"3350",1,"CKB2",5,"adult"
"3351",1,"CKB2",6,"adult"
"3352",1,"CKB2",7,"adult"
"3353",1,"CKB2",8,"adult"
"3354",1,"CKB2",9,"adult"
"3355",1,"CKB2",10,"adult"
"3356",1,"CKB2",11,"adult"
"3357",1,"CKB2",12,"adult"
"3358",1,"CKB2",13,"adult"
"3359",1,"CKB2",14,"adult"
"3360",1,"CKB2",15,"adult"
"3361",1,"CL-4841",1,"juvenile"
"3362",1,"CL-4841",2,"adult"
"3363",1,"CL-4841",3,"adult"
"3364",1,"CL-4841",4,"adult"
"3365",1,"CL-4841",5,"adult"
"3366",1,"CL-4841",6,"adult"
"3367",1,"CL-4841",7,"adult"
"3368",1,"CL-4841",8,"adult"
"3369",1,"CL-4841",9,"adult"
"3370",1,"CL-4841",10,"adult"
"3371",1,"CL-4841",11,"adult"
"3372",1,"CL-4841",12,"adult"
"3373",1,"CL-4841",13,"adult"
"3374",1,"CL-4841",14,"adult"
"3375",1,"CL-4841",15,"adult"
"3376",1,"CL-4987",1,"juvenile"
"3377",1,"CL-4987",2,"adult"
"3378",1,"CL-4987",3,"adult"
"3379",1,"CL-4987",4,"adult"
"3380",1,"CL-4987",5,"adult"
"3381",1,"CL-4987",6,"adult"
"3382",1,"CL-4987",7,"adult"
"3383",1,"CL-4987",8,"adult"
"3384",1,"CL-4987",9,"adult"
"3385",1,"CL-4987",10,"adult"
"3386",1,"CL-4987",11,"adult"
"3387",1,"CL-4987",12,"adult"
"3388",1,"CL-4987",13,"adult"
"3389",1,"CL-4987",14,"adult"
"3390",1,"CL-4987",15,"adult"
"3391",1,"CL-5034",1,"juvenile"
"3392",1,"CL-5034",2,"adult"
"3393",1,"CL-5034",3,"adult"
"3394",1,"CL-5034",4,"adult"
"3395",1,"CL-5034",5,"adult"
"3396",1,"CL-5034",6,"adult"
"3397",1,"CL-5034",7,"adult"
"3398",1,"CL-5034",8,"adult"
"3399",1,"CL-5034",9,"adult"
"3400",1,"CL-5034",10,"adult"
"3401",1,"CL-5034",11,"adult"
"3402",1,"CL-5034",12,"adult"
"3403",1,"CL-5034",13,"adult"
"3404",1,"CL-5034",14,"adult"
"3405",1,"CL-5034",15,"adult"
"3406",1,"CL-5063",1,"juvenile"
"3407",1,"CL-5063",2,"adult"
"3408",1,"CL-5063",3,"adult"
"3409",1,"CL-5063",4,"adult"
"3410",1,"CL-5063",5,"adult"
"3411",1,"CL-5063",6,"adult"
"3412",1,"CL-5063",7,"adult"
"3413",1,"CL-5063",8,"adult"
"3414",1,"CL-5063",9,"adult"
"3415",1,"CL-5063",10,"adult"
"3416",1,"CL-5063",11,"adult"
"3417",1,"CL-5063",12,"adult"
"3418",1,"CL-5063",13,"adult"
"3419",1,"CL-5063",14,"adult"
"3420",1,"CL-5063",15,"adult"
"3421",1,"CL-5091",1,"juvenile"
"3422",1,"CL-5091",2,"adult"
"3423",1,"CL-5091",3,"adult"
"3424",1,"CL-5091",4,"adult"
"3425",1,"CL-5091",5,"adult"
"3426",1,"CL-5091",6,"adult"
"3427",1,"CL-5091",7,"adult"
"3428",1,"CL-5091",8,"adult"
"3429",1,"CL-5091",9,"adult"
"3430",1,"CL-5091",10,"adult"
"3431",1,"CL-5091",11,"adult"
"3432",1,"CL-5091",12,"adult"
"3433",1,"CL-5091",13,"adult"
"3434",1,"CL-5091",14,"adult"
"3435",1,"CL-5091",15,"adult"
"3436",1,"CL-5178",1,"juvenile"
"3437",1,"CL-5178",2,"adult"
"3438",1,"CL-5178",3,"adult"
"3439",1,"CL-5178",4,"adult"
"3440",1,"CL-5178",5,"adult"
"3441",1,"CL-5178",6,"adult"
"3442",1,"CL-5178",7,"adult"
"3443",1,"CL-5178",8,"adult"
"3444",1,"CL-5178",9,"adult"
"3445",1,"CL-5178",10,"adult"
"3446",1,"CL-5178",11,"adult"
"3447",1,"CL-5178",12,"adult"
"3448",1,"CL-5178",13,"adult"
"3449",1,"CL-5178",14,"adult"
"3450",1,"CL-5178",15,"adult"
"3451",1,"CL-5192",1,"juvenile"
"3452",1,"CL-5192",2,"adult"
"3453",1,"CL-5192",3,"adult"
"3454",1,"CL-5192",4,"adult"
"3455",1,"CL-5192",5,"adult"
"3456",1,"CL-5192",6,"adult"
"3457",1,"CL-5192",7,"adult"
"3458",1,"CL-5192",8,"adult"
"3459",1,"CL-5192",9,"adult"
"3460",1,"CL-5192",10,"adult"
"3461",1,"CL-5192",11,"adult"
"3462",1,"CL-5192",12,"adult"
"3463",1,"CL-5192",13,"adult"
"3464",1,"CL-5192",14,"adult"
"3465",1,"CL-5192",15,"adult"
"3466",1,"CL-5224",1,"juvenile"
"3467",1,"CL-5224",2,"adult"
"3468",1,"CL-5224",3,"adult"
"3469",1,"CL-5224",4,"adult"
"3470",1,"CL-5224",5,"adult"
"3471",1,"CL-5224",6,"adult"
"3472",1,"CL-5224",7,"adult"
"3473",1,"CL-5224",8,"adult"
"3474",1,"CL-5224",9,"adult"
"3475",1,"CL-5224",10,"adult"
"3476",1,"CL-5224",11,"adult"
"3477",1,"CL-5224",12,"adult"
"3478",1,"CL-5224",13,"adult"
"3479",1,"CL-5224",14,"adult"
"3480",1,"CL-5224",15,"adult"
"3481",1,"CL-5225",1,"juvenile"
"3482",1,"CL-5225",2,"adult"
"3483",1,"CL-5225",3,"adult"
"3484",1,"CL-5225",4,"adult"
"3485",1,"CL-5225",5,"adult"
"3486",1,"CL-5225",6,"adult"
"3487",1,"CL-5225",7,"adult"
"3488",1,"CL-5225",8,"adult"
"3489",1,"CL-5225",9,"adult"
"3490",1,"CL-5225",10,"adult"
"3491",1,"CL-5225",11,"adult"
"3492",1,"CL-5225",12,"adult"
"3493",1,"CL-5225",13,"adult"
"3494",1,"CL-5225",14,"adult"
"3495",1,"CL-5225",15,"adult"
"3496",1,"CL-5464",1,"juvenile"
"3497",1,"CL-5464",2,"adult"
"3498",1,"CL-5464",3,"adult"
"3499",1,"CL-5464",4,"adult"
"3500",1,"CL-5464",5,"adult"
"3501",1,"CL-5464",6,"adult"
"3502",1,"CL-5464",7,"adult"
"3503",1,"CL-5464",8,"adult"
"3504",1,"CL-5464",9,"adult"
"3505",1,"CL-5464",10,"adult"
"3506",1,"CL-5464",11,"adult"
"3507",1,"CL-5464",12,"adult"
"3508",1,"CL-5464",13,"adult"
"3509",1,"CL-5464",14,"adult"
"3510",1,"CL-5464",15,"adult"
"3511",1,"CL-5469",1,"juvenile"
"3512",1,"CL-5469",2,"adult"
"3513",1,"CL-5469",3,"adult"
"3514",1,"CL-5469",4,"adult"
"3515",1,"CL-5469",5,"adult"
"3516",1,"CL-5469",6,"adult"
"3517",1,"CL-5469",7,"adult"
"3518",1,"CL-5469",8,"adult"
"3519",1,"CL-5469",9,"adult"
"3520",1,"CL-5469",10,"adult"
"3521",1,"CL-5469",11,"adult"
"3522",1,"CL-5469",12,"adult"
"3523",1,"CL-5469",13,"adult"
"3524",1,"CL-5469",14,"adult"
"3525",1,"CL-5469",15,"adult"
"3526",1,"CL-5471",1,"juvenile"
"3527",1,"CL-5471",2,"adult"
"3528",1,"CL-5471",3,"adult"
"3529",1,"CL-5471",4,"adult"
"3530",1,"CL-5471",5,"adult"
"3531",1,"CL-5471",6,"adult"
"3532",1,"CL-5471",7,"adult"
"3533",1,"CL-5471",8,"adult"
"3534",1,"CL-5471",9,"adult"
"3535",1,"CL-5471",10,"adult"
"3536",1,"CL-5471",11,"adult"
"3537",1,"CL-5471",12,"adult"
"3538",1,"CL-5471",13,"adult"
"3539",1,"CL-5471",14,"adult"
"3540",1,"CL-5471",15,"adult"
"3541",1,"CL-5472",1,"juvenile"
"3542",1,"CL-5472",2,"adult"
"3543",1,"CL-5472",3,"adult"
"3544",1,"CL-5472",4,"adult"
"3545",1,"CL-5472",5,"adult"
"3546",1,"CL-5472",6,"adult"
"3547",1,"CL-5472",7,"adult"
"3548",1,"CL-5472",8,"adult"
"3549",1,"CL-5472",9,"adult"
"3550",1,"CL-5472",10,"adult"
"3551",1,"CL-5472",11,"adult"
"3552",1,"CL-5472",12,"adult"
"3553",1,"CL-5472",13,"adult"
"3554",1,"CL-5472",14,"adult"
"3555",1,"CL-5472",15,"adult"
"3556",1,"CL-5473",1,"juvenile"
"3557",1,"CL-5473",2,"adult"
"3558",1,"CL-5473",3,"adult"
"3559",1,"CL-5473",4,"adult"
"3560",1,"CL-5473",5,"adult"
"3561",1,"CL-5473",6,"adult"
"3562",1,"CL-5473",7,"adult"
"3563",1,"CL-5473",8,"adult"
"3564",1,"CL-5473",9,"adult"
"3565",1,"CL-5473",10,"adult"
"3566",1,"CL-5473",11,"adult"
"3567",1,"CL-5473",12,"adult"
"3568",1,"CL-5473",13,"adult"
"3569",1,"CL-5473",14,"adult"
"3570",1,"CL-5473",15,"adult"
"3571",1,"CL-5474",1,"juvenile"
"3572",1,"CL-5474",2,"adult"
"3573",1,"CL-5474",3,"adult"
"3574",1,"CL-5474",4,"adult"
"3575",1,"CL-5474",5,"adult"
"3576",1,"CL-5474",6,"adult"
"3577",1,"CL-5474",7,"adult"
"3578",1,"CL-5474",8,"adult"
"3579",1,"CL-5474",9,"adult"
"3580",1,"CL-5474",10,"adult"
"3581",1,"CL-5474",11,"adult"
"3582",1,"CL-5474",12,"adult"
"3583",1,"CL-5474",13,"adult"
"3584",1,"CL-5474",14,"adult"
"3585",1,"CL-5474",15,"adult"
"3586",1,"CLA2",1,"juvenile"
"3587",1,"CLA2",2,"adult"
"3588",1,"CLA2",3,"adult"
"3589",1,"CLA2",4,"adult"
"3590",1,"CLA2",5,"adult"
"3591",1,"CLA2",6,"adult"
"3592",1,"CLA2",7,"adult"
"3593",1,"CLA2",8,"adult"
"3594",1,"CLA2",9,"adult"
"3595",1,"CLA2",10,"adult"
"3596",1,"CLA2",11,"adult"
"3597",1,"CLA2",12,"adult"
"3598",1,"CLA2",13,"adult"
"3599",1,"CLA2",14,"adult"
"3600",1,"CLA2",15,"adult"
"3601",1,"CLAT",1,"juvenile"
"3602",1,"CLAT",2,"adult"
"3603",1,"CLAT",3,"adult"
"3604",1,"CLAT",4,"adult"
"3605",1,"CLAT",5,"adult"
"3606",1,"CLAT",6,"adult"
"3607",1,"CLAT",7,"adult"
"3608",1,"CLAT",8,"adult"
"3609",1,"CLAT",9,"adult"
"3610",1,"CLAT",10,"adult"
"3611",1,"CLAT",11,"adult"
"3612",1,"CLAT",12,"adult"
"3613",1,"CLAT",13,"adult"
"3614",1,"CLAT",14,"adult"
"3615",1,"CLAT",15,"adult"
"3616",1,"CLIF",1,"juvenile"
"3617",1,"CLIF",2,"adult"
"3618",1,"CLIF",3,"adult"
"3619",1,"CLIF",4,"adult"
"3620",1,"CLIF",5,"adult"
"3621",1,"CLIF",6,"adult"
"3622",1,"CLIF",7,"adult"
"3623",1,"CLIF",8,"adult"
"3624",1,"CLIF",9,"adult"
"3625",1,"CLIF",10,"adult"
"3626",1,"CLIF",11,"adult"
"3627",1,"CLIF",12,"adult"
"3628",1,"CLIF",13,"adult"
"3629",1,"CLIF",14,"adult"
"3630",1,"CLIF",15,"adult"
"3631",1,"CLJP",1,"juvenile"
"3632",1,"CLJP",2,"adult"
"3633",1,"CLJP",3,"adult"
"3634",1,"CLJP",4,"adult"
"3635",1,"CLJP",5,"adult"
"3636",1,"CLJP",6,"adult"
"3637",1,"CLJP",7,"adult"
"3638",1,"CLJP",8,"adult"
"3639",1,"CLJP",9,"adult"
"3640",1,"CLJP",10,"adult"
"3641",1,"CLJP",11,"adult"
"3642",1,"CLJP",12,"adult"
"3643",1,"CLJP",13,"adult"
"3644",1,"CLJP",14,"adult"
"3645",1,"CLJP",15,"adult"
"3646",1,"CLUE",1,"juvenile"
"3647",1,"CLUE",2,"adult"
"3648",1,"CLUE",3,"adult"
"3649",1,"CLUE",4,"adult"
"3650",1,"CLUE",5,"adult"
"3651",1,"CLUE",6,"adult"
"3652",1,"CLUE",7,"adult"
"3653",1,"CLUE",8,"adult"
"3654",1,"CLUE",9,"adult"
"3655",1,"CLUE",10,"adult"
"3656",1,"CLUE",11,"adult"
"3657",1,"CLUE",12,"adult"
"3658",1,"CLUE",13,"adult"
"3659",1,"CLUE",14,"adult"
"3660",1,"CLUE",15,"adult"
"3661",1,"CMRS",1,"juvenile"
"3662",1,"CMRS",2,"adult"
"3663",1,"CMRS",3,"adult"
"3664",1,"CMRS",4,"adult"
"3665",1,"CMRS",5,"adult"
"3666",1,"CMRS",6,"adult"
"3667",1,"CMRS",7,"adult"
"3668",1,"CMRS",8,"adult"
"3669",1,"CMRS",9,"adult"
"3670",1,"CMRS",10,"adult"
"3671",1,"CMRS",11,"adult"
"3672",1,"CMRS",12,"adult"
"3673",1,"CMRS",13,"adult"
"3674",1,"CMRS",14,"adult"
"3675",1,"CMRS",15,"adult"
"3676",1,"CONS",1,"juvenile"
"3677",1,"CONS",2,"adult"
"3678",1,"CONS",3,"adult"
"3679",1,"CONS",4,"adult"
"3680",1,"CONS",5,"adult"
"3681",1,"CONS",6,"adult"
"3682",1,"CONS",7,"adult"
"3683",1,"CONS",8,"adult"
"3684",1,"CONS",9,"adult"
"3685",1,"CONS",10,"adult"
"3686",1,"CONS",11,"adult"
"3687",1,"CONS",12,"adult"
"3688",1,"CONS",13,"adult"
"3689",1,"CONS",14,"adult"
"3690",1,"CONS",15,"adult"
"3691",1,"COST",1,"juvenile"
"3692",1,"COST",2,"adult"
"3693",1,"COST",3,"adult"
"3694",1,"COST",4,"adult"
"3695",1,"COST",5,"adult"
"3696",1,"COST",6,"adult"
"3697",1,"COST",7,"adult"
"3698",1,"COST",8,"adult"
"3699",1,"COST",9,"adult"
"3700",1,"COST",10,"adult"
"3701",1,"COST",11,"adult"
"3702",1,"COST",12,"adult"
"3703",1,"COST",13,"adult"
"3704",1,"COST",14,"adult"
"3705",1,"COST",15,"adult"
"3706",1,"CPS2",1,"juvenile"
"3707",1,"CPS2",2,"adult"
"3708",1,"CPS2",3,"adult"
"3709",1,"CPS2",4,"adult"
"3710",1,"CPS2",5,"adult"
"3711",1,"CPS2",6,"adult"
"3712",1,"CPS2",7,"adult"
"3713",1,"CPS2",8,"adult"
"3714",1,"CPS2",9,"adult"
"3715",1,"CPS2",10,"adult"
"3716",1,"CPS2",11,"adult"
"3717",1,"CPS2",12,"adult"
"3718",1,"CPS2",13,"adult"
"3719",1,"CPS2",14,"adult"
"3720",1,"CPS2",15,"adult"
"3721",1,"CRAG",1,"juvenile"
"3722",1,"CRAG",2,"adult"
"3723",1,"CRAG",3,"adult"
"3724",1,"CRAG",4,"adult"
"3725",1,"CRAG",5,"adult"
"3726",1,"CRAG",6,"adult"
"3727",1,"CRAG",7,"adult"
"3728",1,"CRAG",8,"adult"
"3729",1,"CRAG",9,"adult"
"3730",1,"CRAG",10,"adult"
"3731",1,"CRAG",11,"adult"
"3732",1,"CRAG",12,"adult"
"3733",1,"CRAG",13,"adult"
"3734",1,"CRAG",14,"adult"
"3735",1,"CRAG",15,"adult"
"3736",1,"CRKS",1,"juvenile"
"3737",1,"CRKS",2,"adult"
"3738",1,"CRKS",3,"adult"
"3739",1,"CRKS",4,"adult"
"3740",1,"CRKS",5,"adult"
"3741",1,"CRKS",6,"adult"
"3742",1,"CRKS",7,"adult"
"3743",1,"CRKS",8,"adult"
"3744",1,"CRKS",9,"adult"
"3745",1,"CRKS",10,"adult"
"3746",1,"CRKS",11,"adult"
"3747",1,"CRKS",12,"adult"
"3748",1,"CRKS",13,"adult"
"3749",1,"CRKS",14,"adult"
"3750",1,"CRKS",15,"adult"
"3751",1,"CRUM",1,"juvenile"
"3752",1,"CRUM",2,"adult"
"3753",1,"CRUM",3,"adult"
"3754",1,"CRUM",4,"adult"
"3755",1,"CRUM",5,"adult"
"3756",1,"CRUM",6,"adult"
"3757",1,"CRUM",7,"adult"
"3758",1,"CRUM",8,"adult"
"3759",1,"CRUM",9,"adult"
"3760",1,"CRUM",10,"adult"
"3761",1,"CRUM",11,"adult"
"3762",1,"CRUM",12,"adult"
"3763",1,"CRUM",13,"adult"
"3764",1,"CRUM",14,"adult"
"3765",1,"CRUM",15,"adult"
"3766",1,"CSH3",1,"unborn"
"3767",1,"CSH3",2,"unborn"
"3768",1,"CSH3",3,"unborn"
"3769",1,"CSH3",4,"unborn"
"3770",1,"CSH3",5,"unborn"
"3771",1,"CSH3",6,"juvenile"
"3772",1,"CSH3",7,"juvenile"
"3773",1,"CSH3",8,"juvenile"
"3774",1,"CSH3",9,"juvenile"
"3775",1,"CSH3",10,"juvenile"
"3776",1,"CSH3",11,"juvenile"
"3777",1,"CSH3",12,"juvenile"
"3778",1,"CSH3",13,"juvenile"
"3779",1,"CSH3",14,"adult"
"3780",1,"CSH3",15,"adult"
"3781",1,"CSPD",1,"juvenile"
"3782",1,"CSPD",2,"adult"
"3783",1,"CSPD",3,"adult"
"3784",1,"CSPD",4,"adult"
"3785",1,"CSPD",5,"adult"
"3786",1,"CSPD",6,"adult"
"3787",1,"CSPD",7,"adult"
"3788",1,"CSPD",8,"adult"
"3789",1,"CSPD",9,"adult"
"3790",1,"CSPD",10,"adult"
"3791",1,"CSPD",11,"adult"
"3792",1,"CSPD",12,"adult"
"3793",1,"CSPD",13,"adult"
"3794",1,"CSPD",14,"adult"
"3795",1,"CSPD",15,"adult"
"3796",1,"CTS2",1,"unborn"
"3797",1,"CTS2",2,"unborn"
"3798",1,"CTS2",3,"unborn"
"3799",1,"CTS2",4,"calf"
"3800",1,"CTS2",5,"calf"
"3801",1,"CTS2",6,"juvenile"
"3802",1,"CTS2",7,"adult"
"3803",1,"CTS2",8,"adult"
"3804",1,"CTS2",9,"adult"
"3805",1,"CTS2",10,"adult"
"3806",1,"CTS2",11,"adult"
"3807",1,"CTS2",12,"adult"
"3808",1,"CTS2",13,"adult"
"3809",1,"CTS2",14,"adult"
"3810",1,"CTS2",15,"adult"
"3811",1,"CTS3",1,"unborn"
"3812",1,"CTS3",2,"unborn"
"3813",1,"CTS3",3,"unborn"
"3814",1,"CTS3",4,"unborn"
"3815",1,"CTS3",5,"unborn"
"3816",1,"CTS3",6,"juvenile"
"3817",1,"CTS3",7,"juvenile"
"3818",1,"CTS3",8,"juvenile"
"3819",1,"CTS3",9,"juvenile"
"3820",1,"CTS3",10,"juvenile"
"3821",1,"CTS3",11,"juvenile"
"3822",1,"CTS3",12,"juvenile"
"3823",1,"CTS3",13,"juvenile"
"3824",1,"CTS3",14,"adult"
"3825",1,"CTS3",15,"adult"
"3826",1,"CTS4",1,"unborn"
"3827",1,"CTS4",2,"unborn"
"3828",1,"CTS4",3,"unborn"
"3829",1,"CTS4",4,"unborn"
"3830",1,"CTS4",5,"unborn"
"3831",1,"CTS4",6,"unborn"
"3832",1,"CTS4",7,"unborn"
"3833",1,"CTS4",8,"unborn"
"3834",1,"CTS4",9,"unborn"
"3835",1,"CTS4",10,"unborn"
"3836",1,"CTS4",11,"unborn"
"3837",1,"CTS4",12,"unborn"
"3838",1,"CTS4",13,"unborn"
"3839",1,"CTS4",14,"calf"
"3840",1,"CTS4",15,"juvenile"
"3841",1,"CTS5",1,"unborn"
"3842",1,"CTS5",2,"unborn"
"3843",1,"CTS5",3,"unborn"
"3844",1,"CTS5",4,"unborn"
"3845",1,"CTS5",5,"unborn"
"3846",1,"CTS5",6,"unborn"
"3847",1,"CTS5",7,"unborn"
"3848",1,"CTS5",8,"unborn"
"3849",1,"CTS5",9,"unborn"
"3850",1,"CTS5",10,"unborn"
"3851",1,"CTS5",11,"unborn"
"3852",1,"CTS5",12,"unborn"
"3853",1,"CTS5",13,"unborn"
"3854",1,"CTS5",14,"unborn"
"3855",1,"CTS5",15,"unborn"
"3856",1,"CTW1",1,"juvenile"
"3857",1,"CTW1",2,"adult"
"3858",1,"CTW1",3,"adult"
"3859",1,"CTW1",4,"adult"
"3860",1,"CTW1",5,"adult"
"3861",1,"CTW1",6,"adult"
"3862",1,"CTW1",7,"adult"
"3863",1,"CTW1",8,"adult"
"3864",1,"CTW1",9,"adult"
"3865",1,"CTW1",10,"adult"
"3866",1,"CTW1",11,"adult"
"3867",1,"CTW1",12,"adult"
"3868",1,"CTW1",13,"adult"
"3869",1,"CTW1",14,"adult"
"3870",1,"CTW1",15,"adult"
"3871",1,"CTW2",1,"juvenile"
"3872",1,"CTW2",2,"adult"
"3873",1,"CTW2",3,"adult"
"3874",1,"CTW2",4,"adult"
"3875",1,"CTW2",5,"adult"
"3876",1,"CTW2",6,"adult"
"3877",1,"CTW2",7,"adult"
"3878",1,"CTW2",8,"adult"
"3879",1,"CTW2",9,"adult"
"3880",1,"CTW2",10,"adult"
"3881",1,"CTW2",11,"adult"
"3882",1,"CTW2",12,"adult"
"3883",1,"CTW2",13,"adult"
"3884",1,"CTW2",14,"adult"
"3885",1,"CTW2",15,"adult"
"3886",1,"CW32",1,"unborn"
"3887",1,"CW32",2,"unborn"
"3888",1,"CW32",3,"unborn"
"3889",1,"CW32",4,"unborn"
"3890",1,"CW32",5,"unborn"
"3891",1,"CW32",6,"unborn"
"3892",1,"CW32",7,"unborn"
"3893",1,"CW32",8,"unborn"
"3894",1,"CW32",9,"unborn"
"3895",1,"CW32",10,"unborn"
"3896",1,"CW32",11,"unborn"
"3897",1,"CW32",12,"unborn"
"3898",1,"CW32",13,"unborn"
"3899",1,"CW32",14,"unborn"
"3900",1,"CW32",15,"calf"
"3901",1,"CW3C",1,"unborn"
"3902",1,"CW3C",2,"unborn"
"3903",1,"CW3C",3,"unborn"
"3904",1,"CW3C",4,"unborn"
"3905",1,"CW3C",5,"unborn"
"3906",1,"CW3C",6,"unborn"
"3907",1,"CW3C",7,"unborn"
"3908",1,"CW3C",8,"unborn"
"3909",1,"CW3C",9,"unborn"
"3910",1,"CW3C",10,"unborn"
"3911",1,"CW3C",11,"unborn"
"3912",1,"CW3C",12,"calf"
"3913",1,"CW3C",13,"calf"
"3914",1,"CW3C",14,"juvenile"
"3915",1,"CW3C",15,"juvenile"
"3916",1,"CWM3",1,"calf"
"3917",1,"CWM3",2,"calf"
"3918",1,"CWM3",3,"juvenile"
"3919",1,"CWM3",4,"juvenile"
"3920",1,"CWM3",5,"juvenile"
"3921",1,"CWM3",6,"adult"
"3922",1,"CWM3",7,"adult"
"3923",1,"CWM3",8,"adult"
"3924",1,"CWM3",9,"adult"
"3925",1,"CWM3",10,"adult"
"3926",1,"CWM3",11,"adult"
"3927",1,"CWM3",12,"adult"
"3928",1,"CWM3",13,"adult"
"3929",1,"CWM3",14,"adult"
"3930",1,"CWM3",15,"adult"
"3931",1,"CWM4",1,"unborn"
"3932",1,"CWM4",2,"unborn"
"3933",1,"CWM4",3,"calf"
"3934",1,"CWM4",4,"calf"
"3935",1,"CWM4",5,"calf"
"3936",1,"CWM4",6,"adult"
"3937",1,"CWM4",7,"adult"
"3938",1,"CWM4",8,"adult"
"3939",1,"CWM4",9,"adult"
"3940",1,"CWM4",10,"adult"
"3941",1,"CWM4",11,"adult"
"3942",1,"CWM4",12,"adult"
"3943",1,"CWM4",13,"adult"
"3944",1,"CWM4",14,"adult"
"3945",1,"CWM4",15,"adult"
"3946",1,"DAB1",1,"unborn"
"3947",1,"DAB1",2,"unborn"
"3948",1,"DAB1",3,"unborn"
"3949",1,"DAB1",4,"unborn"
"3950",1,"DAB1",5,"unborn"
"3951",1,"DAB1",6,"unborn"
"3952",1,"DAB1",7,"unborn"
"3953",1,"DAB1",8,"unborn"
"3954",1,"DAB1",9,"unborn"
"3955",1,"DAB1",10,"unborn"
"3956",1,"DAB1",11,"unborn"
"3957",1,"DAB1",12,"unborn"
"3958",1,"DAB1",13,"unborn"
"3959",1,"DAB1",14,"calf"
"3960",1,"DAB1",15,"calf"
"3961",1,"DAB2",1,"unborn"
"3962",1,"DAB2",2,"unborn"
"3963",1,"DAB2",3,"unborn"
"3964",1,"DAB2",4,"unborn"
"3965",1,"DAB2",5,"unborn"
"3966",1,"DAB2",6,"unborn"
"3967",1,"DAB2",7,"unborn"
"3968",1,"DAB2",8,"unborn"
"3969",1,"DAB2",9,"unborn"
"3970",1,"DAB2",10,"unborn"
"3971",1,"DAB2",11,"unborn"
"3972",1,"DAB2",12,"unborn"
"3973",1,"DAB2",13,"unborn"
"3974",1,"DAB2",14,"unborn"
"3975",1,"DAB2",15,"unborn"
"3976",1,"DABL",1,"juvenile"
"3977",1,"DABL",2,"adult"
"3978",1,"DABL",3,"adult"
"3979",1,"DABL",4,"adult"
"3980",1,"DABL",5,"adult"
"3981",1,"DABL",6,"adult"
"3982",1,"DABL",7,"adult"
"3983",1,"DABL",8,"adult"
"3984",1,"DABL",9,"adult"
"3985",1,"DABL",10,"adult"
"3986",1,"DABL",11,"adult"
"3987",1,"DABL",12,"adult"
"3988",1,"DABL",13,"adult"
"3989",1,"DABL",14,"adult"
"3990",1,"DABL",15,"adult"
"3991",1,"DAD2",1,"juvenile"
"3992",1,"DAD2",2,"adult"
"3993",1,"DAD2",3,"adult"
"3994",1,"DAD2",4,"adult"
"3995",1,"DAD2",5,"adult"
"3996",1,"DAD2",6,"adult"
"3997",1,"DAD2",7,"adult"
"3998",1,"DAD2",8,"adult"
"3999",1,"DAD2",9,"adult"
"4000",1,"DAD2",10,"adult"
"4001",1,"DAD2",11,"adult"
"4002",1,"DAD2",12,"adult"
"4003",1,"DAD2",13,"adult"
"4004",1,"DAD2",14,"adult"
"4005",1,"DAD2",15,"adult"
"4006",1,"DADA",1,"juvenile"
"4007",1,"DADA",2,"adult"
"4008",1,"DADA",3,"adult"
"4009",1,"DADA",4,"adult"
"4010",1,"DADA",5,"adult"
"4011",1,"DADA",6,"adult"
"4012",1,"DADA",7,"adult"
"4013",1,"DADA",8,"adult"
"4014",1,"DADA",9,"adult"
"4015",1,"DADA",10,"adult"
"4016",1,"DADA",11,"adult"
"4017",1,"DADA",12,"adult"
"4018",1,"DADA",13,"adult"
"4019",1,"DADA",14,"adult"
"4020",1,"DADA",15,"adult"
"4021",1,"DAF1",1,"unborn"
"4022",1,"DAF1",2,"unborn"
"4023",1,"DAF1",3,"unborn"
"4024",1,"DAF1",4,"unborn"
"4025",1,"DAF1",5,"unborn"
"4026",1,"DAF1",6,"unborn"
"4027",1,"DAF1",7,"unborn"
"4028",1,"DAF1",8,"unborn"
"4029",1,"DAF1",9,"unborn"
"4030",1,"DAF1",10,"unborn"
"4031",1,"DAF1",11,"unborn"
"4032",1,"DAF1",12,"unborn"
"4033",1,"DAF1",13,"unborn"
"4034",1,"DAF1",14,"calf"
"4035",1,"DAF1",15,"juvenile"
"4036",1,"DAF2",1,"juvenile"
"4037",1,"DAF2",2,"adult"
"4038",1,"DAF2",3,"adult"
"4039",1,"DAF2",4,"adult"
"4040",1,"DAF2",5,"adult"
"4041",1,"DAF2",6,"adult"
"4042",1,"DAF2",7,"adult"
"4043",1,"DAF2",8,"adult"
"4044",1,"DAF2",9,"adult"
"4045",1,"DAF2",10,"adult"
"4046",1,"DAF2",11,"adult"
"4047",1,"DAF2",12,"adult"
"4048",1,"DAF2",13,"adult"
"4049",1,"DAF2",14,"adult"
"4050",1,"DAF2",15,"adult"
"4051",1,"DAFT",1,"juvenile"
"4052",1,"DAFT",2,"adult"
"4053",1,"DAFT",3,"adult"
"4054",1,"DAFT",4,"adult"
"4055",1,"DAFT",5,"adult"
"4056",1,"DAFT",6,"adult"
"4057",1,"DAFT",7,"adult"
"4058",1,"DAFT",8,"adult"
"4059",1,"DAFT",9,"adult"
"4060",1,"DAFT",10,"adult"
"4061",1,"DAFT",11,"adult"
"4062",1,"DAFT",12,"adult"
"4063",1,"DAFT",13,"adult"
"4064",1,"DAFT",14,"adult"
"4065",1,"DAFT",15,"adult"
"4066",1,"DAIN",1,"juvenile"
"4067",1,"DAIN",2,"adult"
"4068",1,"DAIN",3,"adult"
"4069",1,"DAIN",4,"adult"
"4070",1,"DAIN",5,"adult"
"4071",1,"DAIN",6,"adult"
"4072",1,"DAIN",7,"adult"
"4073",1,"DAIN",8,"adult"
"4074",1,"DAIN",9,"adult"
"4075",1,"DAIN",10,"adult"
"4076",1,"DAIN",11,"adult"
"4077",1,"DAIN",12,"adult"
"4078",1,"DAIN",13,"adult"
"4079",1,"DAIN",14,"adult"
"4080",1,"DAIN",15,"adult"
"4081",1,"DBHN",1,"juvenile"
"4082",1,"DBHN",2,"adult"
"4083",1,"DBHN",3,"adult"
"4084",1,"DBHN",4,"adult"
"4085",1,"DBHN",5,"adult"
"4086",1,"DBHN",6,"adult"
"4087",1,"DBHN",7,"adult"
"4088",1,"DBHN",8,"adult"
"4089",1,"DBHN",9,"adult"
"4090",1,"DBHN",10,"adult"
"4091",1,"DBHN",11,"adult"
"4092",1,"DBHN",12,"adult"
"4093",1,"DBHN",13,"adult"
"4094",1,"DBHN",14,"adult"
"4095",1,"DBHN",15,"adult"
"4096",1,"DEDO",1,"juvenile"
"4097",1,"DEDO",2,"adult"
"4098",1,"DEDO",3,"adult"
"4099",1,"DEDO",4,"adult"
"4100",1,"DEDO",5,"adult"
"4101",1,"DEDO",6,"adult"
"4102",1,"DEDO",7,"adult"
"4103",1,"DEDO",8,"adult"
"4104",1,"DEDO",9,"adult"
"4105",1,"DEDO",10,"adult"
"4106",1,"DEDO",11,"adult"
"4107",1,"DEDO",12,"adult"
"4108",1,"DEDO",13,"adult"
"4109",1,"DEDO",14,"adult"
"4110",1,"DEDO",15,"adult"
"4111",1,"DIGT",1,"juvenile"
"4112",1,"DIGT",2,"adult"
"4113",1,"DIGT",3,"adult"
"4114",1,"DIGT",4,"adult"
"4115",1,"DIGT",5,"adult"
"4116",1,"DIGT",6,"adult"
"4117",1,"DIGT",7,"adult"
"4118",1,"DIGT",8,"adult"
"4119",1,"DIGT",9,"adult"
"4120",1,"DIGT",10,"adult"
"4121",1,"DIGT",11,"adult"
"4122",1,"DIGT",12,"adult"
"4123",1,"DIGT",13,"adult"
"4124",1,"DIGT",14,"adult"
"4125",1,"DIGT",15,"adult"
"4126",1,"DIL1",1,"juvenile"
"4127",1,"DIL1",2,"adult"
"4128",1,"DIL1",3,"adult"
"4129",1,"DIL1",4,"adult"
"4130",1,"DIL1",5,"adult"
"4131",1,"DIL1",6,"adult"
"4132",1,"DIL1",7,"adult"
"4133",1,"DIL1",8,"adult"
"4134",1,"DIL1",9,"adult"
"4135",1,"DIL1",10,"adult"
"4136",1,"DIL1",11,"adult"
"4137",1,"DIL1",12,"adult"
"4138",1,"DIL1",13,"adult"
"4139",1,"DIL1",14,"adult"
"4140",1,"DIL1",15,"adult"
"4141",1,"DILL",1,"juvenile"
"4142",1,"DILL",2,"adult"
"4143",1,"DILL",3,"adult"
"4144",1,"DILL",4,"adult"
"4145",1,"DILL",5,"adult"
"4146",1,"DILL",6,"adult"
"4147",1,"DILL",7,"adult"
"4148",1,"DILL",8,"adult"
"4149",1,"DILL",9,"adult"
"4150",1,"DILL",10,"adult"
"4151",1,"DILL",11,"adult"
"4152",1,"DILL",12,"adult"
"4153",1,"DILL",13,"adult"
"4154",1,"DILL",14,"adult"
"4155",1,"DILL",15,"adult"
"4156",1,"DIPT",1,"adult"
"4157",1,"DIPT",2,"adult"
"4158",1,"DIPT",3,"adult"
"4159",1,"DIPT",4,"adult"
"4160",1,"DIPT",5,"adult"
"4161",1,"DIPT",6,"adult"
"4162",1,"DIPT",7,"adult"
"4163",1,"DIPT",8,"adult"
"4164",1,"DIPT",9,"adult"
"4165",1,"DIPT",10,"adult"
"4166",1,"DIPT",11,"adult"
"4167",1,"DIPT",12,"adult"
"4168",1,"DIPT",13,"adult"
"4169",1,"DIPT",14,"adult"
"4170",1,"DIPT",15,"adult"
"4171",1,"DMDI",1,"juvenile"
"4172",1,"DMDI",2,"adult"
"4173",1,"DMDI",3,"adult"
"4174",1,"DMDI",4,"adult"
"4175",1,"DMDI",5,"adult"
"4176",1,"DMDI",6,"adult"
"4177",1,"DMDI",7,"adult"
"4178",1,"DMDI",8,"adult"
"4179",1,"DMDI",9,"adult"
"4180",1,"DMDI",10,"adult"
"4181",1,"DMDI",11,"adult"
"4182",1,"DMDI",12,"adult"
"4183",1,"DMDI",13,"adult"
"4184",1,"DMDI",14,"adult"
"4185",1,"DMDI",15,"adult"
"4186",1,"DRAC",1,"juvenile"
"4187",1,"DRAC",2,"adult"
"4188",1,"DRAC",3,"adult"
"4189",1,"DRAC",4,"adult"
"4190",1,"DRAC",5,"adult"
"4191",1,"DRAC",6,"adult"
"4192",1,"DRAC",7,"adult"
"4193",1,"DRAC",8,"adult"
"4194",1,"DRAC",9,"adult"
"4195",1,"DRAC",10,"adult"
"4196",1,"DRAC",11,"adult"
"4197",1,"DRAC",12,"adult"
"4198",1,"DRAC",13,"adult"
"4199",1,"DRAC",14,"adult"
"4200",1,"DRAC",15,"adult"
"4201",1,"DRAY",1,"juvenile"
"4202",1,"DRAY",2,"adult"
"4203",1,"DRAY",3,"adult"
"4204",1,"DRAY",4,"adult"
"4205",1,"DRAY",5,"adult"
"4206",1,"DRAY",6,"adult"
"4207",1,"DRAY",7,"adult"
"4208",1,"DRAY",8,"adult"
"4209",1,"DRAY",9,"adult"
"4210",1,"DRAY",10,"adult"
"4211",1,"DRAY",11,"adult"
"4212",1,"DRAY",12,"adult"
"4213",1,"DRAY",13,"adult"
"4214",1,"DRAY",14,"adult"
"4215",1,"DRAY",15,"adult"
"4216",1,"DRBY",1,"juvenile"
"4217",1,"DRBY",2,"adult"
"4218",1,"DRBY",3,"adult"
"4219",1,"DRBY",4,"adult"
"4220",1,"DRBY",5,"adult"
"4221",1,"DRBY",6,"adult"
"4222",1,"DRBY",7,"adult"
"4223",1,"DRBY",8,"adult"
"4224",1,"DRBY",9,"adult"
"4225",1,"DRBY",10,"adult"
"4226",1,"DRBY",11,"adult"
"4227",1,"DRBY",12,"adult"
"4228",1,"DRBY",13,"adult"
"4229",1,"DRBY",14,"adult"
"4230",1,"DRBY",15,"adult"
"4231",1,"DRM1",1,"juvenile"
"4232",1,"DRM1",2,"adult"
"4233",1,"DRM1",3,"adult"
"4234",1,"DRM1",4,"adult"
"4235",1,"DRM1",5,"adult"
"4236",1,"DRM1",6,"adult"
"4237",1,"DRM1",7,"adult"
"4238",1,"DRM1",8,"adult"
"4239",1,"DRM1",9,"adult"
"4240",1,"DRM1",10,"adult"
"4241",1,"DRM1",11,"adult"
"4242",1,"DRM1",12,"adult"
"4243",1,"DRM1",13,"adult"
"4244",1,"DRM1",14,"adult"
"4245",1,"DRM1",15,"adult"
"4246",1,"DRMS",1,"juvenile"
"4247",1,"DRMS",2,"adult"
"4248",1,"DRMS",3,"adult"
"4249",1,"DRMS",4,"adult"
"4250",1,"DRMS",5,"adult"
"4251",1,"DRMS",6,"adult"
"4252",1,"DRMS",7,"adult"
"4253",1,"DRMS",8,"adult"
"4254",1,"DRMS",9,"adult"
"4255",1,"DRMS",10,"adult"
"4256",1,"DRMS",11,"adult"
"4257",1,"DRMS",12,"adult"
"4258",1,"DRMS",13,"adult"
"4259",1,"DRMS",14,"adult"
"4260",1,"DRMS",15,"adult"
"4261",1,"DRSN",1,"juvenile"
"4262",1,"DRSN",2,"adult"
"4263",1,"DRSN",3,"adult"
"4264",1,"DRSN",4,"adult"
"4265",1,"DRSN",5,"adult"
"4266",1,"DRSN",6,"adult"
"4267",1,"DRSN",7,"adult"
"4268",1,"DRSN",8,"adult"
"4269",1,"DRSN",9,"adult"
"4270",1,"DRSN",10,"adult"
"4271",1,"DRSN",11,"adult"
"4272",1,"DRSN",12,"adult"
"4273",1,"DRSN",13,"adult"
"4274",1,"DRSN",14,"adult"
"4275",1,"DRSN",15,"adult"
"4276",1,"DTHB",1,"juvenile"
"4277",1,"DTHB",2,"adult"
"4278",1,"DTHB",3,"adult"
"4279",1,"DTHB",4,"adult"
"4280",1,"DTHB",5,"adult"
"4281",1,"DTHB",6,"adult"
"4282",1,"DTHB",7,"adult"
"4283",1,"DTHB",8,"adult"
"4284",1,"DTHB",9,"adult"
"4285",1,"DTHB",10,"adult"
"4286",1,"DTHB",11,"adult"
"4287",1,"DTHB",12,"adult"
"4288",1,"DTHB",13,"adult"
"4289",1,"DTHB",14,"adult"
"4290",1,"DTHB",15,"adult"
"4291",1,"DUDE",1,"juvenile"
"4292",1,"DUDE",2,"adult"
"4293",1,"DUDE",3,"adult"
"4294",1,"DUDE",4,"adult"
"4295",1,"DUDE",5,"adult"
"4296",1,"DUDE",6,"adult"
"4297",1,"DUDE",7,"adult"
"4298",1,"DUDE",8,"adult"
"4299",1,"DUDE",9,"adult"
"4300",1,"DUDE",10,"adult"
"4301",1,"DUDE",11,"adult"
"4302",1,"DUDE",12,"adult"
"4303",1,"DUDE",13,"adult"
"4304",1,"DUDE",14,"adult"
"4305",1,"DUDE",15,"adult"
"4306",1,"EAS1",1,"unborn"
"4307",1,"EAS1",2,"unborn"
"4308",1,"EAS1",3,"unborn"
"4309",1,"EAS1",4,"unborn"
"4310",1,"EAS1",5,"unborn"
"4311",1,"EAS1",6,"unborn"
"4312",1,"EAS1",7,"unborn"
"4313",1,"EAS1",8,"unborn"
"4314",1,"EAS1",9,"unborn"
"4315",1,"EAS1",10,"unborn"
"4316",1,"EAS1",11,"unborn"
"4317",1,"EAS1",12,"unborn"
"4318",1,"EAS1",13,"unborn"
"4319",1,"EAS1",14,"calf"
"4320",1,"EAS1",15,"juvenile"
"4321",1,"EASY",1,"juvenile"
"4322",1,"EASY",2,"adult"
"4323",1,"EASY",3,"adult"
"4324",1,"EASY",4,"adult"
"4325",1,"EASY",5,"adult"
"4326",1,"EASY",6,"adult"
"4327",1,"EASY",7,"adult"
"4328",1,"EASY",8,"adult"
"4329",1,"EASY",9,"adult"
"4330",1,"EASY",10,"adult"
"4331",1,"EASY",11,"adult"
"4332",1,"EASY",12,"adult"
"4333",1,"EASY",13,"adult"
"4334",1,"EASY",14,"adult"
"4335",1,"EASY",15,"adult"
"4336",1,"EFHT",1,"juvenile"
"4337",1,"EFHT",2,"adult"
"4338",1,"EFHT",3,"adult"
"4339",1,"EFHT",4,"adult"
"4340",1,"EFHT",5,"adult"
"4341",1,"EFHT",6,"adult"
"4342",1,"EFHT",7,"adult"
"4343",1,"EFHT",8,"adult"
"4344",1,"EFHT",9,"adult"
"4345",1,"EFHT",10,"adult"
"4346",1,"EFHT",11,"adult"
"4347",1,"EFHT",12,"adult"
"4348",1,"EFHT",13,"adult"
"4349",1,"EFHT",14,"adult"
"4350",1,"EFHT",15,"adult"
"4351",1,"ELFF",1,"juvenile"
"4352",1,"ELFF",2,"adult"
"4353",1,"ELFF",3,"adult"
"4354",1,"ELFF",4,"adult"
"4355",1,"ELFF",5,"adult"
"4356",1,"ELFF",6,"adult"
"4357",1,"ELFF",7,"adult"
"4358",1,"ELFF",8,"adult"
"4359",1,"ELFF",9,"adult"
"4360",1,"ELFF",10,"adult"
"4361",1,"ELFF",11,"adult"
"4362",1,"ELFF",12,"adult"
"4363",1,"ELFF",13,"adult"
"4364",1,"ELFF",14,"adult"
"4365",1,"ELFF",15,"adult"
"4366",1,"ELIP",1,"juvenile"
"4367",1,"ELIP",2,"adult"
"4368",1,"ELIP",3,"adult"
"4369",1,"ELIP",4,"adult"
"4370",1,"ELIP",5,"adult"
"4371",1,"ELIP",6,"adult"
"4372",1,"ELIP",7,"adult"
"4373",1,"ELIP",8,"adult"
"4374",1,"ELIP",9,"adult"
"4375",1,"ELIP",10,"adult"
"4376",1,"ELIP",11,"adult"
"4377",1,"ELIP",12,"adult"
"4378",1,"ELIP",13,"adult"
"4379",1,"ELIP",14,"adult"
"4380",1,"ELIP",15,"adult"
"4381",1,"EQDT",1,"juvenile"
"4382",1,"EQDT",2,"adult"
"4383",1,"EQDT",3,"adult"
"4384",1,"EQDT",4,"adult"
"4385",1,"EQDT",5,"adult"
"4386",1,"EQDT",6,"adult"
"4387",1,"EQDT",7,"adult"
"4388",1,"EQDT",8,"adult"
"4389",1,"EQDT",9,"adult"
"4390",1,"EQDT",10,"adult"
"4391",1,"EQDT",11,"adult"
"4392",1,"EQDT",12,"adult"
"4393",1,"EQDT",13,"adult"
"4394",1,"EQDT",14,"adult"
"4395",1,"EQDT",15,"adult"
"4396",1,"ETMA",1,"juvenile"
"4397",1,"ETMA",2,"adult"
"4398",1,"ETMA",3,"adult"
"4399",1,"ETMA",4,"adult"
"4400",1,"ETMA",5,"adult"
"4401",1,"ETMA",6,"adult"
"4402",1,"ETMA",7,"adult"
"4403",1,"ETMA",8,"adult"
"4404",1,"ETMA",9,"adult"
"4405",1,"ETMA",10,"adult"
"4406",1,"ETMA",11,"adult"
"4407",1,"ETMA",12,"adult"
"4408",1,"ETMA",13,"adult"
"4409",1,"ETMA",14,"adult"
"4410",1,"ETMA",15,"adult"
"4411",1,"F100",1,"juvenile"
"4412",1,"F100",2,"juvenile"
"4413",1,"F100",3,"juvenile"
"4414",1,"F100",4,"juvenile"
"4415",1,"F100",5,"adult"
"4416",1,"F100",6,"adult"
"4417",1,"F100",7,"adult"
"4418",1,"F100",8,"adult"
"4419",1,"F100",9,"adult"
"4420",1,"F100",10,"adult"
"4421",1,"F100",11,"adult"
"4422",1,"F100",12,"adult"
"4423",1,"F100",13,"adult"
"4424",1,"F100",14,"adult"
"4425",1,"F100",15,"adult"
"4426",1,"F101",1,"calf"
"4427",1,"F101",2,"juvenile"
"4428",1,"F101",3,"juvenile"
"4429",1,"F101",4,"juvenile"
"4430",1,"F101",5,"juvenile"
"4431",1,"F101",6,"adult"
"4432",1,"F101",7,"adult"
"4433",1,"F101",8,"adult"
"4434",1,"F101",9,"adult"
"4435",1,"F101",10,"adult"
"4436",1,"F101",11,"adult"
"4437",1,"F101",12,"adult"
"4438",1,"F101",13,"adult"
"4439",1,"F101",14,"adult"
"4440",1,"F101",15,"adult"
"4441",1,"F102",1,"adult"
"4442",1,"F102",2,"adult"
"4443",1,"F102",3,"adult"
"4444",1,"F102",4,"adult"
"4445",1,"F102",5,"adult"
"4446",1,"F102",6,"adult"
"4447",1,"F102",7,"adult"
"4448",1,"F102",8,"adult"
"4449",1,"F102",9,"adult"
"4450",1,"F102",10,"adult"
"4451",1,"F102",11,"adult"
"4452",1,"F102",12,"adult"
"4453",1,"F102",13,"adult"
"4454",1,"F102",14,"adult"
"4455",1,"F102",15,"adult"
"4456",1,"F105",1,"adult"
"4457",1,"F105",2,"adult"
"4458",1,"F105",3,"adult"
"4459",1,"F105",4,"adult"
"4460",1,"F105",5,"adult"
"4461",1,"F105",6,"adult"
"4462",1,"F105",7,"adult"
"4463",1,"F105",8,"adult"
"4464",1,"F105",9,"adult"
"4465",1,"F105",10,"adult"
"4466",1,"F105",11,"adult"
"4467",1,"F105",12,"adult"
"4468",1,"F105",13,"adult"
"4469",1,"F105",14,"adult"
"4470",1,"F105",15,"adult"
"4471",1,"F106",1,"adult"
"4472",1,"F106",2,"adult"
"4473",1,"F106",3,"adult"
"4474",1,"F106",4,"adult"
"4475",1,"F106",5,"adult"
"4476",1,"F106",6,"adult"
"4477",1,"F106",7,"adult"
"4478",1,"F106",8,"adult"
"4479",1,"F106",9,"adult"
"4480",1,"F106",10,"adult"
"4481",1,"F106",11,"adult"
"4482",1,"F106",12,"adult"
"4483",1,"F106",13,"adult"
"4484",1,"F106",14,"adult"
"4485",1,"F106",15,"adult"
"4486",1,"F107",1,"adult"
"4487",1,"F107",2,"adult"
"4488",1,"F107",3,"adult"
"4489",1,"F107",4,"adult"
"4490",1,"F107",5,"adult"
"4491",1,"F107",6,"adult"
"4492",1,"F107",7,"adult"
"4493",1,"F107",8,"adult"
"4494",1,"F107",9,"adult"
"4495",1,"F107",10,"adult"
"4496",1,"F107",11,"adult"
"4497",1,"F107",12,"adult"
"4498",1,"F107",13,"adult"
"4499",1,"F107",14,"adult"
"4500",1,"F107",15,"adult"
"4501",1,"F108",1,"adult"
"4502",1,"F108",2,"adult"
"4503",1,"F108",3,"adult"
"4504",1,"F108",4,"adult"
"4505",1,"F108",5,"adult"
"4506",1,"F108",6,"adult"
"4507",1,"F108",7,"adult"
"4508",1,"F108",8,"adult"
"4509",1,"F108",9,"adult"
"4510",1,"F108",10,"adult"
"4511",1,"F108",11,"adult"
"4512",1,"F108",12,"adult"
"4513",1,"F108",13,"adult"
"4514",1,"F108",14,"adult"
"4515",1,"F108",15,"adult"
"4516",1,"F109",1,"unborn"
"4517",1,"F109",2,"unborn"
"4518",1,"F109",3,"calf"
"4519",1,"F109",4,"calf"
"4520",1,"F109",5,"calf"
"4521",1,"F109",6,"adult"
"4522",1,"F109",7,"adult"
"4523",1,"F109",8,"adult"
"4524",1,"F109",9,"adult"
"4525",1,"F109",10,"adult"
"4526",1,"F109",11,"adult"
"4527",1,"F109",12,"adult"
"4528",1,"F109",13,"adult"
"4529",1,"F109",14,"adult"
"4530",1,"F109",15,"adult"
"4531",1,"F110",1,"adult"
"4532",1,"F110",2,"adult"
"4533",1,"F110",3,"adult"
"4534",1,"F110",4,"adult"
"4535",1,"F110",5,"adult"
"4536",1,"F110",6,"adult"
"4537",1,"F110",7,"adult"
"4538",1,"F110",8,"adult"
"4539",1,"F110",9,"adult"
"4540",1,"F110",10,"adult"
"4541",1,"F110",11,"adult"
"4542",1,"F110",12,"adult"
"4543",1,"F110",13,"adult"
"4544",1,"F110",14,"adult"
"4545",1,"F110",15,"adult"
"4546",1,"F111",1,"adult"
"4547",1,"F111",2,"adult"
"4548",1,"F111",3,"adult"
"4549",1,"F111",4,"adult"
"4550",1,"F111",5,"adult"
"4551",1,"F111",6,"adult"
"4552",1,"F111",7,"adult"
"4553",1,"F111",8,"adult"
"4554",1,"F111",9,"adult"
"4555",1,"F111",10,"adult"
"4556",1,"F111",11,"adult"
"4557",1,"F111",12,"adult"
"4558",1,"F111",13,"adult"
"4559",1,"F111",14,"adult"
"4560",1,"F111",15,"adult"
"4561",1,"F112",1,"adult"
"4562",1,"F112",2,"adult"
"4563",1,"F112",3,"adult"
"4564",1,"F112",4,"adult"
"4565",1,"F112",5,"adult"
"4566",1,"F112",6,"adult"
"4567",1,"F112",7,"adult"
"4568",1,"F112",8,"adult"
"4569",1,"F112",9,"adult"
"4570",1,"F112",10,"adult"
"4571",1,"F112",11,"adult"
"4572",1,"F112",12,"adult"
"4573",1,"F112",13,"adult"
"4574",1,"F112",14,"adult"
"4575",1,"F112",15,"adult"
"4576",1,"F113",1,"unborn"
"4577",1,"F113",2,"unborn"
"4578",1,"F113",3,"unborn"
"4579",1,"F113",4,"calf"
"4580",1,"F113",5,"calf"
"4581",1,"F113",6,"juvenile"
"4582",1,"F113",7,"adult"
"4583",1,"F113",8,"adult"
"4584",1,"F113",9,"adult"
"4585",1,"F113",10,"adult"
"4586",1,"F113",11,"adult"
"4587",1,"F113",12,"adult"
"4588",1,"F113",13,"adult"
"4589",1,"F113",14,"adult"
"4590",1,"F113",15,"adult"
"4591",1,"F114",1,"juvenile"
"4592",1,"F114",2,"juvenile"
"4593",1,"F114",3,"juvenile"
"4594",1,"F114",4,"adult"
"4595",1,"F114",5,"adult"
"4596",1,"F114",6,"adult"
"4597",1,"F114",7,"adult"
"4598",1,"F114",8,"adult"
"4599",1,"F114",9,"adult"
"4600",1,"F114",10,"adult"
"4601",1,"F114",11,"adult"
"4602",1,"F114",12,"adult"
"4603",1,"F114",13,"adult"
"4604",1,"F114",14,"adult"
"4605",1,"F114",15,"adult"
"4606",1,"F115",1,"adult"
"4607",1,"F115",2,"adult"
"4608",1,"F115",3,"adult"
"4609",1,"F115",4,"adult"
"4610",1,"F115",5,"adult"
"4611",1,"F115",6,"adult"
"4612",1,"F115",7,"adult"
"4613",1,"F115",8,"adult"
"4614",1,"F115",9,"adult"
"4615",1,"F115",10,"adult"
"4616",1,"F115",11,"adult"
"4617",1,"F115",12,"adult"
"4618",1,"F115",13,"adult"
"4619",1,"F115",14,"adult"
"4620",1,"F115",15,"adult"
"4621",1,"F116",1,"adult"
"4622",1,"F116",2,"adult"
"4623",1,"F116",3,"adult"
"4624",1,"F116",4,"adult"
"4625",1,"F116",5,"adult"
"4626",1,"F116",6,"adult"
"4627",1,"F116",7,"adult"
"4628",1,"F116",8,"adult"
"4629",1,"F116",9,"adult"
"4630",1,"F116",10,"adult"
"4631",1,"F116",11,"adult"
"4632",1,"F116",12,"adult"
"4633",1,"F116",13,"adult"
"4634",1,"F116",14,"adult"
"4635",1,"F116",15,"adult"
"4636",1,"F117",1,"calf"
"4637",1,"F117",2,"calf"
"4638",1,"F117",3,"calf"
"4639",1,"F117",4,"juvenile"
"4640",1,"F117",5,"juvenile"
"4641",1,"F117",6,"adult"
"4642",1,"F117",7,"adult"
"4643",1,"F117",8,"adult"
"4644",1,"F117",9,"adult"
"4645",1,"F117",10,"adult"
"4646",1,"F117",11,"adult"
"4647",1,"F117",12,"adult"
"4648",1,"F117",13,"adult"
"4649",1,"F117",14,"adult"
"4650",1,"F117",15,"adult"
"4651",1,"F118",1,"calf"
"4652",1,"F118",2,"calf"
"4653",1,"F118",3,"calf"
"4654",1,"F118",4,"juvenile"
"4655",1,"F118",5,"juvenile"
"4656",1,"F118",6,"adult"
"4657",1,"F118",7,"adult"
"4658",1,"F118",8,"adult"
"4659",1,"F118",9,"adult"
"4660",1,"F118",10,"adult"
"4661",1,"F118",11,"adult"
"4662",1,"F118",12,"adult"
"4663",1,"F118",13,"adult"
"4664",1,"F118",14,"adult"
"4665",1,"F118",15,"adult"
"4666",1,"F119",1,"calf"
"4667",1,"F119",2,"calf"
"4668",1,"F119",3,"juvenile"
"4669",1,"F119",4,"juvenile"
"4670",1,"F119",5,"juvenile"
"4671",1,"F119",6,"adult"
"4672",1,"F119",7,"adult"
"4673",1,"F119",8,"adult"
"4674",1,"F119",9,"adult"
"4675",1,"F119",10,"adult"
"4676",1,"F119",11,"adult"
"4677",1,"F119",12,"adult"
"4678",1,"F119",13,"adult"
"4679",1,"F119",14,"adult"
"4680",1,"F119",15,"adult"
"4681",1,"F120",1,"juvenile"
"4682",1,"F120",2,"adult"
"4683",1,"F120",3,"adult"
"4684",1,"F120",4,"adult"
"4685",1,"F120",5,"adult"
"4686",1,"F120",6,"adult"
"4687",1,"F120",7,"adult"
"4688",1,"F120",8,"adult"
"4689",1,"F120",9,"adult"
"4690",1,"F120",10,"adult"
"4691",1,"F120",11,"adult"
"4692",1,"F120",12,"adult"
"4693",1,"F120",13,"adult"
"4694",1,"F120",14,"adult"
"4695",1,"F120",15,"adult"
"4696",1,"F122",1,"calf"
"4697",1,"F122",2,"calf"
"4698",1,"F122",3,"juvenile"
"4699",1,"F122",4,"juvenile"
"4700",1,"F122",5,"juvenile"
"4701",1,"F122",6,"adult"
"4702",1,"F122",7,"adult"
"4703",1,"F122",8,"adult"
"4704",1,"F122",9,"adult"
"4705",1,"F122",10,"adult"
"4706",1,"F122",11,"adult"
"4707",1,"F122",12,"adult"
"4708",1,"F122",13,"adult"
"4709",1,"F122",14,"adult"
"4710",1,"F122",15,"adult"
"4711",1,"F123",1,"unborn"
"4712",1,"F123",2,"unborn"
"4713",1,"F123",3,"unborn"
"4714",1,"F123",4,"unborn"
"4715",1,"F123",5,"calf"
"4716",1,"F123",6,"juvenile"
"4717",1,"F123",7,"juvenile"
"4718",1,"F123",8,"juvenile"
"4719",1,"F123",9,"juvenile"
"4720",1,"F123",10,"juvenile"
"4721",1,"F123",11,"juvenile"
"4722",1,"F123",12,"juvenile"
"4723",1,"F123",13,"adult"
"4724",1,"F123",14,"adult"
"4725",1,"F123",15,"adult"
"4726",1,"F125",1,"unborn"
"4727",1,"F125",2,"unborn"
"4728",1,"F125",3,"unborn"
"4729",1,"F125",4,"unborn"
"4730",1,"F125",5,"calf"
"4731",1,"F125",6,"juvenile"
"4732",1,"F125",7,"juvenile"
"4733",1,"F125",8,"juvenile"
"4734",1,"F125",9,"juvenile"
"4735",1,"F125",10,"juvenile"
"4736",1,"F125",11,"juvenile"
"4737",1,"F125",12,"juvenile"
"4738",1,"F125",13,"adult"
"4739",1,"F125",14,"adult"
"4740",1,"F125",15,"adult"
"4741",1,"F126",1,"juvenile"
"4742",1,"F126",2,"adult"
"4743",1,"F126",3,"adult"
"4744",1,"F126",4,"adult"
"4745",1,"F126",5,"adult"
"4746",1,"F126",6,"adult"
"4747",1,"F126",7,"adult"
"4748",1,"F126",8,"adult"
"4749",1,"F126",9,"adult"
"4750",1,"F126",10,"adult"
"4751",1,"F126",11,"adult"
"4752",1,"F126",12,"adult"
"4753",1,"F126",13,"adult"
"4754",1,"F126",14,"adult"
"4755",1,"F126",15,"adult"
"4756",1,"F127",1,"unborn"
"4757",1,"F127",2,"unborn"
"4758",1,"F127",3,"calf"
"4759",1,"F127",4,"calf"
"4760",1,"F127",5,"calf"
"4761",1,"F127",6,"adult"
"4762",1,"F127",7,"adult"
"4763",1,"F127",8,"adult"
"4764",1,"F127",9,"adult"
"4765",1,"F127",10,"adult"
"4766",1,"F127",11,"adult"
"4767",1,"F127",12,"adult"
"4768",1,"F127",13,"adult"
"4769",1,"F127",14,"adult"
"4770",1,"F127",15,"adult"
"4771",1,"F128",1,"calf"
"4772",1,"F128",2,"calf"
"4773",1,"F128",3,"calf"
"4774",1,"F128",4,"juvenile"
"4775",1,"F128",5,"juvenile"
"4776",1,"F128",6,"adult"
"4777",1,"F128",7,"adult"
"4778",1,"F128",8,"adult"
"4779",1,"F128",9,"adult"
"4780",1,"F128",10,"adult"
"4781",1,"F128",11,"adult"
"4782",1,"F128",12,"adult"
"4783",1,"F128",13,"adult"
"4784",1,"F128",14,"adult"
"4785",1,"F128",15,"adult"
"4786",1,"F130",1,"adult"
"4787",1,"F130",2,"adult"
"4788",1,"F130",3,"adult"
"4789",1,"F130",4,"adult"
"4790",1,"F130",5,"adult"
"4791",1,"F130",6,"adult"
"4792",1,"F130",7,"adult"
"4793",1,"F130",8,"adult"
"4794",1,"F130",9,"adult"
"4795",1,"F130",10,"adult"
"4796",1,"F130",11,"adult"
"4797",1,"F130",12,"adult"
"4798",1,"F130",13,"adult"
"4799",1,"F130",14,"adult"
"4800",1,"F130",15,"adult"
"4801",1,"F131",1,"juvenile"
"4802",1,"F131",2,"juvenile"
"4803",1,"F131",3,"juvenile"
"4804",1,"F131",4,"adult"
"4805",1,"F131",5,"adult"
"4806",1,"F131",6,"adult"
"4807",1,"F131",7,"adult"
"4808",1,"F131",8,"adult"
"4809",1,"F131",9,"adult"
"4810",1,"F131",10,"adult"
"4811",1,"F131",11,"adult"
"4812",1,"F131",12,"adult"
"4813",1,"F131",13,"adult"
"4814",1,"F131",14,"adult"
"4815",1,"F131",15,"adult"
"4816",1,"F132",1,"adult"
"4817",1,"F132",2,"adult"
"4818",1,"F132",3,"adult"
"4819",1,"F132",4,"adult"
"4820",1,"F132",5,"adult"
"4821",1,"F132",6,"adult"
"4822",1,"F132",7,"adult"
"4823",1,"F132",8,"adult"
"4824",1,"F132",9,"adult"
"4825",1,"F132",10,"adult"
"4826",1,"F132",11,"adult"
"4827",1,"F132",12,"adult"
"4828",1,"F132",13,"adult"
"4829",1,"F132",14,"adult"
"4830",1,"F132",15,"adult"
"4831",1,"F133",1,"unborn"
"4832",1,"F133",2,"unborn"
"4833",1,"F133",3,"unborn"
"4834",1,"F133",4,"unborn"
"4835",1,"F133",5,"unborn"
"4836",1,"F133",6,"juvenile"
"4837",1,"F133",7,"juvenile"
"4838",1,"F133",8,"juvenile"
"4839",1,"F133",9,"juvenile"
"4840",1,"F133",10,"juvenile"
"4841",1,"F133",11,"juvenile"
"4842",1,"F133",12,"juvenile"
"4843",1,"F133",13,"juvenile"
"4844",1,"F133",14,"adult"
"4845",1,"F133",15,"adult"
"4846",1,"F134",1,"adult"
"4847",1,"F134",2,"adult"
"4848",1,"F134",3,"adult"
"4849",1,"F134",4,"adult"
"4850",1,"F134",5,"adult"
"4851",1,"F134",6,"adult"
"4852",1,"F134",7,"adult"
"4853",1,"F134",8,"adult"
"4854",1,"F134",9,"adult"
"4855",1,"F134",10,"adult"
"4856",1,"F134",11,"adult"
"4857",1,"F134",12,"adult"
"4858",1,"F134",13,"adult"
"4859",1,"F134",14,"adult"
"4860",1,"F134",15,"adult"
"4861",1,"F135",1,"unborn"
"4862",1,"F135",2,"unborn"
"4863",1,"F135",3,"unborn"
"4864",1,"F135",4,"unborn"
"4865",1,"F135",5,"unborn"
"4866",1,"F135",6,"juvenile"
"4867",1,"F135",7,"juvenile"
"4868",1,"F135",8,"juvenile"
"4869",1,"F135",9,"juvenile"
"4870",1,"F135",10,"juvenile"
"4871",1,"F135",11,"juvenile"
"4872",1,"F135",12,"juvenile"
"4873",1,"F135",13,"juvenile"
"4874",1,"F135",14,"adult"
"4875",1,"F135",15,"adult"
"4876",1,"F136",1,"adult"
"4877",1,"F136",2,"adult"
"4878",1,"F136",3,"adult"
"4879",1,"F136",4,"adult"
"4880",1,"F136",5,"adult"
"4881",1,"F136",6,"adult"
"4882",1,"F136",7,"adult"
"4883",1,"F136",8,"adult"
"4884",1,"F136",9,"adult"
"4885",1,"F136",10,"adult"
"4886",1,"F136",11,"adult"
"4887",1,"F136",12,"adult"
"4888",1,"F136",13,"adult"
"4889",1,"F136",14,"adult"
"4890",1,"F136",15,"adult"
"4891",1,"F137",1,"unborn"
"4892",1,"F137",2,"unborn"
"4893",1,"F137",3,"unborn"
"4894",1,"F137",4,"unborn"
"4895",1,"F137",5,"unborn"
"4896",1,"F137",6,"juvenile"
"4897",1,"F137",7,"juvenile"
"4898",1,"F137",8,"juvenile"
"4899",1,"F137",9,"juvenile"
"4900",1,"F137",10,"juvenile"
"4901",1,"F137",11,"juvenile"
"4902",1,"F137",12,"juvenile"
"4903",1,"F137",13,"juvenile"
"4904",1,"F137",14,"adult"
"4905",1,"F137",15,"adult"
"4906",1,"F138",1,"calf"
"4907",1,"F138",2,"calf"
"4908",1,"F138",3,"calf"
"4909",1,"F138",4,"juvenile"
"4910",1,"F138",5,"juvenile"
"4911",1,"F138",6,"adult"
"4912",1,"F138",7,"adult"
"4913",1,"F138",8,"adult"
"4914",1,"F138",9,"adult"
"4915",1,"F138",10,"adult"
"4916",1,"F138",11,"adult"
"4917",1,"F138",12,"adult"
"4918",1,"F138",13,"adult"
"4919",1,"F138",14,"adult"
"4920",1,"F138",15,"adult"
"4921",1,"F139",1,"unborn"
"4922",1,"F139",2,"unborn"
"4923",1,"F139",3,"unborn"
"4924",1,"F139",4,"unborn"
"4925",1,"F139",5,"unborn"
"4926",1,"F139",6,"juvenile"
"4927",1,"F139",7,"juvenile"
"4928",1,"F139",8,"juvenile"
"4929",1,"F139",9,"juvenile"
"4930",1,"F139",10,"juvenile"
"4931",1,"F139",11,"juvenile"
"4932",1,"F139",12,"juvenile"
"4933",1,"F139",13,"juvenile"
"4934",1,"F139",14,"adult"
"4935",1,"F139",15,"adult"
"4936",1,"F141",1,"calf"
"4937",1,"F141",2,"juvenile"
"4938",1,"F141",3,"juvenile"
"4939",1,"F141",4,"juvenile"
"4940",1,"F141",5,"juvenile"
"4941",1,"F141",6,"adult"
"4942",1,"F141",7,"adult"
"4943",1,"F141",8,"adult"
"4944",1,"F141",9,"adult"
"4945",1,"F141",10,"adult"
"4946",1,"F141",11,"adult"
"4947",1,"F141",12,"adult"
"4948",1,"F141",13,"adult"
"4949",1,"F141",14,"adult"
"4950",1,"F141",15,"adult"
"4951",1,"F142",1,"calf"
"4952",1,"F142",2,"calf"
"4953",1,"F142",3,"calf"
"4954",1,"F142",4,"juvenile"
"4955",1,"F142",5,"juvenile"
"4956",1,"F142",6,"adult"
"4957",1,"F142",7,"adult"
"4958",1,"F142",8,"adult"
"4959",1,"F142",9,"adult"
"4960",1,"F142",10,"adult"
"4961",1,"F142",11,"adult"
"4962",1,"F142",12,"adult"
"4963",1,"F142",13,"adult"
"4964",1,"F142",14,"adult"
"4965",1,"F142",15,"adult"
"4966",1,"F144",1,"unborn"
"4967",1,"F144",2,"unborn"
"4968",1,"F144",3,"calf"
"4969",1,"F144",4,"calf"
"4970",1,"F144",5,"calf"
"4971",1,"F144",6,"adult"
"4972",1,"F144",7,"adult"
"4973",1,"F144",8,"adult"
"4974",1,"F144",9,"adult"
"4975",1,"F144",10,"adult"
"4976",1,"F144",11,"adult"
"4977",1,"F144",12,"adult"
"4978",1,"F144",13,"adult"
"4979",1,"F144",14,"adult"
"4980",1,"F144",15,"adult"
"4981",1,"F146",1,"unborn"
"4982",1,"F146",2,"unborn"
"4983",1,"F146",3,"unborn"
"4984",1,"F146",4,"calf"
"4985",1,"F146",5,"calf"
"4986",1,"F146",6,"juvenile"
"4987",1,"F146",7,"adult"
"4988",1,"F146",8,"adult"
"4989",1,"F146",9,"adult"
"4990",1,"F146",10,"adult"
"4991",1,"F146",11,"adult"
"4992",1,"F146",12,"adult"
"4993",1,"F146",13,"adult"
"4994",1,"F146",14,"adult"
"4995",1,"F146",15,"adult"
"4996",1,"F147",1,"juvenile"
"4997",1,"F147",2,"adult"
"4998",1,"F147",3,"adult"
"4999",1,"F147",4,"adult"
"5000",1,"F147",5,"adult"
"5001",1,"F147",6,"adult"
"5002",1,"F147",7,"adult"
"5003",1,"F147",8,"adult"
"5004",1,"F147",9,"adult"
"5005",1,"F147",10,"adult"
"5006",1,"F147",11,"adult"
"5007",1,"F147",12,"adult"
"5008",1,"F147",13,"adult"
"5009",1,"F147",14,"adult"
"5010",1,"F147",15,"adult"
"5011",1,"F148",1,"unborn"
"5012",1,"F148",2,"unborn"
"5013",1,"F148",3,"unborn"
"5014",1,"F148",4,"calf"
"5015",1,"F148",5,"calf"
"5016",1,"F148",6,"juvenile"
"5017",1,"F148",7,"adult"
"5018",1,"F148",8,"adult"
"5019",1,"F148",9,"adult"
"5020",1,"F148",10,"adult"
"5021",1,"F148",11,"adult"
"5022",1,"F148",12,"adult"
"5023",1,"F148",13,"adult"
"5024",1,"F148",14,"adult"
"5025",1,"F148",15,"adult"
"5026",1,"F149",1,"adult"
"5027",1,"F149",2,"adult"
"5028",1,"F149",3,"adult"
"5029",1,"F149",4,"adult"
"5030",1,"F149",5,"adult"
"5031",1,"F149",6,"adult"
"5032",1,"F149",7,"adult"
"5033",1,"F149",8,"adult"
"5034",1,"F149",9,"adult"
"5035",1,"F149",10,"adult"
"5036",1,"F149",11,"adult"
"5037",1,"F149",12,"adult"
"5038",1,"F149",13,"adult"
"5039",1,"F149",14,"adult"
"5040",1,"F149",15,"adult"
"5041",1,"F151",1,"unborn"
"5042",1,"F151",2,"unborn"
"5043",1,"F151",3,"unborn"
"5044",1,"F151",4,"unborn"
"5045",1,"F151",5,"unborn"
"5046",1,"F151",6,"juvenile"
"5047",1,"F151",7,"juvenile"
"5048",1,"F151",8,"juvenile"
"5049",1,"F151",9,"juvenile"
"5050",1,"F151",10,"juvenile"
"5051",1,"F151",11,"juvenile"
"5052",1,"F151",12,"juvenile"
"5053",1,"F151",13,"juvenile"
"5054",1,"F151",14,"adult"
"5055",1,"F151",15,"adult"
"5056",1,"F152",1,"unborn"
"5057",1,"F152",2,"unborn"
"5058",1,"F152",3,"unborn"
"5059",1,"F152",4,"calf"
"5060",1,"F152",5,"calf"
"5061",1,"F152",6,"juvenile"
"5062",1,"F152",7,"adult"
"5063",1,"F152",8,"adult"
"5064",1,"F152",9,"adult"
"5065",1,"F152",10,"adult"
"5066",1,"F152",11,"adult"
"5067",1,"F152",12,"adult"
"5068",1,"F152",13,"adult"
"5069",1,"F152",14,"adult"
"5070",1,"F152",15,"adult"
"5071",1,"F153",1,"adult"
"5072",1,"F153",2,"adult"
"5073",1,"F153",3,"adult"
"5074",1,"F153",4,"adult"
"5075",1,"F153",5,"adult"
"5076",1,"F153",6,"adult"
"5077",1,"F153",7,"adult"
"5078",1,"F153",8,"adult"
"5079",1,"F153",9,"adult"
"5080",1,"F153",10,"adult"
"5081",1,"F153",11,"adult"
"5082",1,"F153",12,"adult"
"5083",1,"F153",13,"adult"
"5084",1,"F153",14,"adult"
"5085",1,"F153",15,"adult"
"5086",1,"F154",1,"adult"
"5087",1,"F154",2,"adult"
"5088",1,"F154",3,"adult"
"5089",1,"F154",4,"adult"
"5090",1,"F154",5,"adult"
"5091",1,"F154",6,"adult"
"5092",1,"F154",7,"adult"
"5093",1,"F154",8,"adult"
"5094",1,"F154",9,"adult"
"5095",1,"F154",10,"adult"
"5096",1,"F154",11,"adult"
"5097",1,"F154",12,"adult"
"5098",1,"F154",13,"adult"
"5099",1,"F154",14,"adult"
"5100",1,"F154",15,"adult"
"5101",1,"F155",1,"calf"
"5102",1,"F155",2,"juvenile"
"5103",1,"F155",3,"juvenile"
"5104",1,"F155",4,"juvenile"
"5105",1,"F155",5,"juvenile"
"5106",1,"F155",6,"adult"
"5107",1,"F155",7,"adult"
"5108",1,"F155",8,"adult"
"5109",1,"F155",9,"adult"
"5110",1,"F155",10,"adult"
"5111",1,"F155",11,"adult"
"5112",1,"F155",12,"adult"
"5113",1,"F155",13,"adult"
"5114",1,"F155",14,"adult"
"5115",1,"F155",15,"adult"
"5116",1,"F157",1,"juvenile"
"5117",1,"F157",2,"adult"
"5118",1,"F157",3,"adult"
"5119",1,"F157",4,"adult"
"5120",1,"F157",5,"adult"
"5121",1,"F157",6,"adult"
"5122",1,"F157",7,"adult"
"5123",1,"F157",8,"adult"
"5124",1,"F157",9,"adult"
"5125",1,"F157",10,"adult"
"5126",1,"F157",11,"adult"
"5127",1,"F157",12,"adult"
"5128",1,"F157",13,"adult"
"5129",1,"F157",14,"adult"
"5130",1,"F157",15,"adult"
"5131",1,"F158",1,"juvenile"
"5132",1,"F158",2,"adult"
"5133",1,"F158",3,"adult"
"5134",1,"F158",4,"adult"
"5135",1,"F158",5,"adult"
"5136",1,"F158",6,"adult"
"5137",1,"F158",7,"adult"
"5138",1,"F158",8,"adult"
"5139",1,"F158",9,"adult"
"5140",1,"F158",10,"adult"
"5141",1,"F158",11,"adult"
"5142",1,"F158",12,"adult"
"5143",1,"F158",13,"adult"
"5144",1,"F158",14,"adult"
"5145",1,"F158",15,"adult"
"5146",1,"F159",1,"unborn"
"5147",1,"F159",2,"unborn"
"5148",1,"F159",3,"unborn"
"5149",1,"F159",4,"calf"
"5150",1,"F159",5,"calf"
"5151",1,"F159",6,"juvenile"
"5152",1,"F159",7,"adult"
"5153",1,"F159",8,"adult"
"5154",1,"F159",9,"adult"
"5155",1,"F159",10,"adult"
"5156",1,"F159",11,"adult"
"5157",1,"F159",12,"adult"
"5158",1,"F159",13,"adult"
"5159",1,"F159",14,"adult"
"5160",1,"F159",15,"adult"
"5161",1,"F160",1,"adult"
"5162",1,"F160",2,"adult"
"5163",1,"F160",3,"adult"
"5164",1,"F160",4,"adult"
"5165",1,"F160",5,"adult"
"5166",1,"F160",6,"adult"
"5167",1,"F160",7,"adult"
"5168",1,"F160",8,"adult"
"5169",1,"F160",9,"adult"
"5170",1,"F160",10,"adult"
"5171",1,"F160",11,"adult"
"5172",1,"F160",12,"adult"
"5173",1,"F160",13,"adult"
"5174",1,"F160",14,"adult"
"5175",1,"F160",15,"adult"
"5176",1,"F161",1,"juvenile"
"5177",1,"F161",2,"adult"
"5178",1,"F161",3,"adult"
"5179",1,"F161",4,"adult"
"5180",1,"F161",5,"adult"
"5181",1,"F161",6,"adult"
"5182",1,"F161",7,"adult"
"5183",1,"F161",8,"adult"
"5184",1,"F161",9,"adult"
"5185",1,"F161",10,"adult"
"5186",1,"F161",11,"adult"
"5187",1,"F161",12,"adult"
"5188",1,"F161",13,"adult"
"5189",1,"F161",14,"adult"
"5190",1,"F161",15,"adult"
"5191",1,"F162",1,"adult"
"5192",1,"F162",2,"adult"
"5193",1,"F162",3,"adult"
"5194",1,"F162",4,"adult"
"5195",1,"F162",5,"adult"
"5196",1,"F162",6,"adult"
"5197",1,"F162",7,"adult"
"5198",1,"F162",8,"adult"
"5199",1,"F162",9,"adult"
"5200",1,"F162",10,"adult"
"5201",1,"F162",11,"adult"
"5202",1,"F162",12,"adult"
"5203",1,"F162",13,"adult"
"5204",1,"F162",14,"adult"
"5205",1,"F162",15,"adult"
"5206",1,"F163",1,"adult"
"5207",1,"F163",2,"adult"
"5208",1,"F163",3,"adult"
"5209",1,"F163",4,"adult"
"5210",1,"F163",5,"adult"
"5211",1,"F163",6,"adult"
"5212",1,"F163",7,"adult"
"5213",1,"F163",8,"adult"
"5214",1,"F163",9,"adult"
"5215",1,"F163",10,"adult"
"5216",1,"F163",11,"adult"
"5217",1,"F163",12,"adult"
"5218",1,"F163",13,"adult"
"5219",1,"F163",14,"adult"
"5220",1,"F163",15,"adult"
"5221",1,"F164",1,"juvenile"
"5222",1,"F164",2,"juvenile"
"5223",1,"F164",3,"juvenile"
"5224",1,"F164",4,"juvenile"
"5225",1,"F164",5,"adult"
"5226",1,"F164",6,"adult"
"5227",1,"F164",7,"adult"
"5228",1,"F164",8,"adult"
"5229",1,"F164",9,"adult"
"5230",1,"F164",10,"adult"
"5231",1,"F164",11,"adult"
"5232",1,"F164",12,"adult"
"5233",1,"F164",13,"adult"
"5234",1,"F164",14,"adult"
"5235",1,"F164",15,"adult"
"5236",1,"F165",1,"unborn"
"5237",1,"F165",2,"unborn"
"5238",1,"F165",3,"unborn"
"5239",1,"F165",4,"unborn"
"5240",1,"F165",5,"unborn"
"5241",1,"F165",6,"juvenile"
"5242",1,"F165",7,"juvenile"
"5243",1,"F165",8,"juvenile"
"5244",1,"F165",9,"juvenile"
"5245",1,"F165",10,"juvenile"
"5246",1,"F165",11,"juvenile"
"5247",1,"F165",12,"juvenile"
"5248",1,"F165",13,"juvenile"
"5249",1,"F165",14,"adult"
"5250",1,"F165",15,"adult"
"5251",1,"F166",1,"unborn"
"5252",1,"F166",2,"calf"
"5253",1,"F166",3,"calf"
"5254",1,"F166",4,"calf"
"5255",1,"F166",5,"juvenile"
"5256",1,"F166",6,"adult"
"5257",1,"F166",7,"adult"
"5258",1,"F166",8,"adult"
"5259",1,"F166",9,"adult"
"5260",1,"F166",10,"adult"
"5261",1,"F166",11,"adult"
"5262",1,"F166",12,"adult"
"5263",1,"F166",13,"adult"
"5264",1,"F166",14,"adult"
"5265",1,"F166",15,"adult"
"5266",1,"F167",1,"juvenile"
"5267",1,"F167",2,"juvenile"
"5268",1,"F167",3,"juvenile"
"5269",1,"F167",4,"juvenile"
"5270",1,"F167",5,"adult"
"5271",1,"F167",6,"adult"
"5272",1,"F167",7,"adult"
"5273",1,"F167",8,"adult"
"5274",1,"F167",9,"adult"
"5275",1,"F167",10,"adult"
"5276",1,"F167",11,"adult"
"5277",1,"F167",12,"adult"
"5278",1,"F167",13,"adult"
"5279",1,"F167",14,"adult"
"5280",1,"F167",15,"adult"
"5281",1,"F169",1,"unborn"
"5282",1,"F169",2,"unborn"
"5283",1,"F169",3,"unborn"
"5284",1,"F169",4,"unborn"
"5285",1,"F169",5,"unborn"
"5286",1,"F169",6,"juvenile"
"5287",1,"F169",7,"juvenile"
"5288",1,"F169",8,"juvenile"
"5289",1,"F169",9,"juvenile"
"5290",1,"F169",10,"juvenile"
"5291",1,"F169",11,"juvenile"
"5292",1,"F169",12,"juvenile"
"5293",1,"F169",13,"juvenile"
"5294",1,"F169",14,"adult"
"5295",1,"F169",15,"adult"
"5296",1,"F171",1,"unborn"
"5297",1,"F171",2,"unborn"
"5298",1,"F171",3,"unborn"
"5299",1,"F171",4,"unborn"
"5300",1,"F171",5,"calf"
"5301",1,"F171",6,"juvenile"
"5302",1,"F171",7,"juvenile"
"5303",1,"F171",8,"juvenile"
"5304",1,"F171",9,"juvenile"
"5305",1,"F171",10,"juvenile"
"5306",1,"F171",11,"juvenile"
"5307",1,"F171",12,"juvenile"
"5308",1,"F171",13,"adult"
"5309",1,"F171",14,"adult"
"5310",1,"F171",15,"adult"
"5311",1,"F172",1,"juvenile"
"5312",1,"F172",2,"adult"
"5313",1,"F172",3,"adult"
"5314",1,"F172",4,"adult"
"5315",1,"F172",5,"adult"
"5316",1,"F172",6,"adult"
"5317",1,"F172",7,"adult"
"5318",1,"F172",8,"adult"
"5319",1,"F172",9,"adult"
"5320",1,"F172",10,"adult"
"5321",1,"F172",11,"adult"
"5322",1,"F172",12,"adult"
"5323",1,"F172",13,"adult"
"5324",1,"F172",14,"adult"
"5325",1,"F172",15,"adult"
"5326",1,"F173",1,"unborn"
"5327",1,"F173",2,"unborn"
"5328",1,"F173",3,"unborn"
"5329",1,"F173",4,"unborn"
"5330",1,"F173",5,"unborn"
"5331",1,"F173",6,"calf"
"5332",1,"F173",7,"calf"
"5333",1,"F173",8,"calf"
"5334",1,"F173",9,"calf"
"5335",1,"F173",10,"calf"
"5336",1,"F173",11,"calf"
"5337",1,"F173",12,"juvenile"
"5338",1,"F173",13,"juvenile"
"5339",1,"F173",14,"adult"
"5340",1,"F173",15,"adult"
"5341",1,"F174",1,"adult"
"5342",1,"F174",2,"adult"
"5343",1,"F174",3,"adult"
"5344",1,"F174",4,"adult"
"5345",1,"F174",5,"adult"
"5346",1,"F174",6,"adult"
"5347",1,"F174",7,"adult"
"5348",1,"F174",8,"adult"
"5349",1,"F174",9,"adult"
"5350",1,"F174",10,"adult"
"5351",1,"F174",11,"adult"
"5352",1,"F174",12,"adult"
"5353",1,"F174",13,"adult"
"5354",1,"F174",14,"adult"
"5355",1,"F174",15,"adult"
"5356",1,"F175",1,"calf"
"5357",1,"F175",2,"calf"
"5358",1,"F175",3,"juvenile"
"5359",1,"F175",4,"juvenile"
"5360",1,"F175",5,"juvenile"
"5361",1,"F175",6,"adult"
"5362",1,"F175",7,"adult"
"5363",1,"F175",8,"adult"
"5364",1,"F175",9,"adult"
"5365",1,"F175",10,"adult"
"5366",1,"F175",11,"adult"
"5367",1,"F175",12,"adult"
"5368",1,"F175",13,"adult"
"5369",1,"F175",14,"adult"
"5370",1,"F175",15,"adult"
"5371",1,"F176",1,"calf"
"5372",1,"F176",2,"calf"
"5373",1,"F176",3,"calf"
"5374",1,"F176",4,"juvenile"
"5375",1,"F176",5,"juvenile"
"5376",1,"F176",6,"adult"
"5377",1,"F176",7,"adult"
"5378",1,"F176",8,"adult"
"5379",1,"F176",9,"adult"
"5380",1,"F176",10,"adult"
"5381",1,"F176",11,"adult"
"5382",1,"F176",12,"adult"
"5383",1,"F176",13,"adult"
"5384",1,"F176",14,"adult"
"5385",1,"F176",15,"adult"
"5386",1,"F177",1,"unborn"
"5387",1,"F177",2,"unborn"
"5388",1,"F177",3,"unborn"
"5389",1,"F177",4,"unborn"
"5390",1,"F177",5,"unborn"
"5391",1,"F177",6,"calf"
"5392",1,"F177",7,"calf"
"5393",1,"F177",8,"calf"
"5394",1,"F177",9,"calf"
"5395",1,"F177",10,"calf"
"5396",1,"F177",11,"calf"
"5397",1,"F177",12,"juvenile"
"5398",1,"F177",13,"juvenile"
"5399",1,"F177",14,"adult"
"5400",1,"F177",15,"adult"
"5401",1,"F178",1,"unborn"
"5402",1,"F178",2,"unborn"
"5403",1,"F178",3,"calf"
"5404",1,"F178",4,"calf"
"5405",1,"F178",5,"calf"
"5406",1,"F178",6,"adult"
"5407",1,"F178",7,"adult"
"5408",1,"F178",8,"adult"
"5409",1,"F178",9,"adult"
"5410",1,"F178",10,"adult"
"5411",1,"F178",11,"adult"
"5412",1,"F178",12,"adult"
"5413",1,"F178",13,"adult"
"5414",1,"F178",14,"adult"
"5415",1,"F178",15,"adult"
"5416",1,"F179",1,"unborn"
"5417",1,"F179",2,"unborn"
"5418",1,"F179",3,"unborn"
"5419",1,"F179",4,"unborn"
"5420",1,"F179",5,"unborn"
"5421",1,"F179",6,"calf"
"5422",1,"F179",7,"calf"
"5423",1,"F179",8,"calf"
"5424",1,"F179",9,"calf"
"5425",1,"F179",10,"calf"
"5426",1,"F179",11,"calf"
"5427",1,"F179",12,"juvenile"
"5428",1,"F179",13,"juvenile"
"5429",1,"F179",14,"adult"
"5430",1,"F179",15,"adult"
"5431",1,"F180",1,"juvenile"
"5432",1,"F180",2,"juvenile"
"5433",1,"F180",3,"juvenile"
"5434",1,"F180",4,"adult"
"5435",1,"F180",5,"adult"
"5436",1,"F180",6,"adult"
"5437",1,"F180",7,"adult"
"5438",1,"F180",8,"adult"
"5439",1,"F180",9,"adult"
"5440",1,"F180",10,"adult"
"5441",1,"F180",11,"adult"
"5442",1,"F180",12,"adult"
"5443",1,"F180",13,"adult"
"5444",1,"F180",14,"adult"
"5445",1,"F180",15,"adult"
"5446",1,"F181",1,"adult"
"5447",1,"F181",2,"adult"
"5448",1,"F181",3,"adult"
"5449",1,"F181",4,"adult"
"5450",1,"F181",5,"adult"
"5451",1,"F181",6,"adult"
"5452",1,"F181",7,"adult"
"5453",1,"F181",8,"adult"
"5454",1,"F181",9,"adult"
"5455",1,"F181",10,"adult"
"5456",1,"F181",11,"adult"
"5457",1,"F181",12,"adult"
"5458",1,"F181",13,"adult"
"5459",1,"F181",14,"adult"
"5460",1,"F181",15,"adult"
"5461",1,"F182",1,"juvenile"
"5462",1,"F182",2,"juvenile"
"5463",1,"F182",3,"juvenile"
"5464",1,"F182",4,"adult"
"5465",1,"F182",5,"adult"
"5466",1,"F182",6,"adult"
"5467",1,"F182",7,"adult"
"5468",1,"F182",8,"adult"
"5469",1,"F182",9,"adult"
"5470",1,"F182",10,"adult"
"5471",1,"F182",11,"adult"
"5472",1,"F182",12,"adult"
"5473",1,"F182",13,"adult"
"5474",1,"F182",14,"adult"
"5475",1,"F182",15,"adult"
"5476",1,"F183",1,"adult"
"5477",1,"F183",2,"adult"
"5478",1,"F183",3,"adult"
"5479",1,"F183",4,"adult"
"5480",1,"F183",5,"adult"
"5481",1,"F183",6,"adult"
"5482",1,"F183",7,"adult"
"5483",1,"F183",8,"adult"
"5484",1,"F183",9,"adult"
"5485",1,"F183",10,"adult"
"5486",1,"F183",11,"adult"
"5487",1,"F183",12,"adult"
"5488",1,"F183",13,"adult"
"5489",1,"F183",14,"adult"
"5490",1,"F183",15,"adult"
"5491",1,"F184",1,"unborn"
"5492",1,"F184",2,"unborn"
"5493",1,"F184",3,"unborn"
"5494",1,"F184",4,"calf"
"5495",1,"F184",5,"calf"
"5496",1,"F184",6,"juvenile"
"5497",1,"F184",7,"adult"
"5498",1,"F184",8,"adult"
"5499",1,"F184",9,"adult"
"5500",1,"F184",10,"adult"
"5501",1,"F184",11,"adult"
"5502",1,"F184",12,"adult"
"5503",1,"F184",13,"adult"
"5504",1,"F184",14,"adult"
"5505",1,"F184",15,"adult"
"5506",1,"F185",1,"juvenile"
"5507",1,"F185",2,"adult"
"5508",1,"F185",3,"adult"
"5509",1,"F185",4,"adult"
"5510",1,"F185",5,"adult"
"5511",1,"F185",6,"adult"
"5512",1,"F185",7,"adult"
"5513",1,"F185",8,"adult"
"5514",1,"F185",9,"adult"
"5515",1,"F185",10,"adult"
"5516",1,"F185",11,"adult"
"5517",1,"F185",12,"adult"
"5518",1,"F185",13,"adult"
"5519",1,"F185",14,"adult"
"5520",1,"F185",15,"adult"
"5521",1,"F186",1,"unborn"
"5522",1,"F186",2,"unborn"
"5523",1,"F186",3,"unborn"
"5524",1,"F186",4,"calf"
"5525",1,"F186",5,"calf"
"5526",1,"F186",6,"juvenile"
"5527",1,"F186",7,"adult"
"5528",1,"F186",8,"adult"
"5529",1,"F186",9,"adult"
"5530",1,"F186",10,"adult"
"5531",1,"F186",11,"adult"
"5532",1,"F186",12,"adult"
"5533",1,"F186",13,"adult"
"5534",1,"F186",14,"adult"
"5535",1,"F186",15,"adult"
"5536",1,"F187",1,"unborn"
"5537",1,"F187",2,"unborn"
"5538",1,"F187",3,"unborn"
"5539",1,"F187",4,"unborn"
"5540",1,"F187",5,"unborn"
"5541",1,"F187",6,"calf"
"5542",1,"F187",7,"calf"
"5543",1,"F187",8,"calf"
"5544",1,"F187",9,"calf"
"5545",1,"F187",10,"calf"
"5546",1,"F187",11,"calf"
"5547",1,"F187",12,"calf"
"5548",1,"F187",13,"juvenile"
"5549",1,"F187",14,"juvenile"
"5550",1,"F187",15,"adult"
"5551",1,"F188",1,"unborn"
"5552",1,"F188",2,"unborn"
"5553",1,"F188",3,"unborn"
"5554",1,"F188",4,"calf"
"5555",1,"F188",5,"calf"
"5556",1,"F188",6,"juvenile"
"5557",1,"F188",7,"adult"
"5558",1,"F188",8,"adult"
"5559",1,"F188",9,"adult"
"5560",1,"F188",10,"adult"
"5561",1,"F188",11,"adult"
"5562",1,"F188",12,"adult"
"5563",1,"F188",13,"adult"
"5564",1,"F188",14,"adult"
"5565",1,"F188",15,"adult"
"5566",1,"F189",1,"juvenile"
"5567",1,"F189",2,"adult"
"5568",1,"F189",3,"adult"
"5569",1,"F189",4,"adult"
"5570",1,"F189",5,"adult"
"5571",1,"F189",6,"adult"
"5572",1,"F189",7,"adult"
"5573",1,"F189",8,"adult"
"5574",1,"F189",9,"adult"
"5575",1,"F189",10,"adult"
"5576",1,"F189",11,"adult"
"5577",1,"F189",12,"adult"
"5578",1,"F189",13,"adult"
"5579",1,"F189",14,"adult"
"5580",1,"F189",15,"adult"
"5581",1,"F190",1,"unborn"
"5582",1,"F190",2,"unborn"
"5583",1,"F190",3,"unborn"
"5584",1,"F190",4,"calf"
"5585",1,"F190",5,"calf"
"5586",1,"F190",6,"juvenile"
"5587",1,"F190",7,"adult"
"5588",1,"F190",8,"adult"
"5589",1,"F190",9,"adult"
"5590",1,"F190",10,"adult"
"5591",1,"F190",11,"adult"
"5592",1,"F190",12,"adult"
"5593",1,"F190",13,"adult"
"5594",1,"F190",14,"adult"
"5595",1,"F190",15,"adult"
"5596",1,"F191",1,"juvenile"
"5597",1,"F191",2,"adult"
"5598",1,"F191",3,"adult"
"5599",1,"F191",4,"adult"
"5600",1,"F191",5,"adult"
"5601",1,"F191",6,"adult"
"5602",1,"F191",7,"adult"
"5603",1,"F191",8,"adult"
"5604",1,"F191",9,"adult"
"5605",1,"F191",10,"adult"
"5606",1,"F191",11,"adult"
"5607",1,"F191",12,"adult"
"5608",1,"F191",13,"adult"
"5609",1,"F191",14,"adult"
"5610",1,"F191",15,"adult"
"5611",1,"F192",1,"adult"
"5612",1,"F192",2,"adult"
"5613",1,"F192",3,"adult"
"5614",1,"F192",4,"adult"
"5615",1,"F192",5,"adult"
"5616",1,"F192",6,"adult"
"5617",1,"F192",7,"adult"
"5618",1,"F192",8,"adult"
"5619",1,"F192",9,"adult"
"5620",1,"F192",10,"adult"
"5621",1,"F192",11,"adult"
"5622",1,"F192",12,"adult"
"5623",1,"F192",13,"adult"
"5624",1,"F192",14,"adult"
"5625",1,"F192",15,"adult"
"5626",1,"F193",1,"adult"
"5627",1,"F193",2,"adult"
"5628",1,"F193",3,"adult"
"5629",1,"F193",4,"adult"
"5630",1,"F193",5,"adult"
"5631",1,"F193",6,"adult"
"5632",1,"F193",7,"adult"
"5633",1,"F193",8,"adult"
"5634",1,"F193",9,"adult"
"5635",1,"F193",10,"adult"
"5636",1,"F193",11,"adult"
"5637",1,"F193",12,"adult"
"5638",1,"F193",13,"adult"
"5639",1,"F193",14,"adult"
"5640",1,"F193",15,"adult"
"5641",1,"F194",1,"adult"
"5642",1,"F194",2,"adult"
"5643",1,"F194",3,"adult"
"5644",1,"F194",4,"adult"
"5645",1,"F194",5,"adult"
"5646",1,"F194",6,"adult"
"5647",1,"F194",7,"adult"
"5648",1,"F194",8,"adult"
"5649",1,"F194",9,"adult"
"5650",1,"F194",10,"adult"
"5651",1,"F194",11,"adult"
"5652",1,"F194",12,"adult"
"5653",1,"F194",13,"adult"
"5654",1,"F194",14,"adult"
"5655",1,"F194",15,"adult"
"5656",1,"F195",1,"adult"
"5657",1,"F195",2,"adult"
"5658",1,"F195",3,"adult"
"5659",1,"F195",4,"adult"
"5660",1,"F195",5,"adult"
"5661",1,"F195",6,"adult"
"5662",1,"F195",7,"adult"
"5663",1,"F195",8,"adult"
"5664",1,"F195",9,"adult"
"5665",1,"F195",10,"adult"
"5666",1,"F195",11,"adult"
"5667",1,"F195",12,"adult"
"5668",1,"F195",13,"adult"
"5669",1,"F195",14,"adult"
"5670",1,"F195",15,"adult"
"5671",1,"F196",1,"unborn"
"5672",1,"F196",2,"unborn"
"5673",1,"F196",3,"unborn"
"5674",1,"F196",4,"unborn"
"5675",1,"F196",5,"calf"
"5676",1,"F196",6,"juvenile"
"5677",1,"F196",7,"juvenile"
"5678",1,"F196",8,"juvenile"
"5679",1,"F196",9,"juvenile"
"5680",1,"F196",10,"juvenile"
"5681",1,"F196",11,"juvenile"
"5682",1,"F196",12,"juvenile"
"5683",1,"F196",13,"adult"
"5684",1,"F196",14,"adult"
"5685",1,"F196",15,"adult"
"5686",1,"F197",1,"unborn"
"5687",1,"F197",2,"unborn"
"5688",1,"F197",3,"unborn"
"5689",1,"F197",4,"unborn"
"5690",1,"F197",5,"unborn"
"5691",1,"F197",6,"calf"
"5692",1,"F197",7,"calf"
"5693",1,"F197",8,"calf"
"5694",1,"F197",9,"calf"
"5695",1,"F197",10,"calf"
"5696",1,"F197",11,"calf"
"5697",1,"F197",12,"calf"
"5698",1,"F197",13,"juvenile"
"5699",1,"F197",14,"juvenile"
"5700",1,"F197",15,"adult"
"5701",1,"F198",1,"unborn"
"5702",1,"F198",2,"unborn"
"5703",1,"F198",3,"unborn"
"5704",1,"F198",4,"calf"
"5705",1,"F198",5,"calf"
"5706",1,"F198",6,"juvenile"
"5707",1,"F198",7,"adult"
"5708",1,"F198",8,"adult"
"5709",1,"F198",9,"adult"
"5710",1,"F198",10,"adult"
"5711",1,"F198",11,"adult"
"5712",1,"F198",12,"adult"
"5713",1,"F198",13,"adult"
"5714",1,"F198",14,"adult"
"5715",1,"F198",15,"adult"
"5716",1,"F199",1,"unborn"
"5717",1,"F199",2,"unborn"
"5718",1,"F199",3,"unborn"
"5719",1,"F199",4,"unborn"
"5720",1,"F199",5,"unborn"
"5721",1,"F199",6,"calf"
"5722",1,"F199",7,"calf"
"5723",1,"F199",8,"calf"
"5724",1,"F199",9,"calf"
"5725",1,"F199",10,"calf"
"5726",1,"F199",11,"calf"
"5727",1,"F199",12,"juvenile"
"5728",1,"F199",13,"juvenile"
"5729",1,"F199",14,"adult"
"5730",1,"F199",15,"adult"
"5731",1,"F200",1,"juvenile"
"5732",1,"F200",2,"adult"
"5733",1,"F200",3,"adult"
"5734",1,"F200",4,"adult"
"5735",1,"F200",5,"adult"
"5736",1,"F200",6,"adult"
"5737",1,"F200",7,"adult"
"5738",1,"F200",8,"adult"
"5739",1,"F200",9,"adult"
"5740",1,"F200",10,"adult"
"5741",1,"F200",11,"adult"
"5742",1,"F200",12,"adult"
"5743",1,"F200",13,"adult"
"5744",1,"F200",14,"adult"
"5745",1,"F200",15,"adult"
"5746",1,"F201",1,"unborn"
"5747",1,"F201",2,"unborn"
"5748",1,"F201",3,"unborn"
"5749",1,"F201",4,"unborn"
"5750",1,"F201",5,"unborn"
"5751",1,"F201",6,"unborn"
"5752",1,"F201",7,"calf"
"5753",1,"F201",8,"calf"
"5754",1,"F201",9,"calf"
"5755",1,"F201",10,"calf"
"5756",1,"F201",11,"calf"
"5757",1,"F201",12,"calf"
"5758",1,"F201",13,"calf"
"5759",1,"F201",14,"juvenile"
"5760",1,"F201",15,"juvenile"
"5761",1,"F202",1,"adult"
"5762",1,"F202",2,"adult"
"5763",1,"F202",3,"adult"
"5764",1,"F202",4,"adult"
"5765",1,"F202",5,"adult"
"5766",1,"F202",6,"adult"
"5767",1,"F202",7,"adult"
"5768",1,"F202",8,"adult"
"5769",1,"F202",9,"adult"
"5770",1,"F202",10,"adult"
"5771",1,"F202",11,"adult"
"5772",1,"F202",12,"adult"
"5773",1,"F202",13,"adult"
"5774",1,"F202",14,"adult"
"5775",1,"F202",15,"adult"
"5776",1,"F203",1,"unborn"
"5777",1,"F203",2,"unborn"
"5778",1,"F203",3,"unborn"
"5779",1,"F203",4,"unborn"
"5780",1,"F203",5,"unborn"
"5781",1,"F203",6,"juvenile"
"5782",1,"F203",7,"juvenile"
"5783",1,"F203",8,"juvenile"
"5784",1,"F203",9,"juvenile"
"5785",1,"F203",10,"juvenile"
"5786",1,"F203",11,"juvenile"
"5787",1,"F203",12,"juvenile"
"5788",1,"F203",13,"juvenile"
"5789",1,"F203",14,"adult"
"5790",1,"F203",15,"adult"
"5791",1,"F205",1,"unborn"
"5792",1,"F205",2,"unborn"
"5793",1,"F205",3,"unborn"
"5794",1,"F205",4,"unborn"
"5795",1,"F205",5,"unborn"
"5796",1,"F205",6,"unborn"
"5797",1,"F205",7,"unborn"
"5798",1,"F205",8,"unborn"
"5799",1,"F205",9,"unborn"
"5800",1,"F205",10,"unborn"
"5801",1,"F205",11,"unborn"
"5802",1,"F205",12,"calf"
"5803",1,"F205",13,"calf"
"5804",1,"F205",14,"juvenile"
"5805",1,"F205",15,"juvenile"
"5806",1,"F207",1,"unborn"
"5807",1,"F207",2,"unborn"
"5808",1,"F207",3,"unborn"
"5809",1,"F207",4,"unborn"
"5810",1,"F207",5,"unborn"
"5811",1,"F207",6,"unborn"
"5812",1,"F207",7,"calf"
"5813",1,"F207",8,"calf"
"5814",1,"F207",9,"calf"
"5815",1,"F207",10,"calf"
"5816",1,"F207",11,"calf"
"5817",1,"F207",12,"calf"
"5818",1,"F207",13,"calf"
"5819",1,"F207",14,"juvenile"
"5820",1,"F207",15,"juvenile"
"5821",1,"F209",1,"unborn"
"5822",1,"F209",2,"unborn"
"5823",1,"F209",3,"unborn"
"5824",1,"F209",4,"unborn"
"5825",1,"F209",5,"unborn"
"5826",1,"F209",6,"calf"
"5827",1,"F209",7,"calf"
"5828",1,"F209",8,"calf"
"5829",1,"F209",9,"calf"
"5830",1,"F209",10,"calf"
"5831",1,"F209",11,"calf"
"5832",1,"F209",12,"calf"
"5833",1,"F209",13,"calf"
"5834",1,"F209",14,"juvenile"
"5835",1,"F209",15,"juvenile"
"5836",1,"F210",1,"juvenile"
"5837",1,"F210",2,"adult"
"5838",1,"F210",3,"adult"
"5839",1,"F210",4,"adult"
"5840",1,"F210",5,"adult"
"5841",1,"F210",6,"adult"
"5842",1,"F210",7,"adult"
"5843",1,"F210",8,"adult"
"5844",1,"F210",9,"adult"
"5845",1,"F210",10,"adult"
"5846",1,"F210",11,"adult"
"5847",1,"F210",12,"adult"
"5848",1,"F210",13,"adult"
"5849",1,"F210",14,"adult"
"5850",1,"F210",15,"adult"
"5851",1,"F211",1,"unborn"
"5852",1,"F211",2,"unborn"
"5853",1,"F211",3,"unborn"
"5854",1,"F211",4,"unborn"
"5855",1,"F211",5,"unborn"
"5856",1,"F211",6,"unborn"
"5857",1,"F211",7,"calf"
"5858",1,"F211",8,"calf"
"5859",1,"F211",9,"calf"
"5860",1,"F211",10,"calf"
"5861",1,"F211",11,"calf"
"5862",1,"F211",12,"calf"
"5863",1,"F211",13,"calf"
"5864",1,"F211",14,"juvenile"
"5865",1,"F211",15,"juvenile"
"5866",1,"F212",1,"unborn"
"5867",1,"F212",2,"unborn"
"5868",1,"F212",3,"unborn"
"5869",1,"F212",4,"unborn"
"5870",1,"F212",5,"unborn"
"5871",1,"F212",6,"juvenile"
"5872",1,"F212",7,"juvenile"
"5873",1,"F212",8,"juvenile"
"5874",1,"F212",9,"juvenile"
"5875",1,"F212",10,"juvenile"
"5876",1,"F212",11,"juvenile"
"5877",1,"F212",12,"juvenile"
"5878",1,"F212",13,"juvenile"
"5879",1,"F212",14,"adult"
"5880",1,"F212",15,"adult"
"5881",1,"F213",1,"unborn"
"5882",1,"F213",2,"unborn"
"5883",1,"F213",3,"unborn"
"5884",1,"F213",4,"unborn"
"5885",1,"F213",5,"unborn"
"5886",1,"F213",6,"unborn"
"5887",1,"F213",7,"unborn"
"5888",1,"F213",8,"unborn"
"5889",1,"F213",9,"unborn"
"5890",1,"F213",10,"unborn"
"5891",1,"F213",11,"unborn"
"5892",1,"F213",12,"unborn"
"5893",1,"F213",13,"calf"
"5894",1,"F213",14,"juvenile"
"5895",1,"F213",15,"juvenile"
"5896",1,"F214",1,"unborn"
"5897",1,"F214",2,"unborn"
"5898",1,"F214",3,"unborn"
"5899",1,"F214",4,"unborn"
"5900",1,"F214",5,"unborn"
"5901",1,"F214",6,"juvenile"
"5902",1,"F214",7,"juvenile"
"5903",1,"F214",8,"juvenile"
"5904",1,"F214",9,"juvenile"
"5905",1,"F214",10,"juvenile"
"5906",1,"F214",11,"juvenile"
"5907",1,"F214",12,"juvenile"
"5908",1,"F214",13,"juvenile"
"5909",1,"F214",14,"adult"
"5910",1,"F214",15,"adult"
"5911",1,"F215",1,"unborn"
"5912",1,"F215",2,"unborn"
"5913",1,"F215",3,"unborn"
"5914",1,"F215",4,"unborn"
"5915",1,"F215",5,"unborn"
"5916",1,"F215",6,"juvenile"
"5917",1,"F215",7,"juvenile"
"5918",1,"F215",8,"juvenile"
"5919",1,"F215",9,"juvenile"
"5920",1,"F215",10,"juvenile"
"5921",1,"F215",11,"juvenile"
"5922",1,"F215",12,"juvenile"
"5923",1,"F215",13,"juvenile"
"5924",1,"F215",14,"adult"
"5925",1,"F215",15,"adult"
"5926",1,"F216",1,"unborn"
"5927",1,"F216",2,"unborn"
"5928",1,"F216",3,"unborn"
"5929",1,"F216",4,"unborn"
"5930",1,"F216",5,"calf"
"5931",1,"F216",6,"juvenile"
"5932",1,"F216",7,"juvenile"
"5933",1,"F216",8,"juvenile"
"5934",1,"F216",9,"juvenile"
"5935",1,"F216",10,"juvenile"
"5936",1,"F216",11,"juvenile"
"5937",1,"F216",12,"juvenile"
"5938",1,"F216",13,"adult"
"5939",1,"F216",14,"adult"
"5940",1,"F216",15,"adult"
"5941",1,"F217",1,"unborn"
"5942",1,"F217",2,"unborn"
"5943",1,"F217",3,"unborn"
"5944",1,"F217",4,"unborn"
"5945",1,"F217",5,"unborn"
"5946",1,"F217",6,"unborn"
"5947",1,"F217",7,"unborn"
"5948",1,"F217",8,"unborn"
"5949",1,"F217",9,"unborn"
"5950",1,"F217",10,"unborn"
"5951",1,"F217",11,"unborn"
"5952",1,"F217",12,"unborn"
"5953",1,"F217",13,"calf"
"5954",1,"F217",14,"juvenile"
"5955",1,"F217",15,"juvenile"
"5956",1,"F218",1,"unborn"
"5957",1,"F218",2,"unborn"
"5958",1,"F218",3,"unborn"
"5959",1,"F218",4,"unborn"
"5960",1,"F218",5,"unborn"
"5961",1,"F218",6,"juvenile"
"5962",1,"F218",7,"juvenile"
"5963",1,"F218",8,"juvenile"
"5964",1,"F218",9,"juvenile"
"5965",1,"F218",10,"juvenile"
"5966",1,"F218",11,"juvenile"
"5967",1,"F218",12,"juvenile"
"5968",1,"F218",13,"juvenile"
"5969",1,"F218",14,"adult"
"5970",1,"F218",15,"adult"
"5971",1,"F219",1,"unborn"
"5972",1,"F219",2,"unborn"
"5973",1,"F219",3,"calf"
"5974",1,"F219",4,"calf"
"5975",1,"F219",5,"calf"
"5976",1,"F219",6,"adult"
"5977",1,"F219",7,"adult"
"5978",1,"F219",8,"adult"
"5979",1,"F219",9,"adult"
"5980",1,"F219",10,"adult"
"5981",1,"F219",11,"adult"
"5982",1,"F219",12,"adult"
"5983",1,"F219",13,"adult"
"5984",1,"F219",14,"adult"
"5985",1,"F219",15,"adult"
"5986",1,"F220",1,"unborn"
"5987",1,"F220",2,"unborn"
"5988",1,"F220",3,"unborn"
"5989",1,"F220",4,"unborn"
"5990",1,"F220",5,"unborn"
"5991",1,"F220",6,"juvenile"
"5992",1,"F220",7,"juvenile"
"5993",1,"F220",8,"juvenile"
"5994",1,"F220",9,"juvenile"
"5995",1,"F220",10,"juvenile"
"5996",1,"F220",11,"juvenile"
"5997",1,"F220",12,"juvenile"
"5998",1,"F220",13,"juvenile"
"5999",1,"F220",14,"adult"
"6000",1,"F220",15,"adult"
"6001",1,"F221",1,"unborn"
"6002",1,"F221",2,"unborn"
"6003",1,"F221",3,"unborn"
"6004",1,"F221",4,"unborn"
"6005",1,"F221",5,"unborn"
"6006",1,"F221",6,"unborn"
"6007",1,"F221",7,"unborn"
"6008",1,"F221",8,"unborn"
"6009",1,"F221",9,"unborn"
"6010",1,"F221",10,"unborn"
"6011",1,"F221",11,"unborn"
"6012",1,"F221",12,"unborn"
"6013",1,"F221",13,"unborn"
"6014",1,"F221",14,"calf"
"6015",1,"F221",15,"calf"
"6016",1,"F222",1,"unborn"
"6017",1,"F222",2,"unborn"
"6018",1,"F222",3,"unborn"
"6019",1,"F222",4,"unborn"
"6020",1,"F222",5,"unborn"
"6021",1,"F222",6,"juvenile"
"6022",1,"F222",7,"juvenile"
"6023",1,"F222",8,"juvenile"
"6024",1,"F222",9,"juvenile"
"6025",1,"F222",10,"juvenile"
"6026",1,"F222",11,"juvenile"
"6027",1,"F222",12,"juvenile"
"6028",1,"F222",13,"juvenile"
"6029",1,"F222",14,"adult"
"6030",1,"F222",15,"adult"
"6031",1,"F223",1,"unborn"
"6032",1,"F223",2,"unborn"
"6033",1,"F223",3,"unborn"
"6034",1,"F223",4,"unborn"
"6035",1,"F223",5,"unborn"
"6036",1,"F223",6,"calf"
"6037",1,"F223",7,"juvenile"
"6038",1,"F223",8,"juvenile"
"6039",1,"F223",9,"juvenile"
"6040",1,"F223",10,"juvenile"
"6041",1,"F223",11,"juvenile"
"6042",1,"F223",12,"juvenile"
"6043",1,"F223",13,"juvenile"
"6044",1,"F223",14,"adult"
"6045",1,"F223",15,"adult"
"6046",1,"F224",1,"unborn"
"6047",1,"F224",2,"unborn"
"6048",1,"F224",3,"unborn"
"6049",1,"F224",4,"unborn"
"6050",1,"F224",5,"unborn"
"6051",1,"F224",6,"calf"
"6052",1,"F224",7,"calf"
"6053",1,"F224",8,"calf"
"6054",1,"F224",9,"calf"
"6055",1,"F224",10,"calf"
"6056",1,"F224",11,"calf"
"6057",1,"F224",12,"juvenile"
"6058",1,"F224",13,"juvenile"
"6059",1,"F224",14,"adult"
"6060",1,"F224",15,"adult"
"6061",1,"F225",1,"juvenile"
"6062",1,"F225",2,"adult"
"6063",1,"F225",3,"adult"
"6064",1,"F225",4,"adult"
"6065",1,"F225",5,"adult"
"6066",1,"F225",6,"adult"
"6067",1,"F225",7,"adult"
"6068",1,"F225",8,"adult"
"6069",1,"F225",9,"adult"
"6070",1,"F225",10,"adult"
"6071",1,"F225",11,"adult"
"6072",1,"F225",12,"adult"
"6073",1,"F225",13,"adult"
"6074",1,"F225",14,"adult"
"6075",1,"F225",15,"adult"
"6076",1,"F226",1,"unborn"
"6077",1,"F226",2,"unborn"
"6078",1,"F226",3,"unborn"
"6079",1,"F226",4,"unborn"
"6080",1,"F226",5,"unborn"
"6081",1,"F226",6,"calf"
"6082",1,"F226",7,"calf"
"6083",1,"F226",8,"calf"
"6084",1,"F226",9,"calf"
"6085",1,"F226",10,"calf"
"6086",1,"F226",11,"calf"
"6087",1,"F226",12,"juvenile"
"6088",1,"F226",13,"juvenile"
"6089",1,"F226",14,"adult"
"6090",1,"F226",15,"adult"
"6091",1,"F227",1,"unborn"
"6092",1,"F227",2,"unborn"
"6093",1,"F227",3,"unborn"
"6094",1,"F227",4,"unborn"
"6095",1,"F227",5,"unborn"
"6096",1,"F227",6,"unborn"
"6097",1,"F227",7,"calf"
"6098",1,"F227",8,"calf"
"6099",1,"F227",9,"calf"
"6100",1,"F227",10,"calf"
"6101",1,"F227",11,"calf"
"6102",1,"F227",12,"calf"
"6103",1,"F227",13,"calf"
"6104",1,"F227",14,"juvenile"
"6105",1,"F227",15,"juvenile"
"6106",1,"F228",1,"unborn"
"6107",1,"F228",2,"unborn"
"6108",1,"F228",3,"unborn"
"6109",1,"F228",4,"unborn"
"6110",1,"F228",5,"unborn"
"6111",1,"F228",6,"juvenile"
"6112",1,"F228",7,"juvenile"
"6113",1,"F228",8,"juvenile"
"6114",1,"F228",9,"juvenile"
"6115",1,"F228",10,"juvenile"
"6116",1,"F228",11,"juvenile"
"6117",1,"F228",12,"juvenile"
"6118",1,"F228",13,"juvenile"
"6119",1,"F228",14,"adult"
"6120",1,"F228",15,"adult"
"6121",1,"F229",1,"unborn"
"6122",1,"F229",2,"unborn"
"6123",1,"F229",3,"unborn"
"6124",1,"F229",4,"unborn"
"6125",1,"F229",5,"unborn"
"6126",1,"F229",6,"unborn"
"6127",1,"F229",7,"unborn"
"6128",1,"F229",8,"unborn"
"6129",1,"F229",9,"unborn"
"6130",1,"F229",10,"unborn"
"6131",1,"F229",11,"unborn"
"6132",1,"F229",12,"unborn"
"6133",1,"F229",13,"unborn"
"6134",1,"F229",14,"calf"
"6135",1,"F229",15,"juvenile"
"6136",1,"F230",1,"unborn"
"6137",1,"F230",2,"unborn"
"6138",1,"F230",3,"unborn"
"6139",1,"F230",4,"unborn"
"6140",1,"F230",5,"unborn"
"6141",1,"F230",6,"calf"
"6142",1,"F230",7,"calf"
"6143",1,"F230",8,"calf"
"6144",1,"F230",9,"calf"
"6145",1,"F230",10,"calf"
"6146",1,"F230",11,"calf"
"6147",1,"F230",12,"juvenile"
"6148",1,"F230",13,"juvenile"
"6149",1,"F230",14,"adult"
"6150",1,"F230",15,"adult"
"6151",1,"F231",1,"adult"
"6152",1,"F231",2,"adult"
"6153",1,"F231",3,"adult"
"6154",1,"F231",4,"adult"
"6155",1,"F231",5,"adult"
"6156",1,"F231",6,"adult"
"6157",1,"F231",7,"adult"
"6158",1,"F231",8,"adult"
"6159",1,"F231",9,"adult"
"6160",1,"F231",10,"adult"
"6161",1,"F231",11,"adult"
"6162",1,"F231",12,"adult"
"6163",1,"F231",13,"adult"
"6164",1,"F231",14,"adult"
"6165",1,"F231",15,"adult"
"6166",1,"F232",1,"unborn"
"6167",1,"F232",2,"unborn"
"6168",1,"F232",3,"unborn"
"6169",1,"F232",4,"unborn"
"6170",1,"F232",5,"unborn"
"6171",1,"F232",6,"calf"
"6172",1,"F232",7,"calf"
"6173",1,"F232",8,"calf"
"6174",1,"F232",9,"calf"
"6175",1,"F232",10,"calf"
"6176",1,"F232",11,"calf"
"6177",1,"F232",12,"juvenile"
"6178",1,"F232",13,"juvenile"
"6179",1,"F232",14,"adult"
"6180",1,"F232",15,"adult"
"6181",1,"F233",1,"unborn"
"6182",1,"F233",2,"unborn"
"6183",1,"F233",3,"unborn"
"6184",1,"F233",4,"unborn"
"6185",1,"F233",5,"unborn"
"6186",1,"F233",6,"unborn"
"6187",1,"F233",7,"unborn"
"6188",1,"F233",8,"unborn"
"6189",1,"F233",9,"unborn"
"6190",1,"F233",10,"unborn"
"6191",1,"F233",11,"unborn"
"6192",1,"F233",12,"unborn"
"6193",1,"F233",13,"unborn"
"6194",1,"F233",14,"calf"
"6195",1,"F233",15,"calf"
"6196",1,"F234",1,"unborn"
"6197",1,"F234",2,"unborn"
"6198",1,"F234",3,"unborn"
"6199",1,"F234",4,"unborn"
"6200",1,"F234",5,"unborn"
"6201",1,"F234",6,"juvenile"
"6202",1,"F234",7,"juvenile"
"6203",1,"F234",8,"juvenile"
"6204",1,"F234",9,"juvenile"
"6205",1,"F234",10,"juvenile"
"6206",1,"F234",11,"juvenile"
"6207",1,"F234",12,"juvenile"
"6208",1,"F234",13,"juvenile"
"6209",1,"F234",14,"adult"
"6210",1,"F234",15,"adult"
"6211",1,"F235",1,"unborn"
"6212",1,"F235",2,"unborn"
"6213",1,"F235",3,"unborn"
"6214",1,"F235",4,"unborn"
"6215",1,"F235",5,"unborn"
"6216",1,"F235",6,"unborn"
"6217",1,"F235",7,"unborn"
"6218",1,"F235",8,"unborn"
"6219",1,"F235",9,"unborn"
"6220",1,"F235",10,"unborn"
"6221",1,"F235",11,"unborn"
"6222",1,"F235",12,"unborn"
"6223",1,"F235",13,"unborn"
"6224",1,"F235",14,"calf"
"6225",1,"F235",15,"calf"
"6226",1,"F236",1,"unborn"
"6227",1,"F236",2,"calf"
"6228",1,"F236",3,"calf"
"6229",1,"F236",4,"calf"
"6230",1,"F236",5,"juvenile"
"6231",1,"F236",6,"adult"
"6232",1,"F236",7,"adult"
"6233",1,"F236",8,"adult"
"6234",1,"F236",9,"adult"
"6235",1,"F236",10,"adult"
"6236",1,"F236",11,"adult"
"6237",1,"F236",12,"adult"
"6238",1,"F236",13,"adult"
"6239",1,"F236",14,"adult"
"6240",1,"F236",15,"adult"
"6241",1,"F237",1,"adult"
"6242",1,"F237",2,"adult"
"6243",1,"F237",3,"adult"
"6244",1,"F237",4,"adult"
"6245",1,"F237",5,"adult"
"6246",1,"F237",6,"adult"
"6247",1,"F237",7,"adult"
"6248",1,"F237",8,"adult"
"6249",1,"F237",9,"adult"
"6250",1,"F237",10,"adult"
"6251",1,"F237",11,"adult"
"6252",1,"F237",12,"adult"
"6253",1,"F237",13,"adult"
"6254",1,"F237",14,"adult"
"6255",1,"F237",15,"adult"
"6256",1,"F238",1,"unborn"
"6257",1,"F238",2,"unborn"
"6258",1,"F238",3,"unborn"
"6259",1,"F238",4,"unborn"
"6260",1,"F238",5,"unborn"
"6261",1,"F238",6,"calf"
"6262",1,"F238",7,"calf"
"6263",1,"F238",8,"calf"
"6264",1,"F238",9,"calf"
"6265",1,"F238",10,"calf"
"6266",1,"F238",11,"calf"
"6267",1,"F238",12,"juvenile"
"6268",1,"F238",13,"juvenile"
"6269",1,"F238",14,"adult"
"6270",1,"F238",15,"adult"
"6271",1,"F239",1,"unborn"
"6272",1,"F239",2,"unborn"
"6273",1,"F239",3,"unborn"
"6274",1,"F239",4,"unborn"
"6275",1,"F239",5,"unborn"
"6276",1,"F239",6,"unborn"
"6277",1,"F239",7,"unborn"
"6278",1,"F239",8,"unborn"
"6279",1,"F239",9,"unborn"
"6280",1,"F239",10,"unborn"
"6281",1,"F239",11,"unborn"
"6282",1,"F239",12,"unborn"
"6283",1,"F239",13,"unborn"
"6284",1,"F239",14,"calf"
"6285",1,"F239",15,"calf"
"6286",1,"F240",1,"unborn"
"6287",1,"F240",2,"unborn"
"6288",1,"F240",3,"unborn"
"6289",1,"F240",4,"unborn"
"6290",1,"F240",5,"unborn"
"6291",1,"F240",6,"calf"
"6292",1,"F240",7,"calf"
"6293",1,"F240",8,"calf"
"6294",1,"F240",9,"calf"
"6295",1,"F240",10,"calf"
"6296",1,"F240",11,"calf"
"6297",1,"F240",12,"calf"
"6298",1,"F240",13,"calf"
"6299",1,"F240",14,"juvenile"
"6300",1,"F240",15,"juvenile"
"6301",1,"F241",1,"unborn"
"6302",1,"F241",2,"unborn"
"6303",1,"F241",3,"unborn"
"6304",1,"F241",4,"unborn"
"6305",1,"F241",5,"unborn"
"6306",1,"F241",6,"unborn"
"6307",1,"F241",7,"unborn"
"6308",1,"F241",8,"unborn"
"6309",1,"F241",9,"unborn"
"6310",1,"F241",10,"unborn"
"6311",1,"F241",11,"unborn"
"6312",1,"F241",12,"unborn"
"6313",1,"F241",13,"calf"
"6314",1,"F241",14,"juvenile"
"6315",1,"F241",15,"juvenile"
"6316",1,"F242",1,"calf"
"6317",1,"F242",2,"juvenile"
"6318",1,"F242",3,"juvenile"
"6319",1,"F242",4,"juvenile"
"6320",1,"F242",5,"juvenile"
"6321",1,"F242",6,"adult"
"6322",1,"F242",7,"adult"
"6323",1,"F242",8,"adult"
"6324",1,"F242",9,"adult"
"6325",1,"F242",10,"adult"
"6326",1,"F242",11,"adult"
"6327",1,"F242",12,"adult"
"6328",1,"F242",13,"adult"
"6329",1,"F242",14,"adult"
"6330",1,"F242",15,"adult"
"6331",1,"F243",1,"unborn"
"6332",1,"F243",2,"unborn"
"6333",1,"F243",3,"unborn"
"6334",1,"F243",4,"unborn"
"6335",1,"F243",5,"unborn"
"6336",1,"F243",6,"unborn"
"6337",1,"F243",7,"unborn"
"6338",1,"F243",8,"unborn"
"6339",1,"F243",9,"unborn"
"6340",1,"F243",10,"unborn"
"6341",1,"F243",11,"unborn"
"6342",1,"F243",12,"unborn"
"6343",1,"F243",13,"unborn"
"6344",1,"F243",14,"unborn"
"6345",1,"F243",15,"calf"
"6346",1,"F244",1,"unborn"
"6347",1,"F244",2,"unborn"
"6348",1,"F244",3,"unborn"
"6349",1,"F244",4,"unborn"
"6350",1,"F244",5,"unborn"
"6351",1,"F244",6,"calf"
"6352",1,"F244",7,"calf"
"6353",1,"F244",8,"calf"
"6354",1,"F244",9,"calf"
"6355",1,"F244",10,"calf"
"6356",1,"F244",11,"calf"
"6357",1,"F244",12,"calf"
"6358",1,"F244",13,"calf"
"6359",1,"F244",14,"juvenile"
"6360",1,"F244",15,"juvenile"
"6361",1,"F245",1,"unborn"
"6362",1,"F245",2,"unborn"
"6363",1,"F245",3,"unborn"
"6364",1,"F245",4,"unborn"
"6365",1,"F245",5,"unborn"
"6366",1,"F245",6,"unborn"
"6367",1,"F245",7,"unborn"
"6368",1,"F245",8,"unborn"
"6369",1,"F245",9,"unborn"
"6370",1,"F245",10,"unborn"
"6371",1,"F245",11,"unborn"
"6372",1,"F245",12,"unborn"
"6373",1,"F245",13,"unborn"
"6374",1,"F245",14,"unborn"
"6375",1,"F245",15,"calf"
"6376",1,"F246",1,"unborn"
"6377",1,"F246",2,"unborn"
"6378",1,"F246",3,"unborn"
"6379",1,"F246",4,"unborn"
"6380",1,"F246",5,"unborn"
"6381",1,"F246",6,"calf"
"6382",1,"F246",7,"calf"
"6383",1,"F246",8,"calf"
"6384",1,"F246",9,"calf"
"6385",1,"F246",10,"calf"
"6386",1,"F246",11,"calf"
"6387",1,"F246",12,"calf"
"6388",1,"F246",13,"calf"
"6389",1,"F246",14,"juvenile"
"6390",1,"F246",15,"juvenile"
"6391",1,"F247",1,"unborn"
"6392",1,"F247",2,"unborn"
"6393",1,"F247",3,"unborn"
"6394",1,"F247",4,"unborn"
"6395",1,"F247",5,"unborn"
"6396",1,"F247",6,"unborn"
"6397",1,"F247",7,"unborn"
"6398",1,"F247",8,"unborn"
"6399",1,"F247",9,"unborn"
"6400",1,"F247",10,"unborn"
"6401",1,"F247",11,"unborn"
"6402",1,"F247",12,"unborn"
"6403",1,"F247",13,"unborn"
"6404",1,"F247",14,"unborn"
"6405",1,"F247",15,"calf"
"6406",1,"F248",1,"unborn"
"6407",1,"F248",2,"unborn"
"6408",1,"F248",3,"unborn"
"6409",1,"F248",4,"unborn"
"6410",1,"F248",5,"calf"
"6411",1,"F248",6,"juvenile"
"6412",1,"F248",7,"juvenile"
"6413",1,"F248",8,"juvenile"
"6414",1,"F248",9,"juvenile"
"6415",1,"F248",10,"juvenile"
"6416",1,"F248",11,"juvenile"
"6417",1,"F248",12,"juvenile"
"6418",1,"F248",13,"adult"
"6419",1,"F248",14,"adult"
"6420",1,"F248",15,"adult"
"6421",1,"F249",1,"unborn"
"6422",1,"F249",2,"unborn"
"6423",1,"F249",3,"unborn"
"6424",1,"F249",4,"unborn"
"6425",1,"F249",5,"unborn"
"6426",1,"F249",6,"unborn"
"6427",1,"F249",7,"unborn"
"6428",1,"F249",8,"unborn"
"6429",1,"F249",9,"unborn"
"6430",1,"F249",10,"unborn"
"6431",1,"F249",11,"unborn"
"6432",1,"F249",12,"unborn"
"6433",1,"F249",13,"unborn"
"6434",1,"F249",14,"calf"
"6435",1,"F249",15,"calf"
"6436",1,"F250",1,"unborn"
"6437",1,"F250",2,"unborn"
"6438",1,"F250",3,"unborn"
"6439",1,"F250",4,"unborn"
"6440",1,"F250",5,"unborn"
"6441",1,"F250",6,"unborn"
"6442",1,"F250",7,"calf"
"6443",1,"F250",8,"calf"
"6444",1,"F250",9,"calf"
"6445",1,"F250",10,"calf"
"6446",1,"F250",11,"calf"
"6447",1,"F250",12,"calf"
"6448",1,"F250",13,"calf"
"6449",1,"F250",14,"juvenile"
"6450",1,"F250",15,"juvenile"
"6451",1,"F252",1,"unborn"
"6452",1,"F252",2,"unborn"
"6453",1,"F252",3,"unborn"
"6454",1,"F252",4,"unborn"
"6455",1,"F252",5,"unborn"
"6456",1,"F252",6,"unborn"
"6457",1,"F252",7,"unborn"
"6458",1,"F252",8,"unborn"
"6459",1,"F252",9,"unborn"
"6460",1,"F252",10,"unborn"
"6461",1,"F252",11,"unborn"
"6462",1,"F252",12,"calf"
"6463",1,"F252",13,"calf"
"6464",1,"F252",14,"juvenile"
"6465",1,"F252",15,"juvenile"
"6466",1,"F254",1,"juvenile"
"6467",1,"F254",2,"juvenile"
"6468",1,"F254",3,"juvenile"
"6469",1,"F254",4,"juvenile"
"6470",1,"F254",5,"adult"
"6471",1,"F254",6,"adult"
"6472",1,"F254",7,"adult"
"6473",1,"F254",8,"adult"
"6474",1,"F254",9,"adult"
"6475",1,"F254",10,"adult"
"6476",1,"F254",11,"adult"
"6477",1,"F254",12,"adult"
"6478",1,"F254",13,"adult"
"6479",1,"F254",14,"adult"
"6480",1,"F254",15,"adult"
"6481",1,"F256",1,"unborn"
"6482",1,"F256",2,"unborn"
"6483",1,"F256",3,"unborn"
"6484",1,"F256",4,"unborn"
"6485",1,"F256",5,"unborn"
"6486",1,"F256",6,"unborn"
"6487",1,"F256",7,"unborn"
"6488",1,"F256",8,"unborn"
"6489",1,"F256",9,"unborn"
"6490",1,"F256",10,"unborn"
"6491",1,"F256",11,"unborn"
"6492",1,"F256",12,"unborn"
"6493",1,"F256",13,"calf"
"6494",1,"F256",14,"juvenile"
"6495",1,"F256",15,"juvenile"
"6496",1,"F258",1,"calf"
"6497",1,"F258",2,"calf"
"6498",1,"F258",3,"calf"
"6499",1,"F258",4,"juvenile"
"6500",1,"F258",5,"juvenile"
"6501",1,"F258",6,"adult"
"6502",1,"F258",7,"adult"
"6503",1,"F258",8,"adult"
"6504",1,"F258",9,"adult"
"6505",1,"F258",10,"adult"
"6506",1,"F258",11,"adult"
"6507",1,"F258",12,"adult"
"6508",1,"F258",13,"adult"
"6509",1,"F258",14,"adult"
"6510",1,"F258",15,"adult"
"6511",1,"F260",1,"unborn"
"6512",1,"F260",2,"unborn"
"6513",1,"F260",3,"unborn"
"6514",1,"F260",4,"unborn"
"6515",1,"F260",5,"unborn"
"6516",1,"F260",6,"unborn"
"6517",1,"F260",7,"unborn"
"6518",1,"F260",8,"unborn"
"6519",1,"F260",9,"unborn"
"6520",1,"F260",10,"unborn"
"6521",1,"F260",11,"unborn"
"6522",1,"F260",12,"unborn"
"6523",1,"F260",13,"unborn"
"6524",1,"F260",14,"calf"
"6525",1,"F260",15,"juvenile"
"6526",1,"F262",1,"unborn"
"6527",1,"F262",2,"unborn"
"6528",1,"F262",3,"unborn"
"6529",1,"F262",4,"unborn"
"6530",1,"F262",5,"unborn"
"6531",1,"F262",6,"unborn"
"6532",1,"F262",7,"unborn"
"6533",1,"F262",8,"unborn"
"6534",1,"F262",9,"unborn"
"6535",1,"F262",10,"unborn"
"6536",1,"F262",11,"unborn"
"6537",1,"F262",12,"calf"
"6538",1,"F262",13,"calf"
"6539",1,"F262",14,"juvenile"
"6540",1,"F262",15,"juvenile"
"6541",1,"F264",1,"unborn"
"6542",1,"F264",2,"unborn"
"6543",1,"F264",3,"unborn"
"6544",1,"F264",4,"unborn"
"6545",1,"F264",5,"unborn"
"6546",1,"F264",6,"unborn"
"6547",1,"F264",7,"unborn"
"6548",1,"F264",8,"unborn"
"6549",1,"F264",9,"unborn"
"6550",1,"F264",10,"unborn"
"6551",1,"F264",11,"unborn"
"6552",1,"F264",12,"unborn"
"6553",1,"F264",13,"unborn"
"6554",1,"F264",14,"calf"
"6555",1,"F264",15,"juvenile"
"6556",1,"F266",1,"unborn"
"6557",1,"F266",2,"unborn"
"6558",1,"F266",3,"unborn"
"6559",1,"F266",4,"unborn"
"6560",1,"F266",5,"unborn"
"6561",1,"F266",6,"unborn"
"6562",1,"F266",7,"unborn"
"6563",1,"F266",8,"unborn"
"6564",1,"F266",9,"unborn"
"6565",1,"F266",10,"unborn"
"6566",1,"F266",11,"unborn"
"6567",1,"F266",12,"unborn"
"6568",1,"F266",13,"calf"
"6569",1,"F266",14,"juvenile"
"6570",1,"F266",15,"juvenile"
"6571",1,"F268",1,"calf"
"6572",1,"F268",2,"calf"
"6573",1,"F268",3,"calf"
"6574",1,"F268",4,"juvenile"
"6575",1,"F268",5,"juvenile"
"6576",1,"F268",6,"adult"
"6577",1,"F268",7,"adult"
"6578",1,"F268",8,"adult"
"6579",1,"F268",9,"adult"
"6580",1,"F268",10,"adult"
"6581",1,"F268",11,"adult"
"6582",1,"F268",12,"adult"
"6583",1,"F268",13,"adult"
"6584",1,"F268",14,"adult"
"6585",1,"F268",15,"adult"
"6586",1,"F270",1,"unborn"
"6587",1,"F270",2,"unborn"
"6588",1,"F270",3,"unborn"
"6589",1,"F270",4,"unborn"
"6590",1,"F270",5,"unborn"
"6591",1,"F270",6,"unborn"
"6592",1,"F270",7,"unborn"
"6593",1,"F270",8,"unborn"
"6594",1,"F270",9,"unborn"
"6595",1,"F270",10,"unborn"
"6596",1,"F270",11,"unborn"
"6597",1,"F270",12,"unborn"
"6598",1,"F270",13,"unborn"
"6599",1,"F270",14,"calf"
"6600",1,"F270",15,"calf"
"6601",1,"F272",1,"unborn"
"6602",1,"F272",2,"unborn"
"6603",1,"F272",3,"unborn"
"6604",1,"F272",4,"unborn"
"6605",1,"F272",5,"unborn"
"6606",1,"F272",6,"unborn"
"6607",1,"F272",7,"unborn"
"6608",1,"F272",8,"unborn"
"6609",1,"F272",9,"unborn"
"6610",1,"F272",10,"unborn"
"6611",1,"F272",11,"unborn"
"6612",1,"F272",12,"unborn"
"6613",1,"F272",13,"unborn"
"6614",1,"F272",14,"calf"
"6615",1,"F272",15,"calf"
"6616",1,"F274",1,"unborn"
"6617",1,"F274",2,"unborn"
"6618",1,"F274",3,"unborn"
"6619",1,"F274",4,"unborn"
"6620",1,"F274",5,"unborn"
"6621",1,"F274",6,"unborn"
"6622",1,"F274",7,"unborn"
"6623",1,"F274",8,"unborn"
"6624",1,"F274",9,"unborn"
"6625",1,"F274",10,"unborn"
"6626",1,"F274",11,"unborn"
"6627",1,"F274",12,"unborn"
"6628",1,"F274",13,"unborn"
"6629",1,"F274",14,"calf"
"6630",1,"F274",15,"calf"
"6631",1,"F276",1,"calf"
"6632",1,"F276",2,"calf"
"6633",1,"F276",3,"calf"
"6634",1,"F276",4,"juvenile"
"6635",1,"F276",5,"juvenile"
"6636",1,"F276",6,"adult"
"6637",1,"F276",7,"adult"
"6638",1,"F276",8,"adult"
"6639",1,"F276",9,"adult"
"6640",1,"F276",10,"adult"
"6641",1,"F276",11,"adult"
"6642",1,"F276",12,"adult"
"6643",1,"F276",13,"adult"
"6644",1,"F276",14,"adult"
"6645",1,"F276",15,"adult"
"6646",1,"F278",1,"unborn"
"6647",1,"F278",2,"unborn"
"6648",1,"F278",3,"unborn"
"6649",1,"F278",4,"unborn"
"6650",1,"F278",5,"unborn"
"6651",1,"F278",6,"unborn"
"6652",1,"F278",7,"unborn"
"6653",1,"F278",8,"unborn"
"6654",1,"F278",9,"unborn"
"6655",1,"F278",10,"unborn"
"6656",1,"F278",11,"unborn"
"6657",1,"F278",12,"unborn"
"6658",1,"F278",13,"unborn"
"6659",1,"F278",14,"calf"
"6660",1,"F278",15,"calf"
"6661",1,"F280",1,"unborn"
"6662",1,"F280",2,"unborn"
"6663",1,"F280",3,"unborn"
"6664",1,"F280",4,"unborn"
"6665",1,"F280",5,"unborn"
"6666",1,"F280",6,"unborn"
"6667",1,"F280",7,"unborn"
"6668",1,"F280",8,"unborn"
"6669",1,"F280",9,"unborn"
"6670",1,"F280",10,"unborn"
"6671",1,"F280",11,"unborn"
"6672",1,"F280",12,"unborn"
"6673",1,"F280",13,"unborn"
"6674",1,"F280",14,"calf"
"6675",1,"F280",15,"calf"
"6676",1,"F282",1,"unborn"
"6677",1,"F282",2,"unborn"
"6678",1,"F282",3,"unborn"
"6679",1,"F282",4,"unborn"
"6680",1,"F282",5,"unborn"
"6681",1,"F282",6,"unborn"
"6682",1,"F282",7,"unborn"
"6683",1,"F282",8,"unborn"
"6684",1,"F282",9,"unborn"
"6685",1,"F282",10,"unborn"
"6686",1,"F282",11,"unborn"
"6687",1,"F282",12,"unborn"
"6688",1,"F282",13,"unborn"
"6689",1,"F282",14,"calf"
"6690",1,"F282",15,"juvenile"
"6691",1,"F284",1,"unborn"
"6692",1,"F284",2,"unborn"
"6693",1,"F284",3,"unborn"
"6694",1,"F284",4,"unborn"
"6695",1,"F284",5,"unborn"
"6696",1,"F284",6,"unborn"
"6697",1,"F284",7,"unborn"
"6698",1,"F284",8,"unborn"
"6699",1,"F284",9,"unborn"
"6700",1,"F284",10,"unborn"
"6701",1,"F284",11,"unborn"
"6702",1,"F284",12,"unborn"
"6703",1,"F284",13,"unborn"
"6704",1,"F284",14,"calf"
"6705",1,"F284",15,"calf"
"6706",1,"F301",1,"juvenile"
"6707",1,"F301",2,"adult"
"6708",1,"F301",3,"adult"
"6709",1,"F301",4,"adult"
"6710",1,"F301",5,"adult"
"6711",1,"F301",6,"adult"
"6712",1,"F301",7,"adult"
"6713",1,"F301",8,"adult"
"6714",1,"F301",9,"adult"
"6715",1,"F301",10,"adult"
"6716",1,"F301",11,"adult"
"6717",1,"F301",12,"adult"
"6718",1,"F301",13,"adult"
"6719",1,"F301",14,"adult"
"6720",1,"F301",15,"adult"
"6721",1,"FAST",1,"juvenile"
"6722",1,"FAST",2,"adult"
"6723",1,"FAST",3,"adult"
"6724",1,"FAST",4,"adult"
"6725",1,"FAST",5,"adult"
"6726",1,"FAST",6,"adult"
"6727",1,"FAST",7,"adult"
"6728",1,"FAST",8,"adult"
"6729",1,"FAST",9,"adult"
"6730",1,"FAST",10,"adult"
"6731",1,"FAST",11,"adult"
"6732",1,"FAST",12,"adult"
"6733",1,"FAST",13,"adult"
"6734",1,"FAST",14,"adult"
"6735",1,"FAST",15,"adult"
"6736",1,"FB01",1,"calf"
"6737",1,"FB01",2,"calf"
"6738",1,"FB01",3,"juvenile"
"6739",1,"FB01",4,"juvenile"
"6740",1,"FB01",5,"juvenile"
"6741",1,"FB01",6,"adult"
"6742",1,"FB01",7,"adult"
"6743",1,"FB01",8,"adult"
"6744",1,"FB01",9,"adult"
"6745",1,"FB01",10,"adult"
"6746",1,"FB01",11,"adult"
"6747",1,"FB01",12,"adult"
"6748",1,"FB01",13,"adult"
"6749",1,"FB01",14,"adult"
"6750",1,"FB01",15,"adult"
"6751",1,"FB02",1,"calf"
"6752",1,"FB02",2,"calf"
"6753",1,"FB02",3,"juvenile"
"6754",1,"FB02",4,"juvenile"
"6755",1,"FB02",5,"juvenile"
"6756",1,"FB02",6,"adult"
"6757",1,"FB02",7,"adult"
"6758",1,"FB02",8,"adult"
"6759",1,"FB02",9,"adult"
"6760",1,"FB02",10,"adult"
"6761",1,"FB02",11,"adult"
"6762",1,"FB02",12,"adult"
"6763",1,"FB02",13,"adult"
"6764",1,"FB02",14,"adult"
"6765",1,"FB02",15,"adult"
"6766",1,"FB03",1,"juvenile"
"6767",1,"FB03",2,"juvenile"
"6768",1,"FB03",3,"juvenile"
"6769",1,"FB03",4,"juvenile"
"6770",1,"FB03",5,"adult"
"6771",1,"FB03",6,"adult"
"6772",1,"FB03",7,"adult"
"6773",1,"FB03",8,"adult"
"6774",1,"FB03",9,"adult"
"6775",1,"FB03",10,"adult"
"6776",1,"FB03",11,"adult"
"6777",1,"FB03",12,"adult"
"6778",1,"FB03",13,"adult"
"6779",1,"FB03",14,"adult"
"6780",1,"FB03",15,"adult"
"6781",1,"FB05",1,"adult"
"6782",1,"FB05",2,"adult"
"6783",1,"FB05",3,"adult"
"6784",1,"FB05",4,"adult"
"6785",1,"FB05",5,"adult"
"6786",1,"FB05",6,"adult"
"6787",1,"FB05",7,"adult"
"6788",1,"FB05",8,"adult"
"6789",1,"FB05",9,"adult"
"6790",1,"FB05",10,"adult"
"6791",1,"FB05",11,"adult"
"6792",1,"FB05",12,"adult"
"6793",1,"FB05",13,"adult"
"6794",1,"FB05",14,"adult"
"6795",1,"FB05",15,"adult"
"6796",1,"FB06",1,"adult"
"6797",1,"FB06",2,"adult"
"6798",1,"FB06",3,"adult"
"6799",1,"FB06",4,"adult"
"6800",1,"FB06",5,"adult"
"6801",1,"FB06",6,"adult"
"6802",1,"FB06",7,"adult"
"6803",1,"FB06",8,"adult"
"6804",1,"FB06",9,"adult"
"6805",1,"FB06",10,"adult"
"6806",1,"FB06",11,"adult"
"6807",1,"FB06",12,"adult"
"6808",1,"FB06",13,"adult"
"6809",1,"FB06",14,"adult"
"6810",1,"FB06",15,"adult"
"6811",1,"FB07",1,"adult"
"6812",1,"FB07",2,"adult"
"6813",1,"FB07",3,"adult"
"6814",1,"FB07",4,"adult"
"6815",1,"FB07",5,"adult"
"6816",1,"FB07",6,"adult"
"6817",1,"FB07",7,"adult"
"6818",1,"FB07",8,"adult"
"6819",1,"FB07",9,"adult"
"6820",1,"FB07",10,"adult"
"6821",1,"FB07",11,"adult"
"6822",1,"FB07",12,"adult"
"6823",1,"FB07",13,"adult"
"6824",1,"FB07",14,"adult"
"6825",1,"FB07",15,"adult"
"6826",1,"FB09",1,"adult"
"6827",1,"FB09",2,"adult"
"6828",1,"FB09",3,"adult"
"6829",1,"FB09",4,"adult"
"6830",1,"FB09",5,"adult"
"6831",1,"FB09",6,"adult"
"6832",1,"FB09",7,"adult"
"6833",1,"FB09",8,"adult"
"6834",1,"FB09",9,"adult"
"6835",1,"FB09",10,"adult"
"6836",1,"FB09",11,"adult"
"6837",1,"FB09",12,"adult"
"6838",1,"FB09",13,"adult"
"6839",1,"FB09",14,"adult"
"6840",1,"FB09",15,"adult"
"6841",1,"FB10",1,"adult"
"6842",1,"FB10",2,"adult"
"6843",1,"FB10",3,"adult"
"6844",1,"FB10",4,"adult"
"6845",1,"FB10",5,"adult"
"6846",1,"FB10",6,"adult"
"6847",1,"FB10",7,"adult"
"6848",1,"FB10",8,"adult"
"6849",1,"FB10",9,"adult"
"6850",1,"FB10",10,"adult"
"6851",1,"FB10",11,"adult"
"6852",1,"FB10",12,"adult"
"6853",1,"FB10",13,"adult"
"6854",1,"FB10",14,"adult"
"6855",1,"FB10",15,"adult"
"6856",1,"FB11",1,"adult"
"6857",1,"FB11",2,"adult"
"6858",1,"FB11",3,"adult"
"6859",1,"FB11",4,"adult"
"6860",1,"FB11",5,"adult"
"6861",1,"FB11",6,"adult"
"6862",1,"FB11",7,"adult"
"6863",1,"FB11",8,"adult"
"6864",1,"FB11",9,"adult"
"6865",1,"FB11",10,"adult"
"6866",1,"FB11",11,"adult"
"6867",1,"FB11",12,"adult"
"6868",1,"FB11",13,"adult"
"6869",1,"FB11",14,"adult"
"6870",1,"FB11",15,"adult"
"6871",1,"FB12",1,"adult"
"6872",1,"FB12",2,"adult"
"6873",1,"FB12",3,"adult"
"6874",1,"FB12",4,"adult"
"6875",1,"FB12",5,"adult"
"6876",1,"FB12",6,"adult"
"6877",1,"FB12",7,"adult"
"6878",1,"FB12",8,"adult"
"6879",1,"FB12",9,"adult"
"6880",1,"FB12",10,"adult"
"6881",1,"FB12",11,"adult"
"6882",1,"FB12",12,"adult"
"6883",1,"FB12",13,"adult"
"6884",1,"FB12",14,"adult"
"6885",1,"FB12",15,"adult"
"6886",1,"FB13",1,"adult"
"6887",1,"FB13",2,"adult"
"6888",1,"FB13",3,"adult"
"6889",1,"FB13",4,"adult"
"6890",1,"FB13",5,"adult"
"6891",1,"FB13",6,"adult"
"6892",1,"FB13",7,"adult"
"6893",1,"FB13",8,"adult"
"6894",1,"FB13",9,"adult"
"6895",1,"FB13",10,"adult"
"6896",1,"FB13",11,"adult"
"6897",1,"FB13",12,"adult"
"6898",1,"FB13",13,"adult"
"6899",1,"FB13",14,"adult"
"6900",1,"FB13",15,"adult"
"6901",1,"FB14",1,"adult"
"6902",1,"FB14",2,"adult"
"6903",1,"FB14",3,"adult"
"6904",1,"FB14",4,"adult"
"6905",1,"FB14",5,"adult"
"6906",1,"FB14",6,"adult"
"6907",1,"FB14",7,"adult"
"6908",1,"FB14",8,"adult"
"6909",1,"FB14",9,"adult"
"6910",1,"FB14",10,"adult"
"6911",1,"FB14",11,"adult"
"6912",1,"FB14",12,"adult"
"6913",1,"FB14",13,"adult"
"6914",1,"FB14",14,"adult"
"6915",1,"FB14",15,"adult"
"6916",1,"FB15",1,"adult"
"6917",1,"FB15",2,"adult"
"6918",1,"FB15",3,"adult"
"6919",1,"FB15",4,"adult"
"6920",1,"FB15",5,"adult"
"6921",1,"FB15",6,"adult"
"6922",1,"FB15",7,"adult"
"6923",1,"FB15",8,"adult"
"6924",1,"FB15",9,"adult"
"6925",1,"FB15",10,"adult"
"6926",1,"FB15",11,"adult"
"6927",1,"FB15",12,"adult"
"6928",1,"FB15",13,"adult"
"6929",1,"FB15",14,"adult"
"6930",1,"FB15",15,"adult"
"6931",1,"FB17",1,"adult"
"6932",1,"FB17",2,"adult"
"6933",1,"FB17",3,"adult"
"6934",1,"FB17",4,"adult"
"6935",1,"FB17",5,"adult"
"6936",1,"FB17",6,"adult"
"6937",1,"FB17",7,"adult"
"6938",1,"FB17",8,"adult"
"6939",1,"FB17",9,"adult"
"6940",1,"FB17",10,"adult"
"6941",1,"FB17",11,"adult"
"6942",1,"FB17",12,"adult"
"6943",1,"FB17",13,"adult"
"6944",1,"FB17",14,"adult"
"6945",1,"FB17",15,"adult"
"6946",1,"FB20",1,"juvenile"
"6947",1,"FB20",2,"juvenile"
"6948",1,"FB20",3,"juvenile"
"6949",1,"FB20",4,"juvenile"
"6950",1,"FB20",5,"adult"
"6951",1,"FB20",6,"adult"
"6952",1,"FB20",7,"adult"
"6953",1,"FB20",8,"adult"
"6954",1,"FB20",9,"adult"
"6955",1,"FB20",10,"adult"
"6956",1,"FB20",11,"adult"
"6957",1,"FB20",12,"adult"
"6958",1,"FB20",13,"adult"
"6959",1,"FB20",14,"adult"
"6960",1,"FB20",15,"adult"
"6961",1,"FB23",1,"juvenile"
"6962",1,"FB23",2,"juvenile"
"6963",1,"FB23",3,"juvenile"
"6964",1,"FB23",4,"juvenile"
"6965",1,"FB23",5,"adult"
"6966",1,"FB23",6,"adult"
"6967",1,"FB23",7,"adult"
"6968",1,"FB23",8,"adult"
"6969",1,"FB23",9,"adult"
"6970",1,"FB23",10,"adult"
"6971",1,"FB23",11,"adult"
"6972",1,"FB23",12,"adult"
"6973",1,"FB23",13,"adult"
"6974",1,"FB23",14,"adult"
"6975",1,"FB23",15,"adult"
"6976",1,"FB24",1,"juvenile"
"6977",1,"FB24",2,"juvenile"
"6978",1,"FB24",3,"juvenile"
"6979",1,"FB24",4,"juvenile"
"6980",1,"FB24",5,"adult"
"6981",1,"FB24",6,"adult"
"6982",1,"FB24",7,"adult"
"6983",1,"FB24",8,"adult"
"6984",1,"FB24",9,"adult"
"6985",1,"FB24",10,"adult"
"6986",1,"FB24",11,"adult"
"6987",1,"FB24",12,"adult"
"6988",1,"FB24",13,"adult"
"6989",1,"FB24",14,"adult"
"6990",1,"FB24",15,"adult"
"6991",1,"FB25",1,"adult"
"6992",1,"FB25",2,"adult"
"6993",1,"FB25",3,"adult"
"6994",1,"FB25",4,"adult"
"6995",1,"FB25",5,"adult"
"6996",1,"FB25",6,"adult"
"6997",1,"FB25",7,"adult"
"6998",1,"FB25",8,"adult"
"6999",1,"FB25",9,"adult"
"7000",1,"FB25",10,"adult"
"7001",1,"FB25",11,"adult"
"7002",1,"FB25",12,"adult"
"7003",1,"FB25",13,"adult"
"7004",1,"FB25",14,"adult"
"7005",1,"FB25",15,"adult"
"7006",1,"FB26",1,"adult"
"7007",1,"FB26",2,"adult"
"7008",1,"FB26",3,"adult"
"7009",1,"FB26",4,"adult"
"7010",1,"FB26",5,"adult"
"7011",1,"FB26",6,"adult"
"7012",1,"FB26",7,"adult"
"7013",1,"FB26",8,"adult"
"7014",1,"FB26",9,"adult"
"7015",1,"FB26",10,"adult"
"7016",1,"FB26",11,"adult"
"7017",1,"FB26",12,"adult"
"7018",1,"FB26",13,"adult"
"7019",1,"FB26",14,"adult"
"7020",1,"FB26",15,"adult"
"7021",1,"FB27",1,"adult"
"7022",1,"FB27",2,"adult"
"7023",1,"FB27",3,"adult"
"7024",1,"FB27",4,"adult"
"7025",1,"FB27",5,"adult"
"7026",1,"FB27",6,"adult"
"7027",1,"FB27",7,"adult"
"7028",1,"FB27",8,"adult"
"7029",1,"FB27",9,"adult"
"7030",1,"FB27",10,"adult"
"7031",1,"FB27",11,"adult"
"7032",1,"FB27",12,"adult"
"7033",1,"FB27",13,"adult"
"7034",1,"FB27",14,"adult"
"7035",1,"FB27",15,"adult"
"7036",1,"FB28",1,"adult"
"7037",1,"FB28",2,"adult"
"7038",1,"FB28",3,"adult"
"7039",1,"FB28",4,"adult"
"7040",1,"FB28",5,"adult"
"7041",1,"FB28",6,"adult"
"7042",1,"FB28",7,"adult"
"7043",1,"FB28",8,"adult"
"7044",1,"FB28",9,"adult"
"7045",1,"FB28",10,"adult"
"7046",1,"FB28",11,"adult"
"7047",1,"FB28",12,"adult"
"7048",1,"FB28",13,"adult"
"7049",1,"FB28",14,"adult"
"7050",1,"FB28",15,"adult"
"7051",1,"FB29",1,"adult"
"7052",1,"FB29",2,"adult"
"7053",1,"FB29",3,"adult"
"7054",1,"FB29",4,"adult"
"7055",1,"FB29",5,"adult"
"7056",1,"FB29",6,"adult"
"7057",1,"FB29",7,"adult"
"7058",1,"FB29",8,"adult"
"7059",1,"FB29",9,"adult"
"7060",1,"FB29",10,"adult"
"7061",1,"FB29",11,"adult"
"7062",1,"FB29",12,"adult"
"7063",1,"FB29",13,"adult"
"7064",1,"FB29",14,"adult"
"7065",1,"FB29",15,"adult"
"7066",1,"FB32",1,"adult"
"7067",1,"FB32",2,"adult"
"7068",1,"FB32",3,"adult"
"7069",1,"FB32",4,"adult"
"7070",1,"FB32",5,"adult"
"7071",1,"FB32",6,"adult"
"7072",1,"FB32",7,"adult"
"7073",1,"FB32",8,"adult"
"7074",1,"FB32",9,"adult"
"7075",1,"FB32",10,"adult"
"7076",1,"FB32",11,"adult"
"7077",1,"FB32",12,"adult"
"7078",1,"FB32",13,"adult"
"7079",1,"FB32",14,"adult"
"7080",1,"FB32",15,"adult"
"7081",1,"FB33",1,"adult"
"7082",1,"FB33",2,"adult"
"7083",1,"FB33",3,"adult"
"7084",1,"FB33",4,"adult"
"7085",1,"FB33",5,"adult"
"7086",1,"FB33",6,"adult"
"7087",1,"FB33",7,"adult"
"7088",1,"FB33",8,"adult"
"7089",1,"FB33",9,"adult"
"7090",1,"FB33",10,"adult"
"7091",1,"FB33",11,"adult"
"7092",1,"FB33",12,"adult"
"7093",1,"FB33",13,"adult"
"7094",1,"FB33",14,"adult"
"7095",1,"FB33",15,"adult"
"7096",1,"FB34",1,"adult"
"7097",1,"FB34",2,"adult"
"7098",1,"FB34",3,"adult"
"7099",1,"FB34",4,"adult"
"7100",1,"FB34",5,"adult"
"7101",1,"FB34",6,"adult"
"7102",1,"FB34",7,"adult"
"7103",1,"FB34",8,"adult"
"7104",1,"FB34",9,"adult"
"7105",1,"FB34",10,"adult"
"7106",1,"FB34",11,"adult"
"7107",1,"FB34",12,"adult"
"7108",1,"FB34",13,"adult"
"7109",1,"FB34",14,"adult"
"7110",1,"FB34",15,"adult"
"7111",1,"FB35",1,"adult"
"7112",1,"FB35",2,"adult"
"7113",1,"FB35",3,"adult"
"7114",1,"FB35",4,"adult"
"7115",1,"FB35",5,"adult"
"7116",1,"FB35",6,"adult"
"7117",1,"FB35",7,"adult"
"7118",1,"FB35",8,"adult"
"7119",1,"FB35",9,"adult"
"7120",1,"FB35",10,"adult"
"7121",1,"FB35",11,"adult"
"7122",1,"FB35",12,"adult"
"7123",1,"FB35",13,"adult"
"7124",1,"FB35",14,"adult"
"7125",1,"FB35",15,"adult"
"7126",1,"FB36",1,"adult"
"7127",1,"FB36",2,"adult"
"7128",1,"FB36",3,"adult"
"7129",1,"FB36",4,"adult"
"7130",1,"FB36",5,"adult"
"7131",1,"FB36",6,"adult"
"7132",1,"FB36",7,"adult"
"7133",1,"FB36",8,"adult"
"7134",1,"FB36",9,"adult"
"7135",1,"FB36",10,"adult"
"7136",1,"FB36",11,"adult"
"7137",1,"FB36",12,"adult"
"7138",1,"FB36",13,"adult"
"7139",1,"FB36",14,"adult"
"7140",1,"FB36",15,"adult"
"7141",1,"FB38",1,"adult"
"7142",1,"FB38",2,"adult"
"7143",1,"FB38",3,"adult"
"7144",1,"FB38",4,"adult"
"7145",1,"FB38",5,"adult"
"7146",1,"FB38",6,"adult"
"7147",1,"FB38",7,"adult"
"7148",1,"FB38",8,"adult"
"7149",1,"FB38",9,"adult"
"7150",1,"FB38",10,"adult"
"7151",1,"FB38",11,"adult"
"7152",1,"FB38",12,"adult"
"7153",1,"FB38",13,"adult"
"7154",1,"FB38",14,"adult"
"7155",1,"FB38",15,"adult"
"7156",1,"FB39",1,"adult"
"7157",1,"FB39",2,"adult"
"7158",1,"FB39",3,"adult"
"7159",1,"FB39",4,"adult"
"7160",1,"FB39",5,"adult"
"7161",1,"FB39",6,"adult"
"7162",1,"FB39",7,"adult"
"7163",1,"FB39",8,"adult"
"7164",1,"FB39",9,"adult"
"7165",1,"FB39",10,"adult"
"7166",1,"FB39",11,"adult"
"7167",1,"FB39",12,"adult"
"7168",1,"FB39",13,"adult"
"7169",1,"FB39",14,"adult"
"7170",1,"FB39",15,"adult"
"7171",1,"FB41",1,"adult"
"7172",1,"FB41",2,"adult"
"7173",1,"FB41",3,"adult"
"7174",1,"FB41",4,"adult"
"7175",1,"FB41",5,"adult"
"7176",1,"FB41",6,"adult"
"7177",1,"FB41",7,"adult"
"7178",1,"FB41",8,"adult"
"7179",1,"FB41",9,"adult"
"7180",1,"FB41",10,"adult"
"7181",1,"FB41",11,"adult"
"7182",1,"FB41",12,"adult"
"7183",1,"FB41",13,"adult"
"7184",1,"FB41",14,"adult"
"7185",1,"FB41",15,"adult"
"7186",1,"FB43",1,"adult"
"7187",1,"FB43",2,"adult"
"7188",1,"FB43",3,"adult"
"7189",1,"FB43",4,"adult"
"7190",1,"FB43",5,"adult"
"7191",1,"FB43",6,"adult"
"7192",1,"FB43",7,"adult"
"7193",1,"FB43",8,"adult"
"7194",1,"FB43",9,"adult"
"7195",1,"FB43",10,"adult"
"7196",1,"FB43",11,"adult"
"7197",1,"FB43",12,"adult"
"7198",1,"FB43",13,"adult"
"7199",1,"FB43",14,"adult"
"7200",1,"FB43",15,"adult"
"7201",1,"FB44",1,"adult"
"7202",1,"FB44",2,"adult"
"7203",1,"FB44",3,"adult"
"7204",1,"FB44",4,"adult"
"7205",1,"FB44",5,"adult"
"7206",1,"FB44",6,"adult"
"7207",1,"FB44",7,"adult"
"7208",1,"FB44",8,"adult"
"7209",1,"FB44",9,"adult"
"7210",1,"FB44",10,"adult"
"7211",1,"FB44",11,"adult"
"7212",1,"FB44",12,"adult"
"7213",1,"FB44",13,"adult"
"7214",1,"FB44",14,"adult"
"7215",1,"FB44",15,"adult"
"7216",1,"FB46",1,"adult"
"7217",1,"FB46",2,"adult"
"7218",1,"FB46",3,"adult"
"7219",1,"FB46",4,"adult"
"7220",1,"FB46",5,"adult"
"7221",1,"FB46",6,"adult"
"7222",1,"FB46",7,"adult"
"7223",1,"FB46",8,"adult"
"7224",1,"FB46",9,"adult"
"7225",1,"FB46",10,"adult"
"7226",1,"FB46",11,"adult"
"7227",1,"FB46",12,"adult"
"7228",1,"FB46",13,"adult"
"7229",1,"FB46",14,"adult"
"7230",1,"FB46",15,"adult"
"7231",1,"FB48",1,"adult"
"7232",1,"FB48",2,"adult"
"7233",1,"FB48",3,"adult"
"7234",1,"FB48",4,"adult"
"7235",1,"FB48",5,"adult"
"7236",1,"FB48",6,"adult"
"7237",1,"FB48",7,"adult"
"7238",1,"FB48",8,"adult"
"7239",1,"FB48",9,"adult"
"7240",1,"FB48",10,"adult"
"7241",1,"FB48",11,"adult"
"7242",1,"FB48",12,"adult"
"7243",1,"FB48",13,"adult"
"7244",1,"FB48",14,"adult"
"7245",1,"FB48",15,"adult"
"7246",1,"FB54",1,"adult"
"7247",1,"FB54",2,"adult"
"7248",1,"FB54",3,"adult"
"7249",1,"FB54",4,"adult"
"7250",1,"FB54",5,"adult"
"7251",1,"FB54",6,"adult"
"7252",1,"FB54",7,"adult"
"7253",1,"FB54",8,"adult"
"7254",1,"FB54",9,"adult"
"7255",1,"FB54",10,"adult"
"7256",1,"FB54",11,"adult"
"7257",1,"FB54",12,"adult"
"7258",1,"FB54",13,"adult"
"7259",1,"FB54",14,"adult"
"7260",1,"FB54",15,"adult"
"7261",1,"FB55",1,"juvenile"
"7262",1,"FB55",2,"juvenile"
"7263",1,"FB55",3,"adult"
"7264",1,"FB55",4,"adult"
"7265",1,"FB55",5,"adult"
"7266",1,"FB55",6,"adult"
"7267",1,"FB55",7,"adult"
"7268",1,"FB55",8,"adult"
"7269",1,"FB55",9,"adult"
"7270",1,"FB55",10,"adult"
"7271",1,"FB55",11,"adult"
"7272",1,"FB55",12,"adult"
"7273",1,"FB55",13,"adult"
"7274",1,"FB55",14,"adult"
"7275",1,"FB55",15,"adult"
"7276",1,"FB57",1,"adult"
"7277",1,"FB57",2,"adult"
"7278",1,"FB57",3,"adult"
"7279",1,"FB57",4,"adult"
"7280",1,"FB57",5,"adult"
"7281",1,"FB57",6,"adult"
"7282",1,"FB57",7,"adult"
"7283",1,"FB57",8,"adult"
"7284",1,"FB57",9,"adult"
"7285",1,"FB57",10,"adult"
"7286",1,"FB57",11,"adult"
"7287",1,"FB57",12,"adult"
"7288",1,"FB57",13,"adult"
"7289",1,"FB57",14,"adult"
"7290",1,"FB57",15,"adult"
"7291",1,"FB58",1,"adult"
"7292",1,"FB58",2,"adult"
"7293",1,"FB58",3,"adult"
"7294",1,"FB58",4,"adult"
"7295",1,"FB58",5,"adult"
"7296",1,"FB58",6,"adult"
"7297",1,"FB58",7,"adult"
"7298",1,"FB58",8,"adult"
"7299",1,"FB58",9,"adult"
"7300",1,"FB58",10,"adult"
"7301",1,"FB58",11,"adult"
"7302",1,"FB58",12,"adult"
"7303",1,"FB58",13,"adult"
"7304",1,"FB58",14,"adult"
"7305",1,"FB58",15,"adult"
"7306",1,"FB59",1,"adult"
"7307",1,"FB59",2,"adult"
"7308",1,"FB59",3,"adult"
"7309",1,"FB59",4,"adult"
"7310",1,"FB59",5,"adult"
"7311",1,"FB59",6,"adult"
"7312",1,"FB59",7,"adult"
"7313",1,"FB59",8,"adult"
"7314",1,"FB59",9,"adult"
"7315",1,"FB59",10,"adult"
"7316",1,"FB59",11,"adult"
"7317",1,"FB59",12,"adult"
"7318",1,"FB59",13,"adult"
"7319",1,"FB59",14,"adult"
"7320",1,"FB59",15,"adult"
"7321",1,"FB60",1,"adult"
"7322",1,"FB60",2,"adult"
"7323",1,"FB60",3,"adult"
"7324",1,"FB60",4,"adult"
"7325",1,"FB60",5,"adult"
"7326",1,"FB60",6,"adult"
"7327",1,"FB60",7,"adult"
"7328",1,"FB60",8,"adult"
"7329",1,"FB60",9,"adult"
"7330",1,"FB60",10,"adult"
"7331",1,"FB60",11,"adult"
"7332",1,"FB60",12,"adult"
"7333",1,"FB60",13,"adult"
"7334",1,"FB60",14,"adult"
"7335",1,"FB60",15,"adult"
"7336",1,"FB62",1,"adult"
"7337",1,"FB62",2,"adult"
"7338",1,"FB62",3,"adult"
"7339",1,"FB62",4,"adult"
"7340",1,"FB62",5,"adult"
"7341",1,"FB62",6,"adult"
"7342",1,"FB62",7,"adult"
"7343",1,"FB62",8,"adult"
"7344",1,"FB62",9,"adult"
"7345",1,"FB62",10,"adult"
"7346",1,"FB62",11,"adult"
"7347",1,"FB62",12,"adult"
"7348",1,"FB62",13,"adult"
"7349",1,"FB62",14,"adult"
"7350",1,"FB62",15,"adult"
"7351",1,"FB63",1,"adult"
"7352",1,"FB63",2,"adult"
"7353",1,"FB63",3,"adult"
"7354",1,"FB63",4,"adult"
"7355",1,"FB63",5,"adult"
"7356",1,"FB63",6,"adult"
"7357",1,"FB63",7,"adult"
"7358",1,"FB63",8,"adult"
"7359",1,"FB63",9,"adult"
"7360",1,"FB63",10,"adult"
"7361",1,"FB63",11,"adult"
"7362",1,"FB63",12,"adult"
"7363",1,"FB63",13,"adult"
"7364",1,"FB63",14,"adult"
"7365",1,"FB63",15,"adult"
"7366",1,"FB65",1,"adult"
"7367",1,"FB65",2,"adult"
"7368",1,"FB65",3,"adult"
"7369",1,"FB65",4,"adult"
"7370",1,"FB65",5,"adult"
"7371",1,"FB65",6,"adult"
"7372",1,"FB65",7,"adult"
"7373",1,"FB65",8,"adult"
"7374",1,"FB65",9,"adult"
"7375",1,"FB65",10,"adult"
"7376",1,"FB65",11,"adult"
"7377",1,"FB65",12,"adult"
"7378",1,"FB65",13,"adult"
"7379",1,"FB65",14,"adult"
"7380",1,"FB65",15,"adult"
"7381",1,"FB66",1,"adult"
"7382",1,"FB66",2,"adult"
"7383",1,"FB66",3,"adult"
"7384",1,"FB66",4,"adult"
"7385",1,"FB66",5,"adult"
"7386",1,"FB66",6,"adult"
"7387",1,"FB66",7,"adult"
"7388",1,"FB66",8,"adult"
"7389",1,"FB66",9,"adult"
"7390",1,"FB66",10,"adult"
"7391",1,"FB66",11,"adult"
"7392",1,"FB66",12,"adult"
"7393",1,"FB66",13,"adult"
"7394",1,"FB66",14,"adult"
"7395",1,"FB66",15,"adult"
"7396",1,"FB68",1,"adult"
"7397",1,"FB68",2,"adult"
"7398",1,"FB68",3,"adult"
"7399",1,"FB68",4,"adult"
"7400",1,"FB68",5,"adult"
"7401",1,"FB68",6,"adult"
"7402",1,"FB68",7,"adult"
"7403",1,"FB68",8,"adult"
"7404",1,"FB68",9,"adult"
"7405",1,"FB68",10,"adult"
"7406",1,"FB68",11,"adult"
"7407",1,"FB68",12,"adult"
"7408",1,"FB68",13,"adult"
"7409",1,"FB68",14,"adult"
"7410",1,"FB68",15,"adult"
"7411",1,"FB70",1,"juvenile"
"7412",1,"FB70",2,"adult"
"7413",1,"FB70",3,"adult"
"7414",1,"FB70",4,"adult"
"7415",1,"FB70",5,"adult"
"7416",1,"FB70",6,"adult"
"7417",1,"FB70",7,"adult"
"7418",1,"FB70",8,"adult"
"7419",1,"FB70",9,"adult"
"7420",1,"FB70",10,"adult"
"7421",1,"FB70",11,"adult"
"7422",1,"FB70",12,"adult"
"7423",1,"FB70",13,"adult"
"7424",1,"FB70",14,"adult"
"7425",1,"FB70",15,"adult"
"7426",1,"FB71",1,"adult"
"7427",1,"FB71",2,"adult"
"7428",1,"FB71",3,"adult"
"7429",1,"FB71",4,"adult"
"7430",1,"FB71",5,"adult"
"7431",1,"FB71",6,"adult"
"7432",1,"FB71",7,"adult"
"7433",1,"FB71",8,"adult"
"7434",1,"FB71",9,"adult"
"7435",1,"FB71",10,"adult"
"7436",1,"FB71",11,"adult"
"7437",1,"FB71",12,"adult"
"7438",1,"FB71",13,"adult"
"7439",1,"FB71",14,"adult"
"7440",1,"FB71",15,"adult"
"7441",1,"FB73",1,"juvenile"
"7442",1,"FB73",2,"adult"
"7443",1,"FB73",3,"adult"
"7444",1,"FB73",4,"adult"
"7445",1,"FB73",5,"adult"
"7446",1,"FB73",6,"adult"
"7447",1,"FB73",7,"adult"
"7448",1,"FB73",8,"adult"
"7449",1,"FB73",9,"adult"
"7450",1,"FB73",10,"adult"
"7451",1,"FB73",11,"adult"
"7452",1,"FB73",12,"adult"
"7453",1,"FB73",13,"adult"
"7454",1,"FB73",14,"adult"
"7455",1,"FB73",15,"adult"
"7456",1,"FB75",1,"adult"
"7457",1,"FB75",2,"adult"
"7458",1,"FB75",3,"adult"
"7459",1,"FB75",4,"adult"
"7460",1,"FB75",5,"adult"
"7461",1,"FB75",6,"adult"
"7462",1,"FB75",7,"adult"
"7463",1,"FB75",8,"adult"
"7464",1,"FB75",9,"adult"
"7465",1,"FB75",10,"adult"
"7466",1,"FB75",11,"adult"
"7467",1,"FB75",12,"adult"
"7468",1,"FB75",13,"adult"
"7469",1,"FB75",14,"adult"
"7470",1,"FB75",15,"adult"
"7471",1,"FB76",1,"adult"
"7472",1,"FB76",2,"adult"
"7473",1,"FB76",3,"adult"
"7474",1,"FB76",4,"adult"
"7475",1,"FB76",5,"adult"
"7476",1,"FB76",6,"adult"
"7477",1,"FB76",7,"adult"
"7478",1,"FB76",8,"adult"
"7479",1,"FB76",9,"adult"
"7480",1,"FB76",10,"adult"
"7481",1,"FB76",11,"adult"
"7482",1,"FB76",12,"adult"
"7483",1,"FB76",13,"adult"
"7484",1,"FB76",14,"adult"
"7485",1,"FB76",15,"adult"
"7486",1,"FB78",1,"adult"
"7487",1,"FB78",2,"adult"
"7488",1,"FB78",3,"adult"
"7489",1,"FB78",4,"adult"
"7490",1,"FB78",5,"adult"
"7491",1,"FB78",6,"adult"
"7492",1,"FB78",7,"adult"
"7493",1,"FB78",8,"adult"
"7494",1,"FB78",9,"adult"
"7495",1,"FB78",10,"adult"
"7496",1,"FB78",11,"adult"
"7497",1,"FB78",12,"adult"
"7498",1,"FB78",13,"adult"
"7499",1,"FB78",14,"adult"
"7500",1,"FB78",15,"adult"
"7501",1,"FB79",1,"adult"
"7502",1,"FB79",2,"adult"
"7503",1,"FB79",3,"adult"
"7504",1,"FB79",4,"adult"
"7505",1,"FB79",5,"adult"
"7506",1,"FB79",6,"adult"
"7507",1,"FB79",7,"adult"
"7508",1,"FB79",8,"adult"
"7509",1,"FB79",9,"adult"
"7510",1,"FB79",10,"adult"
"7511",1,"FB79",11,"adult"
"7512",1,"FB79",12,"adult"
"7513",1,"FB79",13,"adult"
"7514",1,"FB79",14,"adult"
"7515",1,"FB79",15,"adult"
"7516",1,"FB83",1,"adult"
"7517",1,"FB83",2,"adult"
"7518",1,"FB83",3,"adult"
"7519",1,"FB83",4,"adult"
"7520",1,"FB83",5,"adult"
"7521",1,"FB83",6,"adult"
"7522",1,"FB83",7,"adult"
"7523",1,"FB83",8,"adult"
"7524",1,"FB83",9,"adult"
"7525",1,"FB83",10,"adult"
"7526",1,"FB83",11,"adult"
"7527",1,"FB83",12,"adult"
"7528",1,"FB83",13,"adult"
"7529",1,"FB83",14,"adult"
"7530",1,"FB83",15,"adult"
"7531",1,"FB84",1,"adult"
"7532",1,"FB84",2,"adult"
"7533",1,"FB84",3,"adult"
"7534",1,"FB84",4,"adult"
"7535",1,"FB84",5,"adult"
"7536",1,"FB84",6,"adult"
"7537",1,"FB84",7,"adult"
"7538",1,"FB84",8,"adult"
"7539",1,"FB84",9,"adult"
"7540",1,"FB84",10,"adult"
"7541",1,"FB84",11,"adult"
"7542",1,"FB84",12,"adult"
"7543",1,"FB84",13,"adult"
"7544",1,"FB84",14,"adult"
"7545",1,"FB84",15,"adult"
"7546",1,"FB87",1,"adult"
"7547",1,"FB87",2,"adult"
"7548",1,"FB87",3,"adult"
"7549",1,"FB87",4,"adult"
"7550",1,"FB87",5,"adult"
"7551",1,"FB87",6,"adult"
"7552",1,"FB87",7,"adult"
"7553",1,"FB87",8,"adult"
"7554",1,"FB87",9,"adult"
"7555",1,"FB87",10,"adult"
"7556",1,"FB87",11,"adult"
"7557",1,"FB87",12,"adult"
"7558",1,"FB87",13,"adult"
"7559",1,"FB87",14,"adult"
"7560",1,"FB87",15,"adult"
"7561",1,"FB89",1,"adult"
"7562",1,"FB89",2,"adult"
"7563",1,"FB89",3,"adult"
"7564",1,"FB89",4,"adult"
"7565",1,"FB89",5,"adult"
"7566",1,"FB89",6,"adult"
"7567",1,"FB89",7,"adult"
"7568",1,"FB89",8,"adult"
"7569",1,"FB89",9,"adult"
"7570",1,"FB89",10,"adult"
"7571",1,"FB89",11,"adult"
"7572",1,"FB89",12,"adult"
"7573",1,"FB89",13,"adult"
"7574",1,"FB89",14,"adult"
"7575",1,"FB89",15,"adult"
"7576",1,"FB90",1,"adult"
"7577",1,"FB90",2,"adult"
"7578",1,"FB90",3,"adult"
"7579",1,"FB90",4,"adult"
"7580",1,"FB90",5,"adult"
"7581",1,"FB90",6,"adult"
"7582",1,"FB90",7,"adult"
"7583",1,"FB90",8,"adult"
"7584",1,"FB90",9,"adult"
"7585",1,"FB90",10,"adult"
"7586",1,"FB90",11,"adult"
"7587",1,"FB90",12,"adult"
"7588",1,"FB90",13,"adult"
"7589",1,"FB90",14,"adult"
"7590",1,"FB90",15,"adult"
"7591",1,"FB92",1,"juvenile"
"7592",1,"FB92",2,"juvenile"
"7593",1,"FB92",3,"juvenile"
"7594",1,"FB92",4,"adult"
"7595",1,"FB92",5,"adult"
"7596",1,"FB92",6,"adult"
"7597",1,"FB92",7,"adult"
"7598",1,"FB92",8,"adult"
"7599",1,"FB92",9,"adult"
"7600",1,"FB92",10,"adult"
"7601",1,"FB92",11,"adult"
"7602",1,"FB92",12,"adult"
"7603",1,"FB92",13,"adult"
"7604",1,"FB92",14,"adult"
"7605",1,"FB92",15,"adult"
"7606",1,"FB93",1,"juvenile"
"7607",1,"FB93",2,"adult"
"7608",1,"FB93",3,"adult"
"7609",1,"FB93",4,"adult"
"7610",1,"FB93",5,"adult"
"7611",1,"FB93",6,"adult"
"7612",1,"FB93",7,"adult"
"7613",1,"FB93",8,"adult"
"7614",1,"FB93",9,"adult"
"7615",1,"FB93",10,"adult"
"7616",1,"FB93",11,"adult"
"7617",1,"FB93",12,"adult"
"7618",1,"FB93",13,"adult"
"7619",1,"FB93",14,"adult"
"7620",1,"FB93",15,"adult"
"7621",1,"FB94",1,"adult"
"7622",1,"FB94",2,"adult"
"7623",1,"FB94",3,"adult"
"7624",1,"FB94",4,"adult"
"7625",1,"FB94",5,"adult"
"7626",1,"FB94",6,"adult"
"7627",1,"FB94",7,"adult"
"7628",1,"FB94",8,"adult"
"7629",1,"FB94",9,"adult"
"7630",1,"FB94",10,"adult"
"7631",1,"FB94",11,"adult"
"7632",1,"FB94",12,"adult"
"7633",1,"FB94",13,"adult"
"7634",1,"FB94",14,"adult"
"7635",1,"FB94",15,"adult"
"7636",1,"FB96",1,"adult"
"7637",1,"FB96",2,"adult"
"7638",1,"FB96",3,"adult"
"7639",1,"FB96",4,"adult"
"7640",1,"FB96",5,"adult"
"7641",1,"FB96",6,"adult"
"7642",1,"FB96",7,"adult"
"7643",1,"FB96",8,"adult"
"7644",1,"FB96",9,"adult"
"7645",1,"FB96",10,"adult"
"7646",1,"FB96",11,"adult"
"7647",1,"FB96",12,"adult"
"7648",1,"FB96",13,"adult"
"7649",1,"FB96",14,"adult"
"7650",1,"FB96",15,"adult"
"7651",1,"FB98",1,"adult"
"7652",1,"FB98",2,"adult"
"7653",1,"FB98",3,"adult"
"7654",1,"FB98",4,"adult"
"7655",1,"FB98",5,"adult"
"7656",1,"FB98",6,"adult"
"7657",1,"FB98",7,"adult"
"7658",1,"FB98",8,"adult"
"7659",1,"FB98",9,"adult"
"7660",1,"FB98",10,"adult"
"7661",1,"FB98",11,"adult"
"7662",1,"FB98",12,"adult"
"7663",1,"FB98",13,"adult"
"7664",1,"FB98",14,"adult"
"7665",1,"FB98",15,"adult"
"7666",1,"FB99",1,"juvenile"
"7667",1,"FB99",2,"juvenile"
"7668",1,"FB99",3,"juvenile"
"7669",1,"FB99",4,"adult"
"7670",1,"FB99",5,"adult"
"7671",1,"FB99",6,"adult"
"7672",1,"FB99",7,"adult"
"7673",1,"FB99",8,"adult"
"7674",1,"FB99",9,"adult"
"7675",1,"FB99",10,"adult"
"7676",1,"FB99",11,"adult"
"7677",1,"FB99",12,"adult"
"7678",1,"FB99",13,"adult"
"7679",1,"FB99",14,"adult"
"7680",1,"FB99",15,"adult"
"7681",1,"FEAT",1,"juvenile"
"7682",1,"FEAT",2,"adult"
"7683",1,"FEAT",3,"adult"
"7684",1,"FEAT",4,"adult"
"7685",1,"FEAT",5,"adult"
"7686",1,"FEAT",6,"adult"
"7687",1,"FEAT",7,"adult"
"7688",1,"FEAT",8,"adult"
"7689",1,"FEAT",9,"adult"
"7690",1,"FEAT",10,"adult"
"7691",1,"FEAT",11,"adult"
"7692",1,"FEAT",12,"adult"
"7693",1,"FEAT",13,"adult"
"7694",1,"FEAT",14,"adult"
"7695",1,"FEAT",15,"adult"
"7696",1,"FINS",1,"juvenile"
"7697",1,"FINS",2,"adult"
"7698",1,"FINS",3,"adult"
"7699",1,"FINS",4,"adult"
"7700",1,"FINS",5,"adult"
"7701",1,"FINS",6,"adult"
"7702",1,"FINS",7,"adult"
"7703",1,"FINS",8,"adult"
"7704",1,"FINS",9,"adult"
"7705",1,"FINS",10,"adult"
"7706",1,"FINS",11,"adult"
"7707",1,"FINS",12,"adult"
"7708",1,"FINS",13,"adult"
"7709",1,"FINS",14,"adult"
"7710",1,"FINS",15,"adult"
"7711",1,"FJSL",1,"juvenile"
"7712",1,"FJSL",2,"adult"
"7713",1,"FJSL",3,"adult"
"7714",1,"FJSL",4,"adult"
"7715",1,"FJSL",5,"adult"
"7716",1,"FJSL",6,"adult"
"7717",1,"FJSL",7,"adult"
"7718",1,"FJSL",8,"adult"
"7719",1,"FJSL",9,"adult"
"7720",1,"FJSL",10,"adult"
"7721",1,"FJSL",11,"adult"
"7722",1,"FJSL",12,"adult"
"7723",1,"FJSL",13,"adult"
"7724",1,"FJSL",14,"adult"
"7725",1,"FJSL",15,"adult"
"7726",1,"FLBB",1,"juvenile"
"7727",1,"FLBB",2,"adult"
"7728",1,"FLBB",3,"adult"
"7729",1,"FLBB",4,"adult"
"7730",1,"FLBB",5,"adult"
"7731",1,"FLBB",6,"adult"
"7732",1,"FLBB",7,"adult"
"7733",1,"FLBB",8,"adult"
"7734",1,"FLBB",9,"adult"
"7735",1,"FLBB",10,"adult"
"7736",1,"FLBB",11,"adult"
"7737",1,"FLBB",12,"adult"
"7738",1,"FLBB",13,"adult"
"7739",1,"FLBB",14,"adult"
"7740",1,"FLBB",15,"adult"
"7741",1,"FLCR",1,"juvenile"
"7742",1,"FLCR",2,"adult"
"7743",1,"FLCR",3,"adult"
"7744",1,"FLCR",4,"adult"
"7745",1,"FLCR",5,"adult"
"7746",1,"FLCR",6,"adult"
"7747",1,"FLCR",7,"adult"
"7748",1,"FLCR",8,"adult"
"7749",1,"FLCR",9,"adult"
"7750",1,"FLCR",10,"adult"
"7751",1,"FLCR",11,"adult"
"7752",1,"FLCR",12,"adult"
"7753",1,"FLCR",13,"adult"
"7754",1,"FLCR",14,"adult"
"7755",1,"FLCR",15,"adult"
"7756",1,"FLDG",1,"juvenile"
"7757",1,"FLDG",2,"adult"
"7758",1,"FLDG",3,"adult"
"7759",1,"FLDG",4,"adult"
"7760",1,"FLDG",5,"adult"
"7761",1,"FLDG",6,"adult"
"7762",1,"FLDG",7,"adult"
"7763",1,"FLDG",8,"adult"
"7764",1,"FLDG",9,"adult"
"7765",1,"FLDG",10,"adult"
"7766",1,"FLDG",11,"adult"
"7767",1,"FLDG",12,"adult"
"7768",1,"FLDG",13,"adult"
"7769",1,"FLDG",14,"adult"
"7770",1,"FLDG",15,"adult"
"7771",1,"FLEA",1,"juvenile"
"7772",1,"FLEA",2,"adult"
"7773",1,"FLEA",3,"adult"
"7774",1,"FLEA",4,"adult"
"7775",1,"FLEA",5,"adult"
"7776",1,"FLEA",6,"adult"
"7777",1,"FLEA",7,"adult"
"7778",1,"FLEA",8,"adult"
"7779",1,"FLEA",9,"adult"
"7780",1,"FLEA",10,"adult"
"7781",1,"FLEA",11,"adult"
"7782",1,"FLEA",12,"adult"
"7783",1,"FLEA",13,"adult"
"7784",1,"FLEA",14,"adult"
"7785",1,"FLEA",15,"adult"
"7786",1,"FLTP",1,"juvenile"
"7787",1,"FLTP",2,"adult"
"7788",1,"FLTP",3,"adult"
"7789",1,"FLTP",4,"adult"
"7790",1,"FLTP",5,"adult"
"7791",1,"FLTP",6,"adult"
"7792",1,"FLTP",7,"adult"
"7793",1,"FLTP",8,"adult"
"7794",1,"FLTP",9,"adult"
"7795",1,"FLTP",10,"adult"
"7796",1,"FLTP",11,"adult"
"7797",1,"FLTP",12,"adult"
"7798",1,"FLTP",13,"adult"
"7799",1,"FLTP",14,"adult"
"7800",1,"FLTP",15,"adult"
"7801",1,"FNIS",1,"juvenile"
"7802",1,"FNIS",2,"adult"
"7803",1,"FNIS",3,"adult"
"7804",1,"FNIS",4,"adult"
"7805",1,"FNIS",5,"adult"
"7806",1,"FNIS",6,"adult"
"7807",1,"FNIS",7,"adult"
"7808",1,"FNIS",8,"adult"
"7809",1,"FNIS",9,"adult"
"7810",1,"FNIS",10,"adult"
"7811",1,"FNIS",11,"adult"
"7812",1,"FNIS",12,"adult"
"7813",1,"FNIS",13,"adult"
"7814",1,"FNIS",14,"adult"
"7815",1,"FNIS",15,"adult"
"7816",1,"FRGG",1,"juvenile"
"7817",1,"FRGG",2,"adult"
"7818",1,"FRGG",3,"adult"
"7819",1,"FRGG",4,"adult"
"7820",1,"FRGG",5,"adult"
"7821",1,"FRGG",6,"adult"
"7822",1,"FRGG",7,"adult"
"7823",1,"FRGG",8,"adult"
"7824",1,"FRGG",9,"adult"
"7825",1,"FRGG",10,"adult"
"7826",1,"FRGG",11,"adult"
"7827",1,"FRGG",12,"adult"
"7828",1,"FRGG",13,"adult"
"7829",1,"FRGG",14,"adult"
"7830",1,"FRGG",15,"adult"
"7831",1,"FRGI",1,"juvenile"
"7832",1,"FRGI",2,"adult"
"7833",1,"FRGI",3,"adult"
"7834",1,"FRGI",4,"adult"
"7835",1,"FRGI",5,"adult"
"7836",1,"FRGI",6,"adult"
"7837",1,"FRGI",7,"adult"
"7838",1,"FRGI",8,"adult"
"7839",1,"FRGI",9,"adult"
"7840",1,"FRGI",10,"adult"
"7841",1,"FRGI",11,"adult"
"7842",1,"FRGI",12,"adult"
"7843",1,"FRGI",13,"adult"
"7844",1,"FRGI",14,"adult"
"7845",1,"FRGI",15,"adult"
"7846",1,"FRN2",1,"juvenile"
"7847",1,"FRN2",2,"adult"
"7848",1,"FRN2",3,"adult"
"7849",1,"FRN2",4,"adult"
"7850",1,"FRN2",5,"adult"
"7851",1,"FRN2",6,"adult"
"7852",1,"FRN2",7,"adult"
"7853",1,"FRN2",8,"adult"
"7854",1,"FRN2",9,"adult"
"7855",1,"FRN2",10,"adult"
"7856",1,"FRN2",11,"adult"
"7857",1,"FRN2",12,"adult"
"7858",1,"FRN2",13,"adult"
"7859",1,"FRN2",14,"adult"
"7860",1,"FRN2",15,"adult"
"7861",1,"FRN3",1,"juvenile"
"7862",1,"FRN3",2,"adult"
"7863",1,"FRN3",3,"adult"
"7864",1,"FRN3",4,"adult"
"7865",1,"FRN3",5,"adult"
"7866",1,"FRN3",6,"adult"
"7867",1,"FRN3",7,"adult"
"7868",1,"FRN3",8,"adult"
"7869",1,"FRN3",9,"adult"
"7870",1,"FRN3",10,"adult"
"7871",1,"FRN3",11,"adult"
"7872",1,"FRN3",12,"adult"
"7873",1,"FRN3",13,"adult"
"7874",1,"FRN3",14,"adult"
"7875",1,"FRN3",15,"adult"
"7876",1,"FRNC",1,"juvenile"
"7877",1,"FRNC",2,"adult"
"7878",1,"FRNC",3,"adult"
"7879",1,"FRNC",4,"adult"
"7880",1,"FRNC",5,"adult"
"7881",1,"FRNC",6,"adult"
"7882",1,"FRNC",7,"adult"
"7883",1,"FRNC",8,"adult"
"7884",1,"FRNC",9,"adult"
"7885",1,"FRNC",10,"adult"
"7886",1,"FRNC",11,"adult"
"7887",1,"FRNC",12,"adult"
"7888",1,"FRNC",13,"adult"
"7889",1,"FRNC",14,"adult"
"7890",1,"FRNC",15,"adult"
"7891",1,"FRNG",1,"juvenile"
"7892",1,"FRNG",2,"adult"
"7893",1,"FRNG",3,"adult"
"7894",1,"FRNG",4,"adult"
"7895",1,"FRNG",5,"adult"
"7896",1,"FRNG",6,"adult"
"7897",1,"FRNG",7,"adult"
"7898",1,"FRNG",8,"adult"
"7899",1,"FRNG",9,"adult"
"7900",1,"FRNG",10,"adult"
"7901",1,"FRNG",11,"adult"
"7902",1,"FRNG",12,"adult"
"7903",1,"FRNG",13,"adult"
"7904",1,"FRNG",14,"adult"
"7905",1,"FRNG",15,"adult"
"7906",1,"FRNZ",1,"juvenile"
"7907",1,"FRNZ",2,"adult"
"7908",1,"FRNZ",3,"adult"
"7909",1,"FRNZ",4,"adult"
"7910",1,"FRNZ",5,"adult"
"7911",1,"FRNZ",6,"adult"
"7912",1,"FRNZ",7,"adult"
"7913",1,"FRNZ",8,"adult"
"7914",1,"FRNZ",9,"adult"
"7915",1,"FRNZ",10,"adult"
"7916",1,"FRNZ",11,"adult"
"7917",1,"FRNZ",12,"adult"
"7918",1,"FRNZ",13,"adult"
"7919",1,"FRNZ",14,"adult"
"7920",1,"FRNZ",15,"adult"
"7921",1,"FRPT",1,"juvenile"
"7922",1,"FRPT",2,"adult"
"7923",1,"FRPT",3,"adult"
"7924",1,"FRPT",4,"adult"
"7925",1,"FRPT",5,"adult"
"7926",1,"FRPT",6,"adult"
"7927",1,"FRPT",7,"adult"
"7928",1,"FRPT",8,"adult"
"7929",1,"FRPT",9,"adult"
"7930",1,"FRPT",10,"adult"
"7931",1,"FRPT",11,"adult"
"7932",1,"FRPT",12,"adult"
"7933",1,"FRPT",13,"adult"
"7934",1,"FRPT",14,"adult"
"7935",1,"FRPT",15,"adult"
"7936",1,"FTHS",1,"juvenile"
"7937",1,"FTHS",2,"adult"
"7938",1,"FTHS",3,"adult"
"7939",1,"FTHS",4,"adult"
"7940",1,"FTHS",5,"adult"
"7941",1,"FTHS",6,"adult"
"7942",1,"FTHS",7,"adult"
"7943",1,"FTHS",8,"adult"
"7944",1,"FTHS",9,"adult"
"7945",1,"FTHS",10,"adult"
"7946",1,"FTHS",11,"adult"
"7947",1,"FTHS",12,"adult"
"7948",1,"FTHS",13,"adult"
"7949",1,"FTHS",14,"adult"
"7950",1,"FTHS",15,"adult"
"7951",1,"FTLB",1,"juvenile"
"7952",1,"FTLB",2,"adult"
"7953",1,"FTLB",3,"adult"
"7954",1,"FTLB",4,"adult"
"7955",1,"FTLB",5,"adult"
"7956",1,"FTLB",6,"adult"
"7957",1,"FTLB",7,"adult"
"7958",1,"FTLB",8,"adult"
"7959",1,"FTLB",9,"adult"
"7960",1,"FTLB",10,"adult"
"7961",1,"FTLB",11,"adult"
"7962",1,"FTLB",12,"adult"
"7963",1,"FTLB",13,"adult"
"7964",1,"FTLB",14,"adult"
"7965",1,"FTLB",15,"adult"
"7966",1,"FUDD",1,"juvenile"
"7967",1,"FUDD",2,"adult"
"7968",1,"FUDD",3,"adult"
"7969",1,"FUDD",4,"adult"
"7970",1,"FUDD",5,"adult"
"7971",1,"FUDD",6,"adult"
"7972",1,"FUDD",7,"adult"
"7973",1,"FUDD",8,"adult"
"7974",1,"FUDD",9,"adult"
"7975",1,"FUDD",10,"adult"
"7976",1,"FUDD",11,"adult"
"7977",1,"FUDD",12,"adult"
"7978",1,"FUDD",13,"adult"
"7979",1,"FUDD",14,"adult"
"7980",1,"FUDD",15,"adult"
"7981",1,"FZJ1",1,"unborn"
"7982",1,"FZJ1",2,"unborn"
"7983",1,"FZJ1",3,"unborn"
"7984",1,"FZJ1",4,"unborn"
"7985",1,"FZJ1",5,"unborn"
"7986",1,"FZJ1",6,"unborn"
"7987",1,"FZJ1",7,"unborn"
"7988",1,"FZJ1",8,"unborn"
"7989",1,"FZJ1",9,"unborn"
"7990",1,"FZJ1",10,"unborn"
"7991",1,"FZJ1",11,"unborn"
"7992",1,"FZJ1",12,"unborn"
"7993",1,"FZJ1",13,"unborn"
"7994",1,"FZJ1",14,"calf"
"7995",1,"FZJ1",15,"juvenile"
"7996",1,"FZJ2",1,"juvenile"
"7997",1,"FZJ2",2,"adult"
"7998",1,"FZJ2",3,"adult"
"7999",1,"FZJ2",4,"adult"
"8000",1,"FZJ2",5,"adult"
"8001",1,"FZJ2",6,"adult"
"8002",1,"FZJ2",7,"adult"
"8003",1,"FZJ2",8,"adult"
"8004",1,"FZJ2",9,"adult"
"8005",1,"FZJ2",10,"adult"
"8006",1,"FZJ2",11,"adult"
"8007",1,"FZJ2",12,"adult"
"8008",1,"FZJ2",13,"adult"
"8009",1,"FZJ2",14,"adult"
"8010",1,"FZJ2",15,"adult"
"8011",1,"FZJS",1,"juvenile"
"8012",1,"FZJS",2,"adult"
"8013",1,"FZJS",3,"adult"
"8014",1,"FZJS",4,"adult"
"8015",1,"FZJS",5,"adult"
"8016",1,"FZJS",6,"adult"
"8017",1,"FZJS",7,"adult"
"8018",1,"FZJS",8,"adult"
"8019",1,"FZJS",9,"adult"
"8020",1,"FZJS",10,"adult"
"8021",1,"FZJS",11,"adult"
"8022",1,"FZJS",12,"adult"
"8023",1,"FZJS",13,"adult"
"8024",1,"FZJS",14,"adult"
"8025",1,"FZJS",15,"adult"
"8026",1,"GLOS",1,"juvenile"
"8027",1,"GLOS",2,"adult"
"8028",1,"GLOS",3,"adult"
"8029",1,"GLOS",4,"adult"
"8030",1,"GLOS",5,"adult"
"8031",1,"GLOS",6,"adult"
"8032",1,"GLOS",7,"adult"
"8033",1,"GLOS",8,"adult"
"8034",1,"GLOS",9,"adult"
"8035",1,"GLOS",10,"adult"
"8036",1,"GLOS",11,"adult"
"8037",1,"GLOS",12,"adult"
"8038",1,"GLOS",13,"adult"
"8039",1,"GLOS",14,"adult"
"8040",1,"GLOS",15,"adult"
"8041",1,"GPHK",1,"juvenile"
"8042",1,"GPHK",2,"adult"
"8043",1,"GPHK",3,"adult"
"8044",1,"GPHK",4,"adult"
"8045",1,"GPHK",5,"adult"
"8046",1,"GPHK",6,"adult"
"8047",1,"GPHK",7,"adult"
"8048",1,"GPHK",8,"adult"
"8049",1,"GPHK",9,"adult"
"8050",1,"GPHK",10,"adult"
"8051",1,"GPHK",11,"adult"
"8052",1,"GPHK",12,"adult"
"8053",1,"GPHK",13,"adult"
"8054",1,"GPHK",14,"adult"
"8055",1,"GPHK",15,"adult"
"8056",1,"GPPY",1,"juvenile"
"8057",1,"GPPY",2,"adult"
"8058",1,"GPPY",3,"adult"
"8059",1,"GPPY",4,"adult"
"8060",1,"GPPY",5,"adult"
"8061",1,"GPPY",6,"adult"
"8062",1,"GPPY",7,"adult"
"8063",1,"GPPY",8,"adult"
"8064",1,"GPPY",9,"adult"
"8065",1,"GPPY",10,"adult"
"8066",1,"GPPY",11,"adult"
"8067",1,"GPPY",12,"adult"
"8068",1,"GPPY",13,"adult"
"8069",1,"GPPY",14,"adult"
"8070",1,"GPPY",15,"adult"
"8071",1,"GRC1",1,"juvenile"
"8072",1,"GRC1",2,"adult"
"8073",1,"GRC1",3,"adult"
"8074",1,"GRC1",4,"adult"
"8075",1,"GRC1",5,"adult"
"8076",1,"GRC1",6,"adult"
"8077",1,"GRC1",7,"adult"
"8078",1,"GRC1",8,"adult"
"8079",1,"GRC1",9,"adult"
"8080",1,"GRC1",10,"adult"
"8081",1,"GRC1",11,"adult"
"8082",1,"GRC1",12,"adult"
"8083",1,"GRC1",13,"adult"
"8084",1,"GRC1",14,"adult"
"8085",1,"GRC1",15,"adult"
"8086",1,"GRC2",1,"juvenile"
"8087",1,"GRC2",2,"adult"
"8088",1,"GRC2",3,"adult"
"8089",1,"GRC2",4,"adult"
"8090",1,"GRC2",5,"adult"
"8091",1,"GRC2",6,"adult"
"8092",1,"GRC2",7,"adult"
"8093",1,"GRC2",8,"adult"
"8094",1,"GRC2",9,"adult"
"8095",1,"GRC2",10,"adult"
"8096",1,"GRC2",11,"adult"
"8097",1,"GRC2",12,"adult"
"8098",1,"GRC2",13,"adult"
"8099",1,"GRC2",14,"adult"
"8100",1,"GRC2",15,"adult"
"8101",1,"GRGO",1,"juvenile"
"8102",1,"GRGO",2,"adult"
"8103",1,"GRGO",3,"adult"
"8104",1,"GRGO",4,"adult"
"8105",1,"GRGO",5,"adult"
"8106",1,"GRGO",6,"adult"
"8107",1,"GRGO",7,"adult"
"8108",1,"GRGO",8,"adult"
"8109",1,"GRGO",9,"adult"
"8110",1,"GRGO",10,"adult"
"8111",1,"GRGO",11,"adult"
"8112",1,"GRGO",12,"adult"
"8113",1,"GRGO",13,"adult"
"8114",1,"GRGO",14,"adult"
"8115",1,"GRGO",15,"adult"
"8116",1,"GRPS",1,"juvenile"
"8117",1,"GRPS",2,"adult"
"8118",1,"GRPS",3,"adult"
"8119",1,"GRPS",4,"adult"
"8120",1,"GRPS",5,"adult"
"8121",1,"GRPS",6,"adult"
"8122",1,"GRPS",7,"adult"
"8123",1,"GRPS",8,"adult"
"8124",1,"GRPS",9,"adult"
"8125",1,"GRPS",10,"adult"
"8126",1,"GRPS",11,"adult"
"8127",1,"GRPS",12,"adult"
"8128",1,"GRPS",13,"adult"
"8129",1,"GRPS",14,"adult"
"8130",1,"GRPS",15,"adult"
"8131",1,"GRW1",1,"juvenile"
"8132",1,"GRW1",2,"adult"
"8133",1,"GRW1",3,"adult"
"8134",1,"GRW1",4,"adult"
"8135",1,"GRW1",5,"adult"
"8136",1,"GRW1",6,"adult"
"8137",1,"GRW1",7,"adult"
"8138",1,"GRW1",8,"adult"
"8139",1,"GRW1",9,"adult"
"8140",1,"GRW1",10,"adult"
"8141",1,"GRW1",11,"adult"
"8142",1,"GRW1",12,"adult"
"8143",1,"GRW1",13,"adult"
"8144",1,"GRW1",14,"adult"
"8145",1,"GRW1",15,"adult"
"8146",1,"GRW2",1,"unborn"
"8147",1,"GRW2",2,"unborn"
"8148",1,"GRW2",3,"unborn"
"8149",1,"GRW2",4,"unborn"
"8150",1,"GRW2",5,"unborn"
"8151",1,"GRW2",6,"unborn"
"8152",1,"GRW2",7,"unborn"
"8153",1,"GRW2",8,"unborn"
"8154",1,"GRW2",9,"unborn"
"8155",1,"GRW2",10,"unborn"
"8156",1,"GRW2",11,"unborn"
"8157",1,"GRW2",12,"unborn"
"8158",1,"GRW2",13,"calf"
"8159",1,"GRW2",14,"juvenile"
"8160",1,"GRW2",15,"juvenile"
"8161",1,"GRW3",1,"juvenile"
"8162",1,"GRW3",2,"adult"
"8163",1,"GRW3",3,"adult"
"8164",1,"GRW3",4,"adult"
"8165",1,"GRW3",5,"adult"
"8166",1,"GRW3",6,"adult"
"8167",1,"GRW3",7,"adult"
"8168",1,"GRW3",8,"adult"
"8169",1,"GRW3",9,"adult"
"8170",1,"GRW3",10,"adult"
"8171",1,"GRW3",11,"adult"
"8172",1,"GRW3",12,"adult"
"8173",1,"GRW3",13,"adult"
"8174",1,"GRW3",14,"adult"
"8175",1,"GRW3",15,"adult"
"8176",1,"GRWW",1,"juvenile"
"8177",1,"GRWW",2,"adult"
"8178",1,"GRWW",3,"adult"
"8179",1,"GRWW",4,"adult"
"8180",1,"GRWW",5,"adult"
"8181",1,"GRWW",6,"adult"
"8182",1,"GRWW",7,"adult"
"8183",1,"GRWW",8,"adult"
"8184",1,"GRWW",9,"adult"
"8185",1,"GRWW",10,"adult"
"8186",1,"GRWW",11,"adult"
"8187",1,"GRWW",12,"adult"
"8188",1,"GRWW",13,"adult"
"8189",1,"GRWW",14,"adult"
"8190",1,"GRWW",15,"adult"
"8191",1,"GSKN",1,"juvenile"
"8192",1,"GSKN",2,"adult"
"8193",1,"GSKN",3,"adult"
"8194",1,"GSKN",4,"adult"
"8195",1,"GSKN",5,"adult"
"8196",1,"GSKN",6,"adult"
"8197",1,"GSKN",7,"adult"
"8198",1,"GSKN",8,"adult"
"8199",1,"GSKN",9,"adult"
"8200",1,"GSKN",10,"adult"
"8201",1,"GSKN",11,"adult"
"8202",1,"GSKN",12,"adult"
"8203",1,"GSKN",13,"adult"
"8204",1,"GSKN",14,"adult"
"8205",1,"GSKN",15,"adult"
"8206",1,"GTFG",1,"juvenile"
"8207",1,"GTFG",2,"adult"
"8208",1,"GTFG",3,"adult"
"8209",1,"GTFG",4,"adult"
"8210",1,"GTFG",5,"adult"
"8211",1,"GTFG",6,"adult"
"8212",1,"GTFG",7,"adult"
"8213",1,"GTFG",8,"adult"
"8214",1,"GTFG",9,"adult"
"8215",1,"GTFG",10,"adult"
"8216",1,"GTFG",11,"adult"
"8217",1,"GTFG",12,"adult"
"8218",1,"GTFG",13,"adult"
"8219",1,"GTFG",14,"adult"
"8220",1,"GTFG",15,"adult"
"8221",1,"GWEN",1,"juvenile"
"8222",1,"GWEN",2,"adult"
"8223",1,"GWEN",3,"adult"
"8224",1,"GWEN",4,"adult"
"8225",1,"GWEN",5,"adult"
"8226",1,"GWEN",6,"adult"
"8227",1,"GWEN",7,"adult"
"8228",1,"GWEN",8,"adult"
"8229",1,"GWEN",9,"adult"
"8230",1,"GWEN",10,"adult"
"8231",1,"GWEN",11,"adult"
"8232",1,"GWEN",12,"adult"
"8233",1,"GWEN",13,"adult"
"8234",1,"GWEN",14,"adult"
"8235",1,"GWEN",15,"adult"
"8236",1,"HAAK",1,"juvenile"
"8237",1,"HAAK",2,"adult"
"8238",1,"HAAK",3,"adult"
"8239",1,"HAAK",4,"adult"
"8240",1,"HAAK",5,"adult"
"8241",1,"HAAK",6,"adult"
"8242",1,"HAAK",7,"adult"
"8243",1,"HAAK",8,"adult"
"8244",1,"HAAK",9,"adult"
"8245",1,"HAAK",10,"adult"
"8246",1,"HAAK",11,"adult"
"8247",1,"HAAK",12,"adult"
"8248",1,"HAAK",13,"adult"
"8249",1,"HAAK",14,"adult"
"8250",1,"HAAK",15,"adult"
"8251",1,"HAIR",1,"juvenile"
"8252",1,"HAIR",2,"adult"
"8253",1,"HAIR",3,"adult"
"8254",1,"HAIR",4,"adult"
"8255",1,"HAIR",5,"adult"
"8256",1,"HAIR",6,"adult"
"8257",1,"HAIR",7,"adult"
"8258",1,"HAIR",8,"adult"
"8259",1,"HAIR",9,"adult"
"8260",1,"HAIR",10,"adult"
"8261",1,"HAIR",11,"adult"
"8262",1,"HAIR",12,"adult"
"8263",1,"HAIR",13,"adult"
"8264",1,"HAIR",14,"adult"
"8265",1,"HAIR",15,"adult"
"8266",1,"HAMM",1,"juvenile"
"8267",1,"HAMM",2,"adult"
"8268",1,"HAMM",3,"adult"
"8269",1,"HAMM",4,"adult"
"8270",1,"HAMM",5,"adult"
"8271",1,"HAMM",6,"adult"
"8272",1,"HAMM",7,"adult"
"8273",1,"HAMM",8,"adult"
"8274",1,"HAMM",9,"adult"
"8275",1,"HAMM",10,"adult"
"8276",1,"HAMM",11,"adult"
"8277",1,"HAMM",12,"adult"
"8278",1,"HAMM",13,"adult"
"8279",1,"HAMM",14,"adult"
"8280",1,"HAMM",15,"adult"
"8281",1,"HAN2",1,"juvenile"
"8282",1,"HAN2",2,"adult"
"8283",1,"HAN2",3,"adult"
"8284",1,"HAN2",4,"adult"
"8285",1,"HAN2",5,"adult"
"8286",1,"HAN2",6,"adult"
"8287",1,"HAN2",7,"adult"
"8288",1,"HAN2",8,"adult"
"8289",1,"HAN2",9,"adult"
"8290",1,"HAN2",10,"adult"
"8291",1,"HAN2",11,"adult"
"8292",1,"HAN2",12,"adult"
"8293",1,"HAN2",13,"adult"
"8294",1,"HAN2",14,"adult"
"8295",1,"HAN2",15,"adult"
"8296",1,"HANG",1,"juvenile"
"8297",1,"HANG",2,"adult"
"8298",1,"HANG",3,"adult"
"8299",1,"HANG",4,"adult"
"8300",1,"HANG",5,"adult"
"8301",1,"HANG",6,"adult"
"8302",1,"HANG",7,"adult"
"8303",1,"HANG",8,"adult"
"8304",1,"HANG",9,"adult"
"8305",1,"HANG",10,"adult"
"8306",1,"HANG",11,"adult"
"8307",1,"HANG",12,"adult"
"8308",1,"HANG",13,"adult"
"8309",1,"HANG",14,"adult"
"8310",1,"HANG",15,"adult"
"8311",1,"HAWC",1,"unborn"
"8312",1,"HAWC",2,"unborn"
"8313",1,"HAWC",3,"unborn"
"8314",1,"HAWC",4,"unborn"
"8315",1,"HAWC",5,"unborn"
"8316",1,"HAWC",6,"juvenile"
"8317",1,"HAWC",7,"juvenile"
"8318",1,"HAWC",8,"juvenile"
"8319",1,"HAWC",9,"juvenile"
"8320",1,"HAWC",10,"juvenile"
"8321",1,"HAWC",11,"juvenile"
"8322",1,"HAWC",12,"juvenile"
"8323",1,"HAWC",13,"juvenile"
"8324",1,"HAWC",14,"adult"
"8325",1,"HAWC",15,"adult"
"8326",1,"HBM1",1,"unborn"
"8327",1,"HBM1",2,"unborn"
"8328",1,"HBM1",3,"unborn"
"8329",1,"HBM1",4,"unborn"
"8330",1,"HBM1",5,"unborn"
"8331",1,"HBM1",6,"calf"
"8332",1,"HBM1",7,"juvenile"
"8333",1,"HBM1",8,"juvenile"
"8334",1,"HBM1",9,"juvenile"
"8335",1,"HBM1",10,"juvenile"
"8336",1,"HBM1",11,"juvenile"
"8337",1,"HBM1",12,"juvenile"
"8338",1,"HBM1",13,"juvenile"
"8339",1,"HBM1",14,"adult"
"8340",1,"HBM1",15,"adult"
"8341",1,"HBM2",1,"juvenile"
"8342",1,"HBM2",2,"adult"
"8343",1,"HBM2",3,"adult"
"8344",1,"HBM2",4,"adult"
"8345",1,"HBM2",5,"adult"
"8346",1,"HBM2",6,"adult"
"8347",1,"HBM2",7,"adult"
"8348",1,"HBM2",8,"adult"
"8349",1,"HBM2",9,"adult"
"8350",1,"HBM2",10,"adult"
"8351",1,"HBM2",11,"adult"
"8352",1,"HBM2",12,"adult"
"8353",1,"HBM2",13,"adult"
"8354",1,"HBM2",14,"adult"
"8355",1,"HBM2",15,"adult"
"8356",1,"HBM3",1,"unborn"
"8357",1,"HBM3",2,"unborn"
"8358",1,"HBM3",3,"unborn"
"8359",1,"HBM3",4,"unborn"
"8360",1,"HBM3",5,"unborn"
"8361",1,"HBM3",6,"unborn"
"8362",1,"HBM3",7,"unborn"
"8363",1,"HBM3",8,"unborn"
"8364",1,"HBM3",9,"unborn"
"8365",1,"HBM3",10,"unborn"
"8366",1,"HBM3",11,"unborn"
"8367",1,"HBM3",12,"unborn"
"8368",1,"HBM3",13,"unborn"
"8369",1,"HBM3",14,"calf"
"8370",1,"HBM3",15,"calf"
"8371",1,"HBM4",1,"juvenile"
"8372",1,"HBM4",2,"adult"
"8373",1,"HBM4",3,"adult"
"8374",1,"HBM4",4,"adult"
"8375",1,"HBM4",5,"adult"
"8376",1,"HBM4",6,"adult"
"8377",1,"HBM4",7,"adult"
"8378",1,"HBM4",8,"adult"
"8379",1,"HBM4",9,"adult"
"8380",1,"HBM4",10,"adult"
"8381",1,"HBM4",11,"adult"
"8382",1,"HBM4",12,"adult"
"8383",1,"HBM4",13,"adult"
"8384",1,"HBM4",14,"adult"
"8385",1,"HBM4",15,"adult"
"8386",1,"HBMB",1,"juvenile"
"8387",1,"HBMB",2,"adult"
"8388",1,"HBMB",3,"adult"
"8389",1,"HBMB",4,"adult"
"8390",1,"HBMB",5,"adult"
"8391",1,"HBMB",6,"adult"
"8392",1,"HBMB",7,"adult"
"8393",1,"HBMB",8,"adult"
"8394",1,"HBMB",9,"adult"
"8395",1,"HBMB",10,"adult"
"8396",1,"HBMB",11,"adult"
"8397",1,"HBMB",12,"adult"
"8398",1,"HBMB",13,"adult"
"8399",1,"HBMB",14,"adult"
"8400",1,"HBMB",15,"adult"
"8401",1,"HBUT",1,"juvenile"
"8402",1,"HBUT",2,"adult"
"8403",1,"HBUT",3,"adult"
"8404",1,"HBUT",4,"adult"
"8405",1,"HBUT",5,"adult"
"8406",1,"HBUT",6,"adult"
"8407",1,"HBUT",7,"adult"
"8408",1,"HBUT",8,"adult"
"8409",1,"HBUT",9,"adult"
"8410",1,"HBUT",10,"adult"
"8411",1,"HBUT",11,"adult"
"8412",1,"HBUT",12,"adult"
"8413",1,"HBUT",13,"adult"
"8414",1,"HBUT",14,"adult"
"8415",1,"HBUT",15,"adult"
"8416",1,"HDMM",1,"juvenile"
"8417",1,"HDMM",2,"adult"
"8418",1,"HDMM",3,"adult"
"8419",1,"HDMM",4,"adult"
"8420",1,"HDMM",5,"adult"
"8421",1,"HDMM",6,"adult"
"8422",1,"HDMM",7,"adult"
"8423",1,"HDMM",8,"adult"
"8424",1,"HDMM",9,"adult"
"8425",1,"HDMM",10,"adult"
"8426",1,"HDMM",11,"adult"
"8427",1,"HDMM",12,"adult"
"8428",1,"HDMM",13,"adult"
"8429",1,"HDMM",14,"adult"
"8430",1,"HDMM",15,"adult"
"8431",1,"HDSK",1,"juvenile"
"8432",1,"HDSK",2,"adult"
"8433",1,"HDSK",3,"adult"
"8434",1,"HDSK",4,"adult"
"8435",1,"HDSK",5,"adult"
"8436",1,"HDSK",6,"adult"
"8437",1,"HDSK",7,"adult"
"8438",1,"HDSK",8,"adult"
"8439",1,"HDSK",9,"adult"
"8440",1,"HDSK",10,"adult"
"8441",1,"HDSK",11,"adult"
"8442",1,"HDSK",12,"adult"
"8443",1,"HDSK",13,"adult"
"8444",1,"HDSK",14,"adult"
"8445",1,"HDSK",15,"adult"
"8446",1,"HFLT",1,"juvenile"
"8447",1,"HFLT",2,"adult"
"8448",1,"HFLT",3,"adult"
"8449",1,"HFLT",4,"adult"
"8450",1,"HFLT",5,"adult"
"8451",1,"HFLT",6,"adult"
"8452",1,"HFLT",7,"adult"
"8453",1,"HFLT",8,"adult"
"8454",1,"HFLT",9,"adult"
"8455",1,"HFLT",10,"adult"
"8456",1,"HFLT",11,"adult"
"8457",1,"HFLT",12,"adult"
"8458",1,"HFLT",13,"adult"
"8459",1,"HFLT",14,"adult"
"8460",1,"HFLT",15,"adult"
"8461",1,"HILB",1,"juvenile"
"8462",1,"HILB",2,"adult"
"8463",1,"HILB",3,"adult"
"8464",1,"HILB",4,"adult"
"8465",1,"HILB",5,"adult"
"8466",1,"HILB",6,"adult"
"8467",1,"HILB",7,"adult"
"8468",1,"HILB",8,"adult"
"8469",1,"HILB",9,"adult"
"8470",1,"HILB",10,"adult"
"8471",1,"HILB",11,"adult"
"8472",1,"HILB",12,"adult"
"8473",1,"HILB",13,"adult"
"8474",1,"HILB",14,"adult"
"8475",1,"HILB",15,"adult"
"8476",1,"HIPC",1,"juvenile"
"8477",1,"HIPC",2,"adult"
"8478",1,"HIPC",3,"adult"
"8479",1,"HIPC",4,"adult"
"8480",1,"HIPC",5,"adult"
"8481",1,"HIPC",6,"adult"
"8482",1,"HIPC",7,"adult"
"8483",1,"HIPC",8,"adult"
"8484",1,"HIPC",9,"adult"
"8485",1,"HIPC",10,"adult"
"8486",1,"HIPC",11,"adult"
"8487",1,"HIPC",12,"adult"
"8488",1,"HIPC",13,"adult"
"8489",1,"HIPC",14,"adult"
"8490",1,"HIPC",15,"adult"
"8491",1,"HIPM",1,"juvenile"
"8492",1,"HIPM",2,"adult"
"8493",1,"HIPM",3,"adult"
"8494",1,"HIPM",4,"adult"
"8495",1,"HIPM",5,"adult"
"8496",1,"HIPM",6,"adult"
"8497",1,"HIPM",7,"adult"
"8498",1,"HIPM",8,"adult"
"8499",1,"HIPM",9,"adult"
"8500",1,"HIPM",10,"adult"
"8501",1,"HIPM",11,"adult"
"8502",1,"HIPM",12,"adult"
"8503",1,"HIPM",13,"adult"
"8504",1,"HIPM",14,"adult"
"8505",1,"HIPM",15,"adult"
"8506",1,"HIQQ",1,"juvenile"
"8507",1,"HIQQ",2,"adult"
"8508",1,"HIQQ",3,"adult"
"8509",1,"HIQQ",4,"adult"
"8510",1,"HIQQ",5,"adult"
"8511",1,"HIQQ",6,"adult"
"8512",1,"HIQQ",7,"adult"
"8513",1,"HIQQ",8,"adult"
"8514",1,"HIQQ",9,"adult"
"8515",1,"HIQQ",10,"adult"
"8516",1,"HIQQ",11,"adult"
"8517",1,"HIQQ",12,"adult"
"8518",1,"HIQQ",13,"adult"
"8519",1,"HIQQ",14,"adult"
"8520",1,"HIQQ",15,"adult"
"8521",1,"HITS",1,"juvenile"
"8522",1,"HITS",2,"adult"
"8523",1,"HITS",3,"adult"
"8524",1,"HITS",4,"adult"
"8525",1,"HITS",5,"adult"
"8526",1,"HITS",6,"adult"
"8527",1,"HITS",7,"adult"
"8528",1,"HITS",8,"adult"
"8529",1,"HITS",9,"adult"
"8530",1,"HITS",10,"adult"
"8531",1,"HITS",11,"adult"
"8532",1,"HITS",12,"adult"
"8533",1,"HITS",13,"adult"
"8534",1,"HITS",14,"adult"
"8535",1,"HITS",15,"adult"
"8536",1,"HLP3",1,"unborn"
"8537",1,"HLP3",2,"unborn"
"8538",1,"HLP3",3,"unborn"
"8539",1,"HLP3",4,"unborn"
"8540",1,"HLP3",5,"unborn"
"8541",1,"HLP3",6,"unborn"
"8542",1,"HLP3",7,"unborn"
"8543",1,"HLP3",8,"unborn"
"8544",1,"HLP3",9,"unborn"
"8545",1,"HLP3",10,"unborn"
"8546",1,"HLP3",11,"unborn"
"8547",1,"HLP3",12,"unborn"
"8548",1,"HLP3",13,"unborn"
"8549",1,"HLP3",14,"calf"
"8550",1,"HLP3",15,"calf"
"8551",1,"HLP4",1,"unborn"
"8552",1,"HLP4",2,"unborn"
"8553",1,"HLP4",3,"unborn"
"8554",1,"HLP4",4,"unborn"
"8555",1,"HLP4",5,"unborn"
"8556",1,"HLP4",6,"unborn"
"8557",1,"HLP4",7,"unborn"
"8558",1,"HLP4",8,"unborn"
"8559",1,"HLP4",9,"unborn"
"8560",1,"HLP4",10,"unborn"
"8561",1,"HLP4",11,"unborn"
"8562",1,"HLP4",12,"unborn"
"8563",1,"HLP4",13,"unborn"
"8564",1,"HLP4",14,"calf"
"8565",1,"HLP4",15,"calf"
"8566",1,"HLPC",1,"unborn"
"8567",1,"HLPC",2,"unborn"
"8568",1,"HLPC",3,"unborn"
"8569",1,"HLPC",4,"unborn"
"8570",1,"HLPC",5,"unborn"
"8571",1,"HLPC",6,"juvenile"
"8572",1,"HLPC",7,"juvenile"
"8573",1,"HLPC",8,"juvenile"
"8574",1,"HLPC",9,"juvenile"
"8575",1,"HLPC",10,"juvenile"
"8576",1,"HLPC",11,"juvenile"
"8577",1,"HLPC",12,"juvenile"
"8578",1,"HLPC",13,"juvenile"
"8579",1,"HLPC",14,"adult"
"8580",1,"HLPC",15,"adult"
"8581",1,"HML2",1,"juvenile"
"8582",1,"HML2",2,"adult"
"8583",1,"HML2",3,"adult"
"8584",1,"HML2",4,"adult"
"8585",1,"HML2",5,"adult"
"8586",1,"HML2",6,"adult"
"8587",1,"HML2",7,"adult"
"8588",1,"HML2",8,"adult"
"8589",1,"HML2",9,"adult"
"8590",1,"HML2",10,"adult"
"8591",1,"HML2",11,"adult"
"8592",1,"HML2",12,"adult"
"8593",1,"HML2",13,"adult"
"8594",1,"HML2",14,"adult"
"8595",1,"HML2",15,"adult"
"8596",1,"HMLC",1,"juvenile"
"8597",1,"HMLC",2,"adult"
"8598",1,"HMLC",3,"adult"
"8599",1,"HMLC",4,"adult"
"8600",1,"HMLC",5,"adult"
"8601",1,"HMLC",6,"adult"
"8602",1,"HMLC",7,"adult"
"8603",1,"HMLC",8,"adult"
"8604",1,"HMLC",9,"adult"
"8605",1,"HMLC",10,"adult"
"8606",1,"HMLC",11,"adult"
"8607",1,"HMLC",12,"adult"
"8608",1,"HMLC",13,"adult"
"8609",1,"HMLC",14,"adult"
"8610",1,"HMLC",15,"adult"
"8611",1,"HMLS",1,"juvenile"
"8612",1,"HMLS",2,"adult"
"8613",1,"HMLS",3,"adult"
"8614",1,"HMLS",4,"adult"
"8615",1,"HMLS",5,"adult"
"8616",1,"HMLS",6,"adult"
"8617",1,"HMLS",7,"adult"
"8618",1,"HMLS",8,"adult"
"8619",1,"HMLS",9,"adult"
"8620",1,"HMLS",10,"adult"
"8621",1,"HMLS",11,"adult"
"8622",1,"HMLS",12,"adult"
"8623",1,"HMLS",13,"adult"
"8624",1,"HMLS",14,"adult"
"8625",1,"HMLS",15,"adult"
"8626",1,"HMLT",1,"juvenile"
"8627",1,"HMLT",2,"adult"
"8628",1,"HMLT",3,"adult"
"8629",1,"HMLT",4,"adult"
"8630",1,"HMLT",5,"adult"
"8631",1,"HMLT",6,"adult"
"8632",1,"HMLT",7,"adult"
"8633",1,"HMLT",8,"adult"
"8634",1,"HMLT",9,"adult"
"8635",1,"HMLT",10,"adult"
"8636",1,"HMLT",11,"adult"
"8637",1,"HMLT",12,"adult"
"8638",1,"HMLT",13,"adult"
"8639",1,"HMLT",14,"adult"
"8640",1,"HMLT",15,"adult"
"8641",1,"HMMC",1,"unborn"
"8642",1,"HMMC",2,"unborn"
"8643",1,"HMMC",3,"unborn"
"8644",1,"HMMC",4,"unborn"
"8645",1,"HMMC",5,"unborn"
"8646",1,"HMMC",6,"unborn"
"8647",1,"HMMC",7,"calf"
"8648",1,"HMMC",8,"calf"
"8649",1,"HMMC",9,"calf"
"8650",1,"HMMC",10,"calf"
"8651",1,"HMMC",11,"calf"
"8652",1,"HMMC",12,"calf"
"8653",1,"HMMC",13,"calf"
"8654",1,"HMMC",14,"juvenile"
"8655",1,"HMMC",15,"juvenile"
"8656",1,"HMMM",1,"juvenile"
"8657",1,"HMMM",2,"adult"
"8658",1,"HMMM",3,"adult"
"8659",1,"HMMM",4,"adult"
"8660",1,"HMMM",5,"adult"
"8661",1,"HMMM",6,"adult"
"8662",1,"HMMM",7,"adult"
"8663",1,"HMMM",8,"adult"
"8664",1,"HMMM",9,"adult"
"8665",1,"HMMM",10,"adult"
"8666",1,"HMMM",11,"adult"
"8667",1,"HMMM",12,"adult"
"8668",1,"HMMM",13,"adult"
"8669",1,"HMMM",14,"adult"
"8670",1,"HMMM",15,"adult"
"8671",1,"HMTN",1,"juvenile"
"8672",1,"HMTN",2,"adult"
"8673",1,"HMTN",3,"adult"
"8674",1,"HMTN",4,"adult"
"8675",1,"HMTN",5,"adult"
"8676",1,"HMTN",6,"adult"
"8677",1,"HMTN",7,"adult"
"8678",1,"HMTN",8,"adult"
"8679",1,"HMTN",9,"adult"
"8680",1,"HMTN",10,"adult"
"8681",1,"HMTN",11,"adult"
"8682",1,"HMTN",12,"adult"
"8683",1,"HMTN",13,"adult"
"8684",1,"HMTN",14,"adult"
"8685",1,"HMTN",15,"adult"
"8686",1,"HNB2",1,"juvenile"
"8687",1,"HNB2",2,"adult"
"8688",1,"HNB2",3,"adult"
"8689",1,"HNB2",4,"adult"
"8690",1,"HNB2",5,"adult"
"8691",1,"HNB2",6,"adult"
"8692",1,"HNB2",7,"adult"
"8693",1,"HNB2",8,"adult"
"8694",1,"HNB2",9,"adult"
"8695",1,"HNB2",10,"adult"
"8696",1,"HNB2",11,"adult"
"8697",1,"HNB2",12,"adult"
"8698",1,"HNB2",13,"adult"
"8699",1,"HNB2",14,"adult"
"8700",1,"HNB2",15,"adult"
"8701",1,"HNBT",1,"juvenile"
"8702",1,"HNBT",2,"adult"
"8703",1,"HNBT",3,"adult"
"8704",1,"HNBT",4,"adult"
"8705",1,"HNBT",5,"adult"
"8706",1,"HNBT",6,"adult"
"8707",1,"HNBT",7,"adult"
"8708",1,"HNBT",8,"adult"
"8709",1,"HNBT",9,"adult"
"8710",1,"HNBT",10,"adult"
"8711",1,"HNBT",11,"adult"
"8712",1,"HNBT",12,"adult"
"8713",1,"HNBT",13,"adult"
"8714",1,"HNBT",14,"adult"
"8715",1,"HNBT",15,"adult"
"8716",1,"HNSC",1,"juvenile"
"8717",1,"HNSC",2,"adult"
"8718",1,"HNSC",3,"adult"
"8719",1,"HNSC",4,"adult"
"8720",1,"HNSC",5,"adult"
"8721",1,"HNSC",6,"adult"
"8722",1,"HNSC",7,"adult"
"8723",1,"HNSC",8,"adult"
"8724",1,"HNSC",9,"adult"
"8725",1,"HNSC",10,"adult"
"8726",1,"HNSC",11,"adult"
"8727",1,"HNSC",12,"adult"
"8728",1,"HNSC",13,"adult"
"8729",1,"HNSC",14,"adult"
"8730",1,"HNSC",15,"adult"
"8731",1,"HOK1",1,"juvenile"
"8732",1,"HOK1",2,"adult"
"8733",1,"HOK1",3,"adult"
"8734",1,"HOK1",4,"adult"
"8735",1,"HOK1",5,"adult"
"8736",1,"HOK1",6,"adult"
"8737",1,"HOK1",7,"adult"
"8738",1,"HOK1",8,"adult"
"8739",1,"HOK1",9,"adult"
"8740",1,"HOK1",10,"adult"
"8741",1,"HOK1",11,"adult"
"8742",1,"HOK1",12,"adult"
"8743",1,"HOK1",13,"adult"
"8744",1,"HOK1",14,"adult"
"8745",1,"HOK1",15,"adult"
"8746",1,"HOK2",1,"juvenile"
"8747",1,"HOK2",2,"adult"
"8748",1,"HOK2",3,"adult"
"8749",1,"HOK2",4,"adult"
"8750",1,"HOK2",5,"adult"
"8751",1,"HOK2",6,"adult"
"8752",1,"HOK2",7,"adult"
"8753",1,"HOK2",8,"adult"
"8754",1,"HOK2",9,"adult"
"8755",1,"HOK2",10,"adult"
"8756",1,"HOK2",11,"adult"
"8757",1,"HOK2",12,"adult"
"8758",1,"HOK2",13,"adult"
"8759",1,"HOK2",14,"adult"
"8760",1,"HOK2",15,"adult"
"8761",1,"HOKA",1,"juvenile"
"8762",1,"HOKA",2,"adult"
"8763",1,"HOKA",3,"adult"
"8764",1,"HOKA",4,"adult"
"8765",1,"HOKA",5,"adult"
"8766",1,"HOKA",6,"adult"
"8767",1,"HOKA",7,"adult"
"8768",1,"HOKA",8,"adult"
"8769",1,"HOKA",9,"adult"
"8770",1,"HOKA",10,"adult"
"8771",1,"HOKA",11,"adult"
"8772",1,"HOKA",12,"adult"
"8773",1,"HOKA",13,"adult"
"8774",1,"HOKA",14,"adult"
"8775",1,"HOKA",15,"adult"
"8776",1,"HOOV",1,"juvenile"
"8777",1,"HOOV",2,"adult"
"8778",1,"HOOV",3,"adult"
"8779",1,"HOOV",4,"adult"
"8780",1,"HOOV",5,"adult"
"8781",1,"HOOV",6,"adult"
"8782",1,"HOOV",7,"adult"
"8783",1,"HOOV",8,"adult"
"8784",1,"HOOV",9,"adult"
"8785",1,"HOOV",10,"adult"
"8786",1,"HOOV",11,"adult"
"8787",1,"HOOV",12,"adult"
"8788",1,"HOOV",13,"adult"
"8789",1,"HOOV",14,"adult"
"8790",1,"HOOV",15,"adult"
"8791",1,"HOV2",1,"juvenile"
"8792",1,"HOV2",2,"adult"
"8793",1,"HOV2",3,"adult"
"8794",1,"HOV2",4,"adult"
"8795",1,"HOV2",5,"adult"
"8796",1,"HOV2",6,"adult"
"8797",1,"HOV2",7,"adult"
"8798",1,"HOV2",8,"adult"
"8799",1,"HOV2",9,"adult"
"8800",1,"HOV2",10,"adult"
"8801",1,"HOV2",11,"adult"
"8802",1,"HOV2",12,"adult"
"8803",1,"HOV2",13,"adult"
"8804",1,"HOV2",14,"adult"
"8805",1,"HOV2",15,"adult"
"8806",1,"HOVA",1,"juvenile"
"8807",1,"HOVA",2,"adult"
"8808",1,"HOVA",3,"adult"
"8809",1,"HOVA",4,"adult"
"8810",1,"HOVA",5,"adult"
"8811",1,"HOVA",6,"adult"
"8812",1,"HOVA",7,"adult"
"8813",1,"HOVA",8,"adult"
"8814",1,"HOVA",9,"adult"
"8815",1,"HOVA",10,"adult"
"8816",1,"HOVA",11,"adult"
"8817",1,"HOVA",12,"adult"
"8818",1,"HOVA",13,"adult"
"8819",1,"HOVA",14,"adult"
"8820",1,"HOVA",15,"adult"
"8821",1,"HOVC",1,"unborn"
"8822",1,"HOVC",2,"unborn"
"8823",1,"HOVC",3,"unborn"
"8824",1,"HOVC",4,"unborn"
"8825",1,"HOVC",5,"unborn"
"8826",1,"HOVC",6,"unborn"
"8827",1,"HOVC",7,"calf"
"8828",1,"HOVC",8,"calf"
"8829",1,"HOVC",9,"calf"
"8830",1,"HOVC",10,"calf"
"8831",1,"HOVC",11,"calf"
"8832",1,"HOVC",12,"calf"
"8833",1,"HOVC",13,"calf"
"8834",1,"HOVC",14,"juvenile"
"8835",1,"HOVC",15,"juvenile"
"8836",1,"HPLA",1,"juvenile"
"8837",1,"HPLA",2,"adult"
"8838",1,"HPLA",3,"adult"
"8839",1,"HPLA",4,"adult"
"8840",1,"HPLA",5,"adult"
"8841",1,"HPLA",6,"adult"
"8842",1,"HPLA",7,"adult"
"8843",1,"HPLA",8,"adult"
"8844",1,"HPLA",9,"adult"
"8845",1,"HPLA",10,"adult"
"8846",1,"HPLA",11,"adult"
"8847",1,"HPLA",12,"adult"
"8848",1,"HPLA",13,"adult"
"8849",1,"HPLA",14,"adult"
"8850",1,"HPLA",15,"adult"
"8851",1,"HRDM",1,"juvenile"
"8852",1,"HRDM",2,"adult"
"8853",1,"HRDM",3,"adult"
"8854",1,"HRDM",4,"adult"
"8855",1,"HRDM",5,"adult"
"8856",1,"HRDM",6,"adult"
"8857",1,"HRDM",7,"adult"
"8858",1,"HRDM",8,"adult"
"8859",1,"HRDM",9,"adult"
"8860",1,"HRDM",10,"adult"
"8861",1,"HRDM",11,"adult"
"8862",1,"HRDM",12,"adult"
"8863",1,"HRDM",13,"adult"
"8864",1,"HRDM",14,"adult"
"8865",1,"HRDM",15,"adult"
"8866",1,"HSN2",1,"juvenile"
"8867",1,"HSN2",2,"adult"
"8868",1,"HSN2",3,"adult"
"8869",1,"HSN2",4,"adult"
"8870",1,"HSN2",5,"adult"
"8871",1,"HSN2",6,"adult"
"8872",1,"HSN2",7,"adult"
"8873",1,"HSN2",8,"adult"
"8874",1,"HSN2",9,"adult"
"8875",1,"HSN2",10,"adult"
"8876",1,"HSN2",11,"adult"
"8877",1,"HSN2",12,"adult"
"8878",1,"HSN2",13,"adult"
"8879",1,"HSN2",14,"adult"
"8880",1,"HSN2",15,"adult"
"8881",1,"HSN3",1,"unborn"
"8882",1,"HSN3",2,"unborn"
"8883",1,"HSN3",3,"unborn"
"8884",1,"HSN3",4,"unborn"
"8885",1,"HSN3",5,"unborn"
"8886",1,"HSN3",6,"unborn"
"8887",1,"HSN3",7,"unborn"
"8888",1,"HSN3",8,"unborn"
"8889",1,"HSN3",9,"unborn"
"8890",1,"HSN3",10,"unborn"
"8891",1,"HSN3",11,"unborn"
"8892",1,"HSN3",12,"unborn"
"8893",1,"HSN3",13,"unborn"
"8894",1,"HSN3",14,"calf"
"8895",1,"HSN3",15,"juvenile"
"8896",1,"HSN4",1,"unborn"
"8897",1,"HSN4",2,"unborn"
"8898",1,"HSN4",3,"unborn"
"8899",1,"HSN4",4,"unborn"
"8900",1,"HSN4",5,"unborn"
"8901",1,"HSN4",6,"unborn"
"8902",1,"HSN4",7,"unborn"
"8903",1,"HSN4",8,"unborn"
"8904",1,"HSN4",9,"unborn"
"8905",1,"HSN4",10,"unborn"
"8906",1,"HSN4",11,"unborn"
"8907",1,"HSN4",12,"unborn"
"8908",1,"HSN4",13,"unborn"
"8909",1,"HSN4",14,"unborn"
"8910",1,"HSN4",15,"calf"
"8911",1,"HSNS",1,"juvenile"
"8912",1,"HSNS",2,"adult"
"8913",1,"HSNS",3,"adult"
"8914",1,"HSNS",4,"adult"
"8915",1,"HSNS",5,"adult"
"8916",1,"HSNS",6,"adult"
"8917",1,"HSNS",7,"adult"
"8918",1,"HSNS",8,"adult"
"8919",1,"HSNS",9,"adult"
"8920",1,"HSNS",10,"adult"
"8921",1,"HSNS",11,"adult"
"8922",1,"HSNS",12,"adult"
"8923",1,"HSNS",13,"adult"
"8924",1,"HSNS",14,"adult"
"8925",1,"HSNS",15,"adult"
"8926",1,"HUCK",1,"juvenile"
"8927",1,"HUCK",2,"adult"
"8928",1,"HUCK",3,"adult"
"8929",1,"HUCK",4,"adult"
"8930",1,"HUCK",5,"adult"
"8931",1,"HUCK",6,"adult"
"8932",1,"HUCK",7,"adult"
"8933",1,"HUCK",8,"adult"
"8934",1,"HUCK",9,"adult"
"8935",1,"HUCK",10,"adult"
"8936",1,"HUCK",11,"adult"
"8937",1,"HUCK",12,"adult"
"8938",1,"HUCK",13,"adult"
"8939",1,"HUCK",14,"adult"
"8940",1,"HUCK",15,"adult"
"8941",1,"HUEY",1,"juvenile"
"8942",1,"HUEY",2,"adult"
"8943",1,"HUEY",3,"adult"
"8944",1,"HUEY",4,"adult"
"8945",1,"HUEY",5,"adult"
"8946",1,"HUEY",6,"adult"
"8947",1,"HUEY",7,"adult"
"8948",1,"HUEY",8,"adult"
"8949",1,"HUEY",9,"adult"
"8950",1,"HUEY",10,"adult"
"8951",1,"HUEY",11,"adult"
"8952",1,"HUEY",12,"adult"
"8953",1,"HUEY",13,"adult"
"8954",1,"HUEY",14,"adult"
"8955",1,"HUEY",15,"adult"
"8956",1,"HVMS",1,"juvenile"
"8957",1,"HVMS",2,"adult"
"8958",1,"HVMS",3,"adult"
"8959",1,"HVMS",4,"adult"
"8960",1,"HVMS",5,"adult"
"8961",1,"HVMS",6,"adult"
"8962",1,"HVMS",7,"adult"
"8963",1,"HVMS",8,"adult"
"8964",1,"HVMS",9,"adult"
"8965",1,"HVMS",10,"adult"
"8966",1,"HVMS",11,"adult"
"8967",1,"HVMS",12,"adult"
"8968",1,"HVMS",13,"adult"
"8969",1,"HVMS",14,"adult"
"8970",1,"HVMS",15,"adult"
"8971",1,"HWK2",1,"unborn"
"8972",1,"HWK2",2,"unborn"
"8973",1,"HWK2",3,"unborn"
"8974",1,"HWK2",4,"unborn"
"8975",1,"HWK2",5,"unborn"
"8976",1,"HWK2",6,"calf"
"8977",1,"HWK2",7,"calf"
"8978",1,"HWK2",8,"calf"
"8979",1,"HWK2",9,"calf"
"8980",1,"HWK2",10,"calf"
"8981",1,"HWK2",11,"calf"
"8982",1,"HWK2",12,"calf"
"8983",1,"HWK2",13,"calf"
"8984",1,"HWK2",14,"juvenile"
"8985",1,"HWK2",15,"juvenile"
"8986",1,"HWK3",1,"unborn"
"8987",1,"HWK3",2,"unborn"
"8988",1,"HWK3",3,"unborn"
"8989",1,"HWK3",4,"unborn"
"8990",1,"HWK3",5,"unborn"
"8991",1,"HWK3",6,"unborn"
"8992",1,"HWK3",7,"unborn"
"8993",1,"HWK3",8,"unborn"
"8994",1,"HWK3",9,"unborn"
"8995",1,"HWK3",10,"unborn"
"8996",1,"HWK3",11,"unborn"
"8997",1,"HWK3",12,"unborn"
"8998",1,"HWK3",13,"calf"
"8999",1,"HWK3",14,"juvenile"
"9000",1,"HWK3",15,"juvenile"
"9001",1,"IKN2",1,"unborn"
"9002",1,"IKN2",2,"unborn"
"9003",1,"IKN2",3,"unborn"
"9004",1,"IKN2",4,"calf"
"9005",1,"IKN2",5,"calf"
"9006",1,"IKN2",6,"juvenile"
"9007",1,"IKN2",7,"juvenile"
"9008",1,"IKN2",8,"juvenile"
"9009",1,"IKN2",9,"juvenile"
"9010",1,"IKN2",10,"juvenile"
"9011",1,"IKN2",11,"juvenile"
"9012",1,"IKN2",12,"adult"
"9013",1,"IKN2",13,"adult"
"9014",1,"IKN2",14,"adult"
"9015",1,"IKN2",15,"adult"
"9016",1,"IKNC",1,"juvenile"
"9017",1,"IKNC",2,"adult"
"9018",1,"IKNC",3,"adult"
"9019",1,"IKNC",4,"adult"
"9020",1,"IKNC",5,"adult"
"9021",1,"IKNC",6,"adult"
"9022",1,"IKNC",7,"adult"
"9023",1,"IKNC",8,"adult"
"9024",1,"IKNC",9,"adult"
"9025",1,"IKNC",10,"adult"
"9026",1,"IKNC",11,"adult"
"9027",1,"IKNC",12,"adult"
"9028",1,"IKNC",13,"adult"
"9029",1,"IKNC",14,"adult"
"9030",1,"IKNC",15,"adult"
"9031",1,"IKNO",1,"adult"
"9032",1,"IKNO",2,"adult"
"9033",1,"IKNO",3,"adult"
"9034",1,"IKNO",4,"adult"
"9035",1,"IKNO",5,"adult"
"9036",1,"IKNO",6,"adult"
"9037",1,"IKNO",7,"adult"
"9038",1,"IKNO",8,"adult"
"9039",1,"IKNO",9,"adult"
"9040",1,"IKNO",10,"adult"
"9041",1,"IKNO",11,"adult"
"9042",1,"IKNO",12,"adult"
"9043",1,"IKNO",13,"adult"
"9044",1,"IKNO",14,"adult"
"9045",1,"IKNO",15,"adult"
"9046",1,"J001",1,"juvenile"
"9047",1,"J001",2,"adult"
"9048",1,"J001",3,"adult"
"9049",1,"J001",4,"adult"
"9050",1,"J001",5,"adult"
"9051",1,"J001",6,"adult"
"9052",1,"J001",7,"adult"
"9053",1,"J001",8,"adult"
"9054",1,"J001",9,"adult"
"9055",1,"J001",10,"adult"
"9056",1,"J001",11,"adult"
"9057",1,"J001",12,"adult"
"9058",1,"J001",13,"adult"
"9059",1,"J001",14,"adult"
"9060",1,"J001",15,"adult"
"9061",1,"J007",1,"juvenile"
"9062",1,"J007",2,"adult"
"9063",1,"J007",3,"adult"
"9064",1,"J007",4,"adult"
"9065",1,"J007",5,"adult"
"9066",1,"J007",6,"adult"
"9067",1,"J007",7,"adult"
"9068",1,"J007",8,"adult"
"9069",1,"J007",9,"adult"
"9070",1,"J007",10,"adult"
"9071",1,"J007",11,"adult"
"9072",1,"J007",12,"adult"
"9073",1,"J007",13,"adult"
"9074",1,"J007",14,"adult"
"9075",1,"J007",15,"adult"
"9076",1,"JADE",1,"juvenile"
"9077",1,"JADE",2,"adult"
"9078",1,"JADE",3,"adult"
"9079",1,"JADE",4,"adult"
"9080",1,"JADE",5,"adult"
"9081",1,"JADE",6,"adult"
"9082",1,"JADE",7,"adult"
"9083",1,"JADE",8,"adult"
"9084",1,"JADE",9,"adult"
"9085",1,"JADE",10,"adult"
"9086",1,"JADE",11,"adult"
"9087",1,"JADE",12,"adult"
"9088",1,"JADE",13,"adult"
"9089",1,"JADE",14,"adult"
"9090",1,"JADE",15,"adult"
"9091",1,"JAGG",1,"juvenile"
"9092",1,"JAGG",2,"adult"
"9093",1,"JAGG",3,"adult"
"9094",1,"JAGG",4,"adult"
"9095",1,"JAGG",5,"adult"
"9096",1,"JAGG",6,"adult"
"9097",1,"JAGG",7,"adult"
"9098",1,"JAGG",8,"adult"
"9099",1,"JAGG",9,"adult"
"9100",1,"JAGG",10,"adult"
"9101",1,"JAGG",11,"adult"
"9102",1,"JAGG",12,"adult"
"9103",1,"JAGG",13,"adult"
"9104",1,"JAGG",14,"adult"
"9105",1,"JAGG",15,"adult"
"9106",1,"JAGR",1,"juvenile"
"9107",1,"JAGR",2,"adult"
"9108",1,"JAGR",3,"adult"
"9109",1,"JAGR",4,"adult"
"9110",1,"JAGR",5,"adult"
"9111",1,"JAGR",6,"adult"
"9112",1,"JAGR",7,"adult"
"9113",1,"JAGR",8,"adult"
"9114",1,"JAGR",9,"adult"
"9115",1,"JAGR",10,"adult"
"9116",1,"JAGR",11,"adult"
"9117",1,"JAGR",12,"adult"
"9118",1,"JAGR",13,"adult"
"9119",1,"JAGR",14,"adult"
"9120",1,"JAGR",15,"adult"
"9121",1,"JAMM",1,"juvenile"
"9122",1,"JAMM",2,"adult"
"9123",1,"JAMM",3,"adult"
"9124",1,"JAMM",4,"adult"
"9125",1,"JAMM",5,"adult"
"9126",1,"JAMM",6,"adult"
"9127",1,"JAMM",7,"adult"
"9128",1,"JAMM",8,"adult"
"9129",1,"JAMM",9,"adult"
"9130",1,"JAMM",10,"adult"
"9131",1,"JAMM",11,"adult"
"9132",1,"JAMM",12,"adult"
"9133",1,"JAMM",13,"adult"
"9134",1,"JAMM",14,"adult"
"9135",1,"JAMM",15,"adult"
"9136",1,"JAWS",1,"juvenile"
"9137",1,"JAWS",2,"adult"
"9138",1,"JAWS",3,"adult"
"9139",1,"JAWS",4,"adult"
"9140",1,"JAWS",5,"adult"
"9141",1,"JAWS",6,"adult"
"9142",1,"JAWS",7,"adult"
"9143",1,"JAWS",8,"adult"
"9144",1,"JAWS",9,"adult"
"9145",1,"JAWS",10,"adult"
"9146",1,"JAWS",11,"adult"
"9147",1,"JAWS",12,"adult"
"9148",1,"JAWS",13,"adult"
"9149",1,"JAWS",14,"adult"
"9150",1,"JAWS",15,"adult"
"9151",1,"JBAK",1,"juvenile"
"9152",1,"JBAK",2,"adult"
"9153",1,"JBAK",3,"adult"
"9154",1,"JBAK",4,"adult"
"9155",1,"JBAK",5,"adult"
"9156",1,"JBAK",6,"adult"
"9157",1,"JBAK",7,"adult"
"9158",1,"JBAK",8,"adult"
"9159",1,"JBAK",9,"adult"
"9160",1,"JBAK",10,"adult"
"9161",1,"JBAK",11,"adult"
"9162",1,"JBAK",12,"adult"
"9163",1,"JBAK",13,"adult"
"9164",1,"JBAK",14,"adult"
"9165",1,"JBAK",15,"adult"
"9166",1,"JELY",1,"juvenile"
"9167",1,"JELY",2,"adult"
"9168",1,"JELY",3,"adult"
"9169",1,"JELY",4,"adult"
"9170",1,"JELY",5,"adult"
"9171",1,"JELY",6,"adult"
"9172",1,"JELY",7,"adult"
"9173",1,"JELY",8,"adult"
"9174",1,"JELY",9,"adult"
"9175",1,"JELY",10,"adult"
"9176",1,"JELY",11,"adult"
"9177",1,"JELY",12,"adult"
"9178",1,"JELY",13,"adult"
"9179",1,"JELY",14,"adult"
"9180",1,"JELY",15,"adult"
"9181",1,"JETY",1,"juvenile"
"9182",1,"JETY",2,"adult"
"9183",1,"JETY",3,"adult"
"9184",1,"JETY",4,"adult"
"9185",1,"JETY",5,"adult"
"9186",1,"JETY",6,"adult"
"9187",1,"JETY",7,"adult"
"9188",1,"JETY",8,"adult"
"9189",1,"JETY",9,"adult"
"9190",1,"JETY",10,"adult"
"9191",1,"JETY",11,"adult"
"9192",1,"JETY",12,"adult"
"9193",1,"JETY",13,"adult"
"9194",1,"JETY",14,"adult"
"9195",1,"JETY",15,"adult"
"9196",1,"JGL1",1,"unborn"
"9197",1,"JGL1",2,"unborn"
"9198",1,"JGL1",3,"unborn"
"9199",1,"JGL1",4,"unborn"
"9200",1,"JGL1",5,"unborn"
"9201",1,"JGL1",6,"unborn"
"9202",1,"JGL1",7,"unborn"
"9203",1,"JGL1",8,"unborn"
"9204",1,"JGL1",9,"unborn"
"9205",1,"JGL1",10,"unborn"
"9206",1,"JGL1",11,"unborn"
"9207",1,"JGL1",12,"unborn"
"9208",1,"JGL1",13,"unborn"
"9209",1,"JGL1",14,"calf"
"9210",1,"JGL1",15,"juvenile"
"9211",1,"JGL2",1,"juvenile"
"9212",1,"JGL2",2,"adult"
"9213",1,"JGL2",3,"adult"
"9214",1,"JGL2",4,"adult"
"9215",1,"JGL2",5,"adult"
"9216",1,"JGL2",6,"adult"
"9217",1,"JGL2",7,"adult"
"9218",1,"JGL2",8,"adult"
"9219",1,"JGL2",9,"adult"
"9220",1,"JGL2",10,"adult"
"9221",1,"JGL2",11,"adult"
"9222",1,"JGL2",12,"adult"
"9223",1,"JGL2",13,"adult"
"9224",1,"JGL2",14,"adult"
"9225",1,"JGL2",15,"adult"
"9226",1,"JGLD",1,"juvenile"
"9227",1,"JGLD",2,"adult"
"9228",1,"JGLD",3,"adult"
"9229",1,"JGLD",4,"adult"
"9230",1,"JGLD",5,"adult"
"9231",1,"JGLD",6,"adult"
"9232",1,"JGLD",7,"adult"
"9233",1,"JGLD",8,"adult"
"9234",1,"JGLD",9,"adult"
"9235",1,"JGLD",10,"adult"
"9236",1,"JGLD",11,"adult"
"9237",1,"JGLD",12,"adult"
"9238",1,"JGLD",13,"adult"
"9239",1,"JGLD",14,"adult"
"9240",1,"JGLD",15,"adult"
"9241",1,"JIG3",1,"juvenile"
"9242",1,"JIG3",2,"adult"
"9243",1,"JIG3",3,"adult"
"9244",1,"JIG3",4,"adult"
"9245",1,"JIG3",5,"adult"
"9246",1,"JIG3",6,"adult"
"9247",1,"JIG3",7,"adult"
"9248",1,"JIG3",8,"adult"
"9249",1,"JIG3",9,"adult"
"9250",1,"JIG3",10,"adult"
"9251",1,"JIG3",11,"adult"
"9252",1,"JIG3",12,"adult"
"9253",1,"JIG3",13,"adult"
"9254",1,"JIG3",14,"adult"
"9255",1,"JIG3",15,"adult"
"9256",1,"JOJO",1,"juvenile"
"9257",1,"JOJO",2,"adult"
"9258",1,"JOJO",3,"adult"
"9259",1,"JOJO",4,"adult"
"9260",1,"JOJO",5,"adult"
"9261",1,"JOJO",6,"adult"
"9262",1,"JOJO",7,"adult"
"9263",1,"JOJO",8,"adult"
"9264",1,"JOJO",9,"adult"
"9265",1,"JOJO",10,"adult"
"9266",1,"JOJO",11,"adult"
"9267",1,"JOJO",12,"adult"
"9268",1,"JOJO",13,"adult"
"9269",1,"JOJO",14,"adult"
"9270",1,"JOJO",15,"adult"
"9271",1,"JOSC",1,"unborn"
"9272",1,"JOSC",2,"unborn"
"9273",1,"JOSC",3,"unborn"
"9274",1,"JOSC",4,"calf"
"9275",1,"JOSC",5,"calf"
"9276",1,"JOSC",6,"juvenile"
"9277",1,"JOSC",7,"juvenile"
"9278",1,"JOSC",8,"juvenile"
"9279",1,"JOSC",9,"juvenile"
"9280",1,"JOSC",10,"juvenile"
"9281",1,"JOSC",11,"juvenile"
"9282",1,"JOSC",12,"adult"
"9283",1,"JOSC",13,"adult"
"9284",1,"JOSC",14,"adult"
"9285",1,"JOSC",15,"adult"
"9286",1,"JOSE",1,"adult"
"9287",1,"JOSE",2,"adult"
"9288",1,"JOSE",3,"adult"
"9289",1,"JOSE",4,"adult"
"9290",1,"JOSE",5,"adult"
"9291",1,"JOSE",6,"adult"
"9292",1,"JOSE",7,"adult"
"9293",1,"JOSE",8,"adult"
"9294",1,"JOSE",9,"adult"
"9295",1,"JOSE",10,"adult"
"9296",1,"JOSE",11,"adult"
"9297",1,"JOSE",12,"adult"
"9298",1,"JOSE",13,"adult"
"9299",1,"JOSE",14,"adult"
"9300",1,"JOSE",15,"adult"
"9301",1,"KMBT",1,"juvenile"
"9302",1,"KMBT",2,"adult"
"9303",1,"KMBT",3,"adult"
"9304",1,"KMBT",4,"adult"
"9305",1,"KMBT",5,"adult"
"9306",1,"KMBT",6,"adult"
"9307",1,"KMBT",7,"adult"
"9308",1,"KMBT",8,"adult"
"9309",1,"KMBT",9,"adult"
"9310",1,"KMBT",10,"adult"
"9311",1,"KMBT",11,"adult"
"9312",1,"KMBT",12,"adult"
"9313",1,"KMBT",13,"adult"
"9314",1,"KMBT",14,"adult"
"9315",1,"KMBT",15,"adult"
"9316",1,"KNIK",1,"juvenile"
"9317",1,"KNIK",2,"adult"
"9318",1,"KNIK",3,"adult"
"9319",1,"KNIK",4,"adult"
"9320",1,"KNIK",5,"adult"
"9321",1,"KNIK",6,"adult"
"9322",1,"KNIK",7,"adult"
"9323",1,"KNIK",8,"adult"
"9324",1,"KNIK",9,"adult"
"9325",1,"KNIK",10,"adult"
"9326",1,"KNIK",11,"adult"
"9327",1,"KNIK",12,"adult"
"9328",1,"KNIK",13,"adult"
"9329",1,"KNIK",14,"adult"
"9330",1,"KNIK",15,"adult"
"9331",1,"KNNC",1,"juvenile"
"9332",1,"KNNC",2,"adult"
"9333",1,"KNNC",3,"adult"
"9334",1,"KNNC",4,"adult"
"9335",1,"KNNC",5,"adult"
"9336",1,"KNNC",6,"adult"
"9337",1,"KNNC",7,"adult"
"9338",1,"KNNC",8,"adult"
"9339",1,"KNNC",9,"adult"
"9340",1,"KNNC",10,"adult"
"9341",1,"KNNC",11,"adult"
"9342",1,"KNNC",12,"adult"
"9343",1,"KNNC",13,"adult"
"9344",1,"KNNC",14,"adult"
"9345",1,"KNNC",15,"adult"
"9346",1,"KNNN",1,"juvenile"
"9347",1,"KNNN",2,"adult"
"9348",1,"KNNN",3,"adult"
"9349",1,"KNNN",4,"adult"
"9350",1,"KNNN",5,"adult"
"9351",1,"KNNN",6,"adult"
"9352",1,"KNNN",7,"adult"
"9353",1,"KNNN",8,"adult"
"9354",1,"KNNN",9,"adult"
"9355",1,"KNNN",10,"adult"
"9356",1,"KNNN",11,"adult"
"9357",1,"KNNN",12,"adult"
"9358",1,"KNNN",13,"adult"
"9359",1,"KNNN",14,"adult"
"9360",1,"KNNN",15,"adult"
"9361",1,"KNOB",1,"juvenile"
"9362",1,"KNOB",2,"adult"
"9363",1,"KNOB",3,"adult"
"9364",1,"KNOB",4,"adult"
"9365",1,"KNOB",5,"adult"
"9366",1,"KNOB",6,"adult"
"9367",1,"KNOB",7,"adult"
"9368",1,"KNOB",8,"adult"
"9369",1,"KNOB",9,"adult"
"9370",1,"KNOB",10,"adult"
"9371",1,"KNOB",11,"adult"
"9372",1,"KNOB",12,"adult"
"9373",1,"KNOB",13,"adult"
"9374",1,"KNOB",14,"adult"
"9375",1,"KNOB",15,"adult"
"9376",1,"KNOR",1,"juvenile"
"9377",1,"KNOR",2,"adult"
"9378",1,"KNOR",3,"adult"
"9379",1,"KNOR",4,"adult"
"9380",1,"KNOR",5,"adult"
"9381",1,"KNOR",6,"adult"
"9382",1,"KNOR",7,"adult"
"9383",1,"KNOR",8,"adult"
"9384",1,"KNOR",9,"adult"
"9385",1,"KNOR",10,"adult"
"9386",1,"KNOR",11,"adult"
"9387",1,"KNOR",12,"adult"
"9388",1,"KNOR",13,"adult"
"9389",1,"KNOR",14,"adult"
"9390",1,"KNOR",15,"adult"
"9391",1,"KNSY",1,"juvenile"
"9392",1,"KNSY",2,"adult"
"9393",1,"KNSY",3,"adult"
"9394",1,"KNSY",4,"adult"
"9395",1,"KNSY",5,"adult"
"9396",1,"KNSY",6,"adult"
"9397",1,"KNSY",7,"adult"
"9398",1,"KNSY",8,"adult"
"9399",1,"KNSY",9,"adult"
"9400",1,"KNSY",10,"adult"
"9401",1,"KNSY",11,"adult"
"9402",1,"KNSY",12,"adult"
"9403",1,"KNSY",13,"adult"
"9404",1,"KNSY",14,"adult"
"9405",1,"KNSY",15,"adult"
"9406",1,"KOKO",1,"juvenile"
"9407",1,"KOKO",2,"adult"
"9408",1,"KOKO",3,"adult"
"9409",1,"KOKO",4,"adult"
"9410",1,"KOKO",5,"adult"
"9411",1,"KOKO",6,"adult"
"9412",1,"KOKO",7,"adult"
"9413",1,"KOKO",8,"adult"
"9414",1,"KOKO",9,"adult"
"9415",1,"KOKO",10,"adult"
"9416",1,"KOKO",11,"adult"
"9417",1,"KOKO",12,"adult"
"9418",1,"KOKO",13,"adult"
"9419",1,"KOKO",14,"adult"
"9420",1,"KOKO",15,"adult"
"9421",1,"KRSN",1,"juvenile"
"9422",1,"KRSN",2,"adult"
"9423",1,"KRSN",3,"adult"
"9424",1,"KRSN",4,"adult"
"9425",1,"KRSN",5,"adult"
"9426",1,"KRSN",6,"adult"
"9427",1,"KRSN",7,"adult"
"9428",1,"KRSN",8,"adult"
"9429",1,"KRSN",9,"adult"
"9430",1,"KRSN",10,"adult"
"9431",1,"KRSN",11,"adult"
"9432",1,"KRSN",12,"adult"
"9433",1,"KRSN",13,"adult"
"9434",1,"KRSN",14,"adult"
"9435",1,"KRSN",15,"adult"
"9436",1,"L108",1,"juvenile"
"9437",1,"L108",2,"adult"
"9438",1,"L108",3,"adult"
"9439",1,"L108",4,"adult"
"9440",1,"L108",5,"adult"
"9441",1,"L108",6,"adult"
"9442",1,"L108",7,"adult"
"9443",1,"L108",8,"adult"
"9444",1,"L108",9,"adult"
"9445",1,"L108",10,"adult"
"9446",1,"L108",11,"adult"
"9447",1,"L108",12,"adult"
"9448",1,"L108",13,"adult"
"9449",1,"L108",14,"adult"
"9450",1,"L108",15,"adult"
"9451",1,"L160",1,"juvenile"
"9452",1,"L160",2,"adult"
"9453",1,"L160",3,"adult"
"9454",1,"L160",4,"adult"
"9455",1,"L160",5,"adult"
"9456",1,"L160",6,"adult"
"9457",1,"L160",7,"adult"
"9458",1,"L160",8,"adult"
"9459",1,"L160",9,"adult"
"9460",1,"L160",10,"adult"
"9461",1,"L160",11,"adult"
"9462",1,"L160",12,"adult"
"9463",1,"L160",13,"adult"
"9464",1,"L160",14,"adult"
"9465",1,"L160",15,"adult"
"9466",1,"LACH",1,"juvenile"
"9467",1,"LACH",2,"adult"
"9468",1,"LACH",3,"adult"
"9469",1,"LACH",4,"adult"
"9470",1,"LACH",5,"adult"
"9471",1,"LACH",6,"adult"
"9472",1,"LACH",7,"adult"
"9473",1,"LACH",8,"adult"
"9474",1,"LACH",9,"adult"
"9475",1,"LACH",10,"adult"
"9476",1,"LACH",11,"adult"
"9477",1,"LACH",12,"adult"
"9478",1,"LACH",13,"adult"
"9479",1,"LACH",14,"adult"
"9480",1,"LACH",15,"adult"
"9481",1,"LAT2",1,"juvenile"
"9482",1,"LAT2",2,"adult"
"9483",1,"LAT2",3,"adult"
"9484",1,"LAT2",4,"adult"
"9485",1,"LAT2",5,"adult"
"9486",1,"LAT2",6,"adult"
"9487",1,"LAT2",7,"adult"
"9488",1,"LAT2",8,"adult"
"9489",1,"LAT2",9,"adult"
"9490",1,"LAT2",10,"adult"
"9491",1,"LAT2",11,"adult"
"9492",1,"LAT2",12,"adult"
"9493",1,"LAT2",13,"adult"
"9494",1,"LAT2",14,"adult"
"9495",1,"LAT2",15,"adult"
"9496",1,"LBHL",1,"juvenile"
"9497",1,"LBHL",2,"adult"
"9498",1,"LBHL",3,"adult"
"9499",1,"LBHL",4,"adult"
"9500",1,"LBHL",5,"adult"
"9501",1,"LBHL",6,"adult"
"9502",1,"LBHL",7,"adult"
"9503",1,"LBHL",8,"adult"
"9504",1,"LBHL",9,"adult"
"9505",1,"LBHL",10,"adult"
"9506",1,"LBHL",11,"adult"
"9507",1,"LBHL",12,"adult"
"9508",1,"LBHL",13,"adult"
"9509",1,"LBHL",14,"adult"
"9510",1,"LBHL",15,"adult"
"9511",1,"LBLD",1,"juvenile"
"9512",1,"LBLD",2,"adult"
"9513",1,"LBLD",3,"adult"
"9514",1,"LBLD",4,"adult"
"9515",1,"LBLD",5,"adult"
"9516",1,"LBLD",6,"adult"
"9517",1,"LBLD",7,"adult"
"9518",1,"LBLD",8,"adult"
"9519",1,"LBLD",9,"adult"
"9520",1,"LBLD",10,"adult"
"9521",1,"LBLD",11,"adult"
"9522",1,"LBLD",12,"adult"
"9523",1,"LBLD",13,"adult"
"9524",1,"LBLD",14,"adult"
"9525",1,"LBLD",15,"adult"
"9526",1,"LBLK",1,"juvenile"
"9527",1,"LBLK",2,"adult"
"9528",1,"LBLK",3,"adult"
"9529",1,"LBLK",4,"adult"
"9530",1,"LBLK",5,"adult"
"9531",1,"LBLK",6,"adult"
"9532",1,"LBLK",7,"adult"
"9533",1,"LBLK",8,"adult"
"9534",1,"LBLK",9,"adult"
"9535",1,"LBLK",10,"adult"
"9536",1,"LBLK",11,"adult"
"9537",1,"LBLK",12,"adult"
"9538",1,"LBLK",13,"adult"
"9539",1,"LBLK",14,"adult"
"9540",1,"LBLK",15,"adult"
"9541",1,"LBLS",1,"juvenile"
"9542",1,"LBLS",2,"adult"
"9543",1,"LBLS",3,"adult"
"9544",1,"LBLS",4,"adult"
"9545",1,"LBLS",5,"adult"
"9546",1,"LBLS",6,"adult"
"9547",1,"LBLS",7,"adult"
"9548",1,"LBLS",8,"adult"
"9549",1,"LBLS",9,"adult"
"9550",1,"LBLS",10,"adult"
"9551",1,"LBLS",11,"adult"
"9552",1,"LBLS",12,"adult"
"9553",1,"LBLS",13,"adult"
"9554",1,"LBLS",14,"adult"
"9555",1,"LBLS",15,"adult"
"9556",1,"LBMA",1,"juvenile"
"9557",1,"LBMA",2,"adult"
"9558",1,"LBMA",3,"adult"
"9559",1,"LBMA",4,"adult"
"9560",1,"LBMA",5,"adult"
"9561",1,"LBMA",6,"adult"
"9562",1,"LBMA",7,"adult"
"9563",1,"LBMA",8,"adult"
"9564",1,"LBMA",9,"adult"
"9565",1,"LBMA",10,"adult"
"9566",1,"LBMA",11,"adult"
"9567",1,"LBMA",12,"adult"
"9568",1,"LBMA",13,"adult"
"9569",1,"LBMA",14,"adult"
"9570",1,"LBMA",15,"adult"
"9571",1,"LBMN",1,"juvenile"
"9572",1,"LBMN",2,"adult"
"9573",1,"LBMN",3,"adult"
"9574",1,"LBMN",4,"adult"
"9575",1,"LBMN",5,"adult"
"9576",1,"LBMN",6,"adult"
"9577",1,"LBMN",7,"adult"
"9578",1,"LBMN",8,"adult"
"9579",1,"LBMN",9,"adult"
"9580",1,"LBMN",10,"adult"
"9581",1,"LBMN",11,"adult"
"9582",1,"LBMN",12,"adult"
"9583",1,"LBMN",13,"adult"
"9584",1,"LBMN",14,"adult"
"9585",1,"LBMN",15,"adult"
"9586",1,"LBSC",1,"juvenile"
"9587",1,"LBSC",2,"adult"
"9588",1,"LBSC",3,"adult"
"9589",1,"LBSC",4,"adult"
"9590",1,"LBSC",5,"adult"
"9591",1,"LBSC",6,"adult"
"9592",1,"LBSC",7,"adult"
"9593",1,"LBSC",8,"adult"
"9594",1,"LBSC",9,"adult"
"9595",1,"LBSC",10,"adult"
"9596",1,"LBSC",11,"adult"
"9597",1,"LBSC",12,"adult"
"9598",1,"LBSC",13,"adult"
"9599",1,"LBSC",14,"adult"
"9600",1,"LBSC",15,"adult"
"9601",1,"LBSL",1,"juvenile"
"9602",1,"LBSL",2,"adult"
"9603",1,"LBSL",3,"adult"
"9604",1,"LBSL",4,"adult"
"9605",1,"LBSL",5,"adult"
"9606",1,"LBSL",6,"adult"
"9607",1,"LBSL",7,"adult"
"9608",1,"LBSL",8,"adult"
"9609",1,"LBSL",9,"adult"
"9610",1,"LBSL",10,"adult"
"9611",1,"LBSL",11,"adult"
"9612",1,"LBSL",12,"adult"
"9613",1,"LBSL",13,"adult"
"9614",1,"LBSL",14,"adult"
"9615",1,"LBSL",15,"adult"
"9616",1,"LBT1",1,"juvenile"
"9617",1,"LBT1",2,"adult"
"9618",1,"LBT1",3,"adult"
"9619",1,"LBT1",4,"adult"
"9620",1,"LBT1",5,"adult"
"9621",1,"LBT1",6,"adult"
"9622",1,"LBT1",7,"adult"
"9623",1,"LBT1",8,"adult"
"9624",1,"LBT1",9,"adult"
"9625",1,"LBT1",10,"adult"
"9626",1,"LBT1",11,"adult"
"9627",1,"LBT1",12,"adult"
"9628",1,"LBT1",13,"adult"
"9629",1,"LBT1",14,"adult"
"9630",1,"LBT1",15,"adult"
"9631",1,"LBTY",1,"juvenile"
"9632",1,"LBTY",2,"adult"
"9633",1,"LBTY",3,"adult"
"9634",1,"LBTY",4,"adult"
"9635",1,"LBTY",5,"adult"
"9636",1,"LBTY",6,"adult"
"9637",1,"LBTY",7,"adult"
"9638",1,"LBTY",8,"adult"
"9639",1,"LBTY",9,"adult"
"9640",1,"LBTY",10,"adult"
"9641",1,"LBTY",11,"adult"
"9642",1,"LBTY",12,"adult"
"9643",1,"LBTY",13,"adult"
"9644",1,"LBTY",14,"adult"
"9645",1,"LBTY",15,"adult"
"9646",1,"LCDB",1,"juvenile"
"9647",1,"LCDB",2,"adult"
"9648",1,"LCDB",3,"adult"
"9649",1,"LCDB",4,"adult"
"9650",1,"LCDB",5,"adult"
"9651",1,"LCDB",6,"adult"
"9652",1,"LCDB",7,"adult"
"9653",1,"LCDB",8,"adult"
"9654",1,"LCDB",9,"adult"
"9655",1,"LCDB",10,"adult"
"9656",1,"LCDB",11,"adult"
"9657",1,"LCDB",12,"adult"
"9658",1,"LCDB",13,"adult"
"9659",1,"LCDB",14,"adult"
"9660",1,"LCDB",15,"adult"
"9661",1,"LCKL",1,"juvenile"
"9662",1,"LCKL",2,"adult"
"9663",1,"LCKL",3,"adult"
"9664",1,"LCKL",4,"adult"
"9665",1,"LCKL",5,"adult"
"9666",1,"LCKL",6,"adult"
"9667",1,"LCKL",7,"adult"
"9668",1,"LCKL",8,"adult"
"9669",1,"LCKL",9,"adult"
"9670",1,"LCKL",10,"adult"
"9671",1,"LCKL",11,"adult"
"9672",1,"LCKL",12,"adult"
"9673",1,"LCKL",13,"adult"
"9674",1,"LCKL",14,"adult"
"9675",1,"LCKL",15,"adult"
"9676",1,"LDB1",1,"juvenile"
"9677",1,"LDB1",2,"adult"
"9678",1,"LDB1",3,"adult"
"9679",1,"LDB1",4,"adult"
"9680",1,"LDB1",5,"adult"
"9681",1,"LDB1",6,"adult"
"9682",1,"LDB1",7,"adult"
"9683",1,"LDB1",8,"adult"
"9684",1,"LDB1",9,"adult"
"9685",1,"LDB1",10,"adult"
"9686",1,"LDB1",11,"adult"
"9687",1,"LDB1",12,"adult"
"9688",1,"LDB1",13,"adult"
"9689",1,"LDB1",14,"adult"
"9690",1,"LDB1",15,"adult"
"9691",1,"LDBP",1,"juvenile"
"9692",1,"LDBP",2,"adult"
"9693",1,"LDBP",3,"adult"
"9694",1,"LDBP",4,"adult"
"9695",1,"LDBP",5,"adult"
"9696",1,"LDBP",6,"adult"
"9697",1,"LDBP",7,"adult"
"9698",1,"LDBP",8,"adult"
"9699",1,"LDBP",9,"adult"
"9700",1,"LDBP",10,"adult"
"9701",1,"LDBP",11,"adult"
"9702",1,"LDBP",12,"adult"
"9703",1,"LDBP",13,"adult"
"9704",1,"LDBP",14,"adult"
"9705",1,"LDBP",15,"adult"
"9706",1,"LDM3",1,"juvenile"
"9707",1,"LDM3",2,"adult"
"9708",1,"LDM3",3,"adult"
"9709",1,"LDM3",4,"adult"
"9710",1,"LDM3",5,"adult"
"9711",1,"LDM3",6,"adult"
"9712",1,"LDM3",7,"adult"
"9713",1,"LDM3",8,"adult"
"9714",1,"LDM3",9,"adult"
"9715",1,"LDM3",10,"adult"
"9716",1,"LDM3",11,"adult"
"9717",1,"LDM3",12,"adult"
"9718",1,"LDM3",13,"adult"
"9719",1,"LDM3",14,"adult"
"9720",1,"LDM3",15,"adult"
"9721",1,"LDMA",1,"juvenile"
"9722",1,"LDMA",2,"adult"
"9723",1,"LDMA",3,"adult"
"9724",1,"LDMA",4,"adult"
"9725",1,"LDMA",5,"adult"
"9726",1,"LDMA",6,"adult"
"9727",1,"LDMA",7,"adult"
"9728",1,"LDMA",8,"adult"
"9729",1,"LDMA",9,"adult"
"9730",1,"LDMA",10,"adult"
"9731",1,"LDMA",11,"adult"
"9732",1,"LDMA",12,"adult"
"9733",1,"LDMA",13,"adult"
"9734",1,"LDMA",14,"adult"
"9735",1,"LDMA",15,"adult"
"9736",1,"LDNK",1,"juvenile"
"9737",1,"LDNK",2,"adult"
"9738",1,"LDNK",3,"adult"
"9739",1,"LDNK",4,"adult"
"9740",1,"LDNK",5,"adult"
"9741",1,"LDNK",6,"adult"
"9742",1,"LDNK",7,"adult"
"9743",1,"LDNK",8,"adult"
"9744",1,"LDNK",9,"adult"
"9745",1,"LDNK",10,"adult"
"9746",1,"LDNK",11,"adult"
"9747",1,"LDNK",12,"adult"
"9748",1,"LDNK",13,"adult"
"9749",1,"LDNK",14,"adult"
"9750",1,"LDNK",15,"adult"
"9751",1,"LEON",1,"unborn"
"9752",1,"LEON",2,"unborn"
"9753",1,"LEON",3,"unborn"
"9754",1,"LEON",4,"calf"
"9755",1,"LEON",5,"calf"
"9756",1,"LEON",6,"juvenile"
"9757",1,"LEON",7,"juvenile"
"9758",1,"LEON",8,"juvenile"
"9759",1,"LEON",9,"juvenile"
"9760",1,"LEON",10,"juvenile"
"9761",1,"LEON",11,"juvenile"
"9762",1,"LEON",12,"adult"
"9763",1,"LEON",13,"adult"
"9764",1,"LEON",14,"adult"
"9765",1,"LEON",15,"adult"
"9766",1,"LFLG",1,"juvenile"
"9767",1,"LFLG",2,"adult"
"9768",1,"LFLG",3,"adult"
"9769",1,"LFLG",4,"adult"
"9770",1,"LFLG",5,"adult"
"9771",1,"LFLG",6,"adult"
"9772",1,"LFLG",7,"adult"
"9773",1,"LFLG",8,"adult"
"9774",1,"LFLG",9,"adult"
"9775",1,"LFLG",10,"adult"
"9776",1,"LFLG",11,"adult"
"9777",1,"LFLG",12,"adult"
"9778",1,"LFLG",13,"adult"
"9779",1,"LFLG",14,"adult"
"9780",1,"LFLG",15,"adult"
"9781",1,"LGSC",1,"juvenile"
"9782",1,"LGSC",2,"adult"
"9783",1,"LGSC",3,"adult"
"9784",1,"LGSC",4,"adult"
"9785",1,"LGSC",5,"adult"
"9786",1,"LGSC",6,"adult"
"9787",1,"LGSC",7,"adult"
"9788",1,"LGSC",8,"adult"
"9789",1,"LGSC",9,"adult"
"9790",1,"LGSC",10,"adult"
"9791",1,"LGSC",11,"adult"
"9792",1,"LGSC",12,"adult"
"9793",1,"LGSC",13,"adult"
"9794",1,"LGSC",14,"adult"
"9795",1,"LGSC",15,"adult"
"9796",1,"LHLV",1,"juvenile"
"9797",1,"LHLV",2,"adult"
"9798",1,"LHLV",3,"adult"
"9799",1,"LHLV",4,"adult"
"9800",1,"LHLV",5,"adult"
"9801",1,"LHLV",6,"adult"
"9802",1,"LHLV",7,"adult"
"9803",1,"LHLV",8,"adult"
"9804",1,"LHLV",9,"adult"
"9805",1,"LHLV",10,"adult"
"9806",1,"LHLV",11,"adult"
"9807",1,"LHLV",12,"adult"
"9808",1,"LHLV",13,"adult"
"9809",1,"LHLV",14,"adult"
"9810",1,"LHLV",15,"adult"
"9811",1,"LITT",1,"juvenile"
"9812",1,"LITT",2,"adult"
"9813",1,"LITT",3,"adult"
"9814",1,"LITT",4,"adult"
"9815",1,"LITT",5,"adult"
"9816",1,"LITT",6,"adult"
"9817",1,"LITT",7,"adult"
"9818",1,"LITT",8,"adult"
"9819",1,"LITT",9,"adult"
"9820",1,"LITT",10,"adult"
"9821",1,"LITT",11,"adult"
"9822",1,"LITT",12,"adult"
"9823",1,"LITT",13,"adult"
"9824",1,"LITT",14,"adult"
"9825",1,"LITT",15,"adult"
"9826",1,"LIZ1",1,"unborn"
"9827",1,"LIZ1",2,"unborn"
"9828",1,"LIZ1",3,"unborn"
"9829",1,"LIZ1",4,"unborn"
"9830",1,"LIZ1",5,"unborn"
"9831",1,"LIZ1",6,"unborn"
"9832",1,"LIZ1",7,"unborn"
"9833",1,"LIZ1",8,"unborn"
"9834",1,"LIZ1",9,"unborn"
"9835",1,"LIZ1",10,"unborn"
"9836",1,"LIZ1",11,"unborn"
"9837",1,"LIZ1",12,"unborn"
"9838",1,"LIZ1",13,"unborn"
"9839",1,"LIZ1",14,"calf"
"9840",1,"LIZ1",15,"juvenile"
"9841",1,"LIZD",1,"juvenile"
"9842",1,"LIZD",2,"adult"
"9843",1,"LIZD",3,"adult"
"9844",1,"LIZD",4,"adult"
"9845",1,"LIZD",5,"adult"
"9846",1,"LIZD",6,"adult"
"9847",1,"LIZD",7,"adult"
"9848",1,"LIZD",8,"adult"
"9849",1,"LIZD",9,"adult"
"9850",1,"LIZD",10,"adult"
"9851",1,"LIZD",11,"adult"
"9852",1,"LIZD",12,"adult"
"9853",1,"LIZD",13,"adult"
"9854",1,"LIZD",14,"adult"
"9855",1,"LIZD",15,"adult"
"9856",1,"LLLN",1,"juvenile"
"9857",1,"LLLN",2,"adult"
"9858",1,"LLLN",3,"adult"
"9859",1,"LLLN",4,"adult"
"9860",1,"LLLN",5,"adult"
"9861",1,"LLLN",6,"adult"
"9862",1,"LLLN",7,"adult"
"9863",1,"LLLN",8,"adult"
"9864",1,"LLLN",9,"adult"
"9865",1,"LLLN",10,"adult"
"9866",1,"LLLN",11,"adult"
"9867",1,"LLLN",12,"adult"
"9868",1,"LLLN",13,"adult"
"9869",1,"LLLN",14,"adult"
"9870",1,"LLLN",15,"adult"
"9871",1,"LNBT",1,"juvenile"
"9872",1,"LNBT",2,"adult"
"9873",1,"LNBT",3,"adult"
"9874",1,"LNBT",4,"adult"
"9875",1,"LNBT",5,"adult"
"9876",1,"LNBT",6,"adult"
"9877",1,"LNBT",7,"adult"
"9878",1,"LNBT",8,"adult"
"9879",1,"LNBT",9,"adult"
"9880",1,"LNBT",10,"adult"
"9881",1,"LNBT",11,"adult"
"9882",1,"LNBT",12,"adult"
"9883",1,"LNBT",13,"adult"
"9884",1,"LNBT",14,"adult"
"9885",1,"LNBT",15,"adult"
"9886",1,"LNC2",1,"unborn"
"9887",1,"LNC2",2,"unborn"
"9888",1,"LNC2",3,"unborn"
"9889",1,"LNC2",4,"unborn"
"9890",1,"LNC2",5,"unborn"
"9891",1,"LNC2",6,"unborn"
"9892",1,"LNC2",7,"unborn"
"9893",1,"LNC2",8,"unborn"
"9894",1,"LNC2",9,"unborn"
"9895",1,"LNC2",10,"unborn"
"9896",1,"LNC2",11,"unborn"
"9897",1,"LNC2",12,"unborn"
"9898",1,"LNC2",13,"unborn"
"9899",1,"LNC2",14,"calf"
"9900",1,"LNC2",15,"calf"
"9901",1,"LNC3",1,"unborn"
"9902",1,"LNC3",2,"unborn"
"9903",1,"LNC3",3,"unborn"
"9904",1,"LNC3",4,"unborn"
"9905",1,"LNC3",5,"unborn"
"9906",1,"LNC3",6,"unborn"
"9907",1,"LNC3",7,"unborn"
"9908",1,"LNC3",8,"unborn"
"9909",1,"LNC3",9,"unborn"
"9910",1,"LNC3",10,"unborn"
"9911",1,"LNC3",11,"unborn"
"9912",1,"LNC3",12,"unborn"
"9913",1,"LNC3",13,"unborn"
"9914",1,"LNC3",14,"unborn"
"9915",1,"LNC3",15,"unborn"
"9916",1,"LNCC",1,"unborn"
"9917",1,"LNCC",2,"unborn"
"9918",1,"LNCC",3,"unborn"
"9919",1,"LNCC",4,"unborn"
"9920",1,"LNCC",5,"unborn"
"9921",1,"LNCC",6,"unborn"
"9922",1,"LNCC",7,"unborn"
"9923",1,"LNCC",8,"unborn"
"9924",1,"LNCC",9,"unborn"
"9925",1,"LNCC",10,"unborn"
"9926",1,"LNCC",11,"unborn"
"9927",1,"LNCC",12,"calf"
"9928",1,"LNCC",13,"calf"
"9929",1,"LNCC",14,"juvenile"
"9930",1,"LNCC",15,"juvenile"
"9931",1,"LNL1",1,"unborn"
"9932",1,"LNL1",2,"unborn"
"9933",1,"LNL1",3,"unborn"
"9934",1,"LNL1",4,"unborn"
"9935",1,"LNL1",5,"unborn"
"9936",1,"LNL1",6,"unborn"
"9937",1,"LNL1",7,"unborn"
"9938",1,"LNL1",8,"unborn"
"9939",1,"LNL1",9,"unborn"
"9940",1,"LNL1",10,"unborn"
"9941",1,"LNL1",11,"unborn"
"9942",1,"LNL1",12,"unborn"
"9943",1,"LNL1",13,"unborn"
"9944",1,"LNL1",14,"calf"
"9945",1,"LNL1",15,"calf"
"9946",1,"LNLD",1,"juvenile"
"9947",1,"LNLD",2,"adult"
"9948",1,"LNLD",3,"adult"
"9949",1,"LNLD",4,"adult"
"9950",1,"LNLD",5,"adult"
"9951",1,"LNLD",6,"adult"
"9952",1,"LNLD",7,"adult"
"9953",1,"LNLD",8,"adult"
"9954",1,"LNLD",9,"adult"
"9955",1,"LNLD",10,"adult"
"9956",1,"LNLD",11,"adult"
"9957",1,"LNLD",12,"adult"
"9958",1,"LNLD",13,"adult"
"9959",1,"LNLD",14,"adult"
"9960",1,"LNLD",15,"adult"
"9961",1,"LNPC",1,"juvenile"
"9962",1,"LNPC",2,"adult"
"9963",1,"LNPC",3,"adult"
"9964",1,"LNPC",4,"adult"
"9965",1,"LNPC",5,"adult"
"9966",1,"LNPC",6,"adult"
"9967",1,"LNPC",7,"adult"
"9968",1,"LNPC",8,"adult"
"9969",1,"LNPC",9,"adult"
"9970",1,"LNPC",10,"adult"
"9971",1,"LNPC",11,"adult"
"9972",1,"LNPC",12,"adult"
"9973",1,"LNPC",13,"adult"
"9974",1,"LNPC",14,"adult"
"9975",1,"LNPC",15,"adult"
"9976",1,"LNPF",1,"juvenile"
"9977",1,"LNPF",2,"adult"
"9978",1,"LNPF",3,"adult"
"9979",1,"LNPF",4,"adult"
"9980",1,"LNPF",5,"adult"
"9981",1,"LNPF",6,"adult"
"9982",1,"LNPF",7,"adult"
"9983",1,"LNPF",8,"adult"
"9984",1,"LNPF",9,"adult"
"9985",1,"LNPF",10,"adult"
"9986",1,"LNPF",11,"adult"
"9987",1,"LNPF",12,"adult"
"9988",1,"LNPF",13,"adult"
"9989",1,"LNPF",14,"adult"
"9990",1,"LNPF",15,"adult"
"9991",1,"LNST",1,"juvenile"
"9992",1,"LNST",2,"adult"
"9993",1,"LNST",3,"adult"
"9994",1,"LNST",4,"adult"
"9995",1,"LNST",5,"adult"
"9996",1,"LNST",6,"adult"
"9997",1,"LNST",7,"adult"
"9998",1,"LNST",8,"adult"
"9999",1,"LNST",9,"adult"
"10000",1,"LNST",10,"adult"
"10001",1,"LNST",11,"adult"
"10002",1,"LNST",12,"adult"
"10003",1,"LNST",13,"adult"
"10004",1,"LNST",14,"adult"
"10005",1,"LNST",15,"adult"
"10006",1,"LOBE",1,"juvenile"
"10007",1,"LOBE",2,"adult"
"10008",1,"LOBE",3,"adult"
"10009",1,"LOBE",4,"adult"
"10010",1,"LOBE",5,"adult"
"10011",1,"LOBE",6,"adult"
"10012",1,"LOBE",7,"adult"
"10013",1,"LOBE",8,"adult"
"10014",1,"LOBE",9,"adult"
"10015",1,"LOBE",10,"adult"
"10016",1,"LOBE",11,"adult"
"10017",1,"LOBE",12,"adult"
"10018",1,"LOBE",13,"adult"
"10019",1,"LOBE",14,"adult"
"10020",1,"LOBE",15,"adult"
"10021",1,"LONE",1,"juvenile"
"10022",1,"LONE",2,"adult"
"10023",1,"LONE",3,"adult"
"10024",1,"LONE",4,"adult"
"10025",1,"LONE",5,"adult"
"10026",1,"LONE",6,"adult"
"10027",1,"LONE",7,"adult"
"10028",1,"LONE",8,"adult"
"10029",1,"LONE",9,"adult"
"10030",1,"LONE",10,"adult"
"10031",1,"LONE",11,"adult"
"10032",1,"LONE",12,"adult"
"10033",1,"LONE",13,"adult"
"10034",1,"LONE",14,"adult"
"10035",1,"LONE",15,"adult"
"10036",1,"LOT1",1,"unborn"
"10037",1,"LOT1",2,"unborn"
"10038",1,"LOT1",3,"unborn"
"10039",1,"LOT1",4,"unborn"
"10040",1,"LOT1",5,"unborn"
"10041",1,"LOT1",6,"juvenile"
"10042",1,"LOT1",7,"juvenile"
"10043",1,"LOT1",8,"juvenile"
"10044",1,"LOT1",9,"juvenile"
"10045",1,"LOT1",10,"juvenile"
"10046",1,"LOT1",11,"juvenile"
"10047",1,"LOT1",12,"juvenile"
"10048",1,"LOT1",13,"juvenile"
"10049",1,"LOT1",14,"adult"
"10050",1,"LOT1",15,"adult"
"10051",1,"LOT2",1,"unborn"
"10052",1,"LOT2",2,"unborn"
"10053",1,"LOT2",3,"unborn"
"10054",1,"LOT2",4,"unborn"
"10055",1,"LOT2",5,"unborn"
"10056",1,"LOT2",6,"unborn"
"10057",1,"LOT2",7,"calf"
"10058",1,"LOT2",8,"calf"
"10059",1,"LOT2",9,"calf"
"10060",1,"LOT2",10,"calf"
"10061",1,"LOT2",11,"calf"
"10062",1,"LOT2",12,"calf"
"10063",1,"LOT2",13,"calf"
"10064",1,"LOT2",14,"juvenile"
"10065",1,"LOT2",15,"juvenile"
"10066",1,"LOT3",1,"juvenile"
"10067",1,"LOT3",2,"adult"
"10068",1,"LOT3",3,"adult"
"10069",1,"LOT3",4,"adult"
"10070",1,"LOT3",5,"adult"
"10071",1,"LOT3",6,"adult"
"10072",1,"LOT3",7,"adult"
"10073",1,"LOT3",8,"adult"
"10074",1,"LOT3",9,"adult"
"10075",1,"LOT3",10,"adult"
"10076",1,"LOT3",11,"adult"
"10077",1,"LOT3",12,"adult"
"10078",1,"LOT3",13,"adult"
"10079",1,"LOT3",14,"adult"
"10080",1,"LOT3",15,"adult"
"10081",1,"LOT4",1,"juvenile"
"10082",1,"LOT4",2,"adult"
"10083",1,"LOT4",3,"adult"
"10084",1,"LOT4",4,"adult"
"10085",1,"LOT4",5,"adult"
"10086",1,"LOT4",6,"adult"
"10087",1,"LOT4",7,"adult"
"10088",1,"LOT4",8,"adult"
"10089",1,"LOT4",9,"adult"
"10090",1,"LOT4",10,"adult"
"10091",1,"LOT4",11,"adult"
"10092",1,"LOT4",12,"adult"
"10093",1,"LOT4",13,"adult"
"10094",1,"LOT4",14,"adult"
"10095",1,"LOT4",15,"adult"
"10096",1,"LOTB",1,"juvenile"
"10097",1,"LOTB",2,"adult"
"10098",1,"LOTB",3,"adult"
"10099",1,"LOTB",4,"adult"
"10100",1,"LOTB",5,"adult"
"10101",1,"LOTB",6,"adult"
"10102",1,"LOTB",7,"adult"
"10103",1,"LOTB",8,"adult"
"10104",1,"LOTB",9,"adult"
"10105",1,"LOTB",10,"adult"
"10106",1,"LOTB",11,"adult"
"10107",1,"LOTB",12,"adult"
"10108",1,"LOTB",13,"adult"
"10109",1,"LOTB",14,"adult"
"10110",1,"LOTB",15,"adult"
"10111",1,"LRBD",1,"juvenile"
"10112",1,"LRBD",2,"adult"
"10113",1,"LRBD",3,"adult"
"10114",1,"LRBD",4,"adult"
"10115",1,"LRBD",5,"adult"
"10116",1,"LRBD",6,"adult"
"10117",1,"LRBD",7,"adult"
"10118",1,"LRBD",8,"adult"
"10119",1,"LRBD",9,"adult"
"10120",1,"LRBD",10,"adult"
"10121",1,"LRBD",11,"adult"
"10122",1,"LRBD",12,"adult"
"10123",1,"LRBD",13,"adult"
"10124",1,"LRBD",14,"adult"
"10125",1,"LRBD",15,"adult"
"10126",1,"LSPL",1,"juvenile"
"10127",1,"LSPL",2,"adult"
"10128",1,"LSPL",3,"adult"
"10129",1,"LSPL",4,"adult"
"10130",1,"LSPL",5,"adult"
"10131",1,"LSPL",6,"adult"
"10132",1,"LSPL",7,"adult"
"10133",1,"LSPL",8,"adult"
"10134",1,"LSPL",9,"adult"
"10135",1,"LSPL",10,"adult"
"10136",1,"LSPL",11,"adult"
"10137",1,"LSPL",12,"adult"
"10138",1,"LSPL",13,"adult"
"10139",1,"LSPL",14,"adult"
"10140",1,"LSPL",15,"adult"
"10141",1,"LSPO",1,"juvenile"
"10142",1,"LSPO",2,"adult"
"10143",1,"LSPO",3,"adult"
"10144",1,"LSPO",4,"adult"
"10145",1,"LSPO",5,"adult"
"10146",1,"LSPO",6,"adult"
"10147",1,"LSPO",7,"adult"
"10148",1,"LSPO",8,"adult"
"10149",1,"LSPO",9,"adult"
"10150",1,"LSPO",10,"adult"
"10151",1,"LSPO",11,"adult"
"10152",1,"LSPO",12,"adult"
"10153",1,"LSPO",13,"adult"
"10154",1,"LSPO",14,"adult"
"10155",1,"LSPO",15,"adult"
"10156",1,"LTET",1,"juvenile"
"10157",1,"LTET",2,"adult"
"10158",1,"LTET",3,"adult"
"10159",1,"LTET",4,"adult"
"10160",1,"LTET",5,"adult"
"10161",1,"LTET",6,"adult"
"10162",1,"LTET",7,"adult"
"10163",1,"LTET",8,"adult"
"10164",1,"LTET",9,"adult"
"10165",1,"LTET",10,"adult"
"10166",1,"LTET",11,"adult"
"10167",1,"LTET",12,"adult"
"10168",1,"LTET",13,"adult"
"10169",1,"LTET",14,"adult"
"10170",1,"LTET",15,"adult"
"10171",1,"LTS2",1,"juvenile"
"10172",1,"LTS2",2,"adult"
"10173",1,"LTS2",3,"adult"
"10174",1,"LTS2",4,"adult"
"10175",1,"LTS2",5,"adult"
"10176",1,"LTS2",6,"adult"
"10177",1,"LTS2",7,"adult"
"10178",1,"LTS2",8,"adult"
"10179",1,"LTS2",9,"adult"
"10180",1,"LTS2",10,"adult"
"10181",1,"LTS2",11,"adult"
"10182",1,"LTS2",12,"adult"
"10183",1,"LTS2",13,"adult"
"10184",1,"LTS2",14,"adult"
"10185",1,"LTS2",15,"adult"
"10186",1,"LTSM",1,"juvenile"
"10187",1,"LTSM",2,"adult"
"10188",1,"LTSM",3,"adult"
"10189",1,"LTSM",4,"adult"
"10190",1,"LTSM",5,"adult"
"10191",1,"LTSM",6,"adult"
"10192",1,"LTSM",7,"adult"
"10193",1,"LTSM",8,"adult"
"10194",1,"LTSM",9,"adult"
"10195",1,"LTSM",10,"adult"
"10196",1,"LTSM",11,"adult"
"10197",1,"LTSM",12,"adult"
"10198",1,"LTSM",13,"adult"
"10199",1,"LTSM",14,"adult"
"10200",1,"LTSM",15,"adult"
"10201",1,"LWHP",1,"juvenile"
"10202",1,"LWHP",2,"adult"
"10203",1,"LWHP",3,"adult"
"10204",1,"LWHP",4,"adult"
"10205",1,"LWHP",5,"adult"
"10206",1,"LWHP",6,"adult"
"10207",1,"LWHP",7,"adult"
"10208",1,"LWHP",8,"adult"
"10209",1,"LWHP",9,"adult"
"10210",1,"LWHP",10,"adult"
"10211",1,"LWHP",11,"adult"
"10212",1,"LWHP",12,"adult"
"10213",1,"LWHP",13,"adult"
"10214",1,"LWHP",14,"adult"
"10215",1,"LWHP",15,"adult"
"10216",1,"LWMN",1,"juvenile"
"10217",1,"LWMN",2,"adult"
"10218",1,"LWMN",3,"adult"
"10219",1,"LWMN",4,"adult"
"10220",1,"LWMN",5,"adult"
"10221",1,"LWMN",6,"adult"
"10222",1,"LWMN",7,"adult"
"10223",1,"LWMN",8,"adult"
"10224",1,"LWMN",9,"adult"
"10225",1,"LWMN",10,"adult"
"10226",1,"LWMN",11,"adult"
"10227",1,"LWMN",12,"adult"
"10228",1,"LWMN",13,"adult"
"10229",1,"LWMN",14,"adult"
"10230",1,"LWMN",15,"adult"
"10231",1,"LWP1",1,"unborn"
"10232",1,"LWP1",2,"unborn"
"10233",1,"LWP1",3,"unborn"
"10234",1,"LWP1",4,"unborn"
"10235",1,"LWP1",5,"unborn"
"10236",1,"LWP1",6,"calf"
"10237",1,"LWP1",7,"calf"
"10238",1,"LWP1",8,"calf"
"10239",1,"LWP1",9,"calf"
"10240",1,"LWP1",10,"calf"
"10241",1,"LWP1",11,"calf"
"10242",1,"LWP1",12,"calf"
"10243",1,"LWP1",13,"calf"
"10244",1,"LWP1",14,"juvenile"
"10245",1,"LWP1",15,"juvenile"
"10246",1,"LWP2",1,"unborn"
"10247",1,"LWP2",2,"unborn"
"10248",1,"LWP2",3,"unborn"
"10249",1,"LWP2",4,"unborn"
"10250",1,"LWP2",5,"unborn"
"10251",1,"LWP2",6,"unborn"
"10252",1,"LWP2",7,"unborn"
"10253",1,"LWP2",8,"unborn"
"10254",1,"LWP2",9,"unborn"
"10255",1,"LWP2",10,"unborn"
"10256",1,"LWP2",11,"unborn"
"10257",1,"LWP2",12,"unborn"
"10258",1,"LWP2",13,"unborn"
"10259",1,"LWP2",14,"calf"
"10260",1,"LWP2",15,"juvenile"
"10261",1,"LWPT",1,"juvenile"
"10262",1,"LWPT",2,"adult"
"10263",1,"LWPT",3,"adult"
"10264",1,"LWPT",4,"adult"
"10265",1,"LWPT",5,"adult"
"10266",1,"LWPT",6,"adult"
"10267",1,"LWPT",7,"adult"
"10268",1,"LWPT",8,"adult"
"10269",1,"LWPT",9,"adult"
"10270",1,"LWPT",10,"adult"
"10271",1,"LWPT",11,"adult"
"10272",1,"LWPT",12,"adult"
"10273",1,"LWPT",13,"adult"
"10274",1,"LWPT",14,"adult"
"10275",1,"LWPT",15,"adult"
"10276",1,"LYFN",1,"juvenile"
"10277",1,"LYFN",2,"adult"
"10278",1,"LYFN",3,"adult"
"10279",1,"LYFN",4,"adult"
"10280",1,"LYFN",5,"adult"
"10281",1,"LYFN",6,"adult"
"10282",1,"LYFN",7,"adult"
"10283",1,"LYFN",8,"adult"
"10284",1,"LYFN",9,"adult"
"10285",1,"LYFN",10,"adult"
"10286",1,"LYFN",11,"adult"
"10287",1,"LYFN",12,"adult"
"10288",1,"LYFN",13,"adult"
"10289",1,"LYFN",14,"adult"
"10290",1,"LYFN",15,"adult"
"10291",1,"LYLU",1,"juvenile"
"10292",1,"LYLU",2,"adult"
"10293",1,"LYLU",3,"adult"
"10294",1,"LYLU",4,"adult"
"10295",1,"LYLU",5,"adult"
"10296",1,"LYLU",6,"adult"
"10297",1,"LYLU",7,"adult"
"10298",1,"LYLU",8,"adult"
"10299",1,"LYLU",9,"adult"
"10300",1,"LYLU",10,"adult"
"10301",1,"LYLU",11,"adult"
"10302",1,"LYLU",12,"adult"
"10303",1,"LYLU",13,"adult"
"10304",1,"LYLU",14,"adult"
"10305",1,"LYLU",15,"adult"
"10306",1,"M145",1,"juvenile"
"10307",1,"M145",2,"adult"
"10308",1,"M145",3,"adult"
"10309",1,"M145",4,"adult"
"10310",1,"M145",5,"adult"
"10311",1,"M145",6,"adult"
"10312",1,"M145",7,"adult"
"10313",1,"M145",8,"adult"
"10314",1,"M145",9,"adult"
"10315",1,"M145",10,"adult"
"10316",1,"M145",11,"adult"
"10317",1,"M145",12,"adult"
"10318",1,"M145",13,"adult"
"10319",1,"M145",14,"adult"
"10320",1,"M145",15,"adult"
"10321",1,"M164",1,"juvenile"
"10322",1,"M164",2,"adult"
"10323",1,"M164",3,"adult"
"10324",1,"M164",4,"adult"
"10325",1,"M164",5,"adult"
"10326",1,"M164",6,"adult"
"10327",1,"M164",7,"adult"
"10328",1,"M164",8,"adult"
"10329",1,"M164",9,"adult"
"10330",1,"M164",10,"adult"
"10331",1,"M164",11,"adult"
"10332",1,"M164",12,"adult"
"10333",1,"M164",13,"adult"
"10334",1,"M164",14,"adult"
"10335",1,"M164",15,"adult"
"10336",1,"MAN1",1,"juvenile"
"10337",1,"MAN1",2,"adult"
"10338",1,"MAN1",3,"adult"
"10339",1,"MAN1",4,"adult"
"10340",1,"MAN1",5,"adult"
"10341",1,"MAN1",6,"adult"
"10342",1,"MAN1",7,"adult"
"10343",1,"MAN1",8,"adult"
"10344",1,"MAN1",9,"adult"
"10345",1,"MAN1",10,"adult"
"10346",1,"MAN1",11,"adult"
"10347",1,"MAN1",12,"adult"
"10348",1,"MAN1",13,"adult"
"10349",1,"MAN1",14,"adult"
"10350",1,"MAN1",15,"adult"
"10351",1,"MAN2",1,"juvenile"
"10352",1,"MAN2",2,"adult"
"10353",1,"MAN2",3,"adult"
"10354",1,"MAN2",4,"adult"
"10355",1,"MAN2",5,"adult"
"10356",1,"MAN2",6,"adult"
"10357",1,"MAN2",7,"adult"
"10358",1,"MAN2",8,"adult"
"10359",1,"MAN2",9,"adult"
"10360",1,"MAN2",10,"adult"
"10361",1,"MAN2",11,"adult"
"10362",1,"MAN2",12,"adult"
"10363",1,"MAN2",13,"adult"
"10364",1,"MAN2",14,"adult"
"10365",1,"MAN2",15,"adult"
"10366",1,"MAN3",1,"juvenile"
"10367",1,"MAN3",2,"adult"
"10368",1,"MAN3",3,"adult"
"10369",1,"MAN3",4,"adult"
"10370",1,"MAN3",5,"adult"
"10371",1,"MAN3",6,"adult"
"10372",1,"MAN3",7,"adult"
"10373",1,"MAN3",8,"adult"
"10374",1,"MAN3",9,"adult"
"10375",1,"MAN3",10,"adult"
"10376",1,"MAN3",11,"adult"
"10377",1,"MAN3",12,"adult"
"10378",1,"MAN3",13,"adult"
"10379",1,"MAN3",14,"adult"
"10380",1,"MAN3",15,"adult"
"10381",1,"MANT",1,"juvenile"
"10382",1,"MANT",2,"adult"
"10383",1,"MANT",3,"adult"
"10384",1,"MANT",4,"adult"
"10385",1,"MANT",5,"adult"
"10386",1,"MANT",6,"adult"
"10387",1,"MANT",7,"adult"
"10388",1,"MANT",8,"adult"
"10389",1,"MANT",9,"adult"
"10390",1,"MANT",10,"adult"
"10391",1,"MANT",11,"adult"
"10392",1,"MANT",12,"adult"
"10393",1,"MANT",13,"adult"
"10394",1,"MANT",14,"adult"
"10395",1,"MANT",15,"adult"
"10396",1,"MARX",1,"juvenile"
"10397",1,"MARX",2,"adult"
"10398",1,"MARX",3,"adult"
"10399",1,"MARX",4,"adult"
"10400",1,"MARX",5,"adult"
"10401",1,"MARX",6,"adult"
"10402",1,"MARX",7,"adult"
"10403",1,"MARX",8,"adult"
"10404",1,"MARX",9,"adult"
"10405",1,"MARX",10,"adult"
"10406",1,"MARX",11,"adult"
"10407",1,"MARX",12,"adult"
"10408",1,"MARX",13,"adult"
"10409",1,"MARX",14,"adult"
"10410",1,"MARX",15,"adult"
"10411",1,"MAUD",1,"juvenile"
"10412",1,"MAUD",2,"adult"
"10413",1,"MAUD",3,"adult"
"10414",1,"MAUD",4,"adult"
"10415",1,"MAUD",5,"adult"
"10416",1,"MAUD",6,"adult"
"10417",1,"MAUD",7,"adult"
"10418",1,"MAUD",8,"adult"
"10419",1,"MAUD",9,"adult"
"10420",1,"MAUD",10,"adult"
"10421",1,"MAUD",11,"adult"
"10422",1,"MAUD",12,"adult"
"10423",1,"MAUD",13,"adult"
"10424",1,"MAUD",14,"adult"
"10425",1,"MAUD",15,"adult"
"10426",1,"MBAB",1,"juvenile"
"10427",1,"MBAB",2,"adult"
"10428",1,"MBAB",3,"adult"
"10429",1,"MBAB",4,"adult"
"10430",1,"MBAB",5,"adult"
"10431",1,"MBAB",6,"adult"
"10432",1,"MBAB",7,"adult"
"10433",1,"MBAB",8,"adult"
"10434",1,"MBAB",9,"adult"
"10435",1,"MBAB",10,"adult"
"10436",1,"MBAB",11,"adult"
"10437",1,"MBAB",12,"adult"
"10438",1,"MBAB",13,"adult"
"10439",1,"MBAB",14,"adult"
"10440",1,"MBAB",15,"adult"
"10441",1,"MCM2",1,"unborn"
"10442",1,"MCM2",2,"calf"
"10443",1,"MCM2",3,"calf"
"10444",1,"MCM2",4,"calf"
"10445",1,"MCM2",5,"juvenile"
"10446",1,"MCM2",6,"adult"
"10447",1,"MCM2",7,"adult"
"10448",1,"MCM2",8,"adult"
"10449",1,"MCM2",9,"adult"
"10450",1,"MCM2",10,"adult"
"10451",1,"MCM2",11,"adult"
"10452",1,"MCM2",12,"adult"
"10453",1,"MCM2",13,"adult"
"10454",1,"MCM2",14,"adult"
"10455",1,"MCM2",15,"adult"
"10456",1,"MCM3",1,"unborn"
"10457",1,"MCM3",2,"unborn"
"10458",1,"MCM3",3,"unborn"
"10459",1,"MCM3",4,"unborn"
"10460",1,"MCM3",5,"unborn"
"10461",1,"MCM3",6,"juvenile"
"10462",1,"MCM3",7,"juvenile"
"10463",1,"MCM3",8,"juvenile"
"10464",1,"MCM3",9,"juvenile"
"10465",1,"MCM3",10,"juvenile"
"10466",1,"MCM3",11,"juvenile"
"10467",1,"MCM3",12,"juvenile"
"10468",1,"MCM3",13,"juvenile"
"10469",1,"MCM3",14,"adult"
"10470",1,"MCM3",15,"adult"
"10471",1,"MCMA",1,"juvenile"
"10472",1,"MCMA",2,"adult"
"10473",1,"MCMA",3,"adult"
"10474",1,"MCMA",4,"adult"
"10475",1,"MCMA",5,"adult"
"10476",1,"MCMA",6,"adult"
"10477",1,"MCMA",7,"adult"
"10478",1,"MCMA",8,"adult"
"10479",1,"MCMA",9,"adult"
"10480",1,"MCMA",10,"adult"
"10481",1,"MCMA",11,"adult"
"10482",1,"MCMA",12,"adult"
"10483",1,"MCMA",13,"adult"
"10484",1,"MCMA",14,"adult"
"10485",1,"MCMA",15,"adult"
"10486",1,"MDLB",1,"juvenile"
"10487",1,"MDLB",2,"adult"
"10488",1,"MDLB",3,"adult"
"10489",1,"MDLB",4,"adult"
"10490",1,"MDLB",5,"adult"
"10491",1,"MDLB",6,"adult"
"10492",1,"MDLB",7,"adult"
"10493",1,"MDLB",8,"adult"
"10494",1,"MDLB",9,"adult"
"10495",1,"MDLB",10,"adult"
"10496",1,"MDLB",11,"adult"
"10497",1,"MDLB",12,"adult"
"10498",1,"MDLB",13,"adult"
"10499",1,"MDLB",14,"adult"
"10500",1,"MDLB",15,"adult"
"10501",1,"MDNK",1,"juvenile"
"10502",1,"MDNK",2,"adult"
"10503",1,"MDNK",3,"adult"
"10504",1,"MDNK",4,"adult"
"10505",1,"MDNK",5,"adult"
"10506",1,"MDNK",6,"adult"
"10507",1,"MDNK",7,"adult"
"10508",1,"MDNK",8,"adult"
"10509",1,"MDNK",9,"adult"
"10510",1,"MDNK",10,"adult"
"10511",1,"MDNK",11,"adult"
"10512",1,"MDNK",12,"adult"
"10513",1,"MDNK",13,"adult"
"10514",1,"MDNK",14,"adult"
"10515",1,"MDNK",15,"adult"
"10516",1,"MDPK",1,"juvenile"
"10517",1,"MDPK",2,"adult"
"10518",1,"MDPK",3,"adult"
"10519",1,"MDPK",4,"adult"
"10520",1,"MDPK",5,"adult"
"10521",1,"MDPK",6,"adult"
"10522",1,"MDPK",7,"adult"
"10523",1,"MDPK",8,"adult"
"10524",1,"MDPK",9,"adult"
"10525",1,"MDPK",10,"adult"
"10526",1,"MDPK",11,"adult"
"10527",1,"MDPK",12,"adult"
"10528",1,"MDPK",13,"adult"
"10529",1,"MDPK",14,"adult"
"10530",1,"MDPK",15,"adult"
"10531",1,"MDSQ",1,"juvenile"
"10532",1,"MDSQ",2,"adult"
"10533",1,"MDSQ",3,"adult"
"10534",1,"MDSQ",4,"adult"
"10535",1,"MDSQ",5,"adult"
"10536",1,"MDSQ",6,"adult"
"10537",1,"MDSQ",7,"adult"
"10538",1,"MDSQ",8,"adult"
"10539",1,"MDSQ",9,"adult"
"10540",1,"MDSQ",10,"adult"
"10541",1,"MDSQ",11,"adult"
"10542",1,"MDSQ",12,"adult"
"10543",1,"MDSQ",13,"adult"
"10544",1,"MDSQ",14,"adult"
"10545",1,"MDSQ",15,"adult"
"10546",1,"MEAD",1,"juvenile"
"10547",1,"MEAD",2,"adult"
"10548",1,"MEAD",3,"adult"
"10549",1,"MEAD",4,"adult"
"10550",1,"MEAD",5,"adult"
"10551",1,"MEAD",6,"adult"
"10552",1,"MEAD",7,"adult"
"10553",1,"MEAD",8,"adult"
"10554",1,"MEAD",9,"adult"
"10555",1,"MEAD",10,"adult"
"10556",1,"MEAD",11,"adult"
"10557",1,"MEAD",12,"adult"
"10558",1,"MEAD",13,"adult"
"10559",1,"MEAD",14,"adult"
"10560",1,"MEAD",15,"adult"
"10561",1,"MHBT",1,"juvenile"
"10562",1,"MHBT",2,"adult"
"10563",1,"MHBT",3,"adult"
"10564",1,"MHBT",4,"adult"
"10565",1,"MHBT",5,"adult"
"10566",1,"MHBT",6,"adult"
"10567",1,"MHBT",7,"adult"
"10568",1,"MHBT",8,"adult"
"10569",1,"MHBT",9,"adult"
"10570",1,"MHBT",10,"adult"
"10571",1,"MHBT",11,"adult"
"10572",1,"MHBT",12,"adult"
"10573",1,"MHBT",13,"adult"
"10574",1,"MHBT",14,"adult"
"10575",1,"MHBT",15,"adult"
"10576",1,"MIDF",1,"juvenile"
"10577",1,"MIDF",2,"adult"
"10578",1,"MIDF",3,"adult"
"10579",1,"MIDF",4,"adult"
"10580",1,"MIDF",5,"adult"
"10581",1,"MIDF",6,"adult"
"10582",1,"MIDF",7,"adult"
"10583",1,"MIDF",8,"adult"
"10584",1,"MIDF",9,"adult"
"10585",1,"MIDF",10,"adult"
"10586",1,"MIDF",11,"adult"
"10587",1,"MIDF",12,"adult"
"10588",1,"MIDF",13,"adult"
"10589",1,"MIDF",14,"adult"
"10590",1,"MIDF",15,"adult"
"10591",1,"MIDM",1,"juvenile"
"10592",1,"MIDM",2,"adult"
"10593",1,"MIDM",3,"adult"
"10594",1,"MIDM",4,"adult"
"10595",1,"MIDM",5,"adult"
"10596",1,"MIDM",6,"adult"
"10597",1,"MIDM",7,"adult"
"10598",1,"MIDM",8,"adult"
"10599",1,"MIDM",9,"adult"
"10600",1,"MIDM",10,"adult"
"10601",1,"MIDM",11,"adult"
"10602",1,"MIDM",12,"adult"
"10603",1,"MIDM",13,"adult"
"10604",1,"MIDM",14,"adult"
"10605",1,"MIDM",15,"adult"
"10606",1,"MJM2",1,"unborn"
"10607",1,"MJM2",2,"unborn"
"10608",1,"MJM2",3,"unborn"
"10609",1,"MJM2",4,"unborn"
"10610",1,"MJM2",5,"calf"
"10611",1,"MJM2",6,"juvenile"
"10612",1,"MJM2",7,"juvenile"
"10613",1,"MJM2",8,"juvenile"
"10614",1,"MJM2",9,"juvenile"
"10615",1,"MJM2",10,"juvenile"
"10616",1,"MJM2",11,"juvenile"
"10617",1,"MJM2",12,"juvenile"
"10618",1,"MJM2",13,"adult"
"10619",1,"MJM2",14,"adult"
"10620",1,"MJM2",15,"adult"
"10621",1,"MLOB",1,"juvenile"
"10622",1,"MLOB",2,"adult"
"10623",1,"MLOB",3,"adult"
"10624",1,"MLOB",4,"adult"
"10625",1,"MLOB",5,"adult"
"10626",1,"MLOB",6,"adult"
"10627",1,"MLOB",7,"adult"
"10628",1,"MLOB",8,"adult"
"10629",1,"MLOB",9,"adult"
"10630",1,"MLOB",10,"adult"
"10631",1,"MLOB",11,"adult"
"10632",1,"MLOB",12,"adult"
"10633",1,"MLOB",13,"adult"
"10634",1,"MLOB",14,"adult"
"10635",1,"MLOB",15,"adult"
"10636",1,"MLOC",1,"juvenile"
"10637",1,"MLOC",2,"adult"
"10638",1,"MLOC",3,"adult"
"10639",1,"MLOC",4,"adult"
"10640",1,"MLOC",5,"adult"
"10641",1,"MLOC",6,"adult"
"10642",1,"MLOC",7,"adult"
"10643",1,"MLOC",8,"adult"
"10644",1,"MLOC",9,"adult"
"10645",1,"MLOC",10,"adult"
"10646",1,"MLOC",11,"adult"
"10647",1,"MLOC",12,"adult"
"10648",1,"MLOC",13,"adult"
"10649",1,"MLOC",14,"adult"
"10650",1,"MLOC",15,"adult"
"10651",1,"MLTS",1,"juvenile"
"10652",1,"MLTS",2,"adult"
"10653",1,"MLTS",3,"adult"
"10654",1,"MLTS",4,"adult"
"10655",1,"MLTS",5,"adult"
"10656",1,"MLTS",6,"adult"
"10657",1,"MLTS",7,"adult"
"10658",1,"MLTS",8,"adult"
"10659",1,"MLTS",9,"adult"
"10660",1,"MLTS",10,"adult"
"10661",1,"MLTS",11,"adult"
"10662",1,"MLTS",12,"adult"
"10663",1,"MLTS",13,"adult"
"10664",1,"MLTS",14,"adult"
"10665",1,"MLTS",15,"adult"
"10666",1,"MLVN",1,"juvenile"
"10667",1,"MLVN",2,"adult"
"10668",1,"MLVN",3,"adult"
"10669",1,"MLVN",4,"adult"
"10670",1,"MLVN",5,"adult"
"10671",1,"MLVN",6,"adult"
"10672",1,"MLVN",7,"adult"
"10673",1,"MLVN",8,"adult"
"10674",1,"MLVN",9,"adult"
"10675",1,"MLVN",10,"adult"
"10676",1,"MLVN",11,"adult"
"10677",1,"MLVN",12,"adult"
"10678",1,"MLVN",13,"adult"
"10679",1,"MLVN",14,"adult"
"10680",1,"MLVN",15,"adult"
"10681",1,"MM62",1,"juvenile"
"10682",1,"MM62",2,"adult"
"10683",1,"MM62",3,"adult"
"10684",1,"MM62",4,"adult"
"10685",1,"MM62",5,"adult"
"10686",1,"MM62",6,"adult"
"10687",1,"MM62",7,"adult"
"10688",1,"MM62",8,"adult"
"10689",1,"MM62",9,"adult"
"10690",1,"MM62",10,"adult"
"10691",1,"MM62",11,"adult"
"10692",1,"MM62",12,"adult"
"10693",1,"MM62",13,"adult"
"10694",1,"MM62",14,"adult"
"10695",1,"MM62",15,"adult"
"10696",1,"MM72",1,"juvenile"
"10697",1,"MM72",2,"adult"
"10698",1,"MM72",3,"adult"
"10699",1,"MM72",4,"adult"
"10700",1,"MM72",5,"adult"
"10701",1,"MM72",6,"adult"
"10702",1,"MM72",7,"adult"
"10703",1,"MM72",8,"adult"
"10704",1,"MM72",9,"adult"
"10705",1,"MM72",10,"adult"
"10706",1,"MM72",11,"adult"
"10707",1,"MM72",12,"adult"
"10708",1,"MM72",13,"adult"
"10709",1,"MM72",14,"adult"
"10710",1,"MM72",15,"adult"
"10711",1,"MNC2",1,"juvenile"
"10712",1,"MNC2",2,"adult"
"10713",1,"MNC2",3,"adult"
"10714",1,"MNC2",4,"adult"
"10715",1,"MNC2",5,"adult"
"10716",1,"MNC2",6,"adult"
"10717",1,"MNC2",7,"adult"
"10718",1,"MNC2",8,"adult"
"10719",1,"MNC2",9,"adult"
"10720",1,"MNC2",10,"adult"
"10721",1,"MNC2",11,"adult"
"10722",1,"MNC2",12,"adult"
"10723",1,"MNC2",13,"adult"
"10724",1,"MNC2",14,"adult"
"10725",1,"MNC2",15,"adult"
"10726",1,"MNCB",1,"juvenile"
"10727",1,"MNCB",2,"adult"
"10728",1,"MNCB",3,"adult"
"10729",1,"MNCB",4,"adult"
"10730",1,"MNCB",5,"adult"
"10731",1,"MNCB",6,"adult"
"10732",1,"MNCB",7,"adult"
"10733",1,"MNCB",8,"adult"
"10734",1,"MNCB",9,"adult"
"10735",1,"MNCB",10,"adult"
"10736",1,"MNCB",11,"adult"
"10737",1,"MNCB",12,"adult"
"10738",1,"MNCB",13,"adult"
"10739",1,"MNCB",14,"adult"
"10740",1,"MNCB",15,"adult"
"10741",1,"MNIC",1,"unborn"
"10742",1,"MNIC",2,"unborn"
"10743",1,"MNIC",3,"unborn"
"10744",1,"MNIC",4,"unborn"
"10745",1,"MNIC",5,"calf"
"10746",1,"MNIC",6,"juvenile"
"10747",1,"MNIC",7,"juvenile"
"10748",1,"MNIC",8,"juvenile"
"10749",1,"MNIC",9,"juvenile"
"10750",1,"MNIC",10,"juvenile"
"10751",1,"MNIC",11,"juvenile"
"10752",1,"MNIC",12,"juvenile"
"10753",1,"MNIC",13,"adult"
"10754",1,"MNIC",14,"adult"
"10755",1,"MNIC",15,"adult"
"10756",1,"MNIK",1,"juvenile"
"10757",1,"MNIK",2,"adult"
"10758",1,"MNIK",3,"adult"
"10759",1,"MNIK",4,"adult"
"10760",1,"MNIK",5,"adult"
"10761",1,"MNIK",6,"adult"
"10762",1,"MNIK",7,"adult"
"10763",1,"MNIK",8,"adult"
"10764",1,"MNIK",9,"adult"
"10765",1,"MNIK",10,"adult"
"10766",1,"MNIK",11,"adult"
"10767",1,"MNIK",12,"adult"
"10768",1,"MNIK",13,"adult"
"10769",1,"MNIK",14,"adult"
"10770",1,"MNIK",15,"adult"
"10771",1,"MOCH",1,"juvenile"
"10772",1,"MOCH",2,"adult"
"10773",1,"MOCH",3,"adult"
"10774",1,"MOCH",4,"adult"
"10775",1,"MOCH",5,"adult"
"10776",1,"MOCH",6,"adult"
"10777",1,"MOCH",7,"adult"
"10778",1,"MOCH",8,"adult"
"10779",1,"MOCH",9,"adult"
"10780",1,"MOCH",10,"adult"
"10781",1,"MOCH",11,"adult"
"10782",1,"MOCH",12,"adult"
"10783",1,"MOCH",13,"adult"
"10784",1,"MOCH",14,"adult"
"10785",1,"MOCH",15,"adult"
"10786",1,"MOLA",1,"juvenile"
"10787",1,"MOLA",2,"adult"
"10788",1,"MOLA",3,"adult"
"10789",1,"MOLA",4,"adult"
"10790",1,"MOLA",5,"adult"
"10791",1,"MOLA",6,"adult"
"10792",1,"MOLA",7,"adult"
"10793",1,"MOLA",8,"adult"
"10794",1,"MOLA",9,"adult"
"10795",1,"MOLA",10,"adult"
"10796",1,"MOLA",11,"adult"
"10797",1,"MOLA",12,"adult"
"10798",1,"MOLA",13,"adult"
"10799",1,"MOLA",14,"adult"
"10800",1,"MOLA",15,"adult"
"10801",1,"MOML",1,"juvenile"
"10802",1,"MOML",2,"adult"
"10803",1,"MOML",3,"adult"
"10804",1,"MOML",4,"adult"
"10805",1,"MOML",5,"adult"
"10806",1,"MOML",6,"adult"
"10807",1,"MOML",7,"adult"
"10808",1,"MOML",8,"adult"
"10809",1,"MOML",9,"adult"
"10810",1,"MOML",10,"adult"
"10811",1,"MOML",11,"adult"
"10812",1,"MOML",12,"adult"
"10813",1,"MOML",13,"adult"
"10814",1,"MOML",14,"adult"
"10815",1,"MOML",15,"adult"
"10816",1,"MOOY",1,"juvenile"
"10817",1,"MOOY",2,"adult"
"10818",1,"MOOY",3,"adult"
"10819",1,"MOOY",4,"adult"
"10820",1,"MOOY",5,"adult"
"10821",1,"MOOY",6,"adult"
"10822",1,"MOOY",7,"adult"
"10823",1,"MOOY",8,"adult"
"10824",1,"MOOY",9,"adult"
"10825",1,"MOOY",10,"adult"
"10826",1,"MOOY",11,"adult"
"10827",1,"MOOY",12,"adult"
"10828",1,"MOOY",13,"adult"
"10829",1,"MOOY",14,"adult"
"10830",1,"MOOY",15,"adult"
"10831",1,"MORB",1,"juvenile"
"10832",1,"MORB",2,"adult"
"10833",1,"MORB",3,"adult"
"10834",1,"MORB",4,"adult"
"10835",1,"MORB",5,"adult"
"10836",1,"MORB",6,"adult"
"10837",1,"MORB",7,"adult"
"10838",1,"MORB",8,"adult"
"10839",1,"MORB",9,"adult"
"10840",1,"MORB",10,"adult"
"10841",1,"MORB",11,"adult"
"10842",1,"MORB",12,"adult"
"10843",1,"MORB",13,"adult"
"10844",1,"MORB",14,"adult"
"10845",1,"MORB",15,"adult"
"10846",1,"MORN",1,"juvenile"
"10847",1,"MORN",2,"adult"
"10848",1,"MORN",3,"adult"
"10849",1,"MORN",4,"adult"
"10850",1,"MORN",5,"adult"
"10851",1,"MORN",6,"adult"
"10852",1,"MORN",7,"adult"
"10853",1,"MORN",8,"adult"
"10854",1,"MORN",9,"adult"
"10855",1,"MORN",10,"adult"
"10856",1,"MORN",11,"adult"
"10857",1,"MORN",12,"adult"
"10858",1,"MORN",13,"adult"
"10859",1,"MORN",14,"adult"
"10860",1,"MORN",15,"adult"
"10861",1,"MPTB",1,"juvenile"
"10862",1,"MPTB",2,"adult"
"10863",1,"MPTB",3,"adult"
"10864",1,"MPTB",4,"adult"
"10865",1,"MPTB",5,"adult"
"10866",1,"MPTB",6,"adult"
"10867",1,"MPTB",7,"adult"
"10868",1,"MPTB",8,"adult"
"10869",1,"MPTB",9,"adult"
"10870",1,"MPTB",10,"adult"
"10871",1,"MPTB",11,"adult"
"10872",1,"MPTB",12,"adult"
"10873",1,"MPTB",13,"adult"
"10874",1,"MPTB",14,"adult"
"10875",1,"MPTB",15,"adult"
"10876",1,"MRMS",1,"juvenile"
"10877",1,"MRMS",2,"adult"
"10878",1,"MRMS",3,"adult"
"10879",1,"MRMS",4,"adult"
"10880",1,"MRMS",5,"adult"
"10881",1,"MRMS",6,"adult"
"10882",1,"MRMS",7,"adult"
"10883",1,"MRMS",8,"adult"
"10884",1,"MRMS",9,"adult"
"10885",1,"MRMS",10,"adult"
"10886",1,"MRMS",11,"adult"
"10887",1,"MRMS",12,"adult"
"10888",1,"MRMS",13,"adult"
"10889",1,"MRMS",14,"adult"
"10890",1,"MRMS",15,"adult"
"10891",1,"MRN2",1,"juvenile"
"10892",1,"MRN2",2,"adult"
"10893",1,"MRN2",3,"adult"
"10894",1,"MRN2",4,"adult"
"10895",1,"MRN2",5,"adult"
"10896",1,"MRN2",6,"adult"
"10897",1,"MRN2",7,"adult"
"10898",1,"MRN2",8,"adult"
"10899",1,"MRN2",9,"adult"
"10900",1,"MRN2",10,"adult"
"10901",1,"MRN2",11,"adult"
"10902",1,"MRN2",12,"adult"
"10903",1,"MRN2",13,"adult"
"10904",1,"MRN2",14,"adult"
"10905",1,"MRN2",15,"adult"
"10906",1,"MSLB",1,"juvenile"
"10907",1,"MSLB",2,"adult"
"10908",1,"MSLB",3,"adult"
"10909",1,"MSLB",4,"adult"
"10910",1,"MSLB",5,"adult"
"10911",1,"MSLB",6,"adult"
"10912",1,"MSLB",7,"adult"
"10913",1,"MSLB",8,"adult"
"10914",1,"MSLB",9,"adult"
"10915",1,"MSLB",10,"adult"
"10916",1,"MSLB",11,"adult"
"10917",1,"MSLB",12,"adult"
"10918",1,"MSLB",13,"adult"
"10919",1,"MSLB",14,"adult"
"10920",1,"MSLB",15,"adult"
"10921",1,"MSQ2",1,"juvenile"
"10922",1,"MSQ2",2,"adult"
"10923",1,"MSQ2",3,"adult"
"10924",1,"MSQ2",4,"adult"
"10925",1,"MSQ2",5,"adult"
"10926",1,"MSQ2",6,"adult"
"10927",1,"MSQ2",7,"adult"
"10928",1,"MSQ2",8,"adult"
"10929",1,"MSQ2",9,"adult"
"10930",1,"MSQ2",10,"adult"
"10931",1,"MSQ2",11,"adult"
"10932",1,"MSQ2",12,"adult"
"10933",1,"MSQ2",13,"adult"
"10934",1,"MSQ2",14,"adult"
"10935",1,"MSQ2",15,"adult"
"10936",1,"MSQL",1,"juvenile"
"10937",1,"MSQL",2,"adult"
"10938",1,"MSQL",3,"adult"
"10939",1,"MSQL",4,"adult"
"10940",1,"MSQL",5,"adult"
"10941",1,"MSQL",6,"adult"
"10942",1,"MSQL",7,"adult"
"10943",1,"MSQL",8,"adult"
"10944",1,"MSQL",9,"adult"
"10945",1,"MSQL",10,"adult"
"10946",1,"MSQL",11,"adult"
"10947",1,"MSQL",12,"adult"
"10948",1,"MSQL",13,"adult"
"10949",1,"MSQL",14,"adult"
"10950",1,"MSQL",15,"adult"
"10951",1,"MSR2",1,"juvenile"
"10952",1,"MSR2",2,"adult"
"10953",1,"MSR2",3,"adult"
"10954",1,"MSR2",4,"adult"
"10955",1,"MSR2",5,"adult"
"10956",1,"MSR2",6,"adult"
"10957",1,"MSR2",7,"adult"
"10958",1,"MSR2",8,"adult"
"10959",1,"MSR2",9,"adult"
"10960",1,"MSR2",10,"adult"
"10961",1,"MSR2",11,"adult"
"10962",1,"MSR2",12,"adult"
"10963",1,"MSR2",13,"adult"
"10964",1,"MSR2",14,"adult"
"10965",1,"MSR2",15,"adult"
"10966",1,"MSUC",1,"calf"
"10967",1,"MSUC",2,"calf"
"10968",1,"MSUC",3,"juvenile"
"10969",1,"MSUC",4,"juvenile"
"10970",1,"MSUC",5,"juvenile"
"10971",1,"MSUC",6,"adult"
"10972",1,"MSUC",7,"adult"
"10973",1,"MSUC",8,"adult"
"10974",1,"MSUC",9,"adult"
"10975",1,"MSUC",10,"adult"
"10976",1,"MSUC",11,"adult"
"10977",1,"MSUC",12,"adult"
"10978",1,"MSUC",13,"adult"
"10979",1,"MSUC",14,"adult"
"10980",1,"MSUC",15,"adult"
"10981",1,"MSUM",1,"juvenile"
"10982",1,"MSUM",2,"adult"
"10983",1,"MSUM",3,"adult"
"10984",1,"MSUM",4,"adult"
"10985",1,"MSUM",5,"adult"
"10986",1,"MSUM",6,"adult"
"10987",1,"MSUM",7,"adult"
"10988",1,"MSUM",8,"adult"
"10989",1,"MSUM",9,"adult"
"10990",1,"MSUM",10,"adult"
"10991",1,"MSUM",11,"adult"
"10992",1,"MSUM",12,"adult"
"10993",1,"MSUM",13,"adult"
"10994",1,"MSUM",14,"adult"
"10995",1,"MSUM",15,"adult"
"10996",1,"MTB1",1,"juvenile"
"10997",1,"MTB1",2,"adult"
"10998",1,"MTB1",3,"adult"
"10999",1,"MTB1",4,"adult"
"11000",1,"MTB1",5,"adult"
"11001",1,"MTB1",6,"adult"
"11002",1,"MTB1",7,"adult"
"11003",1,"MTB1",8,"adult"
"11004",1,"MTB1",9,"adult"
"11005",1,"MTB1",10,"adult"
"11006",1,"MTB1",11,"adult"
"11007",1,"MTB1",12,"adult"
"11008",1,"MTB1",13,"adult"
"11009",1,"MTB1",14,"adult"
"11010",1,"MTB1",15,"adult"
"11011",1,"MTBG",1,"juvenile"
"11012",1,"MTBG",2,"adult"
"11013",1,"MTBG",3,"adult"
"11014",1,"MTBG",4,"adult"
"11015",1,"MTBG",5,"adult"
"11016",1,"MTBG",6,"adult"
"11017",1,"MTBG",7,"adult"
"11018",1,"MTBG",8,"adult"
"11019",1,"MTBG",9,"adult"
"11020",1,"MTBG",10,"adult"
"11021",1,"MTBG",11,"adult"
"11022",1,"MTBG",12,"adult"
"11023",1,"MTBG",13,"adult"
"11024",1,"MTBG",14,"adult"
"11025",1,"MTBG",15,"adult"
"11026",1,"MTEL",1,"juvenile"
"11027",1,"MTEL",2,"adult"
"11028",1,"MTEL",3,"adult"
"11029",1,"MTEL",4,"adult"
"11030",1,"MTEL",5,"adult"
"11031",1,"MTEL",6,"adult"
"11032",1,"MTEL",7,"adult"
"11033",1,"MTEL",8,"adult"
"11034",1,"MTEL",9,"adult"
"11035",1,"MTEL",10,"adult"
"11036",1,"MTEL",11,"adult"
"11037",1,"MTEL",12,"adult"
"11038",1,"MTEL",13,"adult"
"11039",1,"MTEL",14,"adult"
"11040",1,"MTEL",15,"adult"
"11041",1,"MTHR",1,"juvenile"
"11042",1,"MTHR",2,"adult"
"11043",1,"MTHR",3,"adult"
"11044",1,"MTHR",4,"adult"
"11045",1,"MTHR",5,"adult"
"11046",1,"MTHR",6,"adult"
"11047",1,"MTHR",7,"adult"
"11048",1,"MTHR",8,"adult"
"11049",1,"MTHR",9,"adult"
"11050",1,"MTHR",10,"adult"
"11051",1,"MTHR",11,"adult"
"11052",1,"MTHR",12,"adult"
"11053",1,"MTHR",13,"adult"
"11054",1,"MTHR",14,"adult"
"11055",1,"MTHR",15,"adult"
"11056",1,"MTLR",1,"juvenile"
"11057",1,"MTLR",2,"adult"
"11058",1,"MTLR",3,"adult"
"11059",1,"MTLR",4,"adult"
"11060",1,"MTLR",5,"adult"
"11061",1,"MTLR",6,"adult"
"11062",1,"MTLR",7,"adult"
"11063",1,"MTLR",8,"adult"
"11064",1,"MTLR",9,"adult"
"11065",1,"MTLR",10,"adult"
"11066",1,"MTLR",11,"adult"
"11067",1,"MTLR",12,"adult"
"11068",1,"MTLR",13,"adult"
"11069",1,"MTLR",14,"adult"
"11070",1,"MTLR",15,"adult"
"11071",1,"MTMN",1,"juvenile"
"11072",1,"MTMN",2,"adult"
"11073",1,"MTMN",3,"adult"
"11074",1,"MTMN",4,"adult"
"11075",1,"MTMN",5,"adult"
"11076",1,"MTMN",6,"adult"
"11077",1,"MTMN",7,"adult"
"11078",1,"MTMN",8,"adult"
"11079",1,"MTMN",9,"adult"
"11080",1,"MTMN",10,"adult"
"11081",1,"MTMN",11,"adult"
"11082",1,"MTMN",12,"adult"
"11083",1,"MTMN",13,"adult"
"11084",1,"MTMN",14,"adult"
"11085",1,"MTMN",15,"adult"
"11086",1,"MTSS",1,"juvenile"
"11087",1,"MTSS",2,"adult"
"11088",1,"MTSS",3,"adult"
"11089",1,"MTSS",4,"adult"
"11090",1,"MTSS",5,"adult"
"11091",1,"MTSS",6,"adult"
"11092",1,"MTSS",7,"adult"
"11093",1,"MTSS",8,"adult"
"11094",1,"MTSS",9,"adult"
"11095",1,"MTSS",10,"adult"
"11096",1,"MTSS",11,"adult"
"11097",1,"MTSS",12,"adult"
"11098",1,"MTSS",13,"adult"
"11099",1,"MTSS",14,"adult"
"11100",1,"MTSS",15,"adult"
"11101",1,"MTWO",1,"juvenile"
"11102",1,"MTWO",2,"adult"
"11103",1,"MTWO",3,"adult"
"11104",1,"MTWO",4,"adult"
"11105",1,"MTWO",5,"adult"
"11106",1,"MTWO",6,"adult"
"11107",1,"MTWO",7,"adult"
"11108",1,"MTWO",8,"adult"
"11109",1,"MTWO",9,"adult"
"11110",1,"MTWO",10,"adult"
"11111",1,"MTWO",11,"adult"
"11112",1,"MTWO",12,"adult"
"11113",1,"MTWO",13,"adult"
"11114",1,"MTWO",14,"adult"
"11115",1,"MTWO",15,"adult"
"11116",1,"MUBT",1,"juvenile"
"11117",1,"MUBT",2,"adult"
"11118",1,"MUBT",3,"adult"
"11119",1,"MUBT",4,"adult"
"11120",1,"MUBT",5,"adult"
"11121",1,"MUBT",6,"adult"
"11122",1,"MUBT",7,"adult"
"11123",1,"MUBT",8,"adult"
"11124",1,"MUBT",9,"adult"
"11125",1,"MUBT",10,"adult"
"11126",1,"MUBT",11,"adult"
"11127",1,"MUBT",12,"adult"
"11128",1,"MUBT",13,"adult"
"11129",1,"MUBT",14,"adult"
"11130",1,"MUBT",15,"adult"
"11131",1,"MVON",1,"juvenile"
"11132",1,"MVON",2,"adult"
"11133",1,"MVON",3,"adult"
"11134",1,"MVON",4,"adult"
"11135",1,"MVON",5,"adult"
"11136",1,"MVON",6,"adult"
"11137",1,"MVON",7,"adult"
"11138",1,"MVON",8,"adult"
"11139",1,"MVON",9,"adult"
"11140",1,"MVON",10,"adult"
"11141",1,"MVON",11,"adult"
"11142",1,"MVON",12,"adult"
"11143",1,"MVON",13,"adult"
"11144",1,"MVON",14,"adult"
"11145",1,"MVON",15,"adult"
"11146",1,"MYST",1,"juvenile"
"11147",1,"MYST",2,"adult"
"11148",1,"MYST",3,"adult"
"11149",1,"MYST",4,"adult"
"11150",1,"MYST",5,"adult"
"11151",1,"MYST",6,"adult"
"11152",1,"MYST",7,"adult"
"11153",1,"MYST",8,"adult"
"11154",1,"MYST",9,"adult"
"11155",1,"MYST",10,"adult"
"11156",1,"MYST",11,"adult"
"11157",1,"MYST",12,"adult"
"11158",1,"MYST",13,"adult"
"11159",1,"MYST",14,"adult"
"11160",1,"MYST",15,"adult"
"11161",1,"NACK",1,"juvenile"
"11162",1,"NACK",2,"adult"
"11163",1,"NACK",3,"adult"
"11164",1,"NACK",4,"adult"
"11165",1,"NACK",5,"adult"
"11166",1,"NACK",6,"adult"
"11167",1,"NACK",7,"adult"
"11168",1,"NACK",8,"adult"
"11169",1,"NACK",9,"adult"
"11170",1,"NACK",10,"adult"
"11171",1,"NACK",11,"adult"
"11172",1,"NACK",12,"adult"
"11173",1,"NACK",13,"adult"
"11174",1,"NACK",14,"adult"
"11175",1,"NACK",15,"adult"
"11176",1,"NADW",1,"juvenile"
"11177",1,"NADW",2,"adult"
"11178",1,"NADW",3,"adult"
"11179",1,"NADW",4,"adult"
"11180",1,"NADW",5,"adult"
"11181",1,"NADW",6,"adult"
"11182",1,"NADW",7,"adult"
"11183",1,"NADW",8,"adult"
"11184",1,"NADW",9,"adult"
"11185",1,"NADW",10,"adult"
"11186",1,"NADW",11,"adult"
"11187",1,"NADW",12,"adult"
"11188",1,"NADW",13,"adult"
"11189",1,"NADW",14,"adult"
"11190",1,"NADW",15,"adult"
"11191",1,"NANA",1,"unborn"
"11192",1,"NANA",2,"unborn"
"11193",1,"NANA",3,"unborn"
"11194",1,"NANA",4,"unborn"
"11195",1,"NANA",5,"unborn"
"11196",1,"NANA",6,"unborn"
"11197",1,"NANA",7,"unborn"
"11198",1,"NANA",8,"unborn"
"11199",1,"NANA",9,"unborn"
"11200",1,"NANA",10,"unborn"
"11201",1,"NANA",11,"unborn"
"11202",1,"NANA",12,"unborn"
"11203",1,"NANA",13,"unborn"
"11204",1,"NANA",14,"unborn"
"11205",1,"NANA",15,"unborn"
"11206",1,"NHNK",1,"juvenile"
"11207",1,"NHNK",2,"adult"
"11208",1,"NHNK",3,"adult"
"11209",1,"NHNK",4,"adult"
"11210",1,"NHNK",5,"adult"
"11211",1,"NHNK",6,"adult"
"11212",1,"NHNK",7,"adult"
"11213",1,"NHNK",8,"adult"
"11214",1,"NHNK",9,"adult"
"11215",1,"NHNK",10,"adult"
"11216",1,"NHNK",11,"adult"
"11217",1,"NHNK",12,"adult"
"11218",1,"NHNK",13,"adult"
"11219",1,"NHNK",14,"adult"
"11220",1,"NHNK",15,"adult"
"11221",1,"NIB2",1,"juvenile"
"11222",1,"NIB2",2,"adult"
"11223",1,"NIB2",3,"adult"
"11224",1,"NIB2",4,"adult"
"11225",1,"NIB2",5,"adult"
"11226",1,"NIB2",6,"adult"
"11227",1,"NIB2",7,"adult"
"11228",1,"NIB2",8,"adult"
"11229",1,"NIB2",9,"adult"
"11230",1,"NIB2",10,"adult"
"11231",1,"NIB2",11,"adult"
"11232",1,"NIB2",12,"adult"
"11233",1,"NIB2",13,"adult"
"11234",1,"NIB2",14,"adult"
"11235",1,"NIB2",15,"adult"
"11236",1,"NIGT",1,"juvenile"
"11237",1,"NIGT",2,"adult"
"11238",1,"NIGT",3,"adult"
"11239",1,"NIGT",4,"adult"
"11240",1,"NIGT",5,"adult"
"11241",1,"NIGT",6,"adult"
"11242",1,"NIGT",7,"adult"
"11243",1,"NIGT",8,"adult"
"11244",1,"NIGT",9,"adult"
"11245",1,"NIGT",10,"adult"
"11246",1,"NIGT",11,"adult"
"11247",1,"NIGT",12,"adult"
"11248",1,"NIGT",13,"adult"
"11249",1,"NIGT",14,"adult"
"11250",1,"NIGT",15,"adult"
"11251",1,"NIK2",1,"juvenile"
"11252",1,"NIK2",2,"adult"
"11253",1,"NIK2",3,"adult"
"11254",1,"NIK2",4,"adult"
"11255",1,"NIK2",5,"adult"
"11256",1,"NIK2",6,"adult"
"11257",1,"NIK2",7,"adult"
"11258",1,"NIK2",8,"adult"
"11259",1,"NIK2",9,"adult"
"11260",1,"NIK2",10,"adult"
"11261",1,"NIK2",11,"adult"
"11262",1,"NIK2",12,"adult"
"11263",1,"NIK2",13,"adult"
"11264",1,"NIK2",14,"adult"
"11265",1,"NIK2",15,"adult"
"11266",1,"NIP2",1,"juvenile"
"11267",1,"NIP2",2,"adult"
"11268",1,"NIP2",3,"adult"
"11269",1,"NIP2",4,"adult"
"11270",1,"NIP2",5,"adult"
"11271",1,"NIP2",6,"adult"
"11272",1,"NIP2",7,"adult"
"11273",1,"NIP2",8,"adult"
"11274",1,"NIP2",9,"adult"
"11275",1,"NIP2",10,"adult"
"11276",1,"NIP2",11,"adult"
"11277",1,"NIP2",12,"adult"
"11278",1,"NIP2",13,"adult"
"11279",1,"NIP2",14,"adult"
"11280",1,"NIP2",15,"adult"
"11281",1,"NIPP",1,"juvenile"
"11282",1,"NIPP",2,"adult"
"11283",1,"NIPP",3,"adult"
"11284",1,"NIPP",4,"adult"
"11285",1,"NIPP",5,"adult"
"11286",1,"NIPP",6,"adult"
"11287",1,"NIPP",7,"adult"
"11288",1,"NIPP",8,"adult"
"11289",1,"NIPP",9,"adult"
"11290",1,"NIPP",10,"adult"
"11291",1,"NIPP",11,"adult"
"11292",1,"NIPP",12,"adult"
"11293",1,"NIPP",13,"adult"
"11294",1,"NIPP",14,"adult"
"11295",1,"NIPP",15,"adult"
"11296",1,"NKAL",1,"juvenile"
"11297",1,"NKAL",2,"adult"
"11298",1,"NKAL",3,"adult"
"11299",1,"NKAL",4,"adult"
"11300",1,"NKAL",5,"adult"
"11301",1,"NKAL",6,"adult"
"11302",1,"NKAL",7,"adult"
"11303",1,"NKAL",8,"adult"
"11304",1,"NKAL",9,"adult"
"11305",1,"NKAL",10,"adult"
"11306",1,"NKAL",11,"adult"
"11307",1,"NKAL",12,"adult"
"11308",1,"NKAL",13,"adult"
"11309",1,"NKAL",14,"adult"
"11310",1,"NKAL",15,"adult"
"11311",1,"NKL2",1,"juvenile"
"11312",1,"NKL2",2,"adult"
"11313",1,"NKL2",3,"adult"
"11314",1,"NKL2",4,"adult"
"11315",1,"NKL2",5,"adult"
"11316",1,"NKL2",6,"adult"
"11317",1,"NKL2",7,"adult"
"11318",1,"NKL2",8,"adult"
"11319",1,"NKL2",9,"adult"
"11320",1,"NKL2",10,"adult"
"11321",1,"NKL2",11,"adult"
"11322",1,"NKL2",12,"adult"
"11323",1,"NKL2",13,"adult"
"11324",1,"NKL2",14,"adult"
"11325",1,"NKL2",15,"adult"
"11326",1,"NKLD",1,"juvenile"
"11327",1,"NKLD",2,"adult"
"11328",1,"NKLD",3,"adult"
"11329",1,"NKLD",4,"adult"
"11330",1,"NKLD",5,"adult"
"11331",1,"NKLD",6,"adult"
"11332",1,"NKLD",7,"adult"
"11333",1,"NKLD",8,"adult"
"11334",1,"NKLD",9,"adult"
"11335",1,"NKLD",10,"adult"
"11336",1,"NKLD",11,"adult"
"11337",1,"NKLD",12,"adult"
"11338",1,"NKLD",13,"adult"
"11339",1,"NKLD",14,"adult"
"11340",1,"NKLD",15,"adult"
"11341",1,"NKLN",1,"juvenile"
"11342",1,"NKLN",2,"adult"
"11343",1,"NKLN",3,"adult"
"11344",1,"NKLN",4,"adult"
"11345",1,"NKLN",5,"adult"
"11346",1,"NKLN",6,"adult"
"11347",1,"NKLN",7,"adult"
"11348",1,"NKLN",8,"adult"
"11349",1,"NKLN",9,"adult"
"11350",1,"NKLN",10,"adult"
"11351",1,"NKLN",11,"adult"
"11352",1,"NKLN",12,"adult"
"11353",1,"NKLN",13,"adult"
"11354",1,"NKLN",14,"adult"
"11355",1,"NKLN",15,"adult"
"11356",1,"NKNN",1,"juvenile"
"11357",1,"NKNN",2,"adult"
"11358",1,"NKNN",3,"adult"
"11359",1,"NKNN",4,"adult"
"11360",1,"NKNN",5,"adult"
"11361",1,"NKNN",6,"adult"
"11362",1,"NKNN",7,"adult"
"11363",1,"NKNN",8,"adult"
"11364",1,"NKNN",9,"adult"
"11365",1,"NKNN",10,"adult"
"11366",1,"NKNN",11,"adult"
"11367",1,"NKNN",12,"adult"
"11368",1,"NKNN",13,"adult"
"11369",1,"NKNN",14,"adult"
"11370",1,"NKNN",15,"adult"
"11371",1,"NKS1",1,"juvenile"
"11372",1,"NKS1",2,"adult"
"11373",1,"NKS1",3,"adult"
"11374",1,"NKS1",4,"adult"
"11375",1,"NKS1",5,"adult"
"11376",1,"NKS1",6,"adult"
"11377",1,"NKS1",7,"adult"
"11378",1,"NKS1",8,"adult"
"11379",1,"NKS1",9,"adult"
"11380",1,"NKS1",10,"adult"
"11381",1,"NKS1",11,"adult"
"11382",1,"NKS1",12,"adult"
"11383",1,"NKS1",13,"adult"
"11384",1,"NKS1",14,"adult"
"11385",1,"NKS1",15,"adult"
"11386",1,"NKSH",1,"juvenile"
"11387",1,"NKSH",2,"adult"
"11388",1,"NKSH",3,"adult"
"11389",1,"NKSH",4,"adult"
"11390",1,"NKSH",5,"adult"
"11391",1,"NKSH",6,"adult"
"11392",1,"NKSH",7,"adult"
"11393",1,"NKSH",8,"adult"
"11394",1,"NKSH",9,"adult"
"11395",1,"NKSH",10,"adult"
"11396",1,"NKSH",11,"adult"
"11397",1,"NKSH",12,"adult"
"11398",1,"NKSH",13,"adult"
"11399",1,"NKSH",14,"adult"
"11400",1,"NKSH",15,"adult"
"11401",1,"NLPS",1,"juvenile"
"11402",1,"NLPS",2,"adult"
"11403",1,"NLPS",3,"adult"
"11404",1,"NLPS",4,"adult"
"11405",1,"NLPS",5,"adult"
"11406",1,"NLPS",6,"adult"
"11407",1,"NLPS",7,"adult"
"11408",1,"NLPS",8,"adult"
"11409",1,"NLPS",9,"adult"
"11410",1,"NLPS",10,"adult"
"11411",1,"NLPS",11,"adult"
"11412",1,"NLPS",12,"adult"
"11413",1,"NLPS",13,"adult"
"11414",1,"NLPS",14,"adult"
"11415",1,"NLPS",15,"adult"
"11416",1,"NOMS",1,"juvenile"
"11417",1,"NOMS",2,"adult"
"11418",1,"NOMS",3,"adult"
"11419",1,"NOMS",4,"adult"
"11420",1,"NOMS",5,"adult"
"11421",1,"NOMS",6,"adult"
"11422",1,"NOMS",7,"adult"
"11423",1,"NOMS",8,"adult"
"11424",1,"NOMS",9,"adult"
"11425",1,"NOMS",10,"adult"
"11426",1,"NOMS",11,"adult"
"11427",1,"NOMS",12,"adult"
"11428",1,"NOMS",13,"adult"
"11429",1,"NOMS",14,"adult"
"11430",1,"NOMS",15,"adult"
"11431",1,"NPK1",1,"unborn"
"11432",1,"NPK1",2,"unborn"
"11433",1,"NPK1",3,"unborn"
"11434",1,"NPK1",4,"unborn"
"11435",1,"NPK1",5,"unborn"
"11436",1,"NPK1",6,"unborn"
"11437",1,"NPK1",7,"unborn"
"11438",1,"NPK1",8,"unborn"
"11439",1,"NPK1",9,"unborn"
"11440",1,"NPK1",10,"unborn"
"11441",1,"NPK1",11,"unborn"
"11442",1,"NPK1",12,"unborn"
"11443",1,"NPK1",13,"calf"
"11444",1,"NPK1",14,"juvenile"
"11445",1,"NPK1",15,"juvenile"
"11446",1,"NPKR",1,"juvenile"
"11447",1,"NPKR",2,"adult"
"11448",1,"NPKR",3,"adult"
"11449",1,"NPKR",4,"adult"
"11450",1,"NPKR",5,"adult"
"11451",1,"NPKR",6,"adult"
"11452",1,"NPKR",7,"adult"
"11453",1,"NPKR",8,"adult"
"11454",1,"NPKR",9,"adult"
"11455",1,"NPKR",10,"adult"
"11456",1,"NPKR",11,"adult"
"11457",1,"NPKR",12,"adult"
"11458",1,"NPKR",13,"adult"
"11459",1,"NPKR",14,"adult"
"11460",1,"NPKR",15,"adult"
"11461",1,"OIEA",1,"juvenile"
"11462",1,"OIEA",2,"adult"
"11463",1,"OIEA",3,"adult"
"11464",1,"OIEA",4,"adult"
"11465",1,"OIEA",5,"adult"
"11466",1,"OIEA",6,"adult"
"11467",1,"OIEA",7,"adult"
"11468",1,"OIEA",8,"adult"
"11469",1,"OIEA",9,"adult"
"11470",1,"OIEA",10,"adult"
"11471",1,"OIEA",11,"adult"
"11472",1,"OIEA",12,"adult"
"11473",1,"OIEA",13,"adult"
"11474",1,"OIEA",14,"adult"
"11475",1,"OIEA",15,"adult"
"11476",1,"OINK",1,"juvenile"
"11477",1,"OINK",2,"adult"
"11478",1,"OINK",3,"adult"
"11479",1,"OINK",4,"adult"
"11480",1,"OINK",5,"adult"
"11481",1,"OINK",6,"adult"
"11482",1,"OINK",7,"adult"
"11483",1,"OINK",8,"adult"
"11484",1,"OINK",9,"adult"
"11485",1,"OINK",10,"adult"
"11486",1,"OINK",11,"adult"
"11487",1,"OINK",12,"adult"
"11488",1,"OINK",13,"adult"
"11489",1,"OINK",14,"adult"
"11490",1,"OINK",15,"adult"
"11491",1,"OPAL",1,"juvenile"
"11492",1,"OPAL",2,"adult"
"11493",1,"OPAL",3,"adult"
"11494",1,"OPAL",4,"adult"
"11495",1,"OPAL",5,"adult"
"11496",1,"OPAL",6,"adult"
"11497",1,"OPAL",7,"adult"
"11498",1,"OPAL",8,"adult"
"11499",1,"OPAL",9,"adult"
"11500",1,"OPAL",10,"adult"
"11501",1,"OPAL",11,"adult"
"11502",1,"OPAL",12,"adult"
"11503",1,"OPAL",13,"adult"
"11504",1,"OPAL",14,"adult"
"11505",1,"OPAL",15,"adult"
"11506",1,"OPTP",1,"juvenile"
"11507",1,"OPTP",2,"adult"
"11508",1,"OPTP",3,"adult"
"11509",1,"OPTP",4,"adult"
"11510",1,"OPTP",5,"adult"
"11511",1,"OPTP",6,"adult"
"11512",1,"OPTP",7,"adult"
"11513",1,"OPTP",8,"adult"
"11514",1,"OPTP",9,"adult"
"11515",1,"OPTP",10,"adult"
"11516",1,"OPTP",11,"adult"
"11517",1,"OPTP",12,"adult"
"11518",1,"OPTP",13,"adult"
"11519",1,"OPTP",14,"adult"
"11520",1,"OPTP",15,"adult"
"11521",1,"ORNG",1,"juvenile"
"11522",1,"ORNG",2,"adult"
"11523",1,"ORNG",3,"adult"
"11524",1,"ORNG",4,"adult"
"11525",1,"ORNG",5,"adult"
"11526",1,"ORNG",6,"adult"
"11527",1,"ORNG",7,"adult"
"11528",1,"ORNG",8,"adult"
"11529",1,"ORNG",9,"adult"
"11530",1,"ORNG",10,"adult"
"11531",1,"ORNG",11,"adult"
"11532",1,"ORNG",12,"adult"
"11533",1,"ORNG",13,"adult"
"11534",1,"ORNG",14,"adult"
"11535",1,"ORNG",15,"adult"
"11536",1,"OTH_1083",1,"juvenile"
"11537",1,"OTH_1083",2,"adult"
"11538",1,"OTH_1083",3,"adult"
"11539",1,"OTH_1083",4,"adult"
"11540",1,"OTH_1083",5,"adult"
"11541",1,"OTH_1083",6,"adult"
"11542",1,"OTH_1083",7,"adult"
"11543",1,"OTH_1083",8,"adult"
"11544",1,"OTH_1083",9,"adult"
"11545",1,"OTH_1083",10,"adult"
"11546",1,"OTH_1083",11,"adult"
"11547",1,"OTH_1083",12,"adult"
"11548",1,"OTH_1083",13,"adult"
"11549",1,"OTH_1083",14,"adult"
"11550",1,"OTH_1083",15,"adult"
"11551",1,"OTH_183",1,"juvenile"
"11552",1,"OTH_183",2,"adult"
"11553",1,"OTH_183",3,"adult"
"11554",1,"OTH_183",4,"adult"
"11555",1,"OTH_183",5,"adult"
"11556",1,"OTH_183",6,"adult"
"11557",1,"OTH_183",7,"adult"
"11558",1,"OTH_183",8,"adult"
"11559",1,"OTH_183",9,"adult"
"11560",1,"OTH_183",10,"adult"
"11561",1,"OTH_183",11,"adult"
"11562",1,"OTH_183",12,"adult"
"11563",1,"OTH_183",13,"adult"
"11564",1,"OTH_183",14,"adult"
"11565",1,"OTH_183",15,"adult"
"11566",1,"OTH_230",1,"juvenile"
"11567",1,"OTH_230",2,"adult"
"11568",1,"OTH_230",3,"adult"
"11569",1,"OTH_230",4,"adult"
"11570",1,"OTH_230",5,"adult"
"11571",1,"OTH_230",6,"adult"
"11572",1,"OTH_230",7,"adult"
"11573",1,"OTH_230",8,"adult"
"11574",1,"OTH_230",9,"adult"
"11575",1,"OTH_230",10,"adult"
"11576",1,"OTH_230",11,"adult"
"11577",1,"OTH_230",12,"adult"
"11578",1,"OTH_230",13,"adult"
"11579",1,"OTH_230",14,"adult"
"11580",1,"OTH_230",15,"adult"
"11581",1,"OTH_295",1,"juvenile"
"11582",1,"OTH_295",2,"adult"
"11583",1,"OTH_295",3,"adult"
"11584",1,"OTH_295",4,"adult"
"11585",1,"OTH_295",5,"adult"
"11586",1,"OTH_295",6,"adult"
"11587",1,"OTH_295",7,"adult"
"11588",1,"OTH_295",8,"adult"
"11589",1,"OTH_295",9,"adult"
"11590",1,"OTH_295",10,"adult"
"11591",1,"OTH_295",11,"adult"
"11592",1,"OTH_295",12,"adult"
"11593",1,"OTH_295",13,"adult"
"11594",1,"OTH_295",14,"adult"
"11595",1,"OTH_295",15,"adult"
"11596",1,"OTH_376",1,"juvenile"
"11597",1,"OTH_376",2,"adult"
"11598",1,"OTH_376",3,"adult"
"11599",1,"OTH_376",4,"adult"
"11600",1,"OTH_376",5,"adult"
"11601",1,"OTH_376",6,"adult"
"11602",1,"OTH_376",7,"adult"
"11603",1,"OTH_376",8,"adult"
"11604",1,"OTH_376",9,"adult"
"11605",1,"OTH_376",10,"adult"
"11606",1,"OTH_376",11,"adult"
"11607",1,"OTH_376",12,"adult"
"11608",1,"OTH_376",13,"adult"
"11609",1,"OTH_376",14,"adult"
"11610",1,"OTH_376",15,"adult"
"11611",1,"OTH_378",1,"juvenile"
"11612",1,"OTH_378",2,"adult"
"11613",1,"OTH_378",3,"adult"
"11614",1,"OTH_378",4,"adult"
"11615",1,"OTH_378",5,"adult"
"11616",1,"OTH_378",6,"adult"
"11617",1,"OTH_378",7,"adult"
"11618",1,"OTH_378",8,"adult"
"11619",1,"OTH_378",9,"adult"
"11620",1,"OTH_378",10,"adult"
"11621",1,"OTH_378",11,"adult"
"11622",1,"OTH_378",12,"adult"
"11623",1,"OTH_378",13,"adult"
"11624",1,"OTH_378",14,"adult"
"11625",1,"OTH_378",15,"adult"
"11626",1,"OTH_441",1,"juvenile"
"11627",1,"OTH_441",2,"adult"
"11628",1,"OTH_441",3,"adult"
"11629",1,"OTH_441",4,"adult"
"11630",1,"OTH_441",5,"adult"
"11631",1,"OTH_441",6,"adult"
"11632",1,"OTH_441",7,"adult"
"11633",1,"OTH_441",8,"adult"
"11634",1,"OTH_441",9,"adult"
"11635",1,"OTH_441",10,"adult"
"11636",1,"OTH_441",11,"adult"
"11637",1,"OTH_441",12,"adult"
"11638",1,"OTH_441",13,"adult"
"11639",1,"OTH_441",14,"adult"
"11640",1,"OTH_441",15,"adult"
"11641",1,"OTH_456",1,"juvenile"
"11642",1,"OTH_456",2,"adult"
"11643",1,"OTH_456",3,"adult"
"11644",1,"OTH_456",4,"adult"
"11645",1,"OTH_456",5,"adult"
"11646",1,"OTH_456",6,"adult"
"11647",1,"OTH_456",7,"adult"
"11648",1,"OTH_456",8,"adult"
"11649",1,"OTH_456",9,"adult"
"11650",1,"OTH_456",10,"adult"
"11651",1,"OTH_456",11,"adult"
"11652",1,"OTH_456",12,"adult"
"11653",1,"OTH_456",13,"adult"
"11654",1,"OTH_456",14,"adult"
"11655",1,"OTH_456",15,"adult"
"11656",1,"OTH_487",1,"juvenile"
"11657",1,"OTH_487",2,"adult"
"11658",1,"OTH_487",3,"adult"
"11659",1,"OTH_487",4,"adult"
"11660",1,"OTH_487",5,"adult"
"11661",1,"OTH_487",6,"adult"
"11662",1,"OTH_487",7,"adult"
"11663",1,"OTH_487",8,"adult"
"11664",1,"OTH_487",9,"adult"
"11665",1,"OTH_487",10,"adult"
"11666",1,"OTH_487",11,"adult"
"11667",1,"OTH_487",12,"adult"
"11668",1,"OTH_487",13,"adult"
"11669",1,"OTH_487",14,"adult"
"11670",1,"OTH_487",15,"adult"
"11671",1,"OTH_503",1,"juvenile"
"11672",1,"OTH_503",2,"adult"
"11673",1,"OTH_503",3,"adult"
"11674",1,"OTH_503",4,"adult"
"11675",1,"OTH_503",5,"adult"
"11676",1,"OTH_503",6,"adult"
"11677",1,"OTH_503",7,"adult"
"11678",1,"OTH_503",8,"adult"
"11679",1,"OTH_503",9,"adult"
"11680",1,"OTH_503",10,"adult"
"11681",1,"OTH_503",11,"adult"
"11682",1,"OTH_503",12,"adult"
"11683",1,"OTH_503",13,"adult"
"11684",1,"OTH_503",14,"adult"
"11685",1,"OTH_503",15,"adult"
"11686",1,"OTH_506",1,"juvenile"
"11687",1,"OTH_506",2,"adult"
"11688",1,"OTH_506",3,"adult"
"11689",1,"OTH_506",4,"adult"
"11690",1,"OTH_506",5,"adult"
"11691",1,"OTH_506",6,"adult"
"11692",1,"OTH_506",7,"adult"
"11693",1,"OTH_506",8,"adult"
"11694",1,"OTH_506",9,"adult"
"11695",1,"OTH_506",10,"adult"
"11696",1,"OTH_506",11,"adult"
"11697",1,"OTH_506",12,"adult"
"11698",1,"OTH_506",13,"adult"
"11699",1,"OTH_506",14,"adult"
"11700",1,"OTH_506",15,"adult"
"11701",1,"OTH_519",1,"juvenile"
"11702",1,"OTH_519",2,"adult"
"11703",1,"OTH_519",3,"adult"
"11704",1,"OTH_519",4,"adult"
"11705",1,"OTH_519",5,"adult"
"11706",1,"OTH_519",6,"adult"
"11707",1,"OTH_519",7,"adult"
"11708",1,"OTH_519",8,"adult"
"11709",1,"OTH_519",9,"adult"
"11710",1,"OTH_519",10,"adult"
"11711",1,"OTH_519",11,"adult"
"11712",1,"OTH_519",12,"adult"
"11713",1,"OTH_519",13,"adult"
"11714",1,"OTH_519",14,"adult"
"11715",1,"OTH_519",15,"adult"
"11716",1,"OTH_561",1,"juvenile"
"11717",1,"OTH_561",2,"adult"
"11718",1,"OTH_561",3,"adult"
"11719",1,"OTH_561",4,"adult"
"11720",1,"OTH_561",5,"adult"
"11721",1,"OTH_561",6,"adult"
"11722",1,"OTH_561",7,"adult"
"11723",1,"OTH_561",8,"adult"
"11724",1,"OTH_561",9,"adult"
"11725",1,"OTH_561",10,"adult"
"11726",1,"OTH_561",11,"adult"
"11727",1,"OTH_561",12,"adult"
"11728",1,"OTH_561",13,"adult"
"11729",1,"OTH_561",14,"adult"
"11730",1,"OTH_561",15,"adult"
"11731",1,"OTH_590",1,"juvenile"
"11732",1,"OTH_590",2,"adult"
"11733",1,"OTH_590",3,"adult"
"11734",1,"OTH_590",4,"adult"
"11735",1,"OTH_590",5,"adult"
"11736",1,"OTH_590",6,"adult"
"11737",1,"OTH_590",7,"adult"
"11738",1,"OTH_590",8,"adult"
"11739",1,"OTH_590",9,"adult"
"11740",1,"OTH_590",10,"adult"
"11741",1,"OTH_590",11,"adult"
"11742",1,"OTH_590",12,"adult"
"11743",1,"OTH_590",13,"adult"
"11744",1,"OTH_590",14,"adult"
"11745",1,"OTH_590",15,"adult"
"11746",1,"OTH_591",1,"juvenile"
"11747",1,"OTH_591",2,"adult"
"11748",1,"OTH_591",3,"adult"
"11749",1,"OTH_591",4,"adult"
"11750",1,"OTH_591",5,"adult"
"11751",1,"OTH_591",6,"adult"
"11752",1,"OTH_591",7,"adult"
"11753",1,"OTH_591",8,"adult"
"11754",1,"OTH_591",9,"adult"
"11755",1,"OTH_591",10,"adult"
"11756",1,"OTH_591",11,"adult"
"11757",1,"OTH_591",12,"adult"
"11758",1,"OTH_591",13,"adult"
"11759",1,"OTH_591",14,"adult"
"11760",1,"OTH_591",15,"adult"
"11761",1,"OTH_597",1,"juvenile"
"11762",1,"OTH_597",2,"adult"
"11763",1,"OTH_597",3,"adult"
"11764",1,"OTH_597",4,"adult"
"11765",1,"OTH_597",5,"adult"
"11766",1,"OTH_597",6,"adult"
"11767",1,"OTH_597",7,"adult"
"11768",1,"OTH_597",8,"adult"
"11769",1,"OTH_597",9,"adult"
"11770",1,"OTH_597",10,"adult"
"11771",1,"OTH_597",11,"adult"
"11772",1,"OTH_597",12,"adult"
"11773",1,"OTH_597",13,"adult"
"11774",1,"OTH_597",14,"adult"
"11775",1,"OTH_597",15,"adult"
"11776",1,"OTH_601",1,"juvenile"
"11777",1,"OTH_601",2,"adult"
"11778",1,"OTH_601",3,"adult"
"11779",1,"OTH_601",4,"adult"
"11780",1,"OTH_601",5,"adult"
"11781",1,"OTH_601",6,"adult"
"11782",1,"OTH_601",7,"adult"
"11783",1,"OTH_601",8,"adult"
"11784",1,"OTH_601",9,"adult"
"11785",1,"OTH_601",10,"adult"
"11786",1,"OTH_601",11,"adult"
"11787",1,"OTH_601",12,"adult"
"11788",1,"OTH_601",13,"adult"
"11789",1,"OTH_601",14,"adult"
"11790",1,"OTH_601",15,"adult"
"11791",1,"OTH_602",1,"juvenile"
"11792",1,"OTH_602",2,"adult"
"11793",1,"OTH_602",3,"adult"
"11794",1,"OTH_602",4,"adult"
"11795",1,"OTH_602",5,"adult"
"11796",1,"OTH_602",6,"adult"
"11797",1,"OTH_602",7,"adult"
"11798",1,"OTH_602",8,"adult"
"11799",1,"OTH_602",9,"adult"
"11800",1,"OTH_602",10,"adult"
"11801",1,"OTH_602",11,"adult"
"11802",1,"OTH_602",12,"adult"
"11803",1,"OTH_602",13,"adult"
"11804",1,"OTH_602",14,"adult"
"11805",1,"OTH_602",15,"adult"
"11806",1,"OTH_605",1,"juvenile"
"11807",1,"OTH_605",2,"adult"
"11808",1,"OTH_605",3,"adult"
"11809",1,"OTH_605",4,"adult"
"11810",1,"OTH_605",5,"adult"
"11811",1,"OTH_605",6,"adult"
"11812",1,"OTH_605",7,"adult"
"11813",1,"OTH_605",8,"adult"
"11814",1,"OTH_605",9,"adult"
"11815",1,"OTH_605",10,"adult"
"11816",1,"OTH_605",11,"adult"
"11817",1,"OTH_605",12,"adult"
"11818",1,"OTH_605",13,"adult"
"11819",1,"OTH_605",14,"adult"
"11820",1,"OTH_605",15,"adult"
"11821",1,"OTH_606",1,"juvenile"
"11822",1,"OTH_606",2,"adult"
"11823",1,"OTH_606",3,"adult"
"11824",1,"OTH_606",4,"adult"
"11825",1,"OTH_606",5,"adult"
"11826",1,"OTH_606",6,"adult"
"11827",1,"OTH_606",7,"adult"
"11828",1,"OTH_606",8,"adult"
"11829",1,"OTH_606",9,"adult"
"11830",1,"OTH_606",10,"adult"
"11831",1,"OTH_606",11,"adult"
"11832",1,"OTH_606",12,"adult"
"11833",1,"OTH_606",13,"adult"
"11834",1,"OTH_606",14,"adult"
"11835",1,"OTH_606",15,"adult"
"11836",1,"OTH_607",1,"juvenile"
"11837",1,"OTH_607",2,"adult"
"11838",1,"OTH_607",3,"adult"
"11839",1,"OTH_607",4,"adult"
"11840",1,"OTH_607",5,"adult"
"11841",1,"OTH_607",6,"adult"
"11842",1,"OTH_607",7,"adult"
"11843",1,"OTH_607",8,"adult"
"11844",1,"OTH_607",9,"adult"
"11845",1,"OTH_607",10,"adult"
"11846",1,"OTH_607",11,"adult"
"11847",1,"OTH_607",12,"adult"
"11848",1,"OTH_607",13,"adult"
"11849",1,"OTH_607",14,"adult"
"11850",1,"OTH_607",15,"adult"
"11851",1,"OTH_609",1,"juvenile"
"11852",1,"OTH_609",2,"adult"
"11853",1,"OTH_609",3,"adult"
"11854",1,"OTH_609",4,"adult"
"11855",1,"OTH_609",5,"adult"
"11856",1,"OTH_609",6,"adult"
"11857",1,"OTH_609",7,"adult"
"11858",1,"OTH_609",8,"adult"
"11859",1,"OTH_609",9,"adult"
"11860",1,"OTH_609",10,"adult"
"11861",1,"OTH_609",11,"adult"
"11862",1,"OTH_609",12,"adult"
"11863",1,"OTH_609",13,"adult"
"11864",1,"OTH_609",14,"adult"
"11865",1,"OTH_609",15,"adult"
"11866",1,"OTH_610",1,"juvenile"
"11867",1,"OTH_610",2,"adult"
"11868",1,"OTH_610",3,"adult"
"11869",1,"OTH_610",4,"adult"
"11870",1,"OTH_610",5,"adult"
"11871",1,"OTH_610",6,"adult"
"11872",1,"OTH_610",7,"adult"
"11873",1,"OTH_610",8,"adult"
"11874",1,"OTH_610",9,"adult"
"11875",1,"OTH_610",10,"adult"
"11876",1,"OTH_610",11,"adult"
"11877",1,"OTH_610",12,"adult"
"11878",1,"OTH_610",13,"adult"
"11879",1,"OTH_610",14,"adult"
"11880",1,"OTH_610",15,"adult"
"11881",1,"OTH_612",1,"juvenile"
"11882",1,"OTH_612",2,"adult"
"11883",1,"OTH_612",3,"adult"
"11884",1,"OTH_612",4,"adult"
"11885",1,"OTH_612",5,"adult"
"11886",1,"OTH_612",6,"adult"
"11887",1,"OTH_612",7,"adult"
"11888",1,"OTH_612",8,"adult"
"11889",1,"OTH_612",9,"adult"
"11890",1,"OTH_612",10,"adult"
"11891",1,"OTH_612",11,"adult"
"11892",1,"OTH_612",12,"adult"
"11893",1,"OTH_612",13,"adult"
"11894",1,"OTH_612",14,"adult"
"11895",1,"OTH_612",15,"adult"
"11896",1,"OTH_702",1,"juvenile"
"11897",1,"OTH_702",2,"adult"
"11898",1,"OTH_702",3,"adult"
"11899",1,"OTH_702",4,"adult"
"11900",1,"OTH_702",5,"adult"
"11901",1,"OTH_702",6,"adult"
"11902",1,"OTH_702",7,"adult"
"11903",1,"OTH_702",8,"adult"
"11904",1,"OTH_702",9,"adult"
"11905",1,"OTH_702",10,"adult"
"11906",1,"OTH_702",11,"adult"
"11907",1,"OTH_702",12,"adult"
"11908",1,"OTH_702",13,"adult"
"11909",1,"OTH_702",14,"adult"
"11910",1,"OTH_702",15,"adult"
"11911",1,"OTH_707",1,"juvenile"
"11912",1,"OTH_707",2,"adult"
"11913",1,"OTH_707",3,"adult"
"11914",1,"OTH_707",4,"adult"
"11915",1,"OTH_707",5,"adult"
"11916",1,"OTH_707",6,"adult"
"11917",1,"OTH_707",7,"adult"
"11918",1,"OTH_707",8,"adult"
"11919",1,"OTH_707",9,"adult"
"11920",1,"OTH_707",10,"adult"
"11921",1,"OTH_707",11,"adult"
"11922",1,"OTH_707",12,"adult"
"11923",1,"OTH_707",13,"adult"
"11924",1,"OTH_707",14,"adult"
"11925",1,"OTH_707",15,"adult"
"11926",1,"OTH_894",1,"juvenile"
"11927",1,"OTH_894",2,"adult"
"11928",1,"OTH_894",3,"adult"
"11929",1,"OTH_894",4,"adult"
"11930",1,"OTH_894",5,"adult"
"11931",1,"OTH_894",6,"adult"
"11932",1,"OTH_894",7,"adult"
"11933",1,"OTH_894",8,"adult"
"11934",1,"OTH_894",9,"adult"
"11935",1,"OTH_894",10,"adult"
"11936",1,"OTH_894",11,"adult"
"11937",1,"OTH_894",12,"adult"
"11938",1,"OTH_894",13,"adult"
"11939",1,"OTH_894",14,"adult"
"11940",1,"OTH_894",15,"adult"
"11941",1,"OTH_906",1,"juvenile"
"11942",1,"OTH_906",2,"adult"
"11943",1,"OTH_906",3,"adult"
"11944",1,"OTH_906",4,"adult"
"11945",1,"OTH_906",5,"adult"
"11946",1,"OTH_906",6,"adult"
"11947",1,"OTH_906",7,"adult"
"11948",1,"OTH_906",8,"adult"
"11949",1,"OTH_906",9,"adult"
"11950",1,"OTH_906",10,"adult"
"11951",1,"OTH_906",11,"adult"
"11952",1,"OTH_906",12,"adult"
"11953",1,"OTH_906",13,"adult"
"11954",1,"OTH_906",14,"adult"
"11955",1,"OTH_906",15,"adult"
"11956",1,"OTH_984",1,"juvenile"
"11957",1,"OTH_984",2,"adult"
"11958",1,"OTH_984",3,"adult"
"11959",1,"OTH_984",4,"adult"
"11960",1,"OTH_984",5,"adult"
"11961",1,"OTH_984",6,"adult"
"11962",1,"OTH_984",7,"adult"
"11963",1,"OTH_984",8,"adult"
"11964",1,"OTH_984",9,"adult"
"11965",1,"OTH_984",10,"adult"
"11966",1,"OTH_984",11,"adult"
"11967",1,"OTH_984",12,"adult"
"11968",1,"OTH_984",13,"adult"
"11969",1,"OTH_984",14,"adult"
"11970",1,"OTH_984",15,"adult"
"11971",1,"P3C1",1,"juvenile"
"11972",1,"P3C1",2,"adult"
"11973",1,"P3C1",3,"adult"
"11974",1,"P3C1",4,"adult"
"11975",1,"P3C1",5,"adult"
"11976",1,"P3C1",6,"adult"
"11977",1,"P3C1",7,"adult"
"11978",1,"P3C1",8,"adult"
"11979",1,"P3C1",9,"adult"
"11980",1,"P3C1",10,"adult"
"11981",1,"P3C1",11,"adult"
"11982",1,"P3C1",12,"adult"
"11983",1,"P3C1",13,"adult"
"11984",1,"P3C1",14,"adult"
"11985",1,"P3C1",15,"adult"
"11986",1,"P3C2",1,"juvenile"
"11987",1,"P3C2",2,"adult"
"11988",1,"P3C2",3,"adult"
"11989",1,"P3C2",4,"adult"
"11990",1,"P3C2",5,"adult"
"11991",1,"P3C2",6,"adult"
"11992",1,"P3C2",7,"adult"
"11993",1,"P3C2",8,"adult"
"11994",1,"P3C2",9,"adult"
"11995",1,"P3C2",10,"adult"
"11996",1,"P3C2",11,"adult"
"11997",1,"P3C2",12,"adult"
"11998",1,"P3C2",13,"adult"
"11999",1,"P3C2",14,"adult"
"12000",1,"P3C2",15,"adult"
"12001",1,"P3SP",1,"juvenile"
"12002",1,"P3SP",2,"adult"
"12003",1,"P3SP",3,"adult"
"12004",1,"P3SP",4,"adult"
"12005",1,"P3SP",5,"adult"
"12006",1,"P3SP",6,"adult"
"12007",1,"P3SP",7,"adult"
"12008",1,"P3SP",8,"adult"
"12009",1,"P3SP",9,"adult"
"12010",1,"P3SP",10,"adult"
"12011",1,"P3SP",11,"adult"
"12012",1,"P3SP",12,"adult"
"12013",1,"P3SP",13,"adult"
"12014",1,"P3SP",14,"adult"
"12015",1,"P3SP",15,"adult"
"12016",1,"PAL1",1,"juvenile"
"12017",1,"PAL1",2,"adult"
"12018",1,"PAL1",3,"adult"
"12019",1,"PAL1",4,"adult"
"12020",1,"PAL1",5,"adult"
"12021",1,"PAL1",6,"adult"
"12022",1,"PAL1",7,"adult"
"12023",1,"PAL1",8,"adult"
"12024",1,"PAL1",9,"adult"
"12025",1,"PAL1",10,"adult"
"12026",1,"PAL1",11,"adult"
"12027",1,"PAL1",12,"adult"
"12028",1,"PAL1",13,"adult"
"12029",1,"PAL1",14,"adult"
"12030",1,"PAL1",15,"adult"
"12031",1,"PDFT",1,"juvenile"
"12032",1,"PDFT",2,"adult"
"12033",1,"PDFT",3,"adult"
"12034",1,"PDFT",4,"adult"
"12035",1,"PDFT",5,"adult"
"12036",1,"PDFT",6,"adult"
"12037",1,"PDFT",7,"adult"
"12038",1,"PDFT",8,"adult"
"12039",1,"PDFT",9,"adult"
"12040",1,"PDFT",10,"adult"
"12041",1,"PDFT",11,"adult"
"12042",1,"PDFT",12,"adult"
"12043",1,"PDFT",13,"adult"
"12044",1,"PDFT",14,"adult"
"12045",1,"PDFT",15,"adult"
"12046",1,"PECK",1,"juvenile"
"12047",1,"PECK",2,"adult"
"12048",1,"PECK",3,"adult"
"12049",1,"PECK",4,"adult"
"12050",1,"PECK",5,"adult"
"12051",1,"PECK",6,"adult"
"12052",1,"PECK",7,"adult"
"12053",1,"PECK",8,"adult"
"12054",1,"PECK",9,"adult"
"12055",1,"PECK",10,"adult"
"12056",1,"PECK",11,"adult"
"12057",1,"PECK",12,"adult"
"12058",1,"PECK",13,"adult"
"12059",1,"PECK",14,"adult"
"12060",1,"PECK",15,"adult"
"12061",1,"PHIL",1,"juvenile"
"12062",1,"PHIL",2,"adult"
"12063",1,"PHIL",3,"adult"
"12064",1,"PHIL",4,"adult"
"12065",1,"PHIL",5,"adult"
"12066",1,"PHIL",6,"adult"
"12067",1,"PHIL",7,"adult"
"12068",1,"PHIL",8,"adult"
"12069",1,"PHIL",9,"adult"
"12070",1,"PHIL",10,"adult"
"12071",1,"PHIL",11,"adult"
"12072",1,"PHIL",12,"adult"
"12073",1,"PHIL",13,"adult"
"12074",1,"PHIL",14,"adult"
"12075",1,"PHIL",15,"adult"
"12076",1,"PHIN",1,"juvenile"
"12077",1,"PHIN",2,"adult"
"12078",1,"PHIN",3,"adult"
"12079",1,"PHIN",4,"adult"
"12080",1,"PHIN",5,"adult"
"12081",1,"PHIN",6,"adult"
"12082",1,"PHIN",7,"adult"
"12083",1,"PHIN",8,"adult"
"12084",1,"PHIN",9,"adult"
"12085",1,"PHIN",10,"adult"
"12086",1,"PHIN",11,"adult"
"12087",1,"PHIN",12,"adult"
"12088",1,"PHIN",13,"adult"
"12089",1,"PHIN",14,"adult"
"12090",1,"PHIN",15,"adult"
"12091",1,"PHL1",1,"unborn"
"12092",1,"PHL1",2,"unborn"
"12093",1,"PHL1",3,"unborn"
"12094",1,"PHL1",4,"unborn"
"12095",1,"PHL1",5,"unborn"
"12096",1,"PHL1",6,"calf"
"12097",1,"PHL1",7,"calf"
"12098",1,"PHL1",8,"calf"
"12099",1,"PHL1",9,"calf"
"12100",1,"PHL1",10,"calf"
"12101",1,"PHL1",11,"calf"
"12102",1,"PHL1",12,"calf"
"12103",1,"PHL1",13,"calf"
"12104",1,"PHL1",14,"juvenile"
"12105",1,"PHL1",15,"juvenile"
"12106",1,"PHL2",1,"juvenile"
"12107",1,"PHL2",2,"adult"
"12108",1,"PHL2",3,"adult"
"12109",1,"PHL2",4,"adult"
"12110",1,"PHL2",5,"adult"
"12111",1,"PHL2",6,"adult"
"12112",1,"PHL2",7,"adult"
"12113",1,"PHL2",8,"adult"
"12114",1,"PHL2",9,"adult"
"12115",1,"PHL2",10,"adult"
"12116",1,"PHL2",11,"adult"
"12117",1,"PHL2",12,"adult"
"12118",1,"PHL2",13,"adult"
"12119",1,"PHL2",14,"adult"
"12120",1,"PHL2",15,"adult"
"12121",1,"PHNE",1,"juvenile"
"12122",1,"PHNE",2,"adult"
"12123",1,"PHNE",3,"adult"
"12124",1,"PHNE",4,"adult"
"12125",1,"PHNE",5,"adult"
"12126",1,"PHNE",6,"adult"
"12127",1,"PHNE",7,"adult"
"12128",1,"PHNE",8,"adult"
"12129",1,"PHNE",9,"adult"
"12130",1,"PHNE",10,"adult"
"12131",1,"PHNE",11,"adult"
"12132",1,"PHNE",12,"adult"
"12133",1,"PHNE",13,"adult"
"12134",1,"PHNE",14,"adult"
"12135",1,"PHNE",15,"adult"
"12136",1,"PIL1",1,"unborn"
"12137",1,"PIL1",2,"unborn"
"12138",1,"PIL1",3,"unborn"
"12139",1,"PIL1",4,"unborn"
"12140",1,"PIL1",5,"unborn"
"12141",1,"PIL1",6,"calf"
"12142",1,"PIL1",7,"calf"
"12143",1,"PIL1",8,"calf"
"12144",1,"PIL1",9,"calf"
"12145",1,"PIL1",10,"calf"
"12146",1,"PIL1",11,"calf"
"12147",1,"PIL1",12,"calf"
"12148",1,"PIL1",13,"calf"
"12149",1,"PIL1",14,"juvenile"
"12150",1,"PIL1",15,"juvenile"
"12151",1,"PILA",1,"juvenile"
"12152",1,"PILA",2,"adult"
"12153",1,"PILA",3,"adult"
"12154",1,"PILA",4,"adult"
"12155",1,"PILA",5,"adult"
"12156",1,"PILA",6,"adult"
"12157",1,"PILA",7,"adult"
"12158",1,"PILA",8,"adult"
"12159",1,"PILA",9,"adult"
"12160",1,"PILA",10,"adult"
"12161",1,"PILA",11,"adult"
"12162",1,"PILA",12,"adult"
"12163",1,"PILA",13,"adult"
"12164",1,"PILA",14,"adult"
"12165",1,"PILA",15,"adult"
"12166",1,"PITA",1,"juvenile"
"12167",1,"PITA",2,"adult"
"12168",1,"PITA",3,"adult"
"12169",1,"PITA",4,"adult"
"12170",1,"PITA",5,"adult"
"12171",1,"PITA",6,"adult"
"12172",1,"PITA",7,"adult"
"12173",1,"PITA",8,"adult"
"12174",1,"PITA",9,"adult"
"12175",1,"PITA",10,"adult"
"12176",1,"PITA",11,"adult"
"12177",1,"PITA",12,"adult"
"12178",1,"PITA",13,"adult"
"12179",1,"PITA",14,"adult"
"12180",1,"PITA",15,"adult"
"12181",1,"PLG2",1,"juvenile"
"12182",1,"PLG2",2,"adult"
"12183",1,"PLG2",3,"adult"
"12184",1,"PLG2",4,"adult"
"12185",1,"PLG2",5,"adult"
"12186",1,"PLG2",6,"adult"
"12187",1,"PLG2",7,"adult"
"12188",1,"PLG2",8,"adult"
"12189",1,"PLG2",9,"adult"
"12190",1,"PLG2",10,"adult"
"12191",1,"PLG2",11,"adult"
"12192",1,"PLG2",12,"adult"
"12193",1,"PLG2",13,"adult"
"12194",1,"PLG2",14,"adult"
"12195",1,"PLG2",15,"adult"
"12196",1,"PLUG",1,"juvenile"
"12197",1,"PLUG",2,"adult"
"12198",1,"PLUG",3,"adult"
"12199",1,"PLUG",4,"adult"
"12200",1,"PLUG",5,"adult"
"12201",1,"PLUG",6,"adult"
"12202",1,"PLUG",7,"adult"
"12203",1,"PLUG",8,"adult"
"12204",1,"PLUG",9,"adult"
"12205",1,"PLUG",10,"adult"
"12206",1,"PLUG",11,"adult"
"12207",1,"PLUG",12,"adult"
"12208",1,"PLUG",13,"adult"
"12209",1,"PLUG",14,"adult"
"12210",1,"PLUG",15,"adult"
"12211",1,"PMID",1,"juvenile"
"12212",1,"PMID",2,"adult"
"12213",1,"PMID",3,"adult"
"12214",1,"PMID",4,"adult"
"12215",1,"PMID",5,"adult"
"12216",1,"PMID",6,"adult"
"12217",1,"PMID",7,"adult"
"12218",1,"PMID",8,"adult"
"12219",1,"PMID",9,"adult"
"12220",1,"PMID",10,"adult"
"12221",1,"PMID",11,"adult"
"12222",1,"PMID",12,"adult"
"12223",1,"PMID",13,"adult"
"12224",1,"PMID",14,"adult"
"12225",1,"PMID",15,"adult"
"12226",1,"PMTI",1,"juvenile"
"12227",1,"PMTI",2,"adult"
"12228",1,"PMTI",3,"adult"
"12229",1,"PMTI",4,"adult"
"12230",1,"PMTI",5,"adult"
"12231",1,"PMTI",6,"adult"
"12232",1,"PMTI",7,"adult"
"12233",1,"PMTI",8,"adult"
"12234",1,"PMTI",9,"adult"
"12235",1,"PMTI",10,"adult"
"12236",1,"PMTI",11,"adult"
"12237",1,"PMTI",12,"adult"
"12238",1,"PMTI",13,"adult"
"12239",1,"PMTI",14,"adult"
"12240",1,"PMTI",15,"adult"
"12241",1,"PN04",1,"juvenile"
"12242",1,"PN04",2,"adult"
"12243",1,"PN04",3,"adult"
"12244",1,"PN04",4,"adult"
"12245",1,"PN04",5,"adult"
"12246",1,"PN04",6,"adult"
"12247",1,"PN04",7,"adult"
"12248",1,"PN04",8,"adult"
"12249",1,"PN04",9,"adult"
"12250",1,"PN04",10,"adult"
"12251",1,"PN04",11,"adult"
"12252",1,"PN04",12,"adult"
"12253",1,"PN04",13,"adult"
"12254",1,"PN04",14,"adult"
"12255",1,"PN04",15,"adult"
"12256",1,"PN05",1,"juvenile"
"12257",1,"PN05",2,"adult"
"12258",1,"PN05",3,"adult"
"12259",1,"PN05",4,"adult"
"12260",1,"PN05",5,"adult"
"12261",1,"PN05",6,"adult"
"12262",1,"PN05",7,"adult"
"12263",1,"PN05",8,"adult"
"12264",1,"PN05",9,"adult"
"12265",1,"PN05",10,"adult"
"12266",1,"PN05",11,"adult"
"12267",1,"PN05",12,"adult"
"12268",1,"PN05",13,"adult"
"12269",1,"PN05",14,"adult"
"12270",1,"PN05",15,"adult"
"12271",1,"PNB2",1,"juvenile"
"12272",1,"PNB2",2,"adult"
"12273",1,"PNB2",3,"adult"
"12274",1,"PNB2",4,"adult"
"12275",1,"PNB2",5,"adult"
"12276",1,"PNB2",6,"adult"
"12277",1,"PNB2",7,"adult"
"12278",1,"PNB2",8,"adult"
"12279",1,"PNB2",9,"adult"
"12280",1,"PNB2",10,"adult"
"12281",1,"PNB2",11,"adult"
"12282",1,"PNB2",12,"adult"
"12283",1,"PNB2",13,"adult"
"12284",1,"PNB2",14,"adult"
"12285",1,"PNB2",15,"adult"
"12286",1,"PNB3",1,"juvenile"
"12287",1,"PNB3",2,"adult"
"12288",1,"PNB3",3,"adult"
"12289",1,"PNB3",4,"adult"
"12290",1,"PNB3",5,"adult"
"12291",1,"PNB3",6,"adult"
"12292",1,"PNB3",7,"adult"
"12293",1,"PNB3",8,"adult"
"12294",1,"PNB3",9,"adult"
"12295",1,"PNB3",10,"adult"
"12296",1,"PNB3",11,"adult"
"12297",1,"PNB3",12,"adult"
"12298",1,"PNB3",13,"adult"
"12299",1,"PNB3",14,"adult"
"12300",1,"PNB3",15,"adult"
"12301",1,"PNBC",1,"unborn"
"12302",1,"PNBC",2,"unborn"
"12303",1,"PNBC",3,"unborn"
"12304",1,"PNBC",4,"unborn"
"12305",1,"PNBC",5,"unborn"
"12306",1,"PNBC",6,"unborn"
"12307",1,"PNBC",7,"unborn"
"12308",1,"PNBC",8,"unborn"
"12309",1,"PNBC",9,"unborn"
"12310",1,"PNBC",10,"unborn"
"12311",1,"PNBC",11,"unborn"
"12312",1,"PNBC",12,"calf"
"12313",1,"PNBC",13,"calf"
"12314",1,"PNBC",14,"juvenile"
"12315",1,"PNBC",15,"juvenile"
"12316",1,"PNBS",1,"juvenile"
"12317",1,"PNBS",2,"adult"
"12318",1,"PNBS",3,"adult"
"12319",1,"PNBS",4,"adult"
"12320",1,"PNBS",5,"adult"
"12321",1,"PNBS",6,"adult"
"12322",1,"PNBS",7,"adult"
"12323",1,"PNBS",8,"adult"
"12324",1,"PNBS",9,"adult"
"12325",1,"PNBS",10,"adult"
"12326",1,"PNBS",11,"adult"
"12327",1,"PNBS",12,"adult"
"12328",1,"PNBS",13,"adult"
"12329",1,"PNBS",14,"adult"
"12330",1,"PNBS",15,"adult"
"12331",1,"PNBT",1,"juvenile"
"12332",1,"PNBT",2,"adult"
"12333",1,"PNBT",3,"adult"
"12334",1,"PNBT",4,"adult"
"12335",1,"PNBT",5,"adult"
"12336",1,"PNBT",6,"adult"
"12337",1,"PNBT",7,"adult"
"12338",1,"PNBT",8,"adult"
"12339",1,"PNBT",9,"adult"
"12340",1,"PNBT",10,"adult"
"12341",1,"PNBT",11,"adult"
"12342",1,"PNBT",12,"adult"
"12343",1,"PNBT",13,"adult"
"12344",1,"PNBT",14,"adult"
"12345",1,"PNBT",15,"adult"
"12346",1,"PNGS",1,"juvenile"
"12347",1,"PNGS",2,"adult"
"12348",1,"PNGS",3,"adult"
"12349",1,"PNGS",4,"adult"
"12350",1,"PNGS",5,"adult"
"12351",1,"PNGS",6,"adult"
"12352",1,"PNGS",7,"adult"
"12353",1,"PNGS",8,"adult"
"12354",1,"PNGS",9,"adult"
"12355",1,"PNGS",10,"adult"
"12356",1,"PNGS",11,"adult"
"12357",1,"PNGS",12,"adult"
"12358",1,"PNGS",13,"adult"
"12359",1,"PNGS",14,"adult"
"12360",1,"PNGS",15,"adult"
"12361",1,"PNKD",1,"juvenile"
"12362",1,"PNKD",2,"adult"
"12363",1,"PNKD",3,"adult"
"12364",1,"PNKD",4,"adult"
"12365",1,"PNKD",5,"adult"
"12366",1,"PNKD",6,"adult"
"12367",1,"PNKD",7,"adult"
"12368",1,"PNKD",8,"adult"
"12369",1,"PNKD",9,"adult"
"12370",1,"PNKD",10,"adult"
"12371",1,"PNKD",11,"adult"
"12372",1,"PNKD",12,"adult"
"12373",1,"PNKD",13,"adult"
"12374",1,"PNKD",14,"adult"
"12375",1,"PNKD",15,"adult"
"12376",1,"PNTB",1,"juvenile"
"12377",1,"PNTB",2,"adult"
"12378",1,"PNTB",3,"adult"
"12379",1,"PNTB",4,"adult"
"12380",1,"PNTB",5,"adult"
"12381",1,"PNTB",6,"adult"
"12382",1,"PNTB",7,"adult"
"12383",1,"PNTB",8,"adult"
"12384",1,"PNTB",9,"adult"
"12385",1,"PNTB",10,"adult"
"12386",1,"PNTB",11,"adult"
"12387",1,"PNTB",12,"adult"
"12388",1,"PNTB",13,"adult"
"12389",1,"PNTB",14,"adult"
"12390",1,"PNTB",15,"adult"
"12391",1,"POCO",1,"juvenile"
"12392",1,"POCO",2,"adult"
"12393",1,"POCO",3,"adult"
"12394",1,"POCO",4,"adult"
"12395",1,"POCO",5,"adult"
"12396",1,"POCO",6,"adult"
"12397",1,"POCO",7,"adult"
"12398",1,"POCO",8,"adult"
"12399",1,"POCO",9,"adult"
"12400",1,"POCO",10,"adult"
"12401",1,"POCO",11,"adult"
"12402",1,"POCO",12,"adult"
"12403",1,"POCO",13,"adult"
"12404",1,"POCO",14,"adult"
"12405",1,"POCO",15,"adult"
"12406",1,"POLV",1,"juvenile"
"12407",1,"POLV",2,"adult"
"12408",1,"POLV",3,"adult"
"12409",1,"POLV",4,"adult"
"12410",1,"POLV",5,"adult"
"12411",1,"POLV",6,"adult"
"12412",1,"POLV",7,"adult"
"12413",1,"POLV",8,"adult"
"12414",1,"POLV",9,"adult"
"12415",1,"POLV",10,"adult"
"12416",1,"POLV",11,"adult"
"12417",1,"POLV",12,"adult"
"12418",1,"POLV",13,"adult"
"12419",1,"POLV",14,"adult"
"12420",1,"POLV",15,"adult"
"12421",1,"POOF",1,"juvenile"
"12422",1,"POOF",2,"adult"
"12423",1,"POOF",3,"adult"
"12424",1,"POOF",4,"adult"
"12425",1,"POOF",5,"adult"
"12426",1,"POOF",6,"adult"
"12427",1,"POOF",7,"adult"
"12428",1,"POOF",8,"adult"
"12429",1,"POOF",9,"adult"
"12430",1,"POOF",10,"adult"
"12431",1,"POOF",11,"adult"
"12432",1,"POOF",12,"adult"
"12433",1,"POOF",13,"adult"
"12434",1,"POOF",14,"adult"
"12435",1,"POOF",15,"adult"
"12436",1,"PORT",1,"juvenile"
"12437",1,"PORT",2,"adult"
"12438",1,"PORT",3,"adult"
"12439",1,"PORT",4,"adult"
"12440",1,"PORT",5,"adult"
"12441",1,"PORT",6,"adult"
"12442",1,"PORT",7,"adult"
"12443",1,"PORT",8,"adult"
"12444",1,"PORT",9,"adult"
"12445",1,"PORT",10,"adult"
"12446",1,"PORT",11,"adult"
"12447",1,"PORT",12,"adult"
"12448",1,"PORT",13,"adult"
"12449",1,"PORT",14,"adult"
"12450",1,"PORT",15,"adult"
"12451",1,"PPS1",1,"juvenile"
"12452",1,"PPS1",2,"adult"
"12453",1,"PPS1",3,"adult"
"12454",1,"PPS1",4,"adult"
"12455",1,"PPS1",5,"adult"
"12456",1,"PPS1",6,"adult"
"12457",1,"PPS1",7,"adult"
"12458",1,"PPS1",8,"adult"
"12459",1,"PPS1",9,"adult"
"12460",1,"PPS1",10,"adult"
"12461",1,"PPS1",11,"adult"
"12462",1,"PPS1",12,"adult"
"12463",1,"PPS1",13,"adult"
"12464",1,"PPS1",14,"adult"
"12465",1,"PPS1",15,"adult"
"12466",1,"PPSL",1,"juvenile"
"12467",1,"PPSL",2,"adult"
"12468",1,"PPSL",3,"adult"
"12469",1,"PPSL",4,"adult"
"12470",1,"PPSL",5,"adult"
"12471",1,"PPSL",6,"adult"
"12472",1,"PPSL",7,"adult"
"12473",1,"PPSL",8,"adult"
"12474",1,"PPSL",9,"adult"
"12475",1,"PPSL",10,"adult"
"12476",1,"PPSL",11,"adult"
"12477",1,"PPSL",12,"adult"
"12478",1,"PPSL",13,"adult"
"12479",1,"PPSL",14,"adult"
"12480",1,"PPSL",15,"adult"
"12481",1,"PRF2",1,"juvenile"
"12482",1,"PRF2",2,"adult"
"12483",1,"PRF2",3,"adult"
"12484",1,"PRF2",4,"adult"
"12485",1,"PRF2",5,"adult"
"12486",1,"PRF2",6,"adult"
"12487",1,"PRF2",7,"adult"
"12488",1,"PRF2",8,"adult"
"12489",1,"PRF2",9,"adult"
"12490",1,"PRF2",10,"adult"
"12491",1,"PRF2",11,"adult"
"12492",1,"PRF2",12,"adult"
"12493",1,"PRF2",13,"adult"
"12494",1,"PRF2",14,"adult"
"12495",1,"PRF2",15,"adult"
"12496",1,"PRF3",1,"juvenile"
"12497",1,"PRF3",2,"adult"
"12498",1,"PRF3",3,"adult"
"12499",1,"PRF3",4,"adult"
"12500",1,"PRF3",5,"adult"
"12501",1,"PRF3",6,"adult"
"12502",1,"PRF3",7,"adult"
"12503",1,"PRF3",8,"adult"
"12504",1,"PRF3",9,"adult"
"12505",1,"PRF3",10,"adult"
"12506",1,"PRF3",11,"adult"
"12507",1,"PRF3",12,"adult"
"12508",1,"PRF3",13,"adult"
"12509",1,"PRF3",14,"adult"
"12510",1,"PRF3",15,"adult"
"12511",1,"PRF4",1,"juvenile"
"12512",1,"PRF4",2,"adult"
"12513",1,"PRF4",3,"adult"
"12514",1,"PRF4",4,"adult"
"12515",1,"PRF4",5,"adult"
"12516",1,"PRF4",6,"adult"
"12517",1,"PRF4",7,"adult"
"12518",1,"PRF4",8,"adult"
"12519",1,"PRF4",9,"adult"
"12520",1,"PRF4",10,"adult"
"12521",1,"PRF4",11,"adult"
"12522",1,"PRF4",12,"adult"
"12523",1,"PRF4",13,"adult"
"12524",1,"PRF4",14,"adult"
"12525",1,"PRF4",15,"adult"
"12526",1,"PRFC",1,"juvenile"
"12527",1,"PRFC",2,"adult"
"12528",1,"PRFC",3,"adult"
"12529",1,"PRFC",4,"adult"
"12530",1,"PRFC",5,"adult"
"12531",1,"PRFC",6,"adult"
"12532",1,"PRFC",7,"adult"
"12533",1,"PRFC",8,"adult"
"12534",1,"PRFC",9,"adult"
"12535",1,"PRFC",10,"adult"
"12536",1,"PRFC",11,"adult"
"12537",1,"PRFC",12,"adult"
"12538",1,"PRFC",13,"adult"
"12539",1,"PRFC",14,"adult"
"12540",1,"PRFC",15,"adult"
"12541",1,"PRFR",1,"juvenile"
"12542",1,"PRFR",2,"adult"
"12543",1,"PRFR",3,"adult"
"12544",1,"PRFR",4,"adult"
"12545",1,"PRFR",5,"adult"
"12546",1,"PRFR",6,"adult"
"12547",1,"PRFR",7,"adult"
"12548",1,"PRFR",8,"adult"
"12549",1,"PRFR",9,"adult"
"12550",1,"PRFR",10,"adult"
"12551",1,"PRFR",11,"adult"
"12552",1,"PRFR",12,"adult"
"12553",1,"PRFR",13,"adult"
"12554",1,"PRFR",14,"adult"
"12555",1,"PRFR",15,"adult"
"12556",1,"PRN2",1,"juvenile"
"12557",1,"PRN2",2,"adult"
"12558",1,"PRN2",3,"adult"
"12559",1,"PRN2",4,"adult"
"12560",1,"PRN2",5,"adult"
"12561",1,"PRN2",6,"adult"
"12562",1,"PRN2",7,"adult"
"12563",1,"PRN2",8,"adult"
"12564",1,"PRN2",9,"adult"
"12565",1,"PRN2",10,"adult"
"12566",1,"PRN2",11,"adult"
"12567",1,"PRN2",12,"adult"
"12568",1,"PRN2",13,"adult"
"12569",1,"PRN2",14,"adult"
"12570",1,"PRN2",15,"adult"
"12571",1,"PROF",1,"juvenile"
"12572",1,"PROF",2,"adult"
"12573",1,"PROF",3,"adult"
"12574",1,"PROF",4,"adult"
"12575",1,"PROF",5,"adult"
"12576",1,"PROF",6,"adult"
"12577",1,"PROF",7,"adult"
"12578",1,"PROF",8,"adult"
"12579",1,"PROF",9,"adult"
"12580",1,"PROF",10,"adult"
"12581",1,"PROF",11,"adult"
"12582",1,"PROF",12,"adult"
"12583",1,"PROF",13,"adult"
"12584",1,"PROF",14,"adult"
"12585",1,"PROF",15,"adult"
"12586",1,"PRST",1,"juvenile"
"12587",1,"PRST",2,"adult"
"12588",1,"PRST",3,"adult"
"12589",1,"PRST",4,"adult"
"12590",1,"PRST",5,"adult"
"12591",1,"PRST",6,"adult"
"12592",1,"PRST",7,"adult"
"12593",1,"PRST",8,"adult"
"12594",1,"PRST",9,"adult"
"12595",1,"PRST",10,"adult"
"12596",1,"PRST",11,"adult"
"12597",1,"PRST",12,"adult"
"12598",1,"PRST",13,"adult"
"12599",1,"PRST",14,"adult"
"12600",1,"PRST",15,"adult"
"12601",1,"PSB2",1,"juvenile"
"12602",1,"PSB2",2,"adult"
"12603",1,"PSB2",3,"adult"
"12604",1,"PSB2",4,"adult"
"12605",1,"PSB2",5,"adult"
"12606",1,"PSB2",6,"adult"
"12607",1,"PSB2",7,"adult"
"12608",1,"PSB2",8,"adult"
"12609",1,"PSB2",9,"adult"
"12610",1,"PSB2",10,"adult"
"12611",1,"PSB2",11,"adult"
"12612",1,"PSB2",12,"adult"
"12613",1,"PSB2",13,"adult"
"12614",1,"PSB2",14,"adult"
"12615",1,"PSB2",15,"adult"
"12616",1,"PSBZ",1,"juvenile"
"12617",1,"PSBZ",2,"adult"
"12618",1,"PSBZ",3,"adult"
"12619",1,"PSBZ",4,"adult"
"12620",1,"PSBZ",5,"adult"
"12621",1,"PSBZ",6,"adult"
"12622",1,"PSBZ",7,"adult"
"12623",1,"PSBZ",8,"adult"
"12624",1,"PSBZ",9,"adult"
"12625",1,"PSBZ",10,"adult"
"12626",1,"PSBZ",11,"adult"
"12627",1,"PSBZ",12,"adult"
"12628",1,"PSBZ",13,"adult"
"12629",1,"PSBZ",14,"adult"
"12630",1,"PSBZ",15,"adult"
"12631",1,"PSC3",1,"juvenile"
"12632",1,"PSC3",2,"adult"
"12633",1,"PSC3",3,"adult"
"12634",1,"PSC3",4,"adult"
"12635",1,"PSC3",5,"adult"
"12636",1,"PSC3",6,"adult"
"12637",1,"PSC3",7,"adult"
"12638",1,"PSC3",8,"adult"
"12639",1,"PSC3",9,"adult"
"12640",1,"PSC3",10,"adult"
"12641",1,"PSC3",11,"adult"
"12642",1,"PSC3",12,"adult"
"12643",1,"PSC3",13,"adult"
"12644",1,"PSC3",14,"adult"
"12645",1,"PSC3",15,"adult"
"12646",1,"PSC4",1,"unborn"
"12647",1,"PSC4",2,"unborn"
"12648",1,"PSC4",3,"unborn"
"12649",1,"PSC4",4,"unborn"
"12650",1,"PSC4",5,"unborn"
"12651",1,"PSC4",6,"juvenile"
"12652",1,"PSC4",7,"juvenile"
"12653",1,"PSC4",8,"juvenile"
"12654",1,"PSC4",9,"juvenile"
"12655",1,"PSC4",10,"juvenile"
"12656",1,"PSC4",11,"juvenile"
"12657",1,"PSC4",12,"juvenile"
"12658",1,"PSC4",13,"juvenile"
"12659",1,"PSC4",14,"adult"
"12660",1,"PSC4",15,"adult"
"12661",1,"PSC5",1,"unborn"
"12662",1,"PSC5",2,"unborn"
"12663",1,"PSC5",3,"unborn"
"12664",1,"PSC5",4,"unborn"
"12665",1,"PSC5",5,"unborn"
"12666",1,"PSC5",6,"unborn"
"12667",1,"PSC5",7,"calf"
"12668",1,"PSC5",8,"calf"
"12669",1,"PSC5",9,"calf"
"12670",1,"PSC5",10,"calf"
"12671",1,"PSC5",11,"calf"
"12672",1,"PSC5",12,"calf"
"12673",1,"PSC5",13,"calf"
"12674",1,"PSC5",14,"juvenile"
"12675",1,"PSC5",15,"juvenile"
"12676",1,"PSC6",1,"unborn"
"12677",1,"PSC6",2,"unborn"
"12678",1,"PSC6",3,"unborn"
"12679",1,"PSC6",4,"unborn"
"12680",1,"PSC6",5,"unborn"
"12681",1,"PSC6",6,"unborn"
"12682",1,"PSC6",7,"unborn"
"12683",1,"PSC6",8,"unborn"
"12684",1,"PSC6",9,"unborn"
"12685",1,"PSC6",10,"unborn"
"12686",1,"PSC6",11,"unborn"
"12687",1,"PSC6",12,"unborn"
"12688",1,"PSC6",13,"unborn"
"12689",1,"PSC6",14,"calf"
"12690",1,"PSC6",15,"calf"
"12691",1,"PSC7",1,"unborn"
"12692",1,"PSC7",2,"unborn"
"12693",1,"PSC7",3,"unborn"
"12694",1,"PSC7",4,"unborn"
"12695",1,"PSC7",5,"unborn"
"12696",1,"PSC7",6,"unborn"
"12697",1,"PSC7",7,"unborn"
"12698",1,"PSC7",8,"unborn"
"12699",1,"PSC7",9,"unborn"
"12700",1,"PSC7",10,"unborn"
"12701",1,"PSC7",11,"unborn"
"12702",1,"PSC7",12,"unborn"
"12703",1,"PSC7",13,"unborn"
"12704",1,"PSC7",14,"unborn"
"12705",1,"PSC7",15,"unborn"
"12706",1,"PSD2",1,"juvenile"
"12707",1,"PSD2",2,"adult"
"12708",1,"PSD2",3,"adult"
"12709",1,"PSD2",4,"adult"
"12710",1,"PSD2",5,"adult"
"12711",1,"PSD2",6,"adult"
"12712",1,"PSD2",7,"adult"
"12713",1,"PSD2",8,"adult"
"12714",1,"PSD2",9,"adult"
"12715",1,"PSD2",10,"adult"
"12716",1,"PSD2",11,"adult"
"12717",1,"PSD2",12,"adult"
"12718",1,"PSD2",13,"adult"
"12719",1,"PSD2",14,"adult"
"12720",1,"PSD2",15,"adult"
"12721",1,"PSDQ",1,"juvenile"
"12722",1,"PSDQ",2,"adult"
"12723",1,"PSDQ",3,"adult"
"12724",1,"PSDQ",4,"adult"
"12725",1,"PSDQ",5,"adult"
"12726",1,"PSDQ",6,"adult"
"12727",1,"PSDQ",7,"adult"
"12728",1,"PSDQ",8,"adult"
"12729",1,"PSDQ",9,"adult"
"12730",1,"PSDQ",10,"adult"
"12731",1,"PSDQ",11,"adult"
"12732",1,"PSDQ",12,"adult"
"12733",1,"PSDQ",13,"adult"
"12734",1,"PSDQ",14,"adult"
"12735",1,"PSDQ",15,"adult"
"12736",1,"PUMP",1,"juvenile"
"12737",1,"PUMP",2,"adult"
"12738",1,"PUMP",3,"adult"
"12739",1,"PUMP",4,"adult"
"12740",1,"PUMP",5,"adult"
"12741",1,"PUMP",6,"adult"
"12742",1,"PUMP",7,"adult"
"12743",1,"PUMP",8,"adult"
"12744",1,"PUMP",9,"adult"
"12745",1,"PUMP",10,"adult"
"12746",1,"PUMP",11,"adult"
"12747",1,"PUMP",12,"adult"
"12748",1,"PUMP",13,"adult"
"12749",1,"PUMP",14,"adult"
"12750",1,"PUMP",15,"adult"
"12751",1,"Q5LA",1,"juvenile"
"12752",1,"Q5LA",2,"adult"
"12753",1,"Q5LA",3,"adult"
"12754",1,"Q5LA",4,"adult"
"12755",1,"Q5LA",5,"adult"
"12756",1,"Q5LA",6,"adult"
"12757",1,"Q5LA",7,"adult"
"12758",1,"Q5LA",8,"adult"
"12759",1,"Q5LA",9,"adult"
"12760",1,"Q5LA",10,"adult"
"12761",1,"Q5LA",11,"adult"
"12762",1,"Q5LA",12,"adult"
"12763",1,"Q5LA",13,"adult"
"12764",1,"Q5LA",14,"adult"
"12765",1,"Q5LA",15,"adult"
"12766",1,"QECD",1,"unborn"
"12767",1,"QECD",2,"unborn"
"12768",1,"QECD",3,"unborn"
"12769",1,"QECD",4,"unborn"
"12770",1,"QECD",5,"unborn"
"12771",1,"QECD",6,"juvenile"
"12772",1,"QECD",7,"juvenile"
"12773",1,"QECD",8,"juvenile"
"12774",1,"QECD",9,"juvenile"
"12775",1,"QECD",10,"juvenile"
"12776",1,"QECD",11,"juvenile"
"12777",1,"QECD",12,"juvenile"
"12778",1,"QECD",13,"juvenile"
"12779",1,"QECD",14,"adult"
"12780",1,"QECD",15,"adult"
"12781",1,"QUIN",1,"juvenile"
"12782",1,"QUIN",2,"adult"
"12783",1,"QUIN",3,"adult"
"12784",1,"QUIN",4,"adult"
"12785",1,"QUIN",5,"adult"
"12786",1,"QUIN",6,"adult"
"12787",1,"QUIN",7,"adult"
"12788",1,"QUIN",8,"adult"
"12789",1,"QUIN",9,"adult"
"12790",1,"QUIN",10,"adult"
"12791",1,"QUIN",11,"adult"
"12792",1,"QUIN",12,"adult"
"12793",1,"QUIN",13,"adult"
"12794",1,"QUIN",14,"adult"
"12795",1,"QUIN",15,"adult"
"12796",1,"R27L",1,"juvenile"
"12797",1,"R27L",2,"adult"
"12798",1,"R27L",3,"adult"
"12799",1,"R27L",4,"adult"
"12800",1,"R27L",5,"adult"
"12801",1,"R27L",6,"adult"
"12802",1,"R27L",7,"adult"
"12803",1,"R27L",8,"adult"
"12804",1,"R27L",9,"adult"
"12805",1,"R27L",10,"adult"
"12806",1,"R27L",11,"adult"
"12807",1,"R27L",12,"adult"
"12808",1,"R27L",13,"adult"
"12809",1,"R27L",14,"adult"
"12810",1,"R27L",15,"adult"
"12811",1,"RCCR",1,"juvenile"
"12812",1,"RCCR",2,"adult"
"12813",1,"RCCR",3,"adult"
"12814",1,"RCCR",4,"adult"
"12815",1,"RCCR",5,"adult"
"12816",1,"RCCR",6,"adult"
"12817",1,"RCCR",7,"adult"
"12818",1,"RCCR",8,"adult"
"12819",1,"RCCR",9,"adult"
"12820",1,"RCCR",10,"adult"
"12821",1,"RCCR",11,"adult"
"12822",1,"RCCR",12,"adult"
"12823",1,"RCCR",13,"adult"
"12824",1,"RCCR",14,"adult"
"12825",1,"RCCR",15,"adult"
"12826",1,"RCN2",1,"juvenile"
"12827",1,"RCN2",2,"adult"
"12828",1,"RCN2",3,"adult"
"12829",1,"RCN2",4,"adult"
"12830",1,"RCN2",5,"adult"
"12831",1,"RCN2",6,"adult"
"12832",1,"RCN2",7,"adult"
"12833",1,"RCN2",8,"adult"
"12834",1,"RCN2",9,"adult"
"12835",1,"RCN2",10,"adult"
"12836",1,"RCN2",11,"adult"
"12837",1,"RCN2",12,"adult"
"12838",1,"RCN2",13,"adult"
"12839",1,"RCN2",14,"adult"
"12840",1,"RCN2",15,"adult"
"12841",1,"RCNM",1,"juvenile"
"12842",1,"RCNM",2,"adult"
"12843",1,"RCNM",3,"adult"
"12844",1,"RCNM",4,"adult"
"12845",1,"RCNM",5,"adult"
"12846",1,"RCNM",6,"adult"
"12847",1,"RCNM",7,"adult"
"12848",1,"RCNM",8,"adult"
"12849",1,"RCNM",9,"adult"
"12850",1,"RCNM",10,"adult"
"12851",1,"RCNM",11,"adult"
"12852",1,"RCNM",12,"adult"
"12853",1,"RCNM",13,"adult"
"12854",1,"RCNM",14,"adult"
"12855",1,"RCNM",15,"adult"
"12856",1,"RFIO",1,"juvenile"
"12857",1,"RFIO",2,"adult"
"12858",1,"RFIO",3,"adult"
"12859",1,"RFIO",4,"adult"
"12860",1,"RFIO",5,"adult"
"12861",1,"RFIO",6,"adult"
"12862",1,"RFIO",7,"adult"
"12863",1,"RFIO",8,"adult"
"12864",1,"RFIO",9,"adult"
"12865",1,"RFIO",10,"adult"
"12866",1,"RFIO",11,"adult"
"12867",1,"RFIO",12,"adult"
"12868",1,"RFIO",13,"adult"
"12869",1,"RFIO",14,"adult"
"12870",1,"RFIO",15,"adult"
"12871",1,"RFNT",1,"juvenile"
"12872",1,"RFNT",2,"adult"
"12873",1,"RFNT",3,"adult"
"12874",1,"RFNT",4,"adult"
"12875",1,"RFNT",5,"adult"
"12876",1,"RFNT",6,"adult"
"12877",1,"RFNT",7,"adult"
"12878",1,"RFNT",8,"adult"
"12879",1,"RFNT",9,"adult"
"12880",1,"RFNT",10,"adult"
"12881",1,"RFNT",11,"adult"
"12882",1,"RFNT",12,"adult"
"12883",1,"RFNT",13,"adult"
"12884",1,"RFNT",14,"adult"
"12885",1,"RFNT",15,"adult"
"12886",1,"RLTY",1,"juvenile"
"12887",1,"RLTY",2,"adult"
"12888",1,"RLTY",3,"adult"
"12889",1,"RLTY",4,"adult"
"12890",1,"RLTY",5,"adult"
"12891",1,"RLTY",6,"adult"
"12892",1,"RLTY",7,"adult"
"12893",1,"RLTY",8,"adult"
"12894",1,"RLTY",9,"adult"
"12895",1,"RLTY",10,"adult"
"12896",1,"RLTY",11,"adult"
"12897",1,"RLTY",12,"adult"
"12898",1,"RLTY",13,"adult"
"12899",1,"RLTY",14,"adult"
"12900",1,"RLTY",15,"adult"
"12901",1,"RMPL",1,"juvenile"
"12902",1,"RMPL",2,"adult"
"12903",1,"RMPL",3,"adult"
"12904",1,"RMPL",4,"adult"
"12905",1,"RMPL",5,"adult"
"12906",1,"RMPL",6,"adult"
"12907",1,"RMPL",7,"adult"
"12908",1,"RMPL",8,"adult"
"12909",1,"RMPL",9,"adult"
"12910",1,"RMPL",10,"adult"
"12911",1,"RMPL",11,"adult"
"12912",1,"RMPL",12,"adult"
"12913",1,"RMPL",13,"adult"
"12914",1,"RMPL",14,"adult"
"12915",1,"RMPL",15,"adult"
"12916",1,"RMUS",1,"juvenile"
"12917",1,"RMUS",2,"adult"
"12918",1,"RMUS",3,"adult"
"12919",1,"RMUS",4,"adult"
"12920",1,"RMUS",5,"adult"
"12921",1,"RMUS",6,"adult"
"12922",1,"RMUS",7,"adult"
"12923",1,"RMUS",8,"adult"
"12924",1,"RMUS",9,"adult"
"12925",1,"RMUS",10,"adult"
"12926",1,"RMUS",11,"adult"
"12927",1,"RMUS",12,"adult"
"12928",1,"RMUS",13,"adult"
"12929",1,"RMUS",14,"adult"
"12930",1,"RMUS",15,"adult"
"12931",1,"ROOS",1,"juvenile"
"12932",1,"ROOS",2,"adult"
"12933",1,"ROOS",3,"adult"
"12934",1,"ROOS",4,"adult"
"12935",1,"ROOS",5,"adult"
"12936",1,"ROOS",6,"adult"
"12937",1,"ROOS",7,"adult"
"12938",1,"ROOS",8,"adult"
"12939",1,"ROOS",9,"adult"
"12940",1,"ROOS",10,"adult"
"12941",1,"ROOS",11,"adult"
"12942",1,"ROOS",12,"adult"
"12943",1,"ROOS",13,"adult"
"12944",1,"ROOS",14,"adult"
"12945",1,"ROOS",15,"adult"
"12946",1,"ROSS",1,"juvenile"
"12947",1,"ROSS",2,"adult"
"12948",1,"ROSS",3,"adult"
"12949",1,"ROSS",4,"adult"
"12950",1,"ROSS",5,"adult"
"12951",1,"ROSS",6,"adult"
"12952",1,"ROSS",7,"adult"
"12953",1,"ROSS",8,"adult"
"12954",1,"ROSS",9,"adult"
"12955",1,"ROSS",10,"adult"
"12956",1,"ROSS",11,"adult"
"12957",1,"ROSS",12,"adult"
"12958",1,"ROSS",13,"adult"
"12959",1,"ROSS",14,"adult"
"12960",1,"ROSS",15,"adult"
"12961",1,"RPIA",1,"juvenile"
"12962",1,"RPIA",2,"adult"
"12963",1,"RPIA",3,"adult"
"12964",1,"RPIA",4,"adult"
"12965",1,"RPIA",5,"adult"
"12966",1,"RPIA",6,"adult"
"12967",1,"RPIA",7,"adult"
"12968",1,"RPIA",8,"adult"
"12969",1,"RPIA",9,"adult"
"12970",1,"RPIA",10,"adult"
"12971",1,"RPIA",11,"adult"
"12972",1,"RPIA",12,"adult"
"12973",1,"RPIA",13,"adult"
"12974",1,"RPIA",14,"adult"
"12975",1,"RPIA",15,"adult"
"12976",1,"RPPL",1,"juvenile"
"12977",1,"RPPL",2,"juvenile"
"12978",1,"RPPL",3,"juvenile"
"12979",1,"RPPL",4,"juvenile"
"12980",1,"RPPL",5,"adult"
"12981",1,"RPPL",6,"adult"
"12982",1,"RPPL",7,"adult"
"12983",1,"RPPL",8,"adult"
"12984",1,"RPPL",9,"adult"
"12985",1,"RPPL",10,"adult"
"12986",1,"RPPL",11,"adult"
"12987",1,"RPPL",12,"adult"
"12988",1,"RPPL",13,"adult"
"12989",1,"RPPL",14,"adult"
"12990",1,"RPPL",15,"adult"
"12991",1,"RSFG",1,"juvenile"
"12992",1,"RSFG",2,"adult"
"12993",1,"RSFG",3,"adult"
"12994",1,"RSFG",4,"adult"
"12995",1,"RSFG",5,"adult"
"12996",1,"RSFG",6,"adult"
"12997",1,"RSFG",7,"adult"
"12998",1,"RSFG",8,"adult"
"12999",1,"RSFG",9,"adult"
"13000",1,"RSFG",10,"adult"
"13001",1,"RSFG",11,"adult"
"13002",1,"RSFG",12,"adult"
"13003",1,"RSFG",13,"adult"
"13004",1,"RSFG",14,"adult"
"13005",1,"RSFG",15,"adult"
"13006",1,"RT90",1,"juvenile"
"13007",1,"RT90",2,"adult"
"13008",1,"RT90",3,"adult"
"13009",1,"RT90",4,"adult"
"13010",1,"RT90",5,"adult"
"13011",1,"RT90",6,"adult"
"13012",1,"RT90",7,"adult"
"13013",1,"RT90",8,"adult"
"13014",1,"RT90",9,"adult"
"13015",1,"RT90",10,"adult"
"13016",1,"RT90",11,"adult"
"13017",1,"RT90",12,"adult"
"13018",1,"RT90",13,"adult"
"13019",1,"RT90",14,"adult"
"13020",1,"RT90",15,"adult"
"13021",1,"RT92",1,"juvenile"
"13022",1,"RT92",2,"adult"
"13023",1,"RT92",3,"adult"
"13024",1,"RT92",4,"adult"
"13025",1,"RT92",5,"adult"
"13026",1,"RT92",6,"adult"
"13027",1,"RT92",7,"adult"
"13028",1,"RT92",8,"adult"
"13029",1,"RT92",9,"adult"
"13030",1,"RT92",10,"adult"
"13031",1,"RT92",11,"adult"
"13032",1,"RT92",12,"adult"
"13033",1,"RT92",13,"adult"
"13034",1,"RT92",14,"adult"
"13035",1,"RT92",15,"adult"
"13036",1,"RTM2",1,"unborn"
"13037",1,"RTM2",2,"unborn"
"13038",1,"RTM2",3,"unborn"
"13039",1,"RTM2",4,"calf"
"13040",1,"RTM2",5,"calf"
"13041",1,"RTM2",6,"juvenile"
"13042",1,"RTM2",7,"juvenile"
"13043",1,"RTM2",8,"juvenile"
"13044",1,"RTM2",9,"juvenile"
"13045",1,"RTM2",10,"juvenile"
"13046",1,"RTM2",11,"juvenile"
"13047",1,"RTM2",12,"adult"
"13048",1,"RTM2",13,"adult"
"13049",1,"RTM2",14,"adult"
"13050",1,"RTM2",15,"adult"
"13051",1,"RTM3",1,"unborn"
"13052",1,"RTM3",2,"unborn"
"13053",1,"RTM3",3,"unborn"
"13054",1,"RTM3",4,"unborn"
"13055",1,"RTM3",5,"unborn"
"13056",1,"RTM3",6,"calf"
"13057",1,"RTM3",7,"calf"
"13058",1,"RTM3",8,"calf"
"13059",1,"RTM3",9,"calf"
"13060",1,"RTM3",10,"calf"
"13061",1,"RTM3",11,"calf"
"13062",1,"RTM3",12,"calf"
"13063",1,"RTM3",13,"calf"
"13064",1,"RTM3",14,"juvenile"
"13065",1,"RTM3",15,"juvenile"
"13066",1,"RTM4",1,"unborn"
"13067",1,"RTM4",2,"unborn"
"13068",1,"RTM4",3,"unborn"
"13069",1,"RTM4",4,"unborn"
"13070",1,"RTM4",5,"unborn"
"13071",1,"RTM4",6,"unborn"
"13072",1,"RTM4",7,"unborn"
"13073",1,"RTM4",8,"unborn"
"13074",1,"RTM4",9,"unborn"
"13075",1,"RTM4",10,"unborn"
"13076",1,"RTM4",11,"unborn"
"13077",1,"RTM4",12,"unborn"
"13078",1,"RTM4",13,"unborn"
"13079",1,"RTM4",14,"calf"
"13080",1,"RTM4",15,"calf"
"13081",1,"RTM5",1,"unborn"
"13082",1,"RTM5",2,"unborn"
"13083",1,"RTM5",3,"unborn"
"13084",1,"RTM5",4,"unborn"
"13085",1,"RTM5",5,"unborn"
"13086",1,"RTM5",6,"unborn"
"13087",1,"RTM5",7,"unborn"
"13088",1,"RTM5",8,"unborn"
"13089",1,"RTM5",9,"unborn"
"13090",1,"RTM5",10,"unborn"
"13091",1,"RTM5",11,"unborn"
"13092",1,"RTM5",12,"unborn"
"13093",1,"RTM5",13,"unborn"
"13094",1,"RTM5",14,"unborn"
"13095",1,"RTM5",15,"calf"
"13096",1,"RTMW",1,"juvenile"
"13097",1,"RTMW",2,"adult"
"13098",1,"RTMW",3,"adult"
"13099",1,"RTMW",4,"adult"
"13100",1,"RTMW",5,"adult"
"13101",1,"RTMW",6,"adult"
"13102",1,"RTMW",7,"adult"
"13103",1,"RTMW",8,"adult"
"13104",1,"RTMW",9,"adult"
"13105",1,"RTMW",10,"adult"
"13106",1,"RTMW",11,"adult"
"13107",1,"RTMW",12,"adult"
"13108",1,"RTMW",13,"adult"
"13109",1,"RTMW",14,"adult"
"13110",1,"RTMW",15,"adult"
"13111",1,"RUBB",1,"juvenile"
"13112",1,"RUBB",2,"adult"
"13113",1,"RUBB",3,"adult"
"13114",1,"RUBB",4,"adult"
"13115",1,"RUBB",5,"adult"
"13116",1,"RUBB",6,"adult"
"13117",1,"RUBB",7,"adult"
"13118",1,"RUBB",8,"adult"
"13119",1,"RUBB",9,"adult"
"13120",1,"RUBB",10,"adult"
"13121",1,"RUBB",11,"adult"
"13122",1,"RUBB",12,"adult"
"13123",1,"RUBB",13,"adult"
"13124",1,"RUBB",14,"adult"
"13125",1,"RUBB",15,"adult"
"13126",1,"RUF2",1,"juvenile"
"13127",1,"RUF2",2,"adult"
"13128",1,"RUF2",3,"adult"
"13129",1,"RUF2",4,"adult"
"13130",1,"RUF2",5,"adult"
"13131",1,"RUF2",6,"adult"
"13132",1,"RUF2",7,"adult"
"13133",1,"RUF2",8,"adult"
"13134",1,"RUF2",9,"adult"
"13135",1,"RUF2",10,"adult"
"13136",1,"RUF2",11,"adult"
"13137",1,"RUF2",12,"adult"
"13138",1,"RUF2",13,"adult"
"13139",1,"RUF2",14,"adult"
"13140",1,"RUF2",15,"adult"
"13141",1,"RUFF",1,"juvenile"
"13142",1,"RUFF",2,"adult"
"13143",1,"RUFF",3,"adult"
"13144",1,"RUFF",4,"adult"
"13145",1,"RUFF",5,"adult"
"13146",1,"RUFF",6,"adult"
"13147",1,"RUFF",7,"adult"
"13148",1,"RUFF",8,"adult"
"13149",1,"RUFF",9,"adult"
"13150",1,"RUFF",10,"adult"
"13151",1,"RUFF",11,"adult"
"13152",1,"RUFF",12,"adult"
"13153",1,"RUFF",13,"adult"
"13154",1,"RUFF",14,"adult"
"13155",1,"RUFF",15,"adult"
"13156",1,"RY34",1,"juvenile"
"13157",1,"RY34",2,"adult"
"13158",1,"RY34",3,"adult"
"13159",1,"RY34",4,"adult"
"13160",1,"RY34",5,"adult"
"13161",1,"RY34",6,"adult"
"13162",1,"RY34",7,"adult"
"13163",1,"RY34",8,"adult"
"13164",1,"RY34",9,"adult"
"13165",1,"RY34",10,"adult"
"13166",1,"RY34",11,"adult"
"13167",1,"RY34",12,"adult"
"13168",1,"RY34",13,"adult"
"13169",1,"RY34",14,"adult"
"13170",1,"RY34",15,"adult"
"13171",1,"RZLR",1,"juvenile"
"13172",1,"RZLR",2,"adult"
"13173",1,"RZLR",3,"adult"
"13174",1,"RZLR",4,"adult"
"13175",1,"RZLR",5,"adult"
"13176",1,"RZLR",6,"adult"
"13177",1,"RZLR",7,"adult"
"13178",1,"RZLR",8,"adult"
"13179",1,"RZLR",9,"adult"
"13180",1,"RZLR",10,"adult"
"13181",1,"RZLR",11,"adult"
"13182",1,"RZLR",12,"adult"
"13183",1,"RZLR",13,"adult"
"13184",1,"RZLR",14,"adult"
"13185",1,"RZLR",15,"adult"
"13186",1,"SBDO",1,"juvenile"
"13187",1,"SBDO",2,"adult"
"13188",1,"SBDO",3,"adult"
"13189",1,"SBDO",4,"adult"
"13190",1,"SBDO",5,"adult"
"13191",1,"SBDO",6,"adult"
"13192",1,"SBDO",7,"adult"
"13193",1,"SBDO",8,"adult"
"13194",1,"SBDO",9,"adult"
"13195",1,"SBDO",10,"adult"
"13196",1,"SBDO",11,"adult"
"13197",1,"SBDO",12,"adult"
"13198",1,"SBDO",13,"adult"
"13199",1,"SBDO",14,"adult"
"13200",1,"SBDO",15,"adult"
"13201",1,"SBOK",1,"juvenile"
"13202",1,"SBOK",2,"adult"
"13203",1,"SBOK",3,"adult"
"13204",1,"SBOK",4,"adult"
"13205",1,"SBOK",5,"adult"
"13206",1,"SBOK",6,"adult"
"13207",1,"SBOK",7,"adult"
"13208",1,"SBOK",8,"adult"
"13209",1,"SBOK",9,"adult"
"13210",1,"SBOK",10,"adult"
"13211",1,"SBOK",11,"adult"
"13212",1,"SBOK",12,"adult"
"13213",1,"SBOK",13,"adult"
"13214",1,"SBOK",14,"adult"
"13215",1,"SBOK",15,"adult"
"13216",1,"SBPE",1,"juvenile"
"13217",1,"SBPE",2,"adult"
"13218",1,"SBPE",3,"adult"
"13219",1,"SBPE",4,"adult"
"13220",1,"SBPE",5,"adult"
"13221",1,"SBPE",6,"adult"
"13222",1,"SBPE",7,"adult"
"13223",1,"SBPE",8,"adult"
"13224",1,"SBPE",9,"adult"
"13225",1,"SBPE",10,"adult"
"13226",1,"SBPE",11,"adult"
"13227",1,"SBPE",12,"adult"
"13228",1,"SBPE",13,"adult"
"13229",1,"SBPE",14,"adult"
"13230",1,"SBPE",15,"adult"
"13231",1,"SBPN",1,"juvenile"
"13232",1,"SBPN",2,"adult"
"13233",1,"SBPN",3,"adult"
"13234",1,"SBPN",4,"adult"
"13235",1,"SBPN",5,"adult"
"13236",1,"SBPN",6,"adult"
"13237",1,"SBPN",7,"adult"
"13238",1,"SBPN",8,"adult"
"13239",1,"SBPN",9,"adult"
"13240",1,"SBPN",10,"adult"
"13241",1,"SBPN",11,"adult"
"13242",1,"SBPN",12,"adult"
"13243",1,"SBPN",13,"adult"
"13244",1,"SBPN",14,"adult"
"13245",1,"SBPN",15,"adult"
"13246",1,"SBUK",1,"juvenile"
"13247",1,"SBUK",2,"adult"
"13248",1,"SBUK",3,"adult"
"13249",1,"SBUK",4,"adult"
"13250",1,"SBUK",5,"adult"
"13251",1,"SBUK",6,"adult"
"13252",1,"SBUK",7,"adult"
"13253",1,"SBUK",8,"adult"
"13254",1,"SBUK",9,"adult"
"13255",1,"SBUK",10,"adult"
"13256",1,"SBUK",11,"adult"
"13257",1,"SBUK",12,"adult"
"13258",1,"SBUK",13,"adult"
"13259",1,"SBUK",14,"adult"
"13260",1,"SBUK",15,"adult"
"13261",1,"SCBT",1,"juvenile"
"13262",1,"SCBT",2,"adult"
"13263",1,"SCBT",3,"adult"
"13264",1,"SCBT",4,"adult"
"13265",1,"SCBT",5,"adult"
"13266",1,"SCBT",6,"adult"
"13267",1,"SCBT",7,"adult"
"13268",1,"SCBT",8,"adult"
"13269",1,"SCBT",9,"adult"
"13270",1,"SCBT",10,"adult"
"13271",1,"SCBT",11,"adult"
"13272",1,"SCBT",12,"adult"
"13273",1,"SCBT",13,"adult"
"13274",1,"SCBT",14,"adult"
"13275",1,"SCBT",15,"adult"
"13276",1,"SCNE",1,"juvenile"
"13277",1,"SCNE",2,"adult"
"13278",1,"SCNE",3,"adult"
"13279",1,"SCNE",4,"adult"
"13280",1,"SCNE",5,"adult"
"13281",1,"SCNE",6,"adult"
"13282",1,"SCNE",7,"adult"
"13283",1,"SCNE",8,"adult"
"13284",1,"SCNE",9,"adult"
"13285",1,"SCNE",10,"adult"
"13286",1,"SCNE",11,"adult"
"13287",1,"SCNE",12,"adult"
"13288",1,"SCNE",13,"adult"
"13289",1,"SCNE",14,"adult"
"13290",1,"SCNE",15,"adult"
"13291",1,"SCOR",1,"juvenile"
"13292",1,"SCOR",2,"adult"
"13293",1,"SCOR",3,"adult"
"13294",1,"SCOR",4,"adult"
"13295",1,"SCOR",5,"adult"
"13296",1,"SCOR",6,"adult"
"13297",1,"SCOR",7,"adult"
"13298",1,"SCOR",8,"adult"
"13299",1,"SCOR",9,"adult"
"13300",1,"SCOR",10,"adult"
"13301",1,"SCOR",11,"adult"
"13302",1,"SCOR",12,"adult"
"13303",1,"SCOR",13,"adult"
"13304",1,"SCOR",14,"adult"
"13305",1,"SCOR",15,"adult"
"13306",1,"SCS1",1,"unborn"
"13307",1,"SCS1",2,"unborn"
"13308",1,"SCS1",3,"unborn"
"13309",1,"SCS1",4,"unborn"
"13310",1,"SCS1",5,"unborn"
"13311",1,"SCS1",6,"unborn"
"13312",1,"SCS1",7,"calf"
"13313",1,"SCS1",8,"calf"
"13314",1,"SCS1",9,"calf"
"13315",1,"SCS1",10,"calf"
"13316",1,"SCS1",11,"calf"
"13317",1,"SCS1",12,"calf"
"13318",1,"SCS1",13,"calf"
"13319",1,"SCS1",14,"juvenile"
"13320",1,"SCS1",15,"juvenile"
"13321",1,"SCS2",1,"unborn"
"13322",1,"SCS2",2,"unborn"
"13323",1,"SCS2",3,"unborn"
"13324",1,"SCS2",4,"unborn"
"13325",1,"SCS2",5,"unborn"
"13326",1,"SCS2",6,"unborn"
"13327",1,"SCS2",7,"unborn"
"13328",1,"SCS2",8,"unborn"
"13329",1,"SCS2",9,"unborn"
"13330",1,"SCS2",10,"unborn"
"13331",1,"SCS2",11,"unborn"
"13332",1,"SCS2",12,"unborn"
"13333",1,"SCS2",13,"calf"
"13334",1,"SCS2",14,"juvenile"
"13335",1,"SCS2",15,"juvenile"
"13336",1,"SCSM",1,"juvenile"
"13337",1,"SCSM",2,"adult"
"13338",1,"SCSM",3,"adult"
"13339",1,"SCSM",4,"adult"
"13340",1,"SCSM",5,"adult"
"13341",1,"SCSM",6,"adult"
"13342",1,"SCSM",7,"adult"
"13343",1,"SCSM",8,"adult"
"13344",1,"SCSM",9,"adult"
"13345",1,"SCSM",10,"adult"
"13346",1,"SCSM",11,"adult"
"13347",1,"SCSM",12,"adult"
"13348",1,"SCSM",13,"adult"
"13349",1,"SCSM",14,"adult"
"13350",1,"SCSM",15,"adult"
"13351",1,"SCTN",1,"juvenile"
"13352",1,"SCTN",2,"adult"
"13353",1,"SCTN",3,"adult"
"13354",1,"SCTN",4,"adult"
"13355",1,"SCTN",5,"adult"
"13356",1,"SCTN",6,"adult"
"13357",1,"SCTN",7,"adult"
"13358",1,"SCTN",8,"adult"
"13359",1,"SCTN",9,"adult"
"13360",1,"SCTN",10,"adult"
"13361",1,"SCTN",11,"adult"
"13362",1,"SCTN",12,"adult"
"13363",1,"SCTN",13,"adult"
"13364",1,"SCTN",14,"adult"
"13365",1,"SCTN",15,"adult"
"13366",1,"SCUP",1,"juvenile"
"13367",1,"SCUP",2,"adult"
"13368",1,"SCUP",3,"adult"
"13369",1,"SCUP",4,"adult"
"13370",1,"SCUP",5,"adult"
"13371",1,"SCUP",6,"adult"
"13372",1,"SCUP",7,"adult"
"13373",1,"SCUP",8,"adult"
"13374",1,"SCUP",9,"adult"
"13375",1,"SCUP",10,"adult"
"13376",1,"SCUP",11,"adult"
"13377",1,"SCUP",12,"adult"
"13378",1,"SCUP",13,"adult"
"13379",1,"SCUP",14,"adult"
"13380",1,"SCUP",15,"adult"
"13381",1,"SDSW",1,"juvenile"
"13382",1,"SDSW",2,"adult"
"13383",1,"SDSW",3,"adult"
"13384",1,"SDSW",4,"adult"
"13385",1,"SDSW",5,"adult"
"13386",1,"SDSW",6,"adult"
"13387",1,"SDSW",7,"adult"
"13388",1,"SDSW",8,"adult"
"13389",1,"SDSW",9,"adult"
"13390",1,"SDSW",10,"adult"
"13391",1,"SDSW",11,"adult"
"13392",1,"SDSW",12,"adult"
"13393",1,"SDSW",13,"adult"
"13394",1,"SDSW",14,"adult"
"13395",1,"SDSW",15,"adult"
"13396",1,"SEE1",1,"juvenile"
"13397",1,"SEE1",2,"adult"
"13398",1,"SEE1",3,"adult"
"13399",1,"SEE1",4,"adult"
"13400",1,"SEE1",5,"adult"
"13401",1,"SEE1",6,"adult"
"13402",1,"SEE1",7,"adult"
"13403",1,"SEE1",8,"adult"
"13404",1,"SEE1",9,"adult"
"13405",1,"SEE1",10,"adult"
"13406",1,"SEE1",11,"adult"
"13407",1,"SEE1",12,"adult"
"13408",1,"SEE1",13,"adult"
"13409",1,"SEE1",14,"adult"
"13410",1,"SEE1",15,"adult"
"13411",1,"SEWL",1,"juvenile"
"13412",1,"SEWL",2,"adult"
"13413",1,"SEWL",3,"adult"
"13414",1,"SEWL",4,"adult"
"13415",1,"SEWL",5,"adult"
"13416",1,"SEWL",6,"adult"
"13417",1,"SEWL",7,"adult"
"13418",1,"SEWL",8,"adult"
"13419",1,"SEWL",9,"adult"
"13420",1,"SEWL",10,"adult"
"13421",1,"SEWL",11,"adult"
"13422",1,"SEWL",12,"adult"
"13423",1,"SEWL",13,"adult"
"13424",1,"SEWL",14,"adult"
"13425",1,"SEWL",15,"adult"
"13426",1,"SGDM",1,"juvenile"
"13427",1,"SGDM",2,"adult"
"13428",1,"SGDM",3,"adult"
"13429",1,"SGDM",4,"adult"
"13430",1,"SGDM",5,"adult"
"13431",1,"SGDM",6,"adult"
"13432",1,"SGDM",7,"adult"
"13433",1,"SGDM",8,"adult"
"13434",1,"SGDM",9,"adult"
"13435",1,"SGDM",10,"adult"
"13436",1,"SGDM",11,"adult"
"13437",1,"SGDM",12,"adult"
"13438",1,"SGDM",13,"adult"
"13439",1,"SGDM",14,"adult"
"13440",1,"SGDM",15,"adult"
"13441",1,"SGL1",1,"juvenile"
"13442",1,"SGL1",2,"adult"
"13443",1,"SGL1",3,"adult"
"13444",1,"SGL1",4,"adult"
"13445",1,"SGL1",5,"adult"
"13446",1,"SGL1",6,"adult"
"13447",1,"SGL1",7,"adult"
"13448",1,"SGL1",8,"adult"
"13449",1,"SGL1",9,"adult"
"13450",1,"SGL1",10,"adult"
"13451",1,"SGL1",11,"adult"
"13452",1,"SGL1",12,"adult"
"13453",1,"SGL1",13,"adult"
"13454",1,"SGL1",14,"adult"
"13455",1,"SGL1",15,"adult"
"13456",1,"SGLA",1,"juvenile"
"13457",1,"SGLA",2,"adult"
"13458",1,"SGLA",3,"adult"
"13459",1,"SGLA",4,"adult"
"13460",1,"SGLA",5,"adult"
"13461",1,"SGLA",6,"adult"
"13462",1,"SGLA",7,"adult"
"13463",1,"SGLA",8,"adult"
"13464",1,"SGLA",9,"adult"
"13465",1,"SGLA",10,"adult"
"13466",1,"SGLA",11,"adult"
"13467",1,"SGLA",12,"adult"
"13468",1,"SGLA",13,"adult"
"13469",1,"SGLA",14,"adult"
"13470",1,"SGLA",15,"adult"
"13471",1,"SGPP",1,"juvenile"
"13472",1,"SGPP",2,"adult"
"13473",1,"SGPP",3,"adult"
"13474",1,"SGPP",4,"adult"
"13475",1,"SGPP",5,"adult"
"13476",1,"SGPP",6,"adult"
"13477",1,"SGPP",7,"adult"
"13478",1,"SGPP",8,"adult"
"13479",1,"SGPP",9,"adult"
"13480",1,"SGPP",10,"adult"
"13481",1,"SGPP",11,"adult"
"13482",1,"SGPP",12,"adult"
"13483",1,"SGPP",13,"adult"
"13484",1,"SGPP",14,"adult"
"13485",1,"SGPP",15,"adult"
"13486",1,"SHBT",1,"unborn"
"13487",1,"SHBT",2,"unborn"
"13488",1,"SHBT",3,"unborn"
"13489",1,"SHBT",4,"unborn"
"13490",1,"SHBT",5,"unborn"
"13491",1,"SHBT",6,"calf"
"13492",1,"SHBT",7,"calf"
"13493",1,"SHBT",8,"calf"
"13494",1,"SHBT",9,"calf"
"13495",1,"SHBT",10,"calf"
"13496",1,"SHBT",11,"calf"
"13497",1,"SHBT",12,"calf"
"13498",1,"SHBT",13,"calf"
"13499",1,"SHBT",14,"juvenile"
"13500",1,"SHBT",15,"juvenile"
"13501",1,"SHNU",1,"juvenile"
"13502",1,"SHNU",2,"adult"
"13503",1,"SHNU",3,"adult"
"13504",1,"SHNU",4,"adult"
"13505",1,"SHNU",5,"adult"
"13506",1,"SHNU",6,"adult"
"13507",1,"SHNU",7,"adult"
"13508",1,"SHNU",8,"adult"
"13509",1,"SHNU",9,"adult"
"13510",1,"SHNU",10,"adult"
"13511",1,"SHNU",11,"adult"
"13512",1,"SHNU",12,"adult"
"13513",1,"SHNU",13,"adult"
"13514",1,"SHNU",14,"adult"
"13515",1,"SHNU",15,"adult"
"13516",1,"SHOT",1,"juvenile"
"13517",1,"SHOT",2,"adult"
"13518",1,"SHOT",3,"adult"
"13519",1,"SHOT",4,"adult"
"13520",1,"SHOT",5,"adult"
"13521",1,"SHOT",6,"adult"
"13522",1,"SHOT",7,"adult"
"13523",1,"SHOT",8,"adult"
"13524",1,"SHOT",9,"adult"
"13525",1,"SHOT",10,"adult"
"13526",1,"SHOT",11,"adult"
"13527",1,"SHOT",12,"adult"
"13528",1,"SHOT",13,"adult"
"13529",1,"SHOT",14,"adult"
"13530",1,"SHOT",15,"adult"
"13531",1,"SHTC",1,"juvenile"
"13532",1,"SHTC",2,"adult"
"13533",1,"SHTC",3,"adult"
"13534",1,"SHTC",4,"adult"
"13535",1,"SHTC",5,"adult"
"13536",1,"SHTC",6,"adult"
"13537",1,"SHTC",7,"adult"
"13538",1,"SHTC",8,"adult"
"13539",1,"SHTC",9,"adult"
"13540",1,"SHTC",10,"adult"
"13541",1,"SHTC",11,"adult"
"13542",1,"SHTC",12,"adult"
"13543",1,"SHTC",13,"adult"
"13544",1,"SHTC",14,"adult"
"13545",1,"SHTC",15,"adult"
"13546",1,"SIM1",1,"unborn"
"13547",1,"SIM1",2,"unborn"
"13548",1,"SIM1",3,"unborn"
"13549",1,"SIM1",4,"unborn"
"13550",1,"SIM1",5,"unborn"
"13551",1,"SIM1",6,"unborn"
"13552",1,"SIM1",7,"unborn"
"13553",1,"SIM1",8,"unborn"
"13554",1,"SIM1",9,"unborn"
"13555",1,"SIM1",10,"unborn"
"13556",1,"SIM1",11,"unborn"
"13557",1,"SIM1",12,"unborn"
"13558",1,"SIM1",13,"calf"
"13559",1,"SIM1",14,"juvenile"
"13560",1,"SIM1",15,"juvenile"
"13561",1,"SIM2",1,"juvenile"
"13562",1,"SIM2",2,"adult"
"13563",1,"SIM2",3,"adult"
"13564",1,"SIM2",4,"adult"
"13565",1,"SIM2",5,"adult"
"13566",1,"SIM2",6,"adult"
"13567",1,"SIM2",7,"adult"
"13568",1,"SIM2",8,"adult"
"13569",1,"SIM2",9,"adult"
"13570",1,"SIM2",10,"adult"
"13571",1,"SIM2",11,"adult"
"13572",1,"SIM2",12,"adult"
"13573",1,"SIM2",13,"adult"
"13574",1,"SIM2",14,"adult"
"13575",1,"SIM2",15,"adult"
"13576",1,"SIMP",1,"juvenile"
"13577",1,"SIMP",2,"adult"
"13578",1,"SIMP",3,"adult"
"13579",1,"SIMP",4,"adult"
"13580",1,"SIMP",5,"adult"
"13581",1,"SIMP",6,"adult"
"13582",1,"SIMP",7,"adult"
"13583",1,"SIMP",8,"adult"
"13584",1,"SIMP",9,"adult"
"13585",1,"SIMP",10,"adult"
"13586",1,"SIMP",11,"adult"
"13587",1,"SIMP",12,"adult"
"13588",1,"SIMP",13,"adult"
"13589",1,"SIMP",14,"adult"
"13590",1,"SIMP",15,"adult"
"13591",1,"SKYE",1,"juvenile"
"13592",1,"SKYE",2,"adult"
"13593",1,"SKYE",3,"adult"
"13594",1,"SKYE",4,"adult"
"13595",1,"SKYE",5,"adult"
"13596",1,"SKYE",6,"adult"
"13597",1,"SKYE",7,"adult"
"13598",1,"SKYE",8,"adult"
"13599",1,"SKYE",9,"adult"
"13600",1,"SKYE",10,"adult"
"13601",1,"SKYE",11,"adult"
"13602",1,"SKYE",12,"adult"
"13603",1,"SKYE",13,"adult"
"13604",1,"SKYE",14,"adult"
"13605",1,"SKYE",15,"adult"
"13606",1,"SLIT",1,"juvenile"
"13607",1,"SLIT",2,"adult"
"13608",1,"SLIT",3,"adult"
"13609",1,"SLIT",4,"adult"
"13610",1,"SLIT",5,"adult"
"13611",1,"SLIT",6,"adult"
"13612",1,"SLIT",7,"adult"
"13613",1,"SLIT",8,"adult"
"13614",1,"SLIT",9,"adult"
"13615",1,"SLIT",10,"adult"
"13616",1,"SLIT",11,"adult"
"13617",1,"SLIT",12,"adult"
"13618",1,"SLIT",13,"adult"
"13619",1,"SLIT",14,"adult"
"13620",1,"SLIT",15,"adult"
"13621",1,"SLJ1",1,"juvenile"
"13622",1,"SLJ1",2,"adult"
"13623",1,"SLJ1",3,"adult"
"13624",1,"SLJ1",4,"adult"
"13625",1,"SLJ1",5,"adult"
"13626",1,"SLJ1",6,"adult"
"13627",1,"SLJ1",7,"adult"
"13628",1,"SLJ1",8,"adult"
"13629",1,"SLJ1",9,"adult"
"13630",1,"SLJ1",10,"adult"
"13631",1,"SLJ1",11,"adult"
"13632",1,"SLJ1",12,"adult"
"13633",1,"SLJ1",13,"adult"
"13634",1,"SLJ1",14,"adult"
"13635",1,"SLJ1",15,"adult"
"13636",1,"SLJY",1,"juvenile"
"13637",1,"SLJY",2,"adult"
"13638",1,"SLJY",3,"adult"
"13639",1,"SLJY",4,"adult"
"13640",1,"SLJY",5,"adult"
"13641",1,"SLJY",6,"adult"
"13642",1,"SLJY",7,"adult"
"13643",1,"SLJY",8,"adult"
"13644",1,"SLJY",9,"adult"
"13645",1,"SLJY",10,"adult"
"13646",1,"SLJY",11,"adult"
"13647",1,"SLJY",12,"adult"
"13648",1,"SLJY",13,"adult"
"13649",1,"SLJY",14,"adult"
"13650",1,"SLJY",15,"adult"
"13651",1,"SLLA",1,"juvenile"
"13652",1,"SLLA",2,"adult"
"13653",1,"SLLA",3,"adult"
"13654",1,"SLLA",4,"adult"
"13655",1,"SLLA",5,"adult"
"13656",1,"SLLA",6,"adult"
"13657",1,"SLLA",7,"adult"
"13658",1,"SLLA",8,"adult"
"13659",1,"SLLA",9,"adult"
"13660",1,"SLLA",10,"adult"
"13661",1,"SLLA",11,"adult"
"13662",1,"SLLA",12,"adult"
"13663",1,"SLLA",13,"adult"
"13664",1,"SLLA",14,"adult"
"13665",1,"SLLA",15,"adult"
"13666",1,"SLMS",1,"juvenile"
"13667",1,"SLMS",2,"adult"
"13668",1,"SLMS",3,"adult"
"13669",1,"SLMS",4,"adult"
"13670",1,"SLMS",5,"adult"
"13671",1,"SLMS",6,"adult"
"13672",1,"SLMS",7,"adult"
"13673",1,"SLMS",8,"adult"
"13674",1,"SLMS",9,"adult"
"13675",1,"SLMS",10,"adult"
"13676",1,"SLMS",11,"adult"
"13677",1,"SLMS",12,"adult"
"13678",1,"SLMS",13,"adult"
"13679",1,"SLMS",14,"adult"
"13680",1,"SLMS",15,"adult"
"13681",1,"SMUS",1,"juvenile"
"13682",1,"SMUS",2,"adult"
"13683",1,"SMUS",3,"adult"
"13684",1,"SMUS",4,"adult"
"13685",1,"SMUS",5,"adult"
"13686",1,"SMUS",6,"adult"
"13687",1,"SMUS",7,"adult"
"13688",1,"SMUS",8,"adult"
"13689",1,"SMUS",9,"adult"
"13690",1,"SMUS",10,"adult"
"13691",1,"SMUS",11,"adult"
"13692",1,"SMUS",12,"adult"
"13693",1,"SMUS",13,"adult"
"13694",1,"SMUS",14,"adult"
"13695",1,"SMUS",15,"adult"
"13696",1,"SNOT",1,"juvenile"
"13697",1,"SNOT",2,"adult"
"13698",1,"SNOT",3,"adult"
"13699",1,"SNOT",4,"adult"
"13700",1,"SNOT",5,"adult"
"13701",1,"SNOT",6,"adult"
"13702",1,"SNOT",7,"adult"
"13703",1,"SNOT",8,"adult"
"13704",1,"SNOT",9,"adult"
"13705",1,"SNOT",10,"adult"
"13706",1,"SNOT",11,"adult"
"13707",1,"SNOT",12,"adult"
"13708",1,"SNOT",13,"adult"
"13709",1,"SNOT",14,"adult"
"13710",1,"SNOT",15,"adult"
"13711",1,"SOFA",1,"juvenile"
"13712",1,"SOFA",2,"adult"
"13713",1,"SOFA",3,"adult"
"13714",1,"SOFA",4,"adult"
"13715",1,"SOFA",5,"adult"
"13716",1,"SOFA",6,"adult"
"13717",1,"SOFA",7,"adult"
"13718",1,"SOFA",8,"adult"
"13719",1,"SOFA",9,"adult"
"13720",1,"SOFA",10,"adult"
"13721",1,"SOFA",11,"adult"
"13722",1,"SOFA",12,"adult"
"13723",1,"SOFA",13,"adult"
"13724",1,"SOFA",14,"adult"
"13725",1,"SOFA",15,"adult"
"13726",1,"SOGG",1,"juvenile"
"13727",1,"SOGG",2,"adult"
"13728",1,"SOGG",3,"adult"
"13729",1,"SOGG",4,"adult"
"13730",1,"SOGG",5,"adult"
"13731",1,"SOGG",6,"adult"
"13732",1,"SOGG",7,"adult"
"13733",1,"SOGG",8,"adult"
"13734",1,"SOGG",9,"adult"
"13735",1,"SOGG",10,"adult"
"13736",1,"SOGG",11,"adult"
"13737",1,"SOGG",12,"adult"
"13738",1,"SOGG",13,"adult"
"13739",1,"SOGG",14,"adult"
"13740",1,"SOGG",15,"adult"
"13741",1,"SOLB",1,"juvenile"
"13742",1,"SOLB",2,"adult"
"13743",1,"SOLB",3,"adult"
"13744",1,"SOLB",4,"adult"
"13745",1,"SOLB",5,"adult"
"13746",1,"SOLB",6,"adult"
"13747",1,"SOLB",7,"adult"
"13748",1,"SOLB",8,"adult"
"13749",1,"SOLB",9,"adult"
"13750",1,"SOLB",10,"adult"
"13751",1,"SOLB",11,"adult"
"13752",1,"SOLB",12,"adult"
"13753",1,"SOLB",13,"adult"
"13754",1,"SOLB",14,"adult"
"13755",1,"SOLB",15,"adult"
"13756",1,"SOLS",1,"juvenile"
"13757",1,"SOLS",2,"adult"
"13758",1,"SOLS",3,"adult"
"13759",1,"SOLS",4,"adult"
"13760",1,"SOLS",5,"adult"
"13761",1,"SOLS",6,"adult"
"13762",1,"SOLS",7,"adult"
"13763",1,"SOLS",8,"adult"
"13764",1,"SOLS",9,"adult"
"13765",1,"SOLS",10,"adult"
"13766",1,"SOLS",11,"adult"
"13767",1,"SOLS",12,"adult"
"13768",1,"SOLS",13,"adult"
"13769",1,"SOLS",14,"adult"
"13770",1,"SOLS",15,"adult"
"13771",1,"SOPO",1,"juvenile"
"13772",1,"SOPO",2,"adult"
"13773",1,"SOPO",3,"adult"
"13774",1,"SOPO",4,"adult"
"13775",1,"SOPO",5,"adult"
"13776",1,"SOPO",6,"adult"
"13777",1,"SOPO",7,"adult"
"13778",1,"SOPO",8,"adult"
"13779",1,"SOPO",9,"adult"
"13780",1,"SOPO",10,"adult"
"13781",1,"SOPO",11,"adult"
"13782",1,"SOPO",12,"adult"
"13783",1,"SOPO",13,"adult"
"13784",1,"SOPO",14,"adult"
"13785",1,"SOPO",15,"adult"
"13786",1,"SPAC",1,"juvenile"
"13787",1,"SPAC",2,"adult"
"13788",1,"SPAC",3,"adult"
"13789",1,"SPAC",4,"adult"
"13790",1,"SPAC",5,"adult"
"13791",1,"SPAC",6,"adult"
"13792",1,"SPAC",7,"adult"
"13793",1,"SPAC",8,"adult"
"13794",1,"SPAC",9,"adult"
"13795",1,"SPAC",10,"adult"
"13796",1,"SPAC",11,"adult"
"13797",1,"SPAC",12,"adult"
"13798",1,"SPAC",13,"adult"
"13799",1,"SPAC",14,"adult"
"13800",1,"SPAC",15,"adult"
"13801",1,"SPEC",1,"juvenile"
"13802",1,"SPEC",2,"adult"
"13803",1,"SPEC",3,"adult"
"13804",1,"SPEC",4,"adult"
"13805",1,"SPEC",5,"adult"
"13806",1,"SPEC",6,"adult"
"13807",1,"SPEC",7,"adult"
"13808",1,"SPEC",8,"adult"
"13809",1,"SPEC",9,"adult"
"13810",1,"SPEC",10,"adult"
"13811",1,"SPEC",11,"adult"
"13812",1,"SPEC",12,"adult"
"13813",1,"SPEC",13,"adult"
"13814",1,"SPEC",14,"adult"
"13815",1,"SPEC",15,"adult"
"13816",1,"SPIK",1,"juvenile"
"13817",1,"SPIK",2,"adult"
"13818",1,"SPIK",3,"adult"
"13819",1,"SPIK",4,"adult"
"13820",1,"SPIK",5,"adult"
"13821",1,"SPIK",6,"adult"
"13822",1,"SPIK",7,"adult"
"13823",1,"SPIK",8,"adult"
"13824",1,"SPIK",9,"adult"
"13825",1,"SPIK",10,"adult"
"13826",1,"SPIK",11,"adult"
"13827",1,"SPIK",12,"adult"
"13828",1,"SPIK",13,"adult"
"13829",1,"SPIK",14,"adult"
"13830",1,"SPIK",15,"adult"
"13831",1,"SPLA",1,"juvenile"
"13832",1,"SPLA",2,"adult"
"13833",1,"SPLA",3,"adult"
"13834",1,"SPLA",4,"adult"
"13835",1,"SPLA",5,"adult"
"13836",1,"SPLA",6,"adult"
"13837",1,"SPLA",7,"adult"
"13838",1,"SPLA",8,"adult"
"13839",1,"SPLA",9,"adult"
"13840",1,"SPLA",10,"adult"
"13841",1,"SPLA",11,"adult"
"13842",1,"SPLA",12,"adult"
"13843",1,"SPLA",13,"adult"
"13844",1,"SPLA",14,"adult"
"13845",1,"SPLA",15,"adult"
"13846",1,"SPTL",1,"juvenile"
"13847",1,"SPTL",2,"adult"
"13848",1,"SPTL",3,"adult"
"13849",1,"SPTL",4,"adult"
"13850",1,"SPTL",5,"adult"
"13851",1,"SPTL",6,"adult"
"13852",1,"SPTL",7,"adult"
"13853",1,"SPTL",8,"adult"
"13854",1,"SPTL",9,"adult"
"13855",1,"SPTL",10,"adult"
"13856",1,"SPTL",11,"adult"
"13857",1,"SPTL",12,"adult"
"13858",1,"SPTL",13,"adult"
"13859",1,"SPTL",14,"adult"
"13860",1,"SPTL",15,"adult"
"13861",1,"SQBT",1,"juvenile"
"13862",1,"SQBT",2,"adult"
"13863",1,"SQBT",3,"adult"
"13864",1,"SQBT",4,"adult"
"13865",1,"SQBT",5,"adult"
"13866",1,"SQBT",6,"adult"
"13867",1,"SQBT",7,"adult"
"13868",1,"SQBT",8,"adult"
"13869",1,"SQBT",9,"adult"
"13870",1,"SQBT",10,"adult"
"13871",1,"SQBT",11,"adult"
"13872",1,"SQBT",12,"adult"
"13873",1,"SQBT",13,"adult"
"13874",1,"SQBT",14,"adult"
"13875",1,"SQBT",15,"adult"
"13876",1,"SRDO",1,"juvenile"
"13877",1,"SRDO",2,"adult"
"13878",1,"SRDO",3,"adult"
"13879",1,"SRDO",4,"adult"
"13880",1,"SRDO",5,"adult"
"13881",1,"SRDO",6,"adult"
"13882",1,"SRDO",7,"adult"
"13883",1,"SRDO",8,"adult"
"13884",1,"SRDO",9,"adult"
"13885",1,"SRDO",10,"adult"
"13886",1,"SRDO",11,"adult"
"13887",1,"SRDO",12,"adult"
"13888",1,"SRDO",13,"adult"
"13889",1,"SRDO",14,"adult"
"13890",1,"SRDO",15,"adult"
"13891",1,"SRFR",1,"juvenile"
"13892",1,"SRFR",2,"adult"
"13893",1,"SRFR",3,"adult"
"13894",1,"SRFR",4,"adult"
"13895",1,"SRFR",5,"adult"
"13896",1,"SRFR",6,"adult"
"13897",1,"SRFR",7,"adult"
"13898",1,"SRFR",8,"adult"
"13899",1,"SRFR",9,"adult"
"13900",1,"SRFR",10,"adult"
"13901",1,"SRFR",11,"adult"
"13902",1,"SRFR",12,"adult"
"13903",1,"SRFR",13,"adult"
"13904",1,"SRFR",14,"adult"
"13905",1,"SRFR",15,"adult"
"13906",1,"SSHK",1,"juvenile"
"13907",1,"SSHK",2,"adult"
"13908",1,"SSHK",3,"adult"
"13909",1,"SSHK",4,"adult"
"13910",1,"SSHK",5,"adult"
"13911",1,"SSHK",6,"adult"
"13912",1,"SSHK",7,"adult"
"13913",1,"SSHK",8,"adult"
"13914",1,"SSHK",9,"adult"
"13915",1,"SSHK",10,"adult"
"13916",1,"SSHK",11,"adult"
"13917",1,"SSHK",12,"adult"
"13918",1,"SSHK",13,"adult"
"13919",1,"SSHK",14,"adult"
"13920",1,"SSHK",15,"adult"
"13921",1,"STE1",1,"unborn"
"13922",1,"STE1",2,"unborn"
"13923",1,"STE1",3,"unborn"
"13924",1,"STE1",4,"unborn"
"13925",1,"STE1",5,"unborn"
"13926",1,"STE1",6,"unborn"
"13927",1,"STE1",7,"unborn"
"13928",1,"STE1",8,"unborn"
"13929",1,"STE1",9,"unborn"
"13930",1,"STE1",10,"unborn"
"13931",1,"STE1",11,"unborn"
"13932",1,"STE1",12,"unborn"
"13933",1,"STE1",13,"calf"
"13934",1,"STE1",14,"juvenile"
"13935",1,"STE1",15,"juvenile"
"13936",1,"STE2",1,"juvenile"
"13937",1,"STE2",2,"adult"
"13938",1,"STE2",3,"adult"
"13939",1,"STE2",4,"adult"
"13940",1,"STE2",5,"adult"
"13941",1,"STE2",6,"adult"
"13942",1,"STE2",7,"adult"
"13943",1,"STE2",8,"adult"
"13944",1,"STE2",9,"adult"
"13945",1,"STE2",10,"adult"
"13946",1,"STE2",11,"adult"
"13947",1,"STE2",12,"adult"
"13948",1,"STE2",13,"adult"
"13949",1,"STE2",14,"adult"
"13950",1,"STE2",15,"adult"
"13951",1,"STEW",1,"juvenile"
"13952",1,"STEW",2,"adult"
"13953",1,"STEW",3,"adult"
"13954",1,"STEW",4,"adult"
"13955",1,"STEW",5,"adult"
"13956",1,"STEW",6,"adult"
"13957",1,"STEW",7,"adult"
"13958",1,"STEW",8,"adult"
"13959",1,"STEW",9,"adult"
"13960",1,"STEW",10,"adult"
"13961",1,"STEW",11,"adult"
"13962",1,"STEW",12,"adult"
"13963",1,"STEW",13,"adult"
"13964",1,"STEW",14,"adult"
"13965",1,"STEW",15,"adult"
"13966",1,"STKY",1,"juvenile"
"13967",1,"STKY",2,"adult"
"13968",1,"STKY",3,"adult"
"13969",1,"STKY",4,"adult"
"13970",1,"STKY",5,"adult"
"13971",1,"STKY",6,"adult"
"13972",1,"STKY",7,"adult"
"13973",1,"STKY",8,"adult"
"13974",1,"STKY",9,"adult"
"13975",1,"STKY",10,"adult"
"13976",1,"STKY",11,"adult"
"13977",1,"STKY",12,"adult"
"13978",1,"STKY",13,"adult"
"13979",1,"STKY",14,"adult"
"13980",1,"STKY",15,"adult"
"13981",1,"STLB",1,"juvenile"
"13982",1,"STLB",2,"adult"
"13983",1,"STLB",3,"adult"
"13984",1,"STLB",4,"adult"
"13985",1,"STLB",5,"adult"
"13986",1,"STLB",6,"adult"
"13987",1,"STLB",7,"adult"
"13988",1,"STLB",8,"adult"
"13989",1,"STLB",9,"adult"
"13990",1,"STLB",10,"adult"
"13991",1,"STLB",11,"adult"
"13992",1,"STLB",12,"adult"
"13993",1,"STLB",13,"adult"
"13994",1,"STLB",14,"adult"
"13995",1,"STLB",15,"adult"
"13996",1,"STMN",1,"juvenile"
"13997",1,"STMN",2,"adult"
"13998",1,"STMN",3,"adult"
"13999",1,"STMN",4,"adult"
"14000",1,"STMN",5,"adult"
"14001",1,"STMN",6,"adult"
"14002",1,"STMN",7,"adult"
"14003",1,"STMN",8,"adult"
"14004",1,"STMN",9,"adult"
"14005",1,"STMN",10,"adult"
"14006",1,"STMN",11,"adult"
"14007",1,"STMN",12,"adult"
"14008",1,"STMN",13,"adult"
"14009",1,"STMN",14,"adult"
"14010",1,"STMN",15,"adult"
"14011",1,"STWR",1,"juvenile"
"14012",1,"STWR",2,"adult"
"14013",1,"STWR",3,"adult"
"14014",1,"STWR",4,"adult"
"14015",1,"STWR",5,"adult"
"14016",1,"STWR",6,"adult"
"14017",1,"STWR",7,"adult"
"14018",1,"STWR",8,"adult"
"14019",1,"STWR",9,"adult"
"14020",1,"STWR",10,"adult"
"14021",1,"STWR",11,"adult"
"14022",1,"STWR",12,"adult"
"14023",1,"STWR",13,"adult"
"14024",1,"STWR",14,"adult"
"14025",1,"STWR",15,"adult"
"14026",1,"SUFL",1,"juvenile"
"14027",1,"SUFL",2,"adult"
"14028",1,"SUFL",3,"adult"
"14029",1,"SUFL",4,"adult"
"14030",1,"SUFL",5,"adult"
"14031",1,"SUFL",6,"adult"
"14032",1,"SUFL",7,"adult"
"14033",1,"SUFL",8,"adult"
"14034",1,"SUFL",9,"adult"
"14035",1,"SUFL",10,"adult"
"14036",1,"SUFL",11,"adult"
"14037",1,"SUFL",12,"adult"
"14038",1,"SUFL",13,"adult"
"14039",1,"SUFL",14,"adult"
"14040",1,"SUFL",15,"adult"
"14041",1,"SUMO",1,"juvenile"
"14042",1,"SUMO",2,"adult"
"14043",1,"SUMO",3,"adult"
"14044",1,"SUMO",4,"adult"
"14045",1,"SUMO",5,"adult"
"14046",1,"SUMO",6,"adult"
"14047",1,"SUMO",7,"adult"
"14048",1,"SUMO",8,"adult"
"14049",1,"SUMO",9,"adult"
"14050",1,"SUMO",10,"adult"
"14051",1,"SUMO",11,"adult"
"14052",1,"SUMO",12,"adult"
"14053",1,"SUMO",13,"adult"
"14054",1,"SUMO",14,"adult"
"14055",1,"SUMO",15,"adult"
"14056",1,"SURR",1,"juvenile"
"14057",1,"SURR",2,"adult"
"14058",1,"SURR",3,"adult"
"14059",1,"SURR",4,"adult"
"14060",1,"SURR",5,"adult"
"14061",1,"SURR",6,"adult"
"14062",1,"SURR",7,"adult"
"14063",1,"SURR",8,"adult"
"14064",1,"SURR",9,"adult"
"14065",1,"SURR",10,"adult"
"14066",1,"SURR",11,"adult"
"14067",1,"SURR",12,"adult"
"14068",1,"SURR",13,"adult"
"14069",1,"SURR",14,"adult"
"14070",1,"SURR",15,"adult"
"14071",1,"TABB",1,"juvenile"
"14072",1,"TABB",2,"adult"
"14073",1,"TABB",3,"adult"
"14074",1,"TABB",4,"adult"
"14075",1,"TABB",5,"adult"
"14076",1,"TABB",6,"adult"
"14077",1,"TABB",7,"adult"
"14078",1,"TABB",8,"adult"
"14079",1,"TABB",9,"adult"
"14080",1,"TABB",10,"adult"
"14081",1,"TABB",11,"adult"
"14082",1,"TABB",12,"adult"
"14083",1,"TABB",13,"adult"
"14084",1,"TABB",14,"adult"
"14085",1,"TABB",15,"adult"
"14086",1,"TAC2",1,"juvenile"
"14087",1,"TAC2",2,"adult"
"14088",1,"TAC2",3,"adult"
"14089",1,"TAC2",4,"adult"
"14090",1,"TAC2",5,"adult"
"14091",1,"TAC2",6,"adult"
"14092",1,"TAC2",7,"adult"
"14093",1,"TAC2",8,"adult"
"14094",1,"TAC2",9,"adult"
"14095",1,"TAC2",10,"adult"
"14096",1,"TAC2",11,"adult"
"14097",1,"TAC2",12,"adult"
"14098",1,"TAC2",13,"adult"
"14099",1,"TAC2",14,"adult"
"14100",1,"TAC2",15,"adult"
"14101",1,"TAL2",1,"juvenile"
"14102",1,"TAL2",2,"adult"
"14103",1,"TAL2",3,"adult"
"14104",1,"TAL2",4,"adult"
"14105",1,"TAL2",5,"adult"
"14106",1,"TAL2",6,"adult"
"14107",1,"TAL2",7,"adult"
"14108",1,"TAL2",8,"adult"
"14109",1,"TAL2",9,"adult"
"14110",1,"TAL2",10,"adult"
"14111",1,"TAL2",11,"adult"
"14112",1,"TAL2",12,"adult"
"14113",1,"TAL2",13,"adult"
"14114",1,"TAL2",14,"adult"
"14115",1,"TAL2",15,"adult"
"14116",1,"TAL3",1,"juvenile"
"14117",1,"TAL3",2,"adult"
"14118",1,"TAL3",3,"adult"
"14119",1,"TAL3",4,"adult"
"14120",1,"TAL3",5,"adult"
"14121",1,"TAL3",6,"adult"
"14122",1,"TAL3",7,"adult"
"14123",1,"TAL3",8,"adult"
"14124",1,"TAL3",9,"adult"
"14125",1,"TAL3",10,"adult"
"14126",1,"TAL3",11,"adult"
"14127",1,"TAL3",12,"adult"
"14128",1,"TAL3",13,"adult"
"14129",1,"TAL3",14,"adult"
"14130",1,"TAL3",15,"adult"
"14131",1,"TBEL",1,"juvenile"
"14132",1,"TBEL",2,"adult"
"14133",1,"TBEL",3,"adult"
"14134",1,"TBEL",4,"adult"
"14135",1,"TBEL",5,"adult"
"14136",1,"TBEL",6,"adult"
"14137",1,"TBEL",7,"adult"
"14138",1,"TBEL",8,"adult"
"14139",1,"TBEL",9,"adult"
"14140",1,"TBEL",10,"adult"
"14141",1,"TBEL",11,"adult"
"14142",1,"TBEL",12,"adult"
"14143",1,"TBEL",13,"adult"
"14144",1,"TBEL",14,"adult"
"14145",1,"TBEL",15,"adult"
"14146",1,"TBTN",1,"juvenile"
"14147",1,"TBTN",2,"adult"
"14148",1,"TBTN",3,"adult"
"14149",1,"TBTN",4,"adult"
"14150",1,"TBTN",5,"adult"
"14151",1,"TBTN",6,"adult"
"14152",1,"TBTN",7,"adult"
"14153",1,"TBTN",8,"adult"
"14154",1,"TBTN",9,"adult"
"14155",1,"TBTN",10,"adult"
"14156",1,"TBTN",11,"adult"
"14157",1,"TBTN",12,"adult"
"14158",1,"TBTN",13,"adult"
"14159",1,"TBTN",14,"adult"
"14160",1,"TBTN",15,"adult"
"14161",1,"TCT1",1,"unborn"
"14162",1,"TCT1",2,"unborn"
"14163",1,"TCT1",3,"unborn"
"14164",1,"TCT1",4,"unborn"
"14165",1,"TCT1",5,"unborn"
"14166",1,"TCT1",6,"unborn"
"14167",1,"TCT1",7,"unborn"
"14168",1,"TCT1",8,"unborn"
"14169",1,"TCT1",9,"unborn"
"14170",1,"TCT1",10,"unborn"
"14171",1,"TCT1",11,"unborn"
"14172",1,"TCT1",12,"unborn"
"14173",1,"TCT1",13,"unborn"
"14174",1,"TCT1",14,"calf"
"14175",1,"TCT1",15,"juvenile"
"14176",1,"TCTV",1,"juvenile"
"14177",1,"TCTV",2,"adult"
"14178",1,"TCTV",3,"adult"
"14179",1,"TCTV",4,"adult"
"14180",1,"TCTV",5,"adult"
"14181",1,"TCTV",6,"adult"
"14182",1,"TCTV",7,"adult"
"14183",1,"TCTV",8,"adult"
"14184",1,"TCTV",9,"adult"
"14185",1,"TCTV",10,"adult"
"14186",1,"TCTV",11,"adult"
"14187",1,"TCTV",12,"adult"
"14188",1,"TCTV",13,"adult"
"14189",1,"TCTV",14,"adult"
"14190",1,"TCTV",15,"adult"
"14191",1,"TDT2",1,"juvenile"
"14192",1,"TDT2",2,"adult"
"14193",1,"TDT2",3,"adult"
"14194",1,"TDT2",4,"adult"
"14195",1,"TDT2",5,"adult"
"14196",1,"TDT2",6,"adult"
"14197",1,"TDT2",7,"adult"
"14198",1,"TDT2",8,"adult"
"14199",1,"TDT2",9,"adult"
"14200",1,"TDT2",10,"adult"
"14201",1,"TDT2",11,"adult"
"14202",1,"TDT2",12,"adult"
"14203",1,"TDT2",13,"adult"
"14204",1,"TDT2",14,"adult"
"14205",1,"TDT2",15,"adult"
"14206",1,"TDTC",1,"unborn"
"14207",1,"TDTC",2,"unborn"
"14208",1,"TDTC",3,"unborn"
"14209",1,"TDTC",4,"unborn"
"14210",1,"TDTC",5,"unborn"
"14211",1,"TDTC",6,"unborn"
"14212",1,"TDTC",7,"unborn"
"14213",1,"TDTC",8,"unborn"
"14214",1,"TDTC",9,"unborn"
"14215",1,"TDTC",10,"unborn"
"14216",1,"TDTC",11,"unborn"
"14217",1,"TDTC",12,"calf"
"14218",1,"TDTC",13,"calf"
"14219",1,"TDTC",14,"juvenile"
"14220",1,"TDTC",15,"juvenile"
"14221",1,"TDTL",1,"juvenile"
"14222",1,"TDTL",2,"adult"
"14223",1,"TDTL",3,"adult"
"14224",1,"TDTL",4,"adult"
"14225",1,"TDTL",5,"adult"
"14226",1,"TDTL",6,"adult"
"14227",1,"TDTL",7,"adult"
"14228",1,"TDTL",8,"adult"
"14229",1,"TDTL",9,"adult"
"14230",1,"TDTL",10,"adult"
"14231",1,"TDTL",11,"adult"
"14232",1,"TDTL",12,"adult"
"14233",1,"TDTL",13,"adult"
"14234",1,"TDTL",14,"adult"
"14235",1,"TDTL",15,"adult"
"14236",1,"TEEN",1,"juvenile"
"14237",1,"TEEN",2,"adult"
"14238",1,"TEEN",3,"adult"
"14239",1,"TEEN",4,"adult"
"14240",1,"TEEN",5,"adult"
"14241",1,"TEEN",6,"adult"
"14242",1,"TEEN",7,"adult"
"14243",1,"TEEN",8,"adult"
"14244",1,"TEEN",9,"adult"
"14245",1,"TEEN",10,"adult"
"14246",1,"TEEN",11,"adult"
"14247",1,"TEEN",12,"adult"
"14248",1,"TEEN",13,"adult"
"14249",1,"TEEN",14,"adult"
"14250",1,"TEEN",15,"adult"
"14251",1,"TEKK",1,"juvenile"
"14252",1,"TEKK",2,"adult"
"14253",1,"TEKK",3,"adult"
"14254",1,"TEKK",4,"adult"
"14255",1,"TEKK",5,"adult"
"14256",1,"TEKK",6,"adult"
"14257",1,"TEKK",7,"adult"
"14258",1,"TEKK",8,"adult"
"14259",1,"TEKK",9,"adult"
"14260",1,"TEKK",10,"adult"
"14261",1,"TEKK",11,"adult"
"14262",1,"TEKK",12,"adult"
"14263",1,"TEKK",13,"adult"
"14264",1,"TEKK",14,"adult"
"14265",1,"TEKK",15,"adult"
"14266",1,"TELE",1,"juvenile"
"14267",1,"TELE",2,"adult"
"14268",1,"TELE",3,"adult"
"14269",1,"TELE",4,"adult"
"14270",1,"TELE",5,"adult"
"14271",1,"TELE",6,"adult"
"14272",1,"TELE",7,"adult"
"14273",1,"TELE",8,"adult"
"14274",1,"TELE",9,"adult"
"14275",1,"TELE",10,"adult"
"14276",1,"TELE",11,"adult"
"14277",1,"TELE",12,"adult"
"14278",1,"TELE",13,"adult"
"14279",1,"TELE",14,"adult"
"14280",1,"TELE",15,"adult"
"14281",1,"TFMS",1,"juvenile"
"14282",1,"TFMS",2,"adult"
"14283",1,"TFMS",3,"adult"
"14284",1,"TFMS",4,"adult"
"14285",1,"TFMS",5,"adult"
"14286",1,"TFMS",6,"adult"
"14287",1,"TFMS",7,"adult"
"14288",1,"TFMS",8,"adult"
"14289",1,"TFMS",9,"adult"
"14290",1,"TFMS",10,"adult"
"14291",1,"TFMS",11,"adult"
"14292",1,"TFMS",12,"adult"
"14293",1,"TFMS",13,"adult"
"14294",1,"TFMS",14,"adult"
"14295",1,"TFMS",15,"adult"
"14296",1,"THAL",1,"juvenile"
"14297",1,"THAL",2,"adult"
"14298",1,"THAL",3,"adult"
"14299",1,"THAL",4,"adult"
"14300",1,"THAL",5,"adult"
"14301",1,"THAL",6,"adult"
"14302",1,"THAL",7,"adult"
"14303",1,"THAL",8,"adult"
"14304",1,"THAL",9,"adult"
"14305",1,"THAL",10,"adult"
"14306",1,"THAL",11,"adult"
"14307",1,"THAL",12,"adult"
"14308",1,"THAL",13,"adult"
"14309",1,"THAL",14,"adult"
"14310",1,"THAL",15,"adult"
"14311",1,"THMN",1,"juvenile"
"14312",1,"THMN",2,"adult"
"14313",1,"THMN",3,"adult"
"14314",1,"THMN",4,"adult"
"14315",1,"THMN",5,"adult"
"14316",1,"THMN",6,"adult"
"14317",1,"THMN",7,"adult"
"14318",1,"THMN",8,"adult"
"14319",1,"THMN",9,"adult"
"14320",1,"THMN",10,"adult"
"14321",1,"THMN",11,"adult"
"14322",1,"THMN",12,"adult"
"14323",1,"THMN",13,"adult"
"14324",1,"THMN",14,"adult"
"14325",1,"THMN",15,"adult"
"14326",1,"THNM",1,"juvenile"
"14327",1,"THNM",2,"adult"
"14328",1,"THNM",3,"adult"
"14329",1,"THNM",4,"adult"
"14330",1,"THNM",5,"adult"
"14331",1,"THNM",6,"adult"
"14332",1,"THNM",7,"adult"
"14333",1,"THNM",8,"adult"
"14334",1,"THNM",9,"adult"
"14335",1,"THNM",10,"adult"
"14336",1,"THNM",11,"adult"
"14337",1,"THNM",12,"adult"
"14338",1,"THNM",13,"adult"
"14339",1,"THNM",14,"adult"
"14340",1,"THNM",15,"adult"
"14341",1,"THOC",1,"juvenile"
"14342",1,"THOC",2,"adult"
"14343",1,"THOC",3,"adult"
"14344",1,"THOC",4,"adult"
"14345",1,"THOC",5,"adult"
"14346",1,"THOC",6,"adult"
"14347",1,"THOC",7,"adult"
"14348",1,"THOC",8,"adult"
"14349",1,"THOC",9,"adult"
"14350",1,"THOC",10,"adult"
"14351",1,"THOC",11,"adult"
"14352",1,"THOC",12,"adult"
"14353",1,"THOC",13,"adult"
"14354",1,"THOC",14,"adult"
"14355",1,"THOC",15,"adult"
"14356",1,"THOR",1,"juvenile"
"14357",1,"THOR",2,"adult"
"14358",1,"THOR",3,"adult"
"14359",1,"THOR",4,"adult"
"14360",1,"THOR",5,"adult"
"14361",1,"THOR",6,"adult"
"14362",1,"THOR",7,"adult"
"14363",1,"THOR",8,"adult"
"14364",1,"THOR",9,"adult"
"14365",1,"THOR",10,"adult"
"14366",1,"THOR",11,"adult"
"14367",1,"THOR",12,"adult"
"14368",1,"THOR",13,"adult"
"14369",1,"THOR",14,"adult"
"14370",1,"THOR",15,"adult"
"14371",1,"THRS",1,"juvenile"
"14372",1,"THRS",2,"adult"
"14373",1,"THRS",3,"adult"
"14374",1,"THRS",4,"adult"
"14375",1,"THRS",5,"adult"
"14376",1,"THRS",6,"adult"
"14377",1,"THRS",7,"adult"
"14378",1,"THRS",8,"adult"
"14379",1,"THRS",9,"adult"
"14380",1,"THRS",10,"adult"
"14381",1,"THRS",11,"adult"
"14382",1,"THRS",12,"adult"
"14383",1,"THRS",13,"adult"
"14384",1,"THRS",14,"adult"
"14385",1,"THRS",15,"adult"
"14386",1,"THTH",1,"juvenile"
"14387",1,"THTH",2,"adult"
"14388",1,"THTH",3,"adult"
"14389",1,"THTH",4,"adult"
"14390",1,"THTH",5,"adult"
"14391",1,"THTH",6,"adult"
"14392",1,"THTH",7,"adult"
"14393",1,"THTH",8,"adult"
"14394",1,"THTH",9,"adult"
"14395",1,"THTH",10,"adult"
"14396",1,"THTH",11,"adult"
"14397",1,"THTH",12,"adult"
"14398",1,"THTH",13,"adult"
"14399",1,"THTH",14,"adult"
"14400",1,"THTH",15,"adult"
"14401",1,"THUB",1,"juvenile"
"14402",1,"THUB",2,"adult"
"14403",1,"THUB",3,"adult"
"14404",1,"THUB",4,"adult"
"14405",1,"THUB",5,"adult"
"14406",1,"THUB",6,"adult"
"14407",1,"THUB",7,"adult"
"14408",1,"THUB",8,"adult"
"14409",1,"THUB",9,"adult"
"14410",1,"THUB",10,"adult"
"14411",1,"THUB",11,"adult"
"14412",1,"THUB",12,"adult"
"14413",1,"THUB",13,"adult"
"14414",1,"THUB",14,"adult"
"14415",1,"THUB",15,"adult"
"14416",1,"TIGR",1,"juvenile"
"14417",1,"TIGR",2,"adult"
"14418",1,"TIGR",3,"adult"
"14419",1,"TIGR",4,"adult"
"14420",1,"TIGR",5,"adult"
"14421",1,"TIGR",6,"adult"
"14422",1,"TIGR",7,"adult"
"14423",1,"TIGR",8,"adult"
"14424",1,"TIGR",9,"adult"
"14425",1,"TIGR",10,"adult"
"14426",1,"TIGR",11,"adult"
"14427",1,"TIGR",12,"adult"
"14428",1,"TIGR",13,"adult"
"14429",1,"TIGR",14,"adult"
"14430",1,"TIGR",15,"adult"
"14431",1,"TKID",1,"juvenile"
"14432",1,"TKID",2,"adult"
"14433",1,"TKID",3,"adult"
"14434",1,"TKID",4,"adult"
"14435",1,"TKID",5,"adult"
"14436",1,"TKID",6,"adult"
"14437",1,"TKID",7,"adult"
"14438",1,"TKID",8,"adult"
"14439",1,"TKID",9,"adult"
"14440",1,"TKID",10,"adult"
"14441",1,"TKID",11,"adult"
"14442",1,"TKID",12,"adult"
"14443",1,"TKID",13,"adult"
"14444",1,"TKID",14,"adult"
"14445",1,"TKID",15,"adult"
"14446",1,"TMHK",1,"juvenile"
"14447",1,"TMHK",2,"adult"
"14448",1,"TMHK",3,"adult"
"14449",1,"TMHK",4,"adult"
"14450",1,"TMHK",5,"adult"
"14451",1,"TMHK",6,"adult"
"14452",1,"TMHK",7,"adult"
"14453",1,"TMHK",8,"adult"
"14454",1,"TMHK",9,"adult"
"14455",1,"TMHK",10,"adult"
"14456",1,"TMHK",11,"adult"
"14457",1,"TMHK",12,"adult"
"14458",1,"TMHK",13,"adult"
"14459",1,"TMHK",14,"adult"
"14460",1,"TMHK",15,"adult"
"14461",1,"TML1",1,"juvenile"
"14462",1,"TML1",2,"adult"
"14463",1,"TML1",3,"adult"
"14464",1,"TML1",4,"adult"
"14465",1,"TML1",5,"adult"
"14466",1,"TML1",6,"adult"
"14467",1,"TML1",7,"adult"
"14468",1,"TML1",8,"adult"
"14469",1,"TML1",9,"adult"
"14470",1,"TML1",10,"adult"
"14471",1,"TML1",11,"adult"
"14472",1,"TML1",12,"adult"
"14473",1,"TML1",13,"adult"
"14474",1,"TML1",14,"adult"
"14475",1,"TML1",15,"adult"
"14476",1,"TMLT",1,"juvenile"
"14477",1,"TMLT",2,"adult"
"14478",1,"TMLT",3,"adult"
"14479",1,"TMLT",4,"adult"
"14480",1,"TMLT",5,"adult"
"14481",1,"TMLT",6,"adult"
"14482",1,"TMLT",7,"adult"
"14483",1,"TMLT",8,"adult"
"14484",1,"TMLT",9,"adult"
"14485",1,"TMLT",10,"adult"
"14486",1,"TMLT",11,"adult"
"14487",1,"TMLT",12,"adult"
"14488",1,"TMLT",13,"adult"
"14489",1,"TMLT",14,"adult"
"14490",1,"TMLT",15,"adult"
"14491",1,"TMSP",1,"juvenile"
"14492",1,"TMSP",2,"adult"
"14493",1,"TMSP",3,"adult"
"14494",1,"TMSP",4,"adult"
"14495",1,"TMSP",5,"adult"
"14496",1,"TMSP",6,"adult"
"14497",1,"TMSP",7,"adult"
"14498",1,"TMSP",8,"adult"
"14499",1,"TMSP",9,"adult"
"14500",1,"TMSP",10,"adult"
"14501",1,"TMSP",11,"adult"
"14502",1,"TMSP",12,"adult"
"14503",1,"TMSP",13,"adult"
"14504",1,"TMSP",14,"adult"
"14505",1,"TMSP",15,"adult"
"14506",1,"TNBP",1,"juvenile"
"14507",1,"TNBP",2,"adult"
"14508",1,"TNBP",3,"adult"
"14509",1,"TNBP",4,"adult"
"14510",1,"TNBP",5,"adult"
"14511",1,"TNBP",6,"adult"
"14512",1,"TNBP",7,"adult"
"14513",1,"TNBP",8,"adult"
"14514",1,"TNBP",9,"adult"
"14515",1,"TNBP",10,"adult"
"14516",1,"TNBP",11,"adult"
"14517",1,"TNBP",12,"adult"
"14518",1,"TNBP",13,"adult"
"14519",1,"TNBP",14,"adult"
"14520",1,"TNBP",15,"adult"
"14521",1,"TNFG",1,"juvenile"
"14522",1,"TNFG",2,"adult"
"14523",1,"TNFG",3,"adult"
"14524",1,"TNFG",4,"adult"
"14525",1,"TNFG",5,"adult"
"14526",1,"TNFG",6,"adult"
"14527",1,"TNFG",7,"adult"
"14528",1,"TNFG",8,"adult"
"14529",1,"TNFG",9,"adult"
"14530",1,"TNFG",10,"adult"
"14531",1,"TNFG",11,"adult"
"14532",1,"TNFG",12,"adult"
"14533",1,"TNFG",13,"adult"
"14534",1,"TNFG",14,"adult"
"14535",1,"TNFG",15,"adult"
"14536",1,"TNSC",1,"juvenile"
"14537",1,"TNSC",2,"adult"
"14538",1,"TNSC",3,"adult"
"14539",1,"TNSC",4,"adult"
"14540",1,"TNSC",5,"adult"
"14541",1,"TNSC",6,"adult"
"14542",1,"TNSC",7,"adult"
"14543",1,"TNSC",8,"adult"
"14544",1,"TNSC",9,"adult"
"14545",1,"TNSC",10,"adult"
"14546",1,"TNSC",11,"adult"
"14547",1,"TNSC",12,"adult"
"14548",1,"TNSC",13,"adult"
"14549",1,"TNSC",14,"adult"
"14550",1,"TNSC",15,"adult"
"14551",1,"TNSL",1,"juvenile"
"14552",1,"TNSL",2,"adult"
"14553",1,"TNSL",3,"adult"
"14554",1,"TNSL",4,"adult"
"14555",1,"TNSL",5,"adult"
"14556",1,"TNSL",6,"adult"
"14557",1,"TNSL",7,"adult"
"14558",1,"TNSL",8,"adult"
"14559",1,"TNSL",9,"adult"
"14560",1,"TNSL",10,"adult"
"14561",1,"TNSL",11,"adult"
"14562",1,"TNSL",12,"adult"
"14563",1,"TNSL",13,"adult"
"14564",1,"TNSL",14,"adult"
"14565",1,"TNSL",15,"adult"
"14566",1,"TONG",1,"juvenile"
"14567",1,"TONG",2,"adult"
"14568",1,"TONG",3,"adult"
"14569",1,"TONG",4,"adult"
"14570",1,"TONG",5,"adult"
"14571",1,"TONG",6,"adult"
"14572",1,"TONG",7,"adult"
"14573",1,"TONG",8,"adult"
"14574",1,"TONG",9,"adult"
"14575",1,"TONG",10,"adult"
"14576",1,"TONG",11,"adult"
"14577",1,"TONG",12,"adult"
"14578",1,"TONG",13,"adult"
"14579",1,"TONG",14,"adult"
"14580",1,"TONG",15,"adult"
"14581",1,"TOT2",1,"juvenile"
"14582",1,"TOT2",2,"adult"
"14583",1,"TOT2",3,"adult"
"14584",1,"TOT2",4,"adult"
"14585",1,"TOT2",5,"adult"
"14586",1,"TOT2",6,"adult"
"14587",1,"TOT2",7,"adult"
"14588",1,"TOT2",8,"adult"
"14589",1,"TOT2",9,"adult"
"14590",1,"TOT2",10,"adult"
"14591",1,"TOT2",11,"adult"
"14592",1,"TOT2",12,"adult"
"14593",1,"TOT2",13,"adult"
"14594",1,"TOT2",14,"adult"
"14595",1,"TOT2",15,"adult"
"14596",1,"TPOT",1,"juvenile"
"14597",1,"TPOT",2,"adult"
"14598",1,"TPOT",3,"adult"
"14599",1,"TPOT",4,"adult"
"14600",1,"TPOT",5,"adult"
"14601",1,"TPOT",6,"adult"
"14602",1,"TPOT",7,"adult"
"14603",1,"TPOT",8,"adult"
"14604",1,"TPOT",9,"adult"
"14605",1,"TPOT",10,"adult"
"14606",1,"TPOT",11,"adult"
"14607",1,"TPOT",12,"adult"
"14608",1,"TPOT",13,"adult"
"14609",1,"TPOT",14,"adult"
"14610",1,"TPOT",15,"adult"
"14611",1,"TREX",1,"juvenile"
"14612",1,"TREX",2,"adult"
"14613",1,"TREX",3,"adult"
"14614",1,"TREX",4,"adult"
"14615",1,"TREX",5,"adult"
"14616",1,"TREX",6,"adult"
"14617",1,"TREX",7,"adult"
"14618",1,"TREX",8,"adult"
"14619",1,"TREX",9,"adult"
"14620",1,"TREX",10,"adult"
"14621",1,"TREX",11,"adult"
"14622",1,"TREX",12,"adult"
"14623",1,"TREX",13,"adult"
"14624",1,"TREX",14,"adult"
"14625",1,"TREX",15,"adult"
"14626",1,"TRIF",1,"juvenile"
"14627",1,"TRIF",2,"adult"
"14628",1,"TRIF",3,"adult"
"14629",1,"TRIF",4,"adult"
"14630",1,"TRIF",5,"adult"
"14631",1,"TRIF",6,"adult"
"14632",1,"TRIF",7,"adult"
"14633",1,"TRIF",8,"adult"
"14634",1,"TRIF",9,"adult"
"14635",1,"TRIF",10,"adult"
"14636",1,"TRIF",11,"adult"
"14637",1,"TRIF",12,"adult"
"14638",1,"TRIF",13,"adult"
"14639",1,"TRIF",14,"adult"
"14640",1,"TRIF",15,"adult"
"14641",1,"TRIM",1,"juvenile"
"14642",1,"TRIM",2,"adult"
"14643",1,"TRIM",3,"adult"
"14644",1,"TRIM",4,"adult"
"14645",1,"TRIM",5,"adult"
"14646",1,"TRIM",6,"adult"
"14647",1,"TRIM",7,"adult"
"14648",1,"TRIM",8,"adult"
"14649",1,"TRIM",9,"adult"
"14650",1,"TRIM",10,"adult"
"14651",1,"TRIM",11,"adult"
"14652",1,"TRIM",12,"adult"
"14653",1,"TRIM",13,"adult"
"14654",1,"TRIM",14,"adult"
"14655",1,"TRIM",15,"adult"
"14656",1,"TRLI",1,"juvenile"
"14657",1,"TRLI",2,"adult"
"14658",1,"TRLI",3,"adult"
"14659",1,"TRLI",4,"adult"
"14660",1,"TRLI",5,"adult"
"14661",1,"TRLI",6,"adult"
"14662",1,"TRLI",7,"adult"
"14663",1,"TRLI",8,"adult"
"14664",1,"TRLI",9,"adult"
"14665",1,"TRLI",10,"adult"
"14666",1,"TRLI",11,"adult"
"14667",1,"TRLI",12,"adult"
"14668",1,"TRLI",13,"adult"
"14669",1,"TRLI",14,"adult"
"14670",1,"TRLI",15,"adult"
"14671",1,"TRM1",1,"juvenile"
"14672",1,"TRM1",2,"adult"
"14673",1,"TRM1",3,"adult"
"14674",1,"TRM1",4,"adult"
"14675",1,"TRM1",5,"adult"
"14676",1,"TRM1",6,"adult"
"14677",1,"TRM1",7,"adult"
"14678",1,"TRM1",8,"adult"
"14679",1,"TRM1",9,"adult"
"14680",1,"TRM1",10,"adult"
"14681",1,"TRM1",11,"adult"
"14682",1,"TRM1",12,"adult"
"14683",1,"TRM1",13,"adult"
"14684",1,"TRM1",14,"adult"
"14685",1,"TRM1",15,"adult"
"14686",1,"TRNO",1,"juvenile"
"14687",1,"TRNO",2,"adult"
"14688",1,"TRNO",3,"adult"
"14689",1,"TRNO",4,"adult"
"14690",1,"TRNO",5,"adult"
"14691",1,"TRNO",6,"adult"
"14692",1,"TRNO",7,"adult"
"14693",1,"TRNO",8,"adult"
"14694",1,"TRNO",9,"adult"
"14695",1,"TRNO",10,"adult"
"14696",1,"TRNO",11,"adult"
"14697",1,"TRNO",12,"adult"
"14698",1,"TRNO",13,"adult"
"14699",1,"TRNO",14,"adult"
"14700",1,"TRNO",15,"adult"
"14701",1,"TRTA",1,"juvenile"
"14702",1,"TRTA",2,"adult"
"14703",1,"TRTA",3,"adult"
"14704",1,"TRTA",4,"adult"
"14705",1,"TRTA",5,"adult"
"14706",1,"TRTA",6,"adult"
"14707",1,"TRTA",7,"adult"
"14708",1,"TRTA",8,"adult"
"14709",1,"TRTA",9,"adult"
"14710",1,"TRTA",10,"adult"
"14711",1,"TRTA",11,"adult"
"14712",1,"TRTA",12,"adult"
"14713",1,"TRTA",13,"adult"
"14714",1,"TRTA",14,"adult"
"14715",1,"TRTA",15,"adult"
"14716",1,"TSMV",1,"juvenile"
"14717",1,"TSMV",2,"adult"
"14718",1,"TSMV",3,"adult"
"14719",1,"TSMV",4,"adult"
"14720",1,"TSMV",5,"adult"
"14721",1,"TSMV",6,"adult"
"14722",1,"TSMV",7,"adult"
"14723",1,"TSMV",8,"adult"
"14724",1,"TSMV",9,"adult"
"14725",1,"TSMV",10,"adult"
"14726",1,"TSMV",11,"adult"
"14727",1,"TSMV",12,"adult"
"14728",1,"TSMV",13,"adult"
"14729",1,"TSMV",14,"adult"
"14730",1,"TSMV",15,"adult"
"14731",1,"TTA2",1,"juvenile"
"14732",1,"TTA2",2,"adult"
"14733",1,"TTA2",3,"adult"
"14734",1,"TTA2",4,"adult"
"14735",1,"TTA2",5,"adult"
"14736",1,"TTA2",6,"adult"
"14737",1,"TTA2",7,"adult"
"14738",1,"TTA2",8,"adult"
"14739",1,"TTA2",9,"adult"
"14740",1,"TTA2",10,"adult"
"14741",1,"TTA2",11,"adult"
"14742",1,"TTA2",12,"adult"
"14743",1,"TTA2",13,"adult"
"14744",1,"TTA2",14,"adult"
"14745",1,"TTA2",15,"adult"
"14746",1,"TTM3",1,"juvenile"
"14747",1,"TTM3",2,"adult"
"14748",1,"TTM3",3,"adult"
"14749",1,"TTM3",4,"adult"
"14750",1,"TTM3",5,"adult"
"14751",1,"TTM3",6,"adult"
"14752",1,"TTM3",7,"adult"
"14753",1,"TTM3",8,"adult"
"14754",1,"TTM3",9,"adult"
"14755",1,"TTM3",10,"adult"
"14756",1,"TTM3",11,"adult"
"14757",1,"TTM3",12,"adult"
"14758",1,"TTM3",13,"adult"
"14759",1,"TTM3",14,"adult"
"14760",1,"TTM3",15,"adult"
"14761",1,"TTOO",1,"juvenile"
"14762",1,"TTOO",2,"adult"
"14763",1,"TTOO",3,"adult"
"14764",1,"TTOO",4,"adult"
"14765",1,"TTOO",5,"adult"
"14766",1,"TTOO",6,"adult"
"14767",1,"TTOO",7,"adult"
"14768",1,"TTOO",8,"adult"
"14769",1,"TTOO",9,"adult"
"14770",1,"TTOO",10,"adult"
"14771",1,"TTOO",11,"adult"
"14772",1,"TTOO",12,"adult"
"14773",1,"TTOO",13,"adult"
"14774",1,"TTOO",14,"adult"
"14775",1,"TTOO",15,"adult"
"14776",1,"TUPE",1,"juvenile"
"14777",1,"TUPE",2,"adult"
"14778",1,"TUPE",3,"adult"
"14779",1,"TUPE",4,"adult"
"14780",1,"TUPE",5,"adult"
"14781",1,"TUPE",6,"adult"
"14782",1,"TUPE",7,"adult"
"14783",1,"TUPE",8,"adult"
"14784",1,"TUPE",9,"adult"
"14785",1,"TUPE",10,"adult"
"14786",1,"TUPE",11,"adult"
"14787",1,"TUPE",12,"adult"
"14788",1,"TUPE",13,"adult"
"14789",1,"TUPE",14,"adult"
"14790",1,"TUPE",15,"adult"
"14791",1,"TWHN",1,"juvenile"
"14792",1,"TWHN",2,"adult"
"14793",1,"TWHN",3,"adult"
"14794",1,"TWHN",4,"adult"
"14795",1,"TWHN",5,"adult"
"14796",1,"TWHN",6,"adult"
"14797",1,"TWHN",7,"adult"
"14798",1,"TWHN",8,"adult"
"14799",1,"TWHN",9,"adult"
"14800",1,"TWHN",10,"adult"
"14801",1,"TWHN",11,"adult"
"14802",1,"TWHN",12,"adult"
"14803",1,"TWHN",13,"adult"
"14804",1,"TWHN",14,"adult"
"14805",1,"TWHN",15,"adult"
"14806",1,"UFSK",1,"juvenile"
"14807",1,"UFSK",2,"adult"
"14808",1,"UFSK",3,"adult"
"14809",1,"UFSK",4,"adult"
"14810",1,"UFSK",5,"adult"
"14811",1,"UFSK",6,"adult"
"14812",1,"UFSK",7,"adult"
"14813",1,"UFSK",8,"adult"
"14814",1,"UFSK",9,"adult"
"14815",1,"UFSK",10,"adult"
"14816",1,"UFSK",11,"adult"
"14817",1,"UFSK",12,"adult"
"14818",1,"UFSK",13,"adult"
"14819",1,"UFSK",14,"adult"
"14820",1,"UFSK",15,"adult"
"14821",1,"ULRU",1,"juvenile"
"14822",1,"ULRU",2,"adult"
"14823",1,"ULRU",3,"adult"
"14824",1,"ULRU",4,"adult"
"14825",1,"ULRU",5,"adult"
"14826",1,"ULRU",6,"adult"
"14827",1,"ULRU",7,"adult"
"14828",1,"ULRU",8,"adult"
"14829",1,"ULRU",9,"adult"
"14830",1,"ULRU",10,"adult"
"14831",1,"ULRU",11,"adult"
"14832",1,"ULRU",12,"adult"
"14833",1,"ULRU",13,"adult"
"14834",1,"ULRU",14,"adult"
"14835",1,"ULRU",15,"adult"
"14836",1,"ULTA",1,"juvenile"
"14837",1,"ULTA",2,"adult"
"14838",1,"ULTA",3,"adult"
"14839",1,"ULTA",4,"adult"
"14840",1,"ULTA",5,"adult"
"14841",1,"ULTA",6,"adult"
"14842",1,"ULTA",7,"adult"
"14843",1,"ULTA",8,"adult"
"14844",1,"ULTA",9,"adult"
"14845",1,"ULTA",10,"adult"
"14846",1,"ULTA",11,"adult"
"14847",1,"ULTA",12,"adult"
"14848",1,"ULTA",13,"adult"
"14849",1,"ULTA",14,"adult"
"14850",1,"ULTA",15,"adult"
"14851",1,"ULY2",1,"unborn"
"14852",1,"ULY2",2,"unborn"
"14853",1,"ULY2",3,"unborn"
"14854",1,"ULY2",4,"unborn"
"14855",1,"ULY2",5,"unborn"
"14856",1,"ULY2",6,"unborn"
"14857",1,"ULY2",7,"unborn"
"14858",1,"ULY2",8,"unborn"
"14859",1,"ULY2",9,"unborn"
"14860",1,"ULY2",10,"unborn"
"14861",1,"ULY2",11,"unborn"
"14862",1,"ULY2",12,"calf"
"14863",1,"ULY2",13,"calf"
"14864",1,"ULY2",14,"juvenile"
"14865",1,"ULY2",15,"juvenile"
"14866",1,"ULY3",1,"unborn"
"14867",1,"ULY3",2,"unborn"
"14868",1,"ULY3",3,"unborn"
"14869",1,"ULY3",4,"unborn"
"14870",1,"ULY3",5,"unborn"
"14871",1,"ULY3",6,"unborn"
"14872",1,"ULY3",7,"unborn"
"14873",1,"ULY3",8,"unborn"
"14874",1,"ULY3",9,"unborn"
"14875",1,"ULY3",10,"unborn"
"14876",1,"ULY3",11,"unborn"
"14877",1,"ULY3",12,"unborn"
"14878",1,"ULY3",13,"unborn"
"14879",1,"ULY3",14,"calf"
"14880",1,"ULY3",15,"calf"
"14881",1,"ULY4",1,"juvenile"
"14882",1,"ULY4",2,"adult"
"14883",1,"ULY4",3,"adult"
"14884",1,"ULY4",4,"adult"
"14885",1,"ULY4",5,"adult"
"14886",1,"ULY4",6,"adult"
"14887",1,"ULY4",7,"adult"
"14888",1,"ULY4",8,"adult"
"14889",1,"ULY4",9,"adult"
"14890",1,"ULY4",10,"adult"
"14891",1,"ULY4",11,"adult"
"14892",1,"ULY4",12,"adult"
"14893",1,"ULY4",13,"adult"
"14894",1,"ULY4",14,"adult"
"14895",1,"ULY4",15,"adult"
"14896",1,"ULYS",1,"juvenile"
"14897",1,"ULYS",2,"adult"
"14898",1,"ULYS",3,"adult"
"14899",1,"ULYS",4,"adult"
"14900",1,"ULYS",5,"adult"
"14901",1,"ULYS",6,"adult"
"14902",1,"ULYS",7,"adult"
"14903",1,"ULYS",8,"adult"
"14904",1,"ULYS",9,"adult"
"14905",1,"ULYS",10,"adult"
"14906",1,"ULYS",11,"adult"
"14907",1,"ULYS",12,"adult"
"14908",1,"ULYS",13,"adult"
"14909",1,"ULYS",14,"adult"
"14910",1,"ULYS",15,"adult"
"14911",1,"UND1",1,"juvenile"
"14912",1,"UND1",2,"adult"
"14913",1,"UND1",3,"adult"
"14914",1,"UND1",4,"adult"
"14915",1,"UND1",5,"adult"
"14916",1,"UND1",6,"adult"
"14917",1,"UND1",7,"adult"
"14918",1,"UND1",8,"adult"
"14919",1,"UND1",9,"adult"
"14920",1,"UND1",10,"adult"
"14921",1,"UND1",11,"adult"
"14922",1,"UND1",12,"adult"
"14923",1,"UND1",13,"adult"
"14924",1,"UND1",14,"adult"
"14925",1,"UND1",15,"adult"
"14926",1,"UND2",1,"juvenile"
"14927",1,"UND2",2,"adult"
"14928",1,"UND2",3,"adult"
"14929",1,"UND2",4,"adult"
"14930",1,"UND2",5,"adult"
"14931",1,"UND2",6,"adult"
"14932",1,"UND2",7,"adult"
"14933",1,"UND2",8,"adult"
"14934",1,"UND2",9,"adult"
"14935",1,"UND2",10,"adult"
"14936",1,"UND2",11,"adult"
"14937",1,"UND2",12,"adult"
"14938",1,"UND2",13,"adult"
"14939",1,"UND2",14,"adult"
"14940",1,"UND2",15,"adult"
"14941",1,"UNDG",1,"juvenile"
"14942",1,"UNDG",2,"adult"
"14943",1,"UNDG",3,"adult"
"14944",1,"UNDG",4,"adult"
"14945",1,"UNDG",5,"adult"
"14946",1,"UNDG",6,"adult"
"14947",1,"UNDG",7,"adult"
"14948",1,"UNDG",8,"adult"
"14949",1,"UNDG",9,"adult"
"14950",1,"UNDG",10,"adult"
"14951",1,"UNDG",11,"adult"
"14952",1,"UNDG",12,"adult"
"14953",1,"UNDG",13,"adult"
"14954",1,"UNDG",14,"adult"
"14955",1,"UNDG",15,"adult"
"14956",1,"UNLR",1,"juvenile"
"14957",1,"UNLR",2,"adult"
"14958",1,"UNLR",3,"adult"
"14959",1,"UNLR",4,"adult"
"14960",1,"UNLR",5,"adult"
"14961",1,"UNLR",6,"adult"
"14962",1,"UNLR",7,"adult"
"14963",1,"UNLR",8,"adult"
"14964",1,"UNLR",9,"adult"
"14965",1,"UNLR",10,"adult"
"14966",1,"UNLR",11,"adult"
"14967",1,"UNLR",12,"adult"
"14968",1,"UNLR",13,"adult"
"14969",1,"UNLR",14,"adult"
"14970",1,"UNLR",15,"adult"
"14971",1,"UPBK",1,"juvenile"
"14972",1,"UPBK",2,"adult"
"14973",1,"UPBK",3,"adult"
"14974",1,"UPBK",4,"adult"
"14975",1,"UPBK",5,"adult"
"14976",1,"UPBK",6,"adult"
"14977",1,"UPBK",7,"adult"
"14978",1,"UPBK",8,"adult"
"14979",1,"UPBK",9,"adult"
"14980",1,"UPBK",10,"adult"
"14981",1,"UPBK",11,"adult"
"14982",1,"UPBK",12,"adult"
"14983",1,"UPBK",13,"adult"
"14984",1,"UPBK",14,"adult"
"14985",1,"UPBK",15,"adult"
"14986",1,"URLN",1,"juvenile"
"14987",1,"URLN",2,"adult"
"14988",1,"URLN",3,"adult"
"14989",1,"URLN",4,"adult"
"14990",1,"URLN",5,"adult"
"14991",1,"URLN",6,"adult"
"14992",1,"URLN",7,"adult"
"14993",1,"URLN",8,"adult"
"14994",1,"URLN",9,"adult"
"14995",1,"URLN",10,"adult"
"14996",1,"URLN",11,"adult"
"14997",1,"URLN",12,"adult"
"14998",1,"URLN",13,"adult"
"14999",1,"URLN",14,"adult"
"15000",1,"URLN",15,"adult"
"15001",1,"USLN",1,"juvenile"
"15002",1,"USLN",2,"adult"
"15003",1,"USLN",3,"adult"
"15004",1,"USLN",4,"adult"
"15005",1,"USLN",5,"adult"
"15006",1,"USLN",6,"adult"
"15007",1,"USLN",7,"adult"
"15008",1,"USLN",8,"adult"
"15009",1,"USLN",9,"adult"
"15010",1,"USLN",10,"adult"
"15011",1,"USLN",11,"adult"
"15012",1,"USLN",12,"adult"
"15013",1,"USLN",13,"adult"
"15014",1,"USLN",14,"adult"
"15015",1,"USLN",15,"adult"
"15016",1,"VAIL",1,"juvenile"
"15017",1,"VAIL",2,"adult"
"15018",1,"VAIL",3,"adult"
"15019",1,"VAIL",4,"adult"
"15020",1,"VAIL",5,"adult"
"15021",1,"VAIL",6,"adult"
"15022",1,"VAIL",7,"adult"
"15023",1,"VAIL",8,"adult"
"15024",1,"VAIL",9,"adult"
"15025",1,"VAIL",10,"adult"
"15026",1,"VAIL",11,"adult"
"15027",1,"VAIL",12,"adult"
"15028",1,"VAIL",13,"adult"
"15029",1,"VAIL",14,"adult"
"15030",1,"VAIL",15,"adult"
"15031",1,"VANB",1,"juvenile"
"15032",1,"VANB",2,"adult"
"15033",1,"VANB",3,"adult"
"15034",1,"VANB",4,"adult"
"15035",1,"VANB",5,"adult"
"15036",1,"VANB",6,"adult"
"15037",1,"VANB",7,"adult"
"15038",1,"VANB",8,"adult"
"15039",1,"VANB",9,"adult"
"15040",1,"VANB",10,"adult"
"15041",1,"VANB",11,"adult"
"15042",1,"VANB",12,"adult"
"15043",1,"VANB",13,"adult"
"15044",1,"VANB",14,"adult"
"15045",1,"VANB",15,"adult"
"15046",1,"VCRO",1,"unborn"
"15047",1,"VCRO",2,"unborn"
"15048",1,"VCRO",3,"unborn"
"15049",1,"VCRO",4,"unborn"
"15050",1,"VCRO",5,"calf"
"15051",1,"VCRO",6,"juvenile"
"15052",1,"VCRO",7,"juvenile"
"15053",1,"VCRO",8,"juvenile"
"15054",1,"VCRO",9,"juvenile"
"15055",1,"VCRO",10,"juvenile"
"15056",1,"VCRO",11,"juvenile"
"15057",1,"VCRO",12,"juvenile"
"15058",1,"VCRO",13,"adult"
"15059",1,"VCRO",14,"adult"
"15060",1,"VCRO",15,"adult"
"15061",1,"VCUM",1,"juvenile"
"15062",1,"VCUM",2,"adult"
"15063",1,"VCUM",3,"adult"
"15064",1,"VCUM",4,"adult"
"15065",1,"VCUM",5,"adult"
"15066",1,"VCUM",6,"adult"
"15067",1,"VCUM",7,"adult"
"15068",1,"VCUM",8,"adult"
"15069",1,"VCUM",9,"adult"
"15070",1,"VCUM",10,"adult"
"15071",1,"VCUM",11,"adult"
"15072",1,"VCUM",12,"adult"
"15073",1,"VCUM",13,"adult"
"15074",1,"VCUM",14,"adult"
"15075",1,"VCUM",15,"adult"
"15076",1,"VIVA",1,"juvenile"
"15077",1,"VIVA",2,"adult"
"15078",1,"VIVA",3,"adult"
"15079",1,"VIVA",4,"adult"
"15080",1,"VIVA",5,"adult"
"15081",1,"VIVA",6,"adult"
"15082",1,"VIVA",7,"adult"
"15083",1,"VIVA",8,"adult"
"15084",1,"VIVA",9,"adult"
"15085",1,"VIVA",10,"adult"
"15086",1,"VIVA",11,"adult"
"15087",1,"VIVA",12,"adult"
"15088",1,"VIVA",13,"adult"
"15089",1,"VIVA",14,"adult"
"15090",1,"VIVA",15,"adult"
"15091",1,"VIZZ",1,"juvenile"
"15092",1,"VIZZ",2,"adult"
"15093",1,"VIZZ",3,"adult"
"15094",1,"VIZZ",4,"adult"
"15095",1,"VIZZ",5,"adult"
"15096",1,"VIZZ",6,"adult"
"15097",1,"VIZZ",7,"adult"
"15098",1,"VIZZ",8,"adult"
"15099",1,"VIZZ",9,"adult"
"15100",1,"VIZZ",10,"adult"
"15101",1,"VIZZ",11,"adult"
"15102",1,"VIZZ",12,"adult"
"15103",1,"VIZZ",13,"adult"
"15104",1,"VIZZ",14,"adult"
"15105",1,"VIZZ",15,"adult"
"15106",1,"VLKA",1,"juvenile"
"15107",1,"VLKA",2,"adult"
"15108",1,"VLKA",3,"adult"
"15109",1,"VLKA",4,"adult"
"15110",1,"VLKA",5,"adult"
"15111",1,"VLKA",6,"adult"
"15112",1,"VLKA",7,"adult"
"15113",1,"VLKA",8,"adult"
"15114",1,"VLKA",9,"adult"
"15115",1,"VLKA",10,"adult"
"15116",1,"VLKA",11,"adult"
"15117",1,"VLKA",12,"adult"
"15118",1,"VLKA",13,"adult"
"15119",1,"VLKA",14,"adult"
"15120",1,"VLKA",15,"adult"
"15121",1,"VNGL",1,"juvenile"
"15122",1,"VNGL",2,"adult"
"15123",1,"VNGL",3,"adult"
"15124",1,"VNGL",4,"adult"
"15125",1,"VNGL",5,"adult"
"15126",1,"VNGL",6,"adult"
"15127",1,"VNGL",7,"adult"
"15128",1,"VNGL",8,"adult"
"15129",1,"VNGL",9,"adult"
"15130",1,"VNGL",10,"adult"
"15131",1,"VNGL",11,"adult"
"15132",1,"VNGL",12,"adult"
"15133",1,"VNGL",13,"adult"
"15134",1,"VNGL",14,"adult"
"15135",1,"VNGL",15,"adult"
"15136",1,"VOLD",1,"juvenile"
"15137",1,"VOLD",2,"adult"
"15138",1,"VOLD",3,"adult"
"15139",1,"VOLD",4,"adult"
"15140",1,"VOLD",5,"adult"
"15141",1,"VOLD",6,"adult"
"15142",1,"VOLD",7,"adult"
"15143",1,"VOLD",8,"adult"
"15144",1,"VOLD",9,"adult"
"15145",1,"VOLD",10,"adult"
"15146",1,"VOLD",11,"adult"
"15147",1,"VOLD",12,"adult"
"15148",1,"VOLD",13,"adult"
"15149",1,"VOLD",14,"adult"
"15150",1,"VOLD",15,"adult"
"15151",1,"VRIP",1,"juvenile"
"15152",1,"VRIP",2,"adult"
"15153",1,"VRIP",3,"adult"
"15154",1,"VRIP",4,"adult"
"15155",1,"VRIP",5,"adult"
"15156",1,"VRIP",6,"adult"
"15157",1,"VRIP",7,"adult"
"15158",1,"VRIP",8,"adult"
"15159",1,"VRIP",9,"adult"
"15160",1,"VRIP",10,"adult"
"15161",1,"VRIP",11,"adult"
"15162",1,"VRIP",12,"adult"
"15163",1,"VRIP",13,"adult"
"15164",1,"VRIP",14,"adult"
"15165",1,"VRIP",15,"adult"
"15166",1,"VRLA",1,"juvenile"
"15167",1,"VRLA",2,"adult"
"15168",1,"VRLA",3,"adult"
"15169",1,"VRLA",4,"adult"
"15170",1,"VRLA",5,"adult"
"15171",1,"VRLA",6,"adult"
"15172",1,"VRLA",7,"adult"
"15173",1,"VRLA",8,"adult"
"15174",1,"VRLA",9,"adult"
"15175",1,"VRLA",10,"adult"
"15176",1,"VRLA",11,"adult"
"15177",1,"VRLA",12,"adult"
"15178",1,"VRLA",13,"adult"
"15179",1,"VRLA",14,"adult"
"15180",1,"VRLA",15,"adult"
"15181",1,"VST2",1,"juvenile"
"15182",1,"VST2",2,"adult"
"15183",1,"VST2",3,"adult"
"15184",1,"VST2",4,"adult"
"15185",1,"VST2",5,"adult"
"15186",1,"VST2",6,"adult"
"15187",1,"VST2",7,"adult"
"15188",1,"VST2",8,"adult"
"15189",1,"VST2",9,"adult"
"15190",1,"VST2",10,"adult"
"15191",1,"VST2",11,"adult"
"15192",1,"VST2",12,"adult"
"15193",1,"VST2",13,"adult"
"15194",1,"VST2",14,"adult"
"15195",1,"VST2",15,"adult"
"15196",1,"VSTC",1,"unborn"
"15197",1,"VSTC",2,"unborn"
"15198",1,"VSTC",3,"unborn"
"15199",1,"VSTC",4,"unborn"
"15200",1,"VSTC",5,"unborn"
"15201",1,"VSTC",6,"unborn"
"15202",1,"VSTC",7,"unborn"
"15203",1,"VSTC",8,"unborn"
"15204",1,"VSTC",9,"unborn"
"15205",1,"VSTC",10,"unborn"
"15206",1,"VSTC",11,"unborn"
"15207",1,"VSTC",12,"calf"
"15208",1,"VSTC",13,"calf"
"15209",1,"VSTC",14,"juvenile"
"15210",1,"VSTC",15,"juvenile"
"15211",1,"VSTH",1,"juvenile"
"15212",1,"VSTH",2,"adult"
"15213",1,"VSTH",3,"adult"
"15214",1,"VSTH",4,"adult"
"15215",1,"VSTH",5,"adult"
"15216",1,"VSTH",6,"adult"
"15217",1,"VSTH",7,"adult"
"15218",1,"VSTH",8,"adult"
"15219",1,"VSTH",9,"adult"
"15220",1,"VSTH",10,"adult"
"15221",1,"VSTH",11,"adult"
"15222",1,"VSTH",12,"adult"
"15223",1,"VSTH",13,"adult"
"15224",1,"VSTH",14,"adult"
"15225",1,"VSTH",15,"adult"
"15226",1,"VTHN",1,"juvenile"
"15227",1,"VTHN",2,"adult"
"15228",1,"VTHN",3,"adult"
"15229",1,"VTHN",4,"adult"
"15230",1,"VTHN",5,"adult"
"15231",1,"VTHN",6,"adult"
"15232",1,"VTHN",7,"adult"
"15233",1,"VTHN",8,"adult"
"15234",1,"VTHN",9,"adult"
"15235",1,"VTHN",10,"adult"
"15236",1,"VTHN",11,"adult"
"15237",1,"VTHN",12,"adult"
"15238",1,"VTHN",13,"adult"
"15239",1,"VTHN",14,"adult"
"15240",1,"VTHN",15,"adult"
"15241",1,"WALT",1,"juvenile"
"15242",1,"WALT",2,"adult"
"15243",1,"WALT",3,"adult"
"15244",1,"WALT",4,"adult"
"15245",1,"WALT",5,"adult"
"15246",1,"WALT",6,"adult"
"15247",1,"WALT",7,"adult"
"15248",1,"WALT",8,"adult"
"15249",1,"WALT",9,"adult"
"15250",1,"WALT",10,"adult"
"15251",1,"WALT",11,"adult"
"15252",1,"WALT",12,"adult"
"15253",1,"WALT",13,"adult"
"15254",1,"WALT",14,"adult"
"15255",1,"WALT",15,"adult"
"15256",1,"WAN1",1,"juvenile"
"15257",1,"WAN1",2,"adult"
"15258",1,"WAN1",3,"adult"
"15259",1,"WAN1",4,"adult"
"15260",1,"WAN1",5,"adult"
"15261",1,"WAN1",6,"adult"
"15262",1,"WAN1",7,"adult"
"15263",1,"WAN1",8,"adult"
"15264",1,"WAN1",9,"adult"
"15265",1,"WAN1",10,"adult"
"15266",1,"WAN1",11,"adult"
"15267",1,"WAN1",12,"adult"
"15268",1,"WAN1",13,"adult"
"15269",1,"WAN1",14,"adult"
"15270",1,"WAN1",15,"adult"
"15271",1,"WAND",1,"juvenile"
"15272",1,"WAND",2,"adult"
"15273",1,"WAND",3,"adult"
"15274",1,"WAND",4,"adult"
"15275",1,"WAND",5,"adult"
"15276",1,"WAND",6,"adult"
"15277",1,"WAND",7,"adult"
"15278",1,"WAND",8,"adult"
"15279",1,"WAND",9,"adult"
"15280",1,"WAND",10,"adult"
"15281",1,"WAND",11,"adult"
"15282",1,"WAND",12,"adult"
"15283",1,"WAND",13,"adult"
"15284",1,"WAND",14,"adult"
"15285",1,"WAND",15,"adult"
"15286",1,"WEBS",1,"juvenile"
"15287",1,"WEBS",2,"adult"
"15288",1,"WEBS",3,"adult"
"15289",1,"WEBS",4,"adult"
"15290",1,"WEBS",5,"adult"
"15291",1,"WEBS",6,"adult"
"15292",1,"WEBS",7,"adult"
"15293",1,"WEBS",8,"adult"
"15294",1,"WEBS",9,"adult"
"15295",1,"WEBS",10,"adult"
"15296",1,"WEBS",11,"adult"
"15297",1,"WEBS",12,"adult"
"15298",1,"WEBS",13,"adult"
"15299",1,"WEBS",14,"adult"
"15300",1,"WEBS",15,"adult"
"15301",1,"WEEZ",1,"juvenile"
"15302",1,"WEEZ",2,"adult"
"15303",1,"WEEZ",3,"adult"
"15304",1,"WEEZ",4,"adult"
"15305",1,"WEEZ",5,"adult"
"15306",1,"WEEZ",6,"adult"
"15307",1,"WEEZ",7,"adult"
"15308",1,"WEEZ",8,"adult"
"15309",1,"WEEZ",9,"adult"
"15310",1,"WEEZ",10,"adult"
"15311",1,"WEEZ",11,"adult"
"15312",1,"WEEZ",12,"adult"
"15313",1,"WEEZ",13,"adult"
"15314",1,"WEEZ",14,"adult"
"15315",1,"WEEZ",15,"adult"
"15316",1,"WEN1",1,"unborn"
"15317",1,"WEN1",2,"unborn"
"15318",1,"WEN1",3,"unborn"
"15319",1,"WEN1",4,"unborn"
"15320",1,"WEN1",5,"unborn"
"15321",1,"WEN1",6,"unborn"
"15322",1,"WEN1",7,"unborn"
"15323",1,"WEN1",8,"unborn"
"15324",1,"WEN1",9,"unborn"
"15325",1,"WEN1",10,"unborn"
"15326",1,"WEN1",11,"unborn"
"15327",1,"WEN1",12,"unborn"
"15328",1,"WEN1",13,"unborn"
"15329",1,"WEN1",14,"unborn"
"15330",1,"WEN1",15,"unborn"
"15331",1,"WENT",1,"juvenile"
"15332",1,"WENT",2,"adult"
"15333",1,"WENT",3,"adult"
"15334",1,"WENT",4,"adult"
"15335",1,"WENT",5,"adult"
"15336",1,"WENT",6,"adult"
"15337",1,"WENT",7,"adult"
"15338",1,"WENT",8,"adult"
"15339",1,"WENT",9,"adult"
"15340",1,"WENT",10,"adult"
"15341",1,"WENT",11,"adult"
"15342",1,"WENT",12,"adult"
"15343",1,"WENT",13,"adult"
"15344",1,"WENT",14,"adult"
"15345",1,"WENT",15,"adult"
"15346",1,"WHAT",1,"juvenile"
"15347",1,"WHAT",2,"adult"
"15348",1,"WHAT",3,"adult"
"15349",1,"WHAT",4,"adult"
"15350",1,"WHAT",5,"adult"
"15351",1,"WHAT",6,"adult"
"15352",1,"WHAT",7,"adult"
"15353",1,"WHAT",8,"adult"
"15354",1,"WHAT",9,"adult"
"15355",1,"WHAT",10,"adult"
"15356",1,"WHAT",11,"adult"
"15357",1,"WHAT",12,"adult"
"15358",1,"WHAT",13,"adult"
"15359",1,"WHAT",14,"adult"
"15360",1,"WHAT",15,"adult"
"15361",1,"WHIT",1,"juvenile"
"15362",1,"WHIT",2,"adult"
"15363",1,"WHIT",3,"adult"
"15364",1,"WHIT",4,"adult"
"15365",1,"WHIT",5,"adult"
"15366",1,"WHIT",6,"adult"
"15367",1,"WHIT",7,"adult"
"15368",1,"WHIT",8,"adult"
"15369",1,"WHIT",9,"adult"
"15370",1,"WHIT",10,"adult"
"15371",1,"WHIT",11,"adult"
"15372",1,"WHIT",12,"adult"
"15373",1,"WHIT",13,"adult"
"15374",1,"WHIT",14,"adult"
"15375",1,"WHIT",15,"adult"
"15376",1,"WHMR",1,"juvenile"
"15377",1,"WHMR",2,"adult"
"15378",1,"WHMR",3,"adult"
"15379",1,"WHMR",4,"adult"
"15380",1,"WHMR",5,"adult"
"15381",1,"WHMR",6,"adult"
"15382",1,"WHMR",7,"adult"
"15383",1,"WHMR",8,"adult"
"15384",1,"WHMR",9,"adult"
"15385",1,"WHMR",10,"adult"
"15386",1,"WHMR",11,"adult"
"15387",1,"WHMR",12,"adult"
"15388",1,"WHMR",13,"adult"
"15389",1,"WHMR",14,"adult"
"15390",1,"WHMR",15,"adult"
"15391",1,"WHOO",1,"juvenile"
"15392",1,"WHOO",2,"adult"
"15393",1,"WHOO",3,"adult"
"15394",1,"WHOO",4,"adult"
"15395",1,"WHOO",5,"adult"
"15396",1,"WHOO",6,"adult"
"15397",1,"WHOO",7,"adult"
"15398",1,"WHOO",8,"adult"
"15399",1,"WHOO",9,"adult"
"15400",1,"WHOO",10,"adult"
"15401",1,"WHOO",11,"adult"
"15402",1,"WHOO",12,"adult"
"15403",1,"WHOO",13,"adult"
"15404",1,"WHOO",14,"adult"
"15405",1,"WHOO",15,"adult"
"15406",1,"WHTS",1,"juvenile"
"15407",1,"WHTS",2,"adult"
"15408",1,"WHTS",3,"adult"
"15409",1,"WHTS",4,"adult"
"15410",1,"WHTS",5,"adult"
"15411",1,"WHTS",6,"adult"
"15412",1,"WHTS",7,"adult"
"15413",1,"WHTS",8,"adult"
"15414",1,"WHTS",9,"adult"
"15415",1,"WHTS",10,"adult"
"15416",1,"WHTS",11,"adult"
"15417",1,"WHTS",12,"adult"
"15418",1,"WHTS",13,"adult"
"15419",1,"WHTS",14,"adult"
"15420",1,"WHTS",15,"adult"
"15421",1,"WHYY",1,"juvenile"
"15422",1,"WHYY",2,"adult"
"15423",1,"WHYY",3,"adult"
"15424",1,"WHYY",4,"adult"
"15425",1,"WHYY",5,"adult"
"15426",1,"WHYY",6,"adult"
"15427",1,"WHYY",7,"adult"
"15428",1,"WHYY",8,"adult"
"15429",1,"WHYY",9,"adult"
"15430",1,"WHYY",10,"adult"
"15431",1,"WHYY",11,"adult"
"15432",1,"WHYY",12,"adult"
"15433",1,"WHYY",13,"adult"
"15434",1,"WHYY",14,"adult"
"15435",1,"WHYY",15,"adult"
"15436",1,"WIFF",1,"juvenile"
"15437",1,"WIFF",2,"adult"
"15438",1,"WIFF",3,"adult"
"15439",1,"WIFF",4,"adult"
"15440",1,"WIFF",5,"adult"
"15441",1,"WIFF",6,"adult"
"15442",1,"WIFF",7,"adult"
"15443",1,"WIFF",8,"adult"
"15444",1,"WIFF",9,"adult"
"15445",1,"WIFF",10,"adult"
"15446",1,"WIFF",11,"adult"
"15447",1,"WIFF",12,"adult"
"15448",1,"WIFF",13,"adult"
"15449",1,"WIFF",14,"adult"
"15450",1,"WIFF",15,"adult"
"15451",1,"WILL",1,"juvenile"
"15452",1,"WILL",2,"adult"
"15453",1,"WILL",3,"adult"
"15454",1,"WILL",4,"adult"
"15455",1,"WILL",5,"adult"
"15456",1,"WILL",6,"adult"
"15457",1,"WILL",7,"adult"
"15458",1,"WILL",8,"adult"
"15459",1,"WILL",9,"adult"
"15460",1,"WILL",10,"adult"
"15461",1,"WILL",11,"adult"
"15462",1,"WILL",12,"adult"
"15463",1,"WILL",13,"adult"
"15464",1,"WILL",14,"adult"
"15465",1,"WILL",15,"adult"
"15466",1,"WIN1",1,"juvenile"
"15467",1,"WIN1",2,"adult"
"15468",1,"WIN1",3,"adult"
"15469",1,"WIN1",4,"adult"
"15470",1,"WIN1",5,"adult"
"15471",1,"WIN1",6,"adult"
"15472",1,"WIN1",7,"adult"
"15473",1,"WIN1",8,"adult"
"15474",1,"WIN1",9,"adult"
"15475",1,"WIN1",10,"adult"
"15476",1,"WIN1",11,"adult"
"15477",1,"WIN1",12,"adult"
"15478",1,"WIN1",13,"adult"
"15479",1,"WIN1",14,"adult"
"15480",1,"WIN1",15,"adult"
"15481",1,"WINE",1,"juvenile"
"15482",1,"WINE",2,"adult"
"15483",1,"WINE",3,"adult"
"15484",1,"WINE",4,"adult"
"15485",1,"WINE",5,"adult"
"15486",1,"WINE",6,"adult"
"15487",1,"WINE",7,"adult"
"15488",1,"WINE",8,"adult"
"15489",1,"WINE",9,"adult"
"15490",1,"WINE",10,"adult"
"15491",1,"WINE",11,"adult"
"15492",1,"WINE",12,"adult"
"15493",1,"WINE",13,"adult"
"15494",1,"WINE",14,"adult"
"15495",1,"WINE",15,"adult"
"15496",1,"WINN",1,"juvenile"
"15497",1,"WINN",2,"adult"
"15498",1,"WINN",3,"adult"
"15499",1,"WINN",4,"adult"
"15500",1,"WINN",5,"adult"
"15501",1,"WINN",6,"adult"
"15502",1,"WINN",7,"adult"
"15503",1,"WINN",8,"adult"
"15504",1,"WINN",9,"adult"
"15505",1,"WINN",10,"adult"
"15506",1,"WINN",11,"adult"
"15507",1,"WINN",12,"adult"
"15508",1,"WINN",13,"adult"
"15509",1,"WINN",14,"adult"
"15510",1,"WINN",15,"adult"
"15511",1,"WINS",1,"juvenile"
"15512",1,"WINS",2,"adult"
"15513",1,"WINS",3,"adult"
"15514",1,"WINS",4,"adult"
"15515",1,"WINS",5,"adult"
"15516",1,"WINS",6,"adult"
"15517",1,"WINS",7,"adult"
"15518",1,"WINS",8,"adult"
"15519",1,"WINS",9,"adult"
"15520",1,"WINS",10,"adult"
"15521",1,"WINS",11,"adult"
"15522",1,"WINS",12,"adult"
"15523",1,"WINS",13,"adult"
"15524",1,"WINS",14,"adult"
"15525",1,"WINS",15,"adult"
"15526",1,"WLDC",1,"juvenile"
"15527",1,"WLDC",2,"adult"
"15528",1,"WLDC",3,"adult"
"15529",1,"WLDC",4,"adult"
"15530",1,"WLDC",5,"adult"
"15531",1,"WLDC",6,"adult"
"15532",1,"WLDC",7,"adult"
"15533",1,"WLDC",8,"adult"
"15534",1,"WLDC",9,"adult"
"15535",1,"WLDC",10,"adult"
"15536",1,"WLDC",11,"adult"
"15537",1,"WLDC",12,"adult"
"15538",1,"WLDC",13,"adult"
"15539",1,"WLDC",14,"adult"
"15540",1,"WLDC",15,"adult"
"15541",1,"WLET",1,"juvenile"
"15542",1,"WLET",2,"adult"
"15543",1,"WLET",3,"adult"
"15544",1,"WLET",4,"adult"
"15545",1,"WLET",5,"adult"
"15546",1,"WLET",6,"adult"
"15547",1,"WLET",7,"adult"
"15548",1,"WLET",8,"adult"
"15549",1,"WLET",9,"adult"
"15550",1,"WLET",10,"adult"
"15551",1,"WLET",11,"adult"
"15552",1,"WLET",12,"adult"
"15553",1,"WLET",13,"adult"
"15554",1,"WLET",14,"adult"
"15555",1,"WLET",15,"adult"
"15556",1,"WLFL",1,"juvenile"
"15557",1,"WLFL",2,"adult"
"15558",1,"WLFL",3,"adult"
"15559",1,"WLFL",4,"adult"
"15560",1,"WLFL",5,"adult"
"15561",1,"WLFL",6,"adult"
"15562",1,"WLFL",7,"adult"
"15563",1,"WLFL",8,"adult"
"15564",1,"WLFL",9,"adult"
"15565",1,"WLFL",10,"adult"
"15566",1,"WLFL",11,"adult"
"15567",1,"WLFL",12,"adult"
"15568",1,"WLFL",13,"adult"
"15569",1,"WLFL",14,"adult"
"15570",1,"WLFL",15,"adult"
"15571",1,"WORM",1,"juvenile"
"15572",1,"WORM",2,"adult"
"15573",1,"WORM",3,"adult"
"15574",1,"WORM",4,"adult"
"15575",1,"WORM",5,"adult"
"15576",1,"WORM",6,"adult"
"15577",1,"WORM",7,"adult"
"15578",1,"WORM",8,"adult"
"15579",1,"WORM",9,"adult"
"15580",1,"WORM",10,"adult"
"15581",1,"WORM",11,"adult"
"15582",1,"WORM",12,"adult"
"15583",1,"WORM",13,"adult"
"15584",1,"WORM",14,"adult"
"15585",1,"WORM",15,"adult"
"15586",1,"WRTH",1,"juvenile"
"15587",1,"WRTH",2,"adult"
"15588",1,"WRTH",3,"adult"
"15589",1,"WRTH",4,"adult"
"15590",1,"WRTH",5,"adult"
"15591",1,"WRTH",6,"adult"
"15592",1,"WRTH",7,"adult"
"15593",1,"WRTH",8,"adult"
"15594",1,"WRTH",9,"adult"
"15595",1,"WRTH",10,"adult"
"15596",1,"WRTH",11,"adult"
"15597",1,"WRTH",12,"adult"
"15598",1,"WRTH",13,"adult"
"15599",1,"WRTH",14,"adult"
"15600",1,"WRTH",15,"adult"
"15601",1,"WTAB",1,"juvenile"
"15602",1,"WTAB",2,"adult"
"15603",1,"WTAB",3,"adult"
"15604",1,"WTAB",4,"adult"
"15605",1,"WTAB",5,"adult"
"15606",1,"WTAB",6,"adult"
"15607",1,"WTAB",7,"adult"
"15608",1,"WTAB",8,"adult"
"15609",1,"WTAB",9,"adult"
"15610",1,"WTAB",10,"adult"
"15611",1,"WTAB",11,"adult"
"15612",1,"WTAB",12,"adult"
"15613",1,"WTAB",13,"adult"
"15614",1,"WTAB",14,"adult"
"15615",1,"WTAB",15,"adult"
"15616",1,"WTKN",1,"juvenile"
"15617",1,"WTKN",2,"adult"
"15618",1,"WTKN",3,"adult"
"15619",1,"WTKN",4,"adult"
"15620",1,"WTKN",5,"adult"
"15621",1,"WTKN",6,"adult"
"15622",1,"WTKN",7,"adult"
"15623",1,"WTKN",8,"adult"
"15624",1,"WTKN",9,"adult"
"15625",1,"WTKN",10,"adult"
"15626",1,"WTKN",11,"adult"
"15627",1,"WTKN",12,"adult"
"15628",1,"WTKN",13,"adult"
"15629",1,"WTKN",14,"adult"
"15630",1,"WTKN",15,"adult"
"15631",1,"WTMA",1,"juvenile"
"15632",1,"WTMA",2,"adult"
"15633",1,"WTMA",3,"adult"
"15634",1,"WTMA",4,"adult"
"15635",1,"WTMA",5,"adult"
"15636",1,"WTMA",6,"adult"
"15637",1,"WTMA",7,"adult"
"15638",1,"WTMA",8,"adult"
"15639",1,"WTMA",9,"adult"
"15640",1,"WTMA",10,"adult"
"15641",1,"WTMA",11,"adult"
"15642",1,"WTMA",12,"adult"
"15643",1,"WTMA",13,"adult"
"15644",1,"WTMA",14,"adult"
"15645",1,"WTMA",15,"adult"
"15646",1,"WTMS",1,"juvenile"
"15647",1,"WTMS",2,"adult"
"15648",1,"WTMS",3,"adult"
"15649",1,"WTMS",4,"adult"
"15650",1,"WTMS",5,"adult"
"15651",1,"WTMS",6,"adult"
"15652",1,"WTMS",7,"adult"
"15653",1,"WTMS",8,"adult"
"15654",1,"WTMS",9,"adult"
"15655",1,"WTMS",10,"adult"
"15656",1,"WTMS",11,"adult"
"15657",1,"WTMS",12,"adult"
"15658",1,"WTMS",13,"adult"
"15659",1,"WTMS",14,"adult"
"15660",1,"WTMS",15,"adult"
"15661",1,"WVLT",1,"juvenile"
"15662",1,"WVLT",2,"adult"
"15663",1,"WVLT",3,"adult"
"15664",1,"WVLT",4,"adult"
"15665",1,"WVLT",5,"adult"
"15666",1,"WVLT",6,"adult"
"15667",1,"WVLT",7,"adult"
"15668",1,"WVLT",8,"adult"
"15669",1,"WVLT",9,"adult"
"15670",1,"WVLT",10,"adult"
"15671",1,"WVLT",11,"adult"
"15672",1,"WVLT",12,"adult"
"15673",1,"WVLT",13,"adult"
"15674",1,"WVLT",14,"adult"
"15675",1,"WVLT",15,"adult"
"15676",1,"WWJD",1,"unborn"
"15677",1,"WWJD",2,"unborn"
"15678",1,"WWJD",3,"unborn"
"15679",1,"WWJD",4,"unborn"
"15680",1,"WWJD",5,"unborn"
"15681",1,"WWJD",6,"calf"
"15682",1,"WWJD",7,"calf"
"15683",1,"WWJD",8,"calf"
"15684",1,"WWJD",9,"calf"
"15685",1,"WWJD",10,"calf"
"15686",1,"WWJD",11,"calf"
"15687",1,"WWJD",12,"calf"
"15688",1,"WWJD",13,"calf"
"15689",1,"WWJD",14,"juvenile"
"15690",1,"WWJD",15,"juvenile"
"15691",1,"XERX",1,"juvenile"
"15692",1,"XERX",2,"adult"
"15693",1,"XERX",3,"adult"
"15694",1,"XERX",4,"adult"
"15695",1,"XERX",5,"adult"
"15696",1,"XERX",6,"adult"
"15697",1,"XERX",7,"adult"
"15698",1,"XERX",8,"adult"
"15699",1,"XERX",9,"adult"
"15700",1,"XERX",10,"adult"
"15701",1,"XERX",11,"adult"
"15702",1,"XERX",12,"adult"
"15703",1,"XERX",13,"adult"
"15704",1,"XERX",14,"adult"
"15705",1,"XERX",15,"adult"
"15706",1,"XYLO",1,"juvenile"
"15707",1,"XYLO",2,"adult"
"15708",1,"XYLO",3,"adult"
"15709",1,"XYLO",4,"adult"
"15710",1,"XYLO",5,"adult"
"15711",1,"XYLO",6,"adult"
"15712",1,"XYLO",7,"adult"
"15713",1,"XYLO",8,"adult"
"15714",1,"XYLO",9,"adult"
"15715",1,"XYLO",10,"adult"
"15716",1,"XYLO",11,"adult"
"15717",1,"XYLO",12,"adult"
"15718",1,"XYLO",13,"adult"
"15719",1,"XYLO",14,"adult"
"15720",1,"XYLO",15,"adult"
"15721",1,"YANK",1,"juvenile"
"15722",1,"YANK",2,"adult"
"15723",1,"YANK",3,"adult"
"15724",1,"YANK",4,"adult"
"15725",1,"YANK",5,"adult"
"15726",1,"YANK",6,"adult"
"15727",1,"YANK",7,"adult"
"15728",1,"YANK",8,"adult"
"15729",1,"YANK",9,"adult"
"15730",1,"YANK",10,"adult"
"15731",1,"YANK",11,"adult"
"15732",1,"YANK",12,"adult"
"15733",1,"YANK",13,"adult"
"15734",1,"YANK",14,"adult"
"15735",1,"YANK",15,"adult"
"15736",1,"YELP",1,"juvenile"
"15737",1,"YELP",2,"adult"
"15738",1,"YELP",3,"adult"
"15739",1,"YELP",4,"adult"
"15740",1,"YELP",5,"adult"
"15741",1,"YELP",6,"adult"
"15742",1,"YELP",7,"adult"
"15743",1,"YELP",8,"adult"
"15744",1,"YELP",9,"adult"
"15745",1,"YELP",10,"adult"
"15746",1,"YELP",11,"adult"
"15747",1,"YELP",12,"adult"
"15748",1,"YELP",13,"adult"
"15749",1,"YELP",14,"adult"
"15750",1,"YELP",15,"adult"
"15751",1,"YIKE",1,"juvenile"
"15752",1,"YIKE",2,"adult"
"15753",1,"YIKE",3,"adult"
"15754",1,"YIKE",4,"adult"
"15755",1,"YIKE",5,"adult"
"15756",1,"YIKE",6,"adult"
"15757",1,"YIKE",7,"adult"
"15758",1,"YIKE",8,"adult"
"15759",1,"YIKE",9,"adult"
"15760",1,"YIKE",10,"adult"
"15761",1,"YIKE",11,"adult"
"15762",1,"YIKE",12,"adult"
"15763",1,"YIKE",13,"adult"
"15764",1,"YIKE",14,"adult"
"15765",1,"YIKE",15,"adult"
"15766",1,"YOKE",1,"juvenile"
"15767",1,"YOKE",2,"adult"
"15768",1,"YOKE",3,"adult"
"15769",1,"YOKE",4,"adult"
"15770",1,"YOKE",5,"adult"
"15771",1,"YOKE",6,"adult"
"15772",1,"YOKE",7,"adult"
"15773",1,"YOKE",8,"adult"
"15774",1,"YOKE",9,"adult"
"15775",1,"YOKE",10,"adult"
"15776",1,"YOKE",11,"adult"
"15777",1,"YOKE",12,"adult"
"15778",1,"YOKE",13,"adult"
"15779",1,"YOKE",14,"adult"
"15780",1,"YOKE",15,"adult"
"15781",1,"ZBRA",1,"juvenile"
"15782",1,"ZBRA",2,"adult"
"15783",1,"ZBRA",3,"adult"
"15784",1,"ZBRA",4,"adult"
"15785",1,"ZBRA",5,"adult"
"15786",1,"ZBRA",6,"adult"
"15787",1,"ZBRA",7,"adult"
"15788",1,"ZBRA",8,"adult"
"15789",1,"ZBRA",9,"adult"
"15790",1,"ZBRA",10,"adult"
"15791",1,"ZBRA",11,"adult"
"15792",1,"ZBRA",12,"adult"
"15793",1,"ZBRA",13,"adult"
"15794",1,"ZBRA",14,"adult"
"15795",1,"ZBRA",15,"adult"
"15796",1,"ZEDC",1,"juvenile"
"15797",1,"ZEDC",2,"adult"
"15798",1,"ZEDC",3,"adult"
"15799",1,"ZEDC",4,"adult"
"15800",1,"ZEDC",5,"adult"
"15801",1,"ZEDC",6,"adult"
"15802",1,"ZEDC",7,"adult"
"15803",1,"ZEDC",8,"adult"
"15804",1,"ZEDC",9,"adult"
"15805",1,"ZEDC",10,"adult"
"15806",1,"ZEDC",11,"adult"
"15807",1,"ZEDC",12,"adult"
"15808",1,"ZEDC",13,"adult"
"15809",1,"ZEDC",14,"adult"
"15810",1,"ZEDC",15,"adult"
"15811",1,"ZEL1",1,"unborn"
"15812",1,"ZEL1",2,"unborn"
"15813",1,"ZEL1",3,"unborn"
"15814",1,"ZEL1",4,"unborn"
"15815",1,"ZEL1",5,"unborn"
"15816",1,"ZEL1",6,"juvenile"
"15817",1,"ZEL1",7,"juvenile"
"15818",1,"ZEL1",8,"juvenile"
"15819",1,"ZEL1",9,"juvenile"
"15820",1,"ZEL1",10,"juvenile"
"15821",1,"ZEL1",11,"juvenile"
"15822",1,"ZEL1",12,"juvenile"
"15823",1,"ZEL1",13,"juvenile"
"15824",1,"ZEL1",14,"adult"
"15825",1,"ZEL1",15,"adult"
"15826",1,"ZEL2",1,"juvenile"
"15827",1,"ZEL2",2,"adult"
"15828",1,"ZEL2",3,"adult"
"15829",1,"ZEL2",4,"adult"
"15830",1,"ZEL2",5,"adult"
"15831",1,"ZEL2",6,"adult"
"15832",1,"ZEL2",7,"adult"
"15833",1,"ZEL2",8,"adult"
"15834",1,"ZEL2",9,"adult"
"15835",1,"ZEL2",10,"adult"
"15836",1,"ZEL2",11,"adult"
"15837",1,"ZEL2",12,"adult"
"15838",1,"ZEL2",13,"adult"
"15839",1,"ZEL2",14,"adult"
"15840",1,"ZEL2",15,"adult"
"15841",1,"ZEL3",1,"juvenile"
"15842",1,"ZEL3",2,"adult"
"15843",1,"ZEL3",3,"adult"
"15844",1,"ZEL3",4,"adult"
"15845",1,"ZEL3",5,"adult"
"15846",1,"ZEL3",6,"adult"
"15847",1,"ZEL3",7,"adult"
"15848",1,"ZEL3",8,"adult"
"15849",1,"ZEL3",9,"adult"
"15850",1,"ZEL3",10,"adult"
"15851",1,"ZEL3",11,"adult"
"15852",1,"ZEL3",12,"adult"
"15853",1,"ZEL3",13,"adult"
"15854",1,"ZEL3",14,"adult"
"15855",1,"ZEL3",15,"adult"
"15856",1,"ZEL4",1,"juvenile"
"15857",1,"ZEL4",2,"adult"
"15858",1,"ZEL4",3,"adult"
"15859",1,"ZEL4",4,"adult"
"15860",1,"ZEL4",5,"adult"
"15861",1,"ZEL4",6,"adult"
"15862",1,"ZEL4",7,"adult"
"15863",1,"ZEL4",8,"adult"
"15864",1,"ZEL4",9,"adult"
"15865",1,"ZEL4",10,"adult"
"15866",1,"ZEL4",11,"adult"
"15867",1,"ZEL4",12,"adult"
"15868",1,"ZEL4",13,"adult"
"15869",1,"ZEL4",14,"adult"
"15870",1,"ZEL4",15,"adult"
"15871",1,"ZELD",1,"juvenile"
"15872",1,"ZELD",2,"adult"
"15873",1,"ZELD",3,"adult"
"15874",1,"ZELD",4,"adult"
"15875",1,"ZELD",5,"adult"
"15876",1,"ZELD",6,"adult"
"15877",1,"ZELD",7,"adult"
"15878",1,"ZELD",8,"adult"
"15879",1,"ZELD",9,"adult"
"15880",1,"ZELD",10,"adult"
"15881",1,"ZELD",11,"adult"
"15882",1,"ZELD",12,"adult"
"15883",1,"ZELD",13,"adult"
"15884",1,"ZELD",14,"adult"
"15885",1,"ZELD",15,"adult"
"15886",1,"ZENN",1,"juvenile"
"15887",1,"ZENN",2,"adult"
"15888",1,"ZENN",3,"adult"
"15889",1,"ZENN",4,"adult"
"15890",1,"ZENN",5,"adult"
"15891",1,"ZENN",6,"adult"
"15892",1,"ZENN",7,"adult"
"15893",1,"ZENN",8,"adult"
"15894",1,"ZENN",9,"adult"
"15895",1,"ZENN",10,"adult"
"15896",1,"ZENN",11,"adult"
"15897",1,"ZENN",12,"adult"
"15898",1,"ZENN",13,"adult"
"15899",1,"ZENN",14,"adult"
"15900",1,"ZENN",15,"adult"
"15901",1,"ZIPP",1,"juvenile"
"15902",1,"ZIPP",2,"adult"
"15903",1,"ZIPP",3,"adult"
"15904",1,"ZIPP",4,"adult"
"15905",1,"ZIPP",5,"adult"
"15906",1,"ZIPP",6,"adult"
"15907",1,"ZIPP",7,"adult"
"15908",1,"ZIPP",8,"adult"
"15909",1,"ZIPP",9,"adult"
"15910",1,"ZIPP",10,"adult"
"15911",1,"ZIPP",11,"adult"
"15912",1,"ZIPP",12,"adult"
"15913",1,"ZIPP",13,"adult"
"15914",1,"ZIPP",14,"adult"
"15915",1,"ZIPP",15,"adult"
"15916",1,"ZOOK",1,"juvenile"
"15917",1,"ZOOK",2,"adult"
"15918",1,"ZOOK",3,"adult"
"15919",1,"ZOOK",4,"adult"
"15920",1,"ZOOK",5,"adult"
"15921",1,"ZOOK",6,"adult"
"15922",1,"ZOOK",7,"adult"
"15923",1,"ZOOK",8,"adult"
"15924",1,"ZOOK",9,"adult"
"15925",1,"ZOOK",10,"adult"
"15926",1,"ZOOK",11,"adult"
"15927",1,"ZOOK",12,"adult"
"15928",1,"ZOOK",13,"adult"
"15929",1,"ZOOK",14,"adult"
"15930",1,"ZOOK",15,"adult"
"15931",1,"ZPP1",1,"unborn"
"15932",1,"ZPP1",2,"unborn"
"15933",1,"ZPP1",3,"unborn"
"15934",1,"ZPP1",4,"unborn"
"15935",1,"ZPP1",5,"unborn"
"15936",1,"ZPP1",6,"unborn"
"15937",1,"ZPP1",7,"unborn"
"15938",1,"ZPP1",8,"unborn"
"15939",1,"ZPP1",9,"unborn"
"15940",1,"ZPP1",10,"unborn"
"15941",1,"ZPP1",11,"unborn"
"15942",1,"ZPP1",12,"unborn"
"15943",1,"ZPP1",13,"unborn"
"15944",1,"ZPP1",14,"calf"
"15945",1,"ZPP1",15,"juvenile"
"15946",1,"ZRB2",1,"unborn"
"15947",1,"ZRB2",2,"unborn"
"15948",1,"ZRB2",3,"unborn"
"15949",1,"ZRB2",4,"unborn"
"15950",1,"ZRB2",5,"unborn"
"15951",1,"ZRB2",6,"unborn"
"15952",1,"ZRB2",7,"unborn"
"15953",1,"ZRB2",8,"unborn"
"15954",1,"ZRB2",9,"unborn"
"15955",1,"ZRB2",10,"unborn"
"15956",1,"ZRB2",11,"unborn"
"15957",1,"ZRB2",12,"unborn"
"15958",1,"ZRB2",13,"calf"
"15959",1,"ZRB2",14,"juvenile"
"15960",1,"ZRB2",15,"juvenile"
"15961",1,"ZRBA",1,"juvenile"
"15962",1,"ZRBA",2,"adult"
"15963",1,"ZRBA",3,"adult"
"15964",1,"ZRBA",4,"adult"
"15965",1,"ZRBA",5,"adult"
"15966",1,"ZRBA",6,"adult"
"15967",1,"ZRBA",7,"adult"
"15968",1,"ZRBA",8,"adult"
"15969",1,"ZRBA",9,"adult"
"15970",1,"ZRBA",10,"adult"
"15971",1,"ZRBA",11,"adult"
"15972",1,"ZRBA",12,"adult"
"15973",1,"ZRBA",13,"adult"
"15974",1,"ZRBA",14,"adult"
"15975",1,"ZRBA",15,"adult"
"15976",1,"ZRBC",1,"unborn"
"15977",1,"ZRBC",2,"unborn"
"15978",1,"ZRBC",3,"unborn"
"15979",1,"ZRBC",4,"unborn"
"15980",1,"ZRBC",5,"unborn"
"15981",1,"ZRBC",6,"juvenile"
"15982",1,"ZRBC",7,"juvenile"
"15983",1,"ZRBC",8,"juvenile"
"15984",1,"ZRBC",9,"juvenile"
"15985",1,"ZRBC",10,"juvenile"
"15986",1,"ZRBC",11,"juvenile"
"15987",1,"ZRBC",12,"juvenile"
"15988",1,"ZRBC",13,"juvenile"
"15989",1,"ZRBC",14,"adult"
"15990",1,"ZRBC",15,"adult"
"15991",1,"ZULU",1,"juvenile"
"15992",1,"ZULU",2,"adult"
"15993",1,"ZULU",3,"adult"
"15994",1,"ZULU",4,"adult"
"15995",1,"ZULU",5,"adult"
"15996",1,"ZULU",6,"adult"
"15997",1,"ZULU",7,"adult"
"15998",1,"ZULU",8,"adult"
"15999",1,"ZULU",9,"adult"
"16000",1,"ZULU",10,"adult"
"16001",1,"ZULU",11,"adult"
"16002",1,"ZULU",12,"adult"
"16003",1,"ZULU",13,"adult"
"16004",1,"ZULU",14,"adult"
"16005",1,"ZULU",15,"adult"
